workload_id,num_processes,avg_arrival_time,arrival_time_variance,avg_burst_time,burst_time_variance,avg_priority,avg_io_frequency,arrival_rate
1,10.0,11.0,41.8,83.0,199.0,6.9,1.2,0.5263157894736842
2,23.0,4.826086956521739,9.882797731568997,21.652173913043477,16.31379962192817,5.3478260869565215,7.434782608695652,2.090909090909091
3,11.0,13.545454545454545,95.70247933884298,33.81818181818182,111.60330578512398,5.181818181818182,2.090909090909091,0.4230769230769231
4,19.0,5.473684210526316,8.0387811634349,21.68421052631579,21.058171745152354,5.315789473684211,7.526315789473684,1.7272727272727273
5,10.0,9.1,51.09,74.7,118.81000000000002,7.1,0.8,0.47619047619047616
6,14.0,20.071428571428573,83.35204081632651,27.285714285714285,49.20408163265306,6.0,1.7142857142857142,0.5
7,5.0,9.4,37.04,75.8,93.75999999999999,8.6,1.4,0.3125
8,24.0,43.416666666666664,924.576388888889,32.541666666666664,226.49826388888894,4.75,4.625,0.2891566265060241
9,9.0,61.44444444444444,803.5802469135801,4.777777777777778,10.617283950617285,5.111111111111111,8.444444444444445,0.125
10,13.0,41.61538461538461,729.1597633136096,33.46153846153846,303.63313609467457,4.3076923076923075,4.538461538461538,0.19117647058823528
11,30.0,5.7,10.076666666666666,22.5,18.383333333333333,5.233333333333333,7.1,2.727272727272727
12,20.0,15.15,66.32750000000001,31.6,68.44,4.9,2.0,0.6896551724137931
13,21.0,17.333333333333332,70.60317460317461,36.904761904761905,119.32426303854878,5.666666666666667,1.9047619047619047,0.7777777777777778
14,29.0,15.827586206896552,73.10820451843043,32.172413793103445,102.28061831153389,5.620689655172414,1.6896551724137931,1.0
15,14.0,6.642857142857143,32.372448979591844,79.28571428571429,95.63265306122449,7.857142857142857,1.3571428571428572,0.7
16,17.0,41.470588235294116,245.07266435986153,28.764705882352942,233.70934256055364,5.470588235294118,5.764705882352941,0.32075471698113206
17,20.0,18.1,70.49,32.0,99.3,4.55,1.9,0.7407407407407407
18,18.0,20.944444444444443,111.83024691358024,32.333333333333336,1094.333333333333,6.722222222222222,2.3333333333333335,0.47368421052631576
19,13.0,59.30769230769231,1073.905325443787,4.6923076923076925,7.751479289940827,6.0,8.692307692307692,0.13541666666666666
20,29.0,53.10344827586207,393.95481569560053,31.689655172413794,211.179548156956,6.379310344827586,5.0,0.48333333333333334
21,23.0,21.043478260869566,159.08506616257088,22.217391304347824,855.0396975425331,6.956521739130435,1.9565217391304348,0.6052631578947368
22,29.0,15.448275862068966,81.07491082045185,33.89655172413793,115.47205707491082,6.275862068965517,2.0,0.9666666666666667
23,7.0,31.0,440.2857142857143,5.428571428571429,9.387755102040817,6.285714285714286,8.285714285714286,0.1044776119402985
24,22.0,35.54545454545455,421.6115702479339,34.31818181818182,160.0351239669421,5.909090909090909,5.2272727272727275,0.30985915492957744
25,12.0,43.0,567.1666666666666,31.583333333333332,217.4097222222222,5.75,5.5,0.1935483870967742
26,25.0,12.52,60.64959999999999,34.16,72.6944,5.08,1.76,0.8064516129032258
27,27.0,48.333333333333336,538.4444444444445,4.777777777777778,8.469135802469136,6.37037037037037,8.62962962962963,0.32926829268292684
28,10.0,10.5,26.05,79.2,103.16000000000001,7.7,1.0,0.5882352941176471
29,9.0,12.333333333333334,19.11111111111111,84.33333333333333,163.33333333333334,6.888888888888889,1.3333333333333333,0.6923076923076923
30,6.0,16.333333333333332,33.888888888888886,29.5,140.91666666666666,6.666666666666667,1.6666666666666667,0.3157894736842105
31,25.0,18.0,155.2,32.68,1297.8175999999996,5.8,1.92,0.6410256410256411
32,18.0,11.722222222222221,45.75617283950617,82.05555555555556,84.94135802469137,7.611111111111111,0.7777777777777778,0.8571428571428571
33,11.0,21.0,96.18181818181819,32.18181818181818,1468.5123966942149,6.2727272727272725,1.8181818181818181,0.36666666666666664
34,6.0,4.5,10.25,20.833333333333332,21.13888888888889,5.0,8.166666666666666,0.5454545454545454
35,14.0,9.214285714285714,53.88265306122448,79.71428571428571,123.91836734693878,6.714285714285714,0.6428571428571429,0.7
36,18.0,15.722222222222221,69.64506172839506,30.5,75.36111111111111,5.944444444444445,1.7777777777777777,0.6923076923076923
37,27.0,45.666666666666664,895.2592592592591,35.7037037037037,292.1344307270233,4.481481481481482,4.481481481481482,0.35526315789473684
38,8.0,7.5,39.5,31.0,113.25,4.375,2.125,0.38095238095238093
39,28.0,42.82142857142857,884.4323979591838,37.714285714285715,183.70408163265307,5.0,4.857142857142857,0.3783783783783784
40,14.0,20.142857142857142,104.40816326530613,31.857142857142858,861.9795918367346,8.357142857142858,2.0714285714285716,0.4117647058823529
41,22.0,24.227272727272727,109.81198347107438,28.09090909090909,1079.1735537190084,7.045454545454546,2.227272727272727,0.5789473684210527
42,22.0,51.77272727272727,1279.1756198347105,5.2272727272727275,7.811983471074381,5.590909090909091,8.636363636363637,0.21782178217821782
43,11.0,7.636363636363637,39.50413223140496,35.27272727272727,66.74380165289257,4.909090909090909,2.0,0.5789473684210527
44,21.0,17.428571428571427,61.006802721088434,31.047619047619047,106.23582766439911,6.190476190476191,2.0476190476190474,0.75
45,19.0,39.8421052631579,438.448753462604,40.421052631578945,126.98060941828254,4.7894736842105265,4.684210526315789,0.3392857142857143
46,6.0,11.0,73.66666666666667,29.0,134.66666666666666,3.0,2.6666666666666665,0.2727272727272727
47,15.0,4.6,10.506666666666666,22.4,26.64,5.666666666666667,7.466666666666667,1.3636363636363635
48,21.0,15.095238095238095,58.56235827664399,33.57142857142857,56.054421768707485,6.0476190476190474,2.2857142857142856,0.7241379310344828
49,16.0,14.5,82.5,33.625,107.984375,5.875,2.0,0.5517241379310345
50,19.0,44.578947368421055,303.29639889196676,29.894736842105264,308.51523545706374,5.2631578947368425,4.631578947368421,0.34545454545454546
51,17.0,46.0,520.1176470588235,32.411764705882355,196.7128027681661,5.294117647058823,4.705882352941177,0.265625
52,19.0,13.947368421052632,106.89196675900277,31.63157894736842,109.39058171745151,7.052631578947368,2.3157894736842106,0.6333333333333333
53,23.0,20.47826086956522,147.2930056710775,26.130434782608695,873.0699432892251,6.913043478260869,2.0434782608695654,0.575
54,7.0,28.857142857142858,71.26530612244899,26.142857142857142,830.4081632653063,5.142857142857143,2.7142857142857144,0.30434782608695654
55,14.0,9.428571428571429,34.38775510204081,80.57142857142857,106.81632653061224,6.5,1.2142857142857142,0.7
56,22.0,19.454545454545453,114.70247933884298,33.72727272727273,1016.7438016528923,7.318181818181818,2.0454545454545454,0.5641025641025641
57,7.0,52.285714285714285,1415.3469387755104,4.857142857142857,6.979591836734694,4.428571428571429,9.0,0.07865168539325842
58,13.0,7.846153846153846,26.437869822485204,77.0,86.3076923076923,7.384615384615385,1.0769230769230769,0.7647058823529411
59,27.0,55.333333333333336,1027.851851851852,6.0,5.185185185185185,5.333333333333333,8.25925925925926,0.28421052631578947
60,13.0,22.153846153846153,93.51479289940828,42.15384615384615,1134.2840236686388,6.076923076923077,2.230769230769231,0.37142857142857144
61,21.0,35.476190476190474,643.2970521541951,28.333333333333332,221.74603174603175,6.666666666666667,4.857142857142857,0.3333333333333333
62,28.0,46.785714285714285,975.6683673469386,5.678571428571429,9.146683673469386,5.214285714285714,8.678571428571429,0.3010752688172043
63,6.0,21.666666666666668,590.8888888888888,27.0,176.33333333333334,5.666666666666667,6.0,0.0967741935483871
64,26.0,5.1923076923076925,8.001479289940828,22.615384615384617,25.082840236686398,5.346153846153846,7.3076923076923075,2.888888888888889
65,19.0,36.89473684210526,617.5678670360111,28.526315789473685,211.196675900277,4.684210526315789,5.315789473684211,0.2753623188405797
66,25.0,5.04,8.038400000000001,20.96,15.398400000000006,5.48,7.4,2.5
67,23.0,9.608695652173912,50.67296786389413,81.47826086956522,117.72778827977315,6.521739130434782,0.8695652173913043,1.0952380952380953
68,10.0,13.9,71.09,32.1,127.48999999999998,7.7,2.3,0.38461538461538464
69,27.0,47.333333333333336,817.1851851851851,40.25925925925926,206.34019204389574,5.777777777777778,5.518518518518518,0.34177215189873417
70,6.0,68.5,438.25,5.5,3.9166666666666665,6.166666666666667,8.333333333333334,0.10344827586206896
71,14.0,28.642857142857142,584.8010204081633,29.0,218.0,4.142857142857143,5.428571428571429,0.21875
72,28.0,13.535714285714286,75.53443877551021,35.82142857142857,114.43239795918369,6.107142857142857,2.25,0.9655172413793104
73,14.0,4.642857142857143,15.658163265306126,23.0,17.142857142857142,5.5,6.642857142857143,1.2727272727272727
74,6.0,14.0,96.66666666666667,27.166666666666668,483.47222222222223,6.166666666666667,1.5,0.2222222222222222
75,19.0,11.263157894736842,51.8781163434903,79.89473684210526,89.6731301939058,7.0,1.0,0.9047619047619048
76,29.0,13.551724137931034,63.07491082045183,31.586206896551722,117.34601664684898,5.275862068965517,2.2413793103448274,1.0357142857142858
77,29.0,4.620689655172414,8.511296076099885,22.03448275862069,18.92984542211653,5.0,7.689655172413793,2.6363636363636362
78,6.0,4.5,9.25,22.166666666666668,20.47222222222222,5.333333333333333,6.833333333333333,0.6
79,29.0,43.310344827586206,503.1105826397145,5.0,8.068965517241379,5.724137931034483,8.689655172413794,0.3625
80,6.0,13.166666666666666,26.805555555555554,80.5,239.25,6.5,1.3333333333333333,0.4
81,27.0,12.88888888888889,26.69135802469136,77.25925925925925,92.71056241426611,6.555555555555555,0.7037037037037037,1.2857142857142858
82,16.0,5.4375,10.62109375,22.6875,25.83984375,6.125,7.5625,1.4545454545454546
83,20.0,16.25,92.1875,32.35,114.0275,6.3,2.35,0.6896551724137931
84,30.0,22.066666666666666,157.5288888888889,32.36666666666667,1086.2988888888888,7.1,1.5666666666666667,0.7317073170731707
85,20.0,15.2,81.75999999999999,34.5,100.45,5.2,1.65,0.6451612903225806
86,30.0,5.533333333333333,9.782222222222224,23.266666666666666,19.79555555555556,5.566666666666666,7.833333333333333,2.727272727272727
87,20.0,9.55,22.6475,79.85,121.52749999999996,8.25,0.9,1.0526315789473684
88,10.0,53.2,771.76,5.5,5.25,4.9,8.0,0.12195121951219512
89,20.0,38.65,1061.8274999999999,27.1,249.29000000000002,5.5,4.35,0.25316455696202533
90,26.0,22.615384615384617,139.3136094674556,41.88461538461539,1346.17899408284,7.461538461538462,1.8076923076923077,0.65
91,10.0,6.0,7.8,21.7,21.610000000000003,5.2,8.2,1.0
92,5.0,4.0,7.6,21.6,23.04,5.4,7.6,0.625
93,9.0,5.333333333333333,9.333333333333334,20.444444444444443,17.80246913580247,5.666666666666667,8.444444444444445,0.9
94,22.0,46.0,555.4545454545455,30.318181818181817,218.12603305785117,5.545454545454546,4.7727272727272725,0.3188405797101449
95,25.0,5.8,14.16,23.24,11.0624,5.48,7.2,2.272727272727273
96,21.0,19.285714285714285,171.06122448979593,31.428571428571427,1225.5782312925166,7.857142857142857,2.238095238095238,0.525
97,10.0,6.6,50.24,91.1,54.69000000000001,6.5,0.6,0.47619047619047616
98,11.0,3.5454545454545454,10.06611570247934,22.545454545454547,17.702479338842974,5.181818181818182,7.7272727272727275,1.1
99,26.0,9.76923076923077,40.48520710059172,82.23076923076923,159.25443786982245,6.961538461538462,1.0,1.2380952380952381
100,27.0,11.0,39.48148148148148,74.96296296296296,94.92455418381344,7.62962962962963,1.037037037037037,1.2857142857142858
101,9.0,21.11111111111111,478.98765432098764,31.0,186.44444444444446,6.111111111111111,5.777777777777778,0.1232876712328767
102,21.0,17.047619047619047,182.3310657596372,27.571428571428573,1064.340136054422,6.857142857142857,2.142857142857143,0.525
103,25.0,10.92,35.993599999999994,79.24,117.22239999999998,7.68,1.24,1.1904761904761905
104,11.0,13.090909090909092,78.08264462809916,32.54545454545455,65.15702479338844,5.909090909090909,2.5454545454545454,0.3793103448275862
105,9.0,13.666666666666666,20.88888888888889,75.77777777777777,158.8395061728395,6.0,1.2222222222222223,0.5294117647058824
106,19.0,22.736842105263158,145.77285318559555,34.8421052631579,1107.9224376731302,6.842105263157895,1.5789473684210527,0.48717948717948717
107,15.0,4.2,8.293333333333335,22.8,22.293333333333333,5.6,7.6,1.6666666666666667
108,24.0,54.875,657.1927083333334,6.25,6.604166666666667,5.208333333333333,8.625,0.2857142857142857
109,20.0,21.1,120.19000000000001,29.3,809.6100000000001,6.55,1.85,0.5128205128205128
110,25.0,49.12,1075.3856,5.92,8.0736,5.2,8.84,0.2604166666666667
111,12.0,56.166666666666664,622.1388888888889,4.416666666666667,4.743055555555555,6.666666666666667,8.583333333333334,0.14457831325301204
112,14.0,16.5,86.67857142857143,27.428571428571427,82.53061224489797,4.357142857142857,1.4285714285714286,0.4827586206896552
113,14.0,69.28571428571429,1227.6326530612246,5.142857142857143,6.551020408163265,5.785714285714286,8.0,0.14
114,27.0,41.48148148148148,454.9903978052126,30.037037037037038,307.1467764060356,5.333333333333333,4.925925925925926,0.4576271186440678
115,14.0,42.57142857142857,594.8163265306123,25.142857142857142,302.97959183673464,5.857142857142857,4.857142857142857,0.21875
116,7.0,5.428571428571429,7.1020408163265305,25.142857142857142,13.83673469387755,5.428571428571429,7.714285714285714,0.7777777777777778
117,21.0,16.0,90.47619047619048,32.38095238095238,108.04535147392289,4.666666666666667,2.6666666666666665,0.6774193548387096
118,29.0,8.344827586206897,40.087990487514865,82.3103448275862,195.45541022592153,6.482758620689655,0.896551724137931,1.380952380952381
119,17.0,8.117647058823529,29.98615916955017,81.58823529411765,141.53633217993078,6.882352941176471,1.1764705882352942,0.85
120,7.0,6.714285714285714,6.489795918367347,19.571428571428573,10.244897959183673,5.0,8.285714285714286,1.0
121,9.0,7.111111111111111,8.543209876543209,23.444444444444443,19.802469135802465,5.666666666666667,7.222222222222222,1.125
122,11.0,22.272727272727273,94.92561983471074,40.81818181818182,1357.9669421487604,7.181818181818182,1.7272727272727273,0.34375
123,5.0,40.6,417.03999999999996,25.0,98.0,6.6,4.8,0.09259259259259259
124,29.0,36.13793103448276,702.6016646848992,34.206896551724135,251.61236623067776,5.241379310344827,4.689655172413793,0.4461538461538462
125,27.0,23.85185185185185,129.23731138545952,33.407407407407405,994.1673525377229,7.074074074074074,1.8148148148148149,0.6923076923076923
126,12.0,11.166666666666666,11.805555555555557,83.08333333333333,88.5763888888889,7.916666666666667,1.0833333333333333,0.8571428571428571
127,21.0,21.285714285714285,122.48979591836732,34.904761904761905,1331.0385487528347,7.238095238095238,1.5238095238095237,0.525
128,6.0,38.0,622.0,35.166666666666664,348.8055555555556,6.333333333333333,5.833333333333333,0.08823529411764706
129,23.0,47.08695652173913,654.775047258979,5.608695652173913,7.803402646502837,6.478260869565218,8.521739130434783,0.26744186046511625
130,13.0,5.230769230769231,9.869822485207099,19.923076923076923,18.07100591715976,6.076923076923077,7.3076923076923075,1.3
131,20.0,23.1,156.59,21.3,512.21,7.75,2.05,0.5
132,12.0,15.5,86.41666666666667,33.916666666666664,58.40972222222223,5.0,1.1666666666666667,0.4
133,23.0,49.0,574.0869565217391,24.130434782608695,209.3308128544423,5.260869565217392,5.304347826086956,0.3194444444444444
134,11.0,19.0,79.45454545454545,33.63636363636363,1227.504132231405,6.363636363636363,1.8181818181818181,0.3142857142857143
135,9.0,13.666666666666666,67.77777777777777,30.333333333333332,162.88888888888889,5.888888888888889,1.6666666666666667,0.34615384615384615
136,9.0,17.88888888888889,205.4320987654321,29.555555555555557,194.69135802469134,3.888888888888889,4.444444444444445,0.1875
137,10.0,37.0,569.2,6.2,8.360000000000001,5.1,9.0,0.12987012987012986
138,8.0,22.875,174.859375,20.0,464.5,6.625,2.625,0.2222222222222222
139,21.0,44.0,345.6190476190476,28.571428571428573,351.1972789115646,5.523809523809524,4.904761904761905,0.3684210526315789
140,13.0,9.0,58.61538461538461,31.923076923076923,97.6094674556213,6.230769230769231,2.230769230769231,0.48148148148148145
141,28.0,27.821428571428573,568.218112244898,33.5,234.32142857142858,5.285714285714286,4.571428571428571,0.4
142,30.0,17.966666666666665,147.69888888888883,31.6,1357.773333333333,7.0,1.7333333333333334,0.7692307692307693
143,18.0,43.888888888888886,790.2098765432098,26.88888888888889,290.9876543209877,5.222222222222222,5.055555555555555,0.23684210526315788
144,25.0,42.4,438.23999999999995,25.4,283.9200000000001,4.92,5.72,0.4098360655737705
145,14.0,52.357142857142854,1017.8010204081631,5.571428571428571,9.244897959183675,4.857142857142857,8.5,0.14432989690721648
146,17.0,38.11764705882353,492.57439446366794,32.588235294117645,215.65397923875435,4.882352941176471,5.176470588235294,0.25757575757575757
147,23.0,16.08695652173913,51.38374291115312,37.56521739130435,79.89792060491493,5.695652173913044,2.0,0.8518518518518519
148,26.0,22.346153846153847,120.45710059171599,23.96153846153846,858.6523668639055,7.230769230769231,2.0,0.65
149,27.0,20.185185185185187,106.2249657064472,24.703703703703702,1025.467764060357,6.185185185185185,1.7037037037037037,0.7105263157894737
150,30.0,15.966666666666667,80.43222222222224,31.766666666666666,85.77888888888887,5.466666666666667,2.0,1.0344827586206897
151,8.0,14.875,66.609375,33.375,81.484375,8.75,2.0,0.26666666666666666
152,25.0,5.2,9.68,20.4,21.520000000000003,5.36,7.44,2.272727272727273
153,24.0,20.291666666666668,150.53993055555557,36.333333333333336,1143.9722222222222,6.666666666666667,1.3333333333333333,0.6
154,28.0,35.642857142857146,758.1581632653061,37.892857142857146,234.73852040816323,5.928571428571429,4.964285714285714,0.345679012345679
155,22.0,34.45454545454545,426.33884297520655,31.818181818181817,241.14876033057854,5.863636363636363,4.7272727272727275,0.3728813559322034
156,5.0,49.0,1319.6,7.2,4.5600000000000005,5.4,8.4,0.056179775280898875
157,5.0,10.2,32.56,82.6,82.24000000000001,7.6,1.4,0.35714285714285715
158,5.0,3.6,2.2399999999999998,26.4,9.84,5.2,8.2,1.0
159,27.0,16.77777777777778,88.320987654321,31.814814814814813,128.96570644718793,6.0,2.5555555555555554,0.9
160,21.0,16.761904761904763,68.75283446712018,33.42857142857143,87.19727891156465,5.238095238095238,2.5714285714285716,0.6774193548387096
161,27.0,43.74074074074074,869.6735253772291,5.37037037037037,9.640603566529492,5.296296296296297,8.703703703703704,0.2872340425531915
162,8.0,49.375,980.984375,3.75,5.1875,6.125,8.5,0.09090909090909091
163,9.0,22.666666666666668,171.11111111111111,40.333333333333336,1508.6666666666667,6.777777777777778,2.2222222222222223,0.225
164,13.0,6.076923076923077,11.301775147928995,22.923076923076923,16.532544378698226,5.384615384615385,6.846153846153846,1.1818181818181819
165,17.0,4.294117647058823,11.14878892733564,23.941176470588236,15.70242214532872,5.588235294117647,8.058823529411764,1.7
166,16.0,5.4375,7.49609375,22.625,23.359375,5.125,7.5625,1.4545454545454546
167,27.0,16.037037037037038,75.29492455418381,33.333333333333336,135.99999999999997,5.62962962962963,1.6666666666666667,0.9642857142857143
168,16.0,11.5,27.5,74.625,119.609375,7.25,1.0625,0.8888888888888888
169,29.0,4.655172413793103,12.570749108204518,22.310344827586206,19.455410225921522,5.482758620689655,7.620689655172414,2.6363636363636362
170,5.0,15.2,45.76,79.2,125.75999999999999,6.8,0.6,0.2631578947368421
171,19.0,40.89473684210526,820.5152354570639,6.684210526315789,8.321329639889194,6.105263157894737,8.473684210526315,0.21839080459770116
172,25.0,46.88,884.7456,6.04,7.958399999999999,5.6,8.4,0.25510204081632654
173,22.0,19.863636363636363,124.2086776859504,47.68181818181818,1571.3078512396692,7.045454545454546,2.227272727272727,0.5945945945945946
174,12.0,13.166666666666666,29.63888888888889,79.41666666666667,192.5763888888889,6.666666666666667,1.25,0.631578947368421
175,28.0,16.785714285714285,74.88265306122447,31.928571428571427,97.1377551020408,5.571428571428571,1.8571428571428572,0.9333333333333333
176,10.0,8.0,9.2,77.4,72.24000000000001,7.5,0.4,0.8333333333333334
177,26.0,4.423076923076923,9.474852071005916,20.46153846153846,17.40236686390532,5.5,7.230769230769231,2.3636363636363638
178,7.0,18.714285714285715,165.06122448979593,24.571428571428573,547.6734693877552,7.0,2.5714285714285716,0.20588235294117646
179,11.0,47.72727272727273,1512.0165289256197,4.2727272727272725,8.380165289256198,4.0,8.818181818181818,0.11224489795918367
180,11.0,55.45454545454545,608.611570247934,5.909090909090909,7.537190082644628,6.0,8.818181818181818,0.14473684210526316
181,11.0,19.454545454545453,149.52066115702482,29.636363636363637,1128.5950413223138,5.818181818181818,1.4545454545454546,0.2972972972972973
182,20.0,37.75,774.0875,27.65,243.5275,5.85,4.35,0.28169014084507044
183,19.0,5.0,13.157894736842104,22.68421052631579,21.58448753462604,5.578947368421052,7.421052631578948,1.7272727272727273
184,5.0,8.0,21.2,86.8,47.35999999999999,5.4,1.2,0.35714285714285715
185,10.0,43.1,868.49,6.3,7.81,6.6,8.7,0.10989010989010989
186,17.0,49.8235294117647,1059.5570934256054,5.411764705882353,8.948096885813149,5.705882352941177,8.470588235294118,0.19101123595505617
187,27.0,50.925925925925924,855.9204389574761,6.37037037037037,9.566529492455416,4.2592592592592595,8.666666666666666,0.29347826086956524
188,30.0,48.2,1129.4933333333333,3.966666666666667,7.965555555555555,5.2,8.433333333333334,0.30612244897959184
189,12.0,12.416666666666666,20.57638888888889,83.58333333333333,80.57638888888889,6.083333333333333,1.1666666666666667,0.8
190,9.0,24.77777777777778,142.6172839506173,10.222222222222221,143.7283950617284,6.888888888888889,2.111111111111111,0.225
191,18.0,5.277777777777778,11.533950617283953,23.27777777777778,25.645061728395053,5.888888888888889,8.11111111111111,1.6363636363636365
192,19.0,5.368421052631579,10.864265927977842,20.473684210526315,27.61772853185595,5.105263157894737,7.368421052631579,1.7272727272727273
193,28.0,9.714285714285714,19.918367346938776,77.57142857142857,98.03061224489797,7.964285714285714,0.8571428571428571,1.5555555555555556
194,11.0,17.636363636363637,101.68595041322314,42.0,1426.7272727272727,6.818181818181818,2.909090909090909,0.2972972972972973
195,14.0,46.214285714285715,869.4540816326531,6.571428571428571,6.816326530612246,4.928571428571429,8.785714285714286,0.15217391304347827
196,9.0,29.11111111111111,632.0987654320987,7.111111111111111,8.098765432098766,6.0,8.777777777777779,0.1267605633802817
197,30.0,4.933333333333334,9.46222222222222,21.9,22.09,5.4,7.566666666666666,2.727272727272727
198,10.0,33.6,642.4399999999999,34.8,238.16000000000008,5.2,5.2,0.16393442622950818
199,7.0,22.571428571428573,31.387755102040817,36.285714285714285,113.9183673469388,8.285714285714286,2.5714285714285716,0.3684210526315789
200,22.0,9.909090909090908,51.99173553719008,80.63636363636364,153.59504132231407,6.5,1.4090909090909092,1.1
201,23.0,21.17391304347826,140.14366729678636,33.869565217391305,1313.243856332703,7.565217391304348,1.7826086956521738,0.575
202,24.0,24.458333333333332,134.99826388888889,32.833333333333336,856.0555555555555,7.75,2.0,0.6857142857142857
203,15.0,6.6,6.906666666666667,19.0,7.6,5.8,7.333333333333333,1.3636363636363635
204,12.0,9.666666666666666,27.055555555555557,84.41666666666667,148.74305555555557,6.583333333333333,1.4166666666666667,0.5714285714285714
205,26.0,5.6923076923076925,9.366863905325443,22.384615384615383,21.23668639053254,5.5,7.615384615384615,2.3636363636363638
206,15.0,4.6,14.773333333333333,22.466666666666665,19.048888888888886,5.533333333333333,7.666666666666667,1.3636363636363635
207,12.0,19.416666666666668,95.90972222222221,45.5,1149.75,6.333333333333333,1.8333333333333333,0.375
208,20.0,5.55,13.247499999999999,21.95,20.947499999999998,5.5,7.45,1.8181818181818181
209,21.0,19.61904761904762,101.37868480725625,35.476190476190474,1178.2494331065757,6.428571428571429,2.1904761904761907,0.6
210,24.0,21.041666666666668,119.28993055555559,23.416666666666668,912.6597222222221,6.416666666666667,1.625,0.6
211,16.0,33.625,590.359375,33.625,245.734375,5.125,5.375,0.23529411764705882
212,11.0,8.727272727272727,72.56198347107437,27.272727272727273,138.198347107438,6.545454545454546,1.8181818181818181,0.36666666666666664
213,8.0,41.25,336.6875,37.375,188.484375,6.5,4.25,0.18604651162790697
214,22.0,4.7727272727272725,8.084710743801653,21.90909090909091,22.628099173553718,5.2272727272727275,7.454545454545454,2.2
215,18.0,15.833333333333334,102.58333333333333,43.888888888888886,1615.2098765432102,7.555555555555555,2.3333333333333335,0.46153846153846156
216,14.0,10.071428571428571,45.35204081632654,77.42857142857143,141.81632653061226,8.071428571428571,1.1428571428571428,0.6666666666666666
217,27.0,34.7037037037037,526.5788751714676,33.03703703703704,266.48010973936897,4.962962962962963,5.444444444444445,0.46551724137931033
218,28.0,13.785714285714286,89.81122448979589,28.321428571428573,73.28954081632652,3.25,2.25,0.9032258064516129
219,26.0,4.269230769230769,10.196745562130179,21.23076923076923,23.100591715976332,5.730769230769231,7.3076923076923075,2.3636363636363638
220,13.0,50.84615384615385,1125.5147928994083,5.769230769230769,6.177514792899408,5.153846153846154,8.307692307692308,0.14444444444444443
221,14.0,14.285714285714286,107.06122448979592,33.214285714285715,106.88265306122447,4.142857142857143,2.4285714285714284,0.4827586206896552
222,8.0,4.5,10.5,22.5,19.75,5.625,7.625,0.8
223,15.0,31.466666666666665,591.9822222222222,38.0,262.26666666666665,5.8,5.466666666666667,0.20833333333333334
224,12.0,57.166666666666664,728.138888888889,5.25,5.520833333333333,4.333333333333333,8.25,0.16
225,5.0,14.8,157.36,32.4,10.24,6.2,1.8,0.16666666666666666
226,10.0,14.3,71.21000000000001,37.3,32.40999999999999,6.9,1.8,0.35714285714285715
227,24.0,37.375,796.484375,31.708333333333332,239.53993055555554,5.5,5.083333333333333,0.3582089552238806
228,12.0,15.666666666666666,209.3888888888889,27.333333333333332,1006.8888888888888,7.5,2.3333333333333335,0.3157894736842105
229,29.0,11.310344827586206,25.248513674197376,83.79310344827586,115.81926278240189,7.241379310344827,1.103448275862069,1.45
230,13.0,5.0,7.6923076923076925,23.846153846153847,20.59171597633136,6.230769230769231,8.0,1.4444444444444444
231,12.0,7.666666666666667,29.888888888888882,78.83333333333333,102.1388888888889,7.25,1.25,0.6666666666666666
232,14.0,16.5,96.96428571428571,32.857142857142854,128.26530612244898,6.0,2.0,0.4666666666666667
233,19.0,12.31578947368421,66.6371191135734,32.26315789473684,125.14127423822715,4.473684210526316,1.9473684210526316,0.6129032258064516
234,30.0,4.966666666666667,6.89888888888889,23.066666666666666,24.99555555555555,5.6,7.933333333333334,3.0
235,9.0,14.222222222222221,77.7283950617284,19.555555555555557,457.13580246913585,7.333333333333333,2.2222222222222223,0.2727272727272727
236,26.0,11.538461538461538,29.1715976331361,78.92307692307692,136.68639053254435,8.26923076923077,0.8076923076923077,1.368421052631579
237,15.0,16.933333333333334,106.86222222222223,20.466666666666665,771.5822222222221,7.266666666666667,1.2,0.40540540540540543
238,17.0,43.470588235294116,993.1903114186852,5.411764705882353,7.1833910034602075,5.117647058823529,9.058823529411764,0.20481927710843373
239,19.0,39.73684210526316,444.6149584487535,36.473684210526315,283.09141274238226,5.157894736842105,5.7368421052631575,0.3275862068965517
240,8.0,57.375,982.984375,6.0,5.75,4.25,7.875,0.08421052631578947
241,15.0,14.133333333333333,97.0488888888889,34.333333333333336,94.88888888888891,6.733333333333333,2.0,0.5
242,5.0,5.8,10.559999999999999,24.4,28.640000000000004,6.4,7.8,0.5555555555555556
243,10.0,47.2,809.9599999999999,5.9,7.289999999999999,4.8,8.8,0.125
244,27.0,45.074074074074076,758.2908093278463,5.074074074074074,8.587105624142662,5.555555555555555,8.444444444444445,0.2755102040816326
245,15.0,64.0,652.0,4.866666666666666,6.515555555555554,5.466666666666667,8.8,0.189873417721519
246,11.0,9.363636363636363,26.049586776859506,75.27272727272727,167.4710743801653,6.454545454545454,1.0909090909090908,0.5789473684210527
247,28.0,64.75,423.9017857142857,4.857142857142857,7.193877551020408,5.785714285714286,8.5,0.3218390804597701
248,28.0,11.892857142857142,72.52423469387756,31.142857142857142,69.55102040816327,6.142857142857143,2.3214285714285716,0.9032258064516129
249,27.0,45.22222222222222,730.0246913580246,5.555555555555555,8.987654320987655,5.518518518518518,8.296296296296296,0.29347826086956524
250,30.0,15.933333333333334,79.32888888888888,32.43333333333333,114.44555555555553,4.633333333333334,2.3333333333333335,1.0
251,29.0,14.310344827586206,54.07609988109394,33.48275862068966,100.31866825208085,5.482758620689655,2.1724137931034484,1.0
252,13.0,35.92307692307692,215.91715976331366,32.69230769230769,190.05917159763314,6.0,5.0,0.23214285714285715
253,15.0,11.466666666666667,41.18222222222222,80.06666666666666,114.86222222222223,7.266666666666667,0.6666666666666666,0.7142857142857143
254,28.0,42.535714285714285,481.5344387755103,31.071428571428573,296.7091836734694,6.035714285714286,5.0,0.4307692307692308
255,25.0,54.6,664.72,5.56,7.206400000000001,5.16,8.64,0.24752475247524752
256,17.0,10.235294117647058,41.82698961937715,85.29411764705883,96.32525951557095,7.0588235294117645,0.7647058823529411,0.8095238095238095
257,10.0,10.0,23.2,80.9,115.48999999999998,7.7,0.8,0.625
258,7.0,39.857142857142854,910.9795918367347,4.857142857142857,8.979591836734693,4.142857142857143,8.142857142857142,0.07692307692307693
259,25.0,44.68,726.3775999999999,33.92,208.6336,6.48,5.12,0.33783783783783783
260,10.0,12.1,38.29,76.8,141.56,7.8,1.0,0.5
261,6.0,8.5,23.916666666666668,80.66666666666667,112.22222222222223,7.5,0.8333333333333334,0.35294117647058826
262,24.0,16.583333333333332,145.32638888888894,36.208333333333336,1067.498263888889,6.541666666666667,1.7083333333333333,0.5853658536585366
263,22.0,3.9545454545454546,7.588842975206614,20.681818181818183,20.035123966942148,5.454545454545454,7.7272727272727275,2.2
264,30.0,20.1,180.62333333333333,29.366666666666667,956.4322222222219,6.866666666666666,1.9,0.7317073170731707
265,9.0,19.333333333333332,95.77777777777777,27.444444444444443,967.8024691358025,6.777777777777778,1.7777777777777777,0.3
266,22.0,15.5,104.1590909090909,29.09090909090909,99.26446280991736,6.2727272727272725,2.5454545454545454,0.7586206896551724
267,21.0,4.428571428571429,10.149659863945578,21.428571428571427,20.149659863945576,5.809523809523809,7.9523809523809526,1.9090909090909092
268,27.0,52.96296296296296,656.0356652949245,5.666666666666667,6.666666666666667,6.666666666666667,8.777777777777779,0.30337078651685395
269,11.0,40.09090909090909,413.9008264462809,38.09090909090909,295.71900826446284,4.909090909090909,5.7272727272727275,0.19298245614035087
270,19.0,20.210526315789473,124.27146814404432,29.894736842105264,1123.673130193906,6.894736842105263,2.4210526315789473,0.4634146341463415
271,19.0,12.421052631578947,72.2437673130194,32.31578947368421,100.32132963988919,4.631578947368421,2.1052631578947367,0.6785714285714286
272,16.0,9.4375,57.87109375,82.75,132.6875,6.625,0.9375,0.7619047619047619
273,20.0,5.0,8.9,23.35,17.327499999999997,5.35,7.5,1.8181818181818181
274,14.0,42.57142857142857,586.3877551020407,33.642857142857146,243.80102040816323,6.285714285714286,5.285714285714286,0.23333333333333334
275,18.0,30.166666666666668,348.58333333333326,33.72222222222222,347.6450617283951,5.222222222222222,4.722222222222222,0.3
276,22.0,31.40909090909091,550.7871900826445,23.09090909090909,150.80991735537194,6.409090909090909,5.545454545454546,0.34375
277,19.0,15.052631578947368,101.20775623268699,35.36842105263158,44.96952908587258,4.473684210526316,1.894736842105263,0.6129032258064516
278,14.0,41.57142857142857,647.5306122448981,25.785714285714285,71.02551020408164,5.142857142857143,4.142857142857143,0.21875
279,7.0,9.714285714285714,20.489795918367346,80.28571428571429,107.34693877551021,7.714285714285714,1.1428571428571428,0.5
280,29.0,8.310344827586206,32.214030915576686,81.37931034482759,107.95957193816885,6.931034482758621,0.9655172413793104,1.5263157894736843
281,29.0,21.24137931034483,143.9762187871581,36.93103448275862,1243.9952437574318,7.241379310344827,2.0344827586206895,0.725
282,28.0,9.714285714285714,40.48979591836734,83.07142857142857,157.28061224489798,6.464285714285714,0.6428571428571429,1.4
283,30.0,10.2,27.893333333333338,80.93333333333334,115.8622222222222,7.7,1.1333333333333333,1.5
284,11.0,29.545454545454547,475.88429752066116,32.90909090909091,161.900826446281,5.363636363636363,4.818181818181818,0.1864406779661017
285,24.0,4.916666666666667,6.7430555555555545,22.75,20.1875,5.5,7.375,2.4
286,14.0,11.785714285714286,22.168367346938773,80.64285714285714,114.08673469387755,6.142857142857143,1.0,0.8235294117647058
287,24.0,14.333333333333334,84.97222222222221,30.291666666666668,87.20659722222221,7.625,2.3333333333333335,0.7741935483870968
288,9.0,15.88888888888889,35.654320987654316,34.666666666666664,112.22222222222221,4.333333333333333,2.111111111111111,0.391304347826087
289,25.0,48.64,585.9904000000001,33.84,177.7344,5.76,4.8,0.423728813559322
290,6.0,5.5,5.25,25.833333333333332,7.472222222222222,5.833333333333333,8.833333333333334,0.8571428571428571
291,29.0,54.827586206896555,751.7978596908442,5.068965517241379,6.064209274673007,5.448275862068965,8.620689655172415,0.3258426966292135
292,5.0,12.2,29.76,75.2,130.96,6.0,1.0,0.3125
293,9.0,52.44444444444444,803.1358024691358,32.0,137.77777777777777,5.444444444444445,5.222222222222222,0.13043478260869565
294,30.0,33.13333333333333,720.9155555555558,27.666666666666668,239.4222222222222,6.333333333333333,4.2,0.47619047619047616
295,27.0,39.888888888888886,419.4320987654321,32.22222222222222,228.91358024691363,6.074074074074074,5.703703703703703,0.48214285714285715
296,17.0,5.0,9.882352941176471,23.764705882352942,20.29757785467128,5.0588235294117645,6.9411764705882355,1.5454545454545454
297,11.0,10.636363636363637,43.50413223140496,79.0909090909091,134.6280991735537,7.090909090909091,0.6363636363636364,0.5238095238095238
298,7.0,5.428571428571429,7.673469387755103,23.428571428571427,22.244897959183675,5.0,7.714285714285714,0.7777777777777778
299,8.0,28.0,467.75,5.625,6.734375,6.375,8.0,0.11764705882352941
300,16.0,9.75,23.0625,81.9375,139.55859375,7.75,1.0,0.8421052631578947
301,14.0,9.0,42.0,81.71428571428571,115.91836734693878,6.571428571428571,0.9285714285714286,0.7
302,8.0,5.75,8.4375,22.875,14.859375,5.5,7.375,0.8
303,6.0,5.166666666666667,7.805555555555556,22.333333333333332,18.88888888888889,5.5,8.333333333333334,0.6
304,13.0,37.92307692307692,469.14792899408286,34.92307692307692,247.45562130177515,5.461538461538462,5.0,0.21311475409836064
305,28.0,23.321428571428573,94.00382653061224,25.964285714285715,760.1058673469388,7.75,2.0,0.7567567567567568
306,25.0,5.24,10.902400000000002,23.08,19.7536,5.36,7.76,2.272727272727273
307,10.0,15.8,176.76000000000002,32.1,1257.6899999999998,7.6,2.3,0.2702702702702703
308,12.0,42.583333333333336,591.576388888889,6.0,5.0,6.5,8.5,0.14814814814814814
309,21.0,43.523809523809526,549.1065759637188,28.19047619047619,177.01133786848072,5.380952380952381,4.714285714285714,0.28
310,16.0,18.375,96.984375,31.4375,86.37109375,6.5625,2.125,0.5161290322580645
311,15.0,42.93333333333333,307.6622222222222,36.53333333333333,167.0488888888889,7.133333333333334,4.733333333333333,0.30612244897959184
312,19.0,4.315789473684211,8.321329639889196,24.105263157894736,17.35734072022161,5.7894736842105265,7.842105263157895,1.9
313,7.0,18.285714285714285,104.48979591836736,41.57142857142857,1081.3877551020407,7.0,2.142857142857143,0.25
314,16.0,5.0625,9.80859375,22.0,17.25,5.0,7.25,1.4545454545454546
315,8.0,61.875,615.859375,5.875,5.859375,5.0,9.0,0.09523809523809523
316,11.0,50.63636363636363,606.0495867768594,34.45454545454545,242.42975206611573,4.636363636363637,4.2727272727272725,0.15942028985507245
317,5.0,55.6,1048.24,6.4,3.44,4.2,8.6,0.053763440860215055
318,9.0,5.222222222222222,8.617283950617283,24.333333333333332,15.555555555555552,6.222222222222222,7.111111111111111,0.9
319,12.0,10.25,25.1875,76.91666666666667,208.24305555555557,6.083333333333333,0.9166666666666666,0.6666666666666666
320,18.0,40.44444444444444,526.0246913580246,30.0,238.0,5.5,4.777777777777778,0.32727272727272727
321,7.0,14.714285714285714,85.91836734693878,15.428571428571429,928.8163265306123,7.142857142857143,2.857142857142857,0.2413793103448276
322,13.0,10.538461538461538,53.01775147928994,77.15384615384616,182.74556213017746,7.3076923076923075,0.6923076923076923,0.6190476190476191
323,8.0,13.25,12.6875,84.5,174.5,6.625,1.25,0.6153846153846154
324,29.0,16.689655172413794,64.48989298454222,32.3448275862069,138.22592152199763,6.724137931034483,1.896551724137931,0.9666666666666667
325,8.0,13.375,68.234375,30.375,84.234375,9.875,1.875,0.2962962962962963
326,23.0,37.30434782608695,857.3421550094519,5.913043478260869,7.209829867674858,6.173913043478261,8.347826086956522,0.22772277227722773
327,21.0,46.714285714285715,871.3469387755101,5.476190476190476,9.868480725623586,5.714285714285714,8.666666666666666,0.21
328,29.0,10.344827586206897,39.26040428061832,77.34482758620689,89.67419738406656,7.310344827586207,1.103448275862069,1.380952380952381
329,24.0,4.791666666666667,11.748263888888888,22.666666666666668,16.805555555555554,5.75,7.375,2.1818181818181817
330,24.0,15.708333333333334,84.37326388888887,33.916666666666664,117.3263888888889,5.75,2.0,0.8
331,25.0,11.16,31.174400000000006,76.88,120.5056,7.56,0.96,1.3888888888888888
332,16.0,48.375,845.984375,4.6875,9.08984375,5.75,8.0,0.1839080459770115
333,8.0,18.125,166.109375,23.625,877.484375,5.875,2.25,0.22857142857142856
334,13.0,9.923076923076923,54.37869822485207,76.46153846153847,161.32544378698228,7.461538461538462,0.8461538461538461,0.6190476190476191
335,17.0,5.352941176470588,12.93425605536332,21.352941176470587,15.993079584775083,5.647058823529412,6.882352941176471,1.5454545454545454
336,14.0,13.642857142857142,76.9438775510204,33.214285714285715,86.02551020408164,3.9285714285714284,1.9285714285714286,0.5
337,13.0,9.307692307692308,26.828402366863905,82.38461538461539,166.54437869822485,6.769230769230769,1.1538461538461537,0.7222222222222222
338,29.0,17.0,73.51724137931035,31.448275862068964,106.79904875148632,5.689655172413793,2.4827586206896552,0.9666666666666667
339,28.0,20.857142857142858,120.40816326530613,26.107142857142858,1034.6670918367347,7.321428571428571,2.642857142857143,0.7567567567567568
340,29.0,36.96551724137931,722.3781212841855,28.75862068965517,214.87277051129607,5.0,4.9655172413793105,0.4084507042253521
341,7.0,48.285714285714285,885.0612244897959,5.857142857142857,6.693877551020408,5.0,8.0,0.09333333333333334
342,14.0,9.928571428571429,33.63775510204082,84.35714285714286,127.08673469387757,7.214285714285714,0.9285714285714286,0.6666666666666666
343,29.0,10.172413793103448,24.00475624256837,81.24137931034483,146.0451843043995,6.862068965517241,1.2758620689655173,1.45
344,6.0,52.833333333333336,545.1388888888888,26.833333333333332,127.1388888888889,5.0,4.5,0.09230769230769231
345,20.0,47.85,797.6275,35.2,176.85999999999999,5.9,4.7,0.2777777777777778
346,22.0,58.04545454545455,625.8615702479339,5.0,10.909090909090908,5.545454545454546,8.409090909090908,0.24444444444444444
347,14.0,37.0,952.1428571428571,7.214285714285714,7.7397959183673475,4.214285714285714,8.785714285714286,0.14285714285714285
348,30.0,9.733333333333333,35.86222222222223,80.13333333333334,188.24888888888887,7.433333333333334,1.2333333333333334,1.4285714285714286
349,22.0,46.5,377.6136363636364,30.227272727272727,275.72107438016525,5.090909090909091,4.7727272727272725,0.3548387096774194
350,28.0,49.214285714285715,846.3112244897959,4.928571428571429,7.70918367346939,4.428571428571429,8.5,0.28
351,18.0,16.166666666666668,72.36111111111113,29.0,56.0,5.388888888888889,2.4444444444444446,0.6428571428571429
352,9.0,43.22222222222222,1007.9506172839506,6.555555555555555,8.024691358024691,5.0,8.777777777777779,0.09375
353,22.0,47.40909090909091,953.150826446281,5.181818181818182,6.421487603305786,5.7272727272727275,8.409090909090908,0.22
354,24.0,6.166666666666667,8.472222222222223,23.125,17.692708333333332,5.583333333333333,7.541666666666667,2.4
355,16.0,4.9375,8.43359375,22.0625,17.05859375,5.8125,7.625,1.4545454545454546
356,10.0,8.1,28.890000000000004,73.8,92.96000000000001,6.5,1.5,0.5263157894736842
357,27.0,57.0,1018.2962962962963,5.185185185185185,8.224965706447186,5.814814814814815,8.37037037037037,0.2727272727272727
358,14.0,50.357142857142854,522.6581632653061,5.5,9.678571428571429,5.142857142857143,8.857142857142858,0.2028985507246377
359,28.0,38.32142857142857,257.71811224489795,34.75,395.11607142857144,6.142857142857143,5.75,0.509090909090909
360,27.0,21.74074074074074,117.30315500685867,17.88888888888889,618.6913580246912,7.62962962962963,2.037037037037037,0.6923076923076923
361,9.0,30.666666666666668,706.2222222222222,27.0,140.88888888888889,5.444444444444445,5.222222222222222,0.14516129032258066
362,13.0,5.0,11.384615384615385,20.076923076923077,20.686390532544383,5.6923076923076925,7.461538461538462,1.1818181818181819
363,18.0,22.0,166.55555555555554,26.22222222222222,1002.5061728395065,6.666666666666667,1.8333333333333333,0.47368421052631576
364,17.0,49.76470588235294,571.9446366782007,6.823529411764706,11.086505190311419,5.588235294117647,8.176470588235293,0.19318181818181818
365,23.0,42.08695652173913,773.2967863894139,6.217391304347826,6.952741020793951,5.260869565217392,8.782608695652174,0.27380952380952384
366,25.0,13.84,77.65440000000001,34.48,1045.7696000000003,6.76,1.72,0.6944444444444444
367,13.0,14.461538461538462,109.01775147928994,29.846153846153847,105.8224852071006,5.615384615384615,1.8461538461538463,0.43333333333333335
368,13.0,8.692307692307692,49.28994082840237,78.07692307692308,108.53254437869822,7.230769230769231,0.9230769230769231,0.6190476190476191
369,21.0,12.0,37.142857142857146,77.0,147.42857142857142,7.666666666666667,0.9523809523809523,1.1666666666666667
370,29.0,45.724137931034484,843.1652794292509,4.206896551724138,9.12960760998811,5.310344827586207,8.724137931034482,0.3020833333333333
371,23.0,54.130434782608695,148.20037807183368,38.43478260869565,223.63705103969755,5.478260869565218,5.434782608695652,0.4791666666666667
372,6.0,43.166666666666664,1129.4722222222224,8.333333333333334,0.888888888888889,7.5,9.333333333333334,0.075
373,12.0,39.333333333333336,649.8888888888888,6.75,9.020833333333334,4.583333333333333,8.583333333333334,0.1348314606741573
374,16.0,33.9375,771.18359375,5.4375,6.37109375,5.8125,8.8125,0.18823529411764706
375,25.0,15.28,76.7616,33.4,80.08000000000001,6.36,1.88,0.8333333333333334
376,15.0,15.4,76.10666666666667,32.46666666666667,59.84888888888889,6.266666666666667,2.4,0.5357142857142857
377,8.0,3.125,11.359375,22.375,34.234375,5.375,6.75,0.7272727272727273
378,21.0,16.761904761904763,79.99092970521541,32.666666666666664,1431.1746031746031,7.333333333333333,2.0,0.65625
379,22.0,9.181818181818182,24.966942148760328,79.31818181818181,153.76239669421486,7.409090909090909,0.9090909090909091,1.1578947368421053
380,19.0,48.8421052631579,698.343490304709,5.052631578947368,6.049861495844874,4.842105263157895,8.31578947368421,0.22093023255813954
381,8.0,40.75,1108.9375,39.25,168.6875,4.5,4.625,0.1111111111111111
382,12.0,69.33333333333333,568.0555555555555,4.583333333333333,7.9097222222222205,5.333333333333333,8.5,0.1348314606741573
383,26.0,12.0,75.15384615384616,33.88461538461539,140.71745562130178,6.384615384615385,2.076923076923077,0.8666666666666667
384,26.0,8.923076923076923,42.840236686390526,74.61538461538461,145.15976331360943,7.076923076923077,0.6538461538461539,1.2380952380952381
385,18.0,32.27777777777778,300.75617283950606,32.388888888888886,286.9043209876543,5.611111111111111,4.722222222222222,0.3050847457627119
386,29.0,40.3448275862069,705.4673008323426,31.620689655172413,246.16646848989296,4.206896551724138,4.448275862068965,0.4027777777777778
387,25.0,57.16,848.9344000000002,4.44,7.6864,5.28,7.88,0.24752475247524752
388,9.0,43.333333333333336,784.8888888888889,5.444444444444445,9.135802469135804,7.444444444444445,8.88888888888889,0.10112359550561797
389,7.0,32.714285714285715,581.9183673469388,36.57142857142857,238.81632653061226,6.0,6.428571428571429,0.08860759493670886
390,28.0,49.035714285714285,751.7487244897959,5.0,9.071428571428571,4.571428571428571,8.607142857142858,0.3111111111111111
391,15.0,38.13333333333333,681.848888888889,41.266666666666666,191.5288888888889,5.266666666666667,4.6,0.234375
392,22.0,49.0,688.4545454545455,33.0,267.6363636363636,5.2272727272727275,4.818181818181818,0.2619047619047619
393,15.0,3.8,6.56,22.266666666666666,15.662222222222228,5.533333333333333,7.333333333333333,1.3636363636363635
394,17.0,62.94117647058823,645.9377162629759,4.764705882352941,9.238754325259515,5.529411764705882,8.058823529411764,0.19767441860465115
395,24.0,52.541666666666664,1077.6649305555557,4.958333333333333,8.539930555555555,5.333333333333333,8.333333333333334,0.24742268041237114
396,30.0,13.933333333333334,76.66222222222221,35.06666666666667,102.92888888888886,6.033333333333333,2.1333333333333333,0.967741935483871
397,25.0,14.52,112.72959999999998,33.96,112.5184,4.68,1.88,0.8064516129032258
398,12.0,37.333333333333336,576.0555555555555,32.5,339.9166666666667,5.333333333333333,4.833333333333333,0.2033898305084746
399,21.0,24.142857142857142,87.17006802721087,33.523809523809526,793.4875283446712,7.095238095238095,1.4761904761904763,0.5675675675675675
400,17.0,11.352941176470589,42.11072664359861,76.17647058823529,124.96885813148792,7.294117647058823,1.2941176470588236,0.85
401,23.0,5.304347826086956,14.037807183364842,22.91304347826087,23.55765595463138,5.434782608695652,7.086956521739131,2.090909090909091
402,9.0,3.3333333333333335,4.888888888888889,21.0,27.333333333333332,5.444444444444445,7.777777777777778,1.125
403,20.0,4.8,9.460000000000003,22.2,21.46,5.65,7.75,1.8181818181818181
404,23.0,42.34782608695652,728.6616257088847,28.695652173913043,221.77693761814743,5.739130434782608,4.260869565217392,0.30666666666666664
405,15.0,13.533333333333333,62.2488888888889,33.266666666666666,97.92888888888889,4.6,2.2,0.6
406,26.0,10.884615384615385,33.48668639053253,84.34615384615384,89.6878698224852,6.884615384615385,1.0769230769230769,1.3
407,20.0,4.65,10.5275,22.95,22.747499999999995,5.75,7.65,1.8181818181818181
408,6.0,15.666666666666666,85.55555555555556,27.666666666666668,256.88888888888886,5.833333333333333,6.0,0.21428571428571427
409,11.0,9.818181818181818,35.603305785123965,84.81818181818181,80.33057851239668,6.636363636363637,1.2727272727272727,0.5789473684210527
410,21.0,50.19047619047619,816.2494331065761,5.476190476190476,10.058956916099774,4.9523809523809526,8.523809523809524,0.22340425531914893
411,28.0,60.035714285714285,588.6058673469388,6.285714285714286,5.775510204081633,6.607142857142857,8.321428571428571,0.34146341463414637
412,10.0,24.3,52.60999999999999,18.7,517.4099999999999,6.7,2.2,0.3448275862068966
413,19.0,27.157894736842106,529.6066481994459,32.36842105263158,269.28531855955686,5.842105263157895,5.0,0.2602739726027397
414,17.0,14.470588235294118,23.54325259515571,84.0,171.64705882352942,6.0,1.2352941176470589,0.8947368421052632
415,23.0,8.73913043478261,32.19281663516068,76.26086956521739,120.71455576559546,6.217391304347826,0.8695652173913043,1.2105263157894737
416,11.0,10.181818181818182,33.239669421487605,80.81818181818181,172.69421487603304,7.545454545454546,1.1818181818181819,0.5238095238095238
417,19.0,10.578947368421053,42.13850415512466,79.63157894736842,141.7063711911357,6.421052631578948,1.0,0.9047619047619048
418,22.0,4.181818181818182,10.78512396694215,21.045454545454547,12.861570247933889,5.181818181818182,6.954545454545454,2.0
419,30.0,56.333333333333336,872.0888888888887,6.066666666666666,10.062222222222221,6.266666666666667,8.8,0.3448275862068966
420,9.0,55.22222222222222,437.7283950617284,18.22222222222222,73.50617283950618,5.555555555555555,4.777777777777778,0.14516129032258066
421,5.0,19.6,46.64,34.8,988.96,6.6,2.0,0.22727272727272727
422,16.0,24.0625,144.05859375,20.375,884.109375,6.4375,2.125,0.41025641025641024
423,8.0,15.875,114.859375,29.25,51.9375,3.375,1.5,0.2857142857142857
424,28.0,13.178571428571429,27.075255102040817,79.17857142857143,93.71811224489795,7.25,0.9285714285714286,1.5555555555555556
425,15.0,5.533333333333333,14.248888888888889,22.666666666666668,9.422222222222222,5.666666666666667,8.266666666666667,1.3636363636363635
426,6.0,51.0,595.6666666666666,32.0,239.66666666666666,4.666666666666667,5.5,0.10526315789473684
427,14.0,18.142857142857142,71.83673469387755,30.857142857142858,151.26530612244898,6.214285714285714,1.4285714285714286,0.5
428,22.0,4.590909090909091,9.332644628099173,23.818181818181817,20.330578512396688,5.454545454545454,7.2727272727272725,2.0
429,17.0,8.470588235294118,54.95501730103804,75.88235294117646,58.809688581314866,6.470588235294118,1.1176470588235294,0.85
430,10.0,39.3,702.2099999999999,6.5,5.85,5.0,9.0,0.12048192771084337
431,7.0,44.0,838.5714285714286,5.142857142857143,8.122448979591836,5.285714285714286,8.428571428571429,0.08235294117647059
432,5.0,20.2,86.16,33.4,151.84,4.8,2.2,0.2
433,18.0,10.055555555555555,42.16358024691359,77.5,125.36111111111111,6.777777777777778,1.2222222222222223,0.8571428571428571
434,9.0,6.222222222222222,7.506172839506173,20.77777777777778,17.061728395061724,5.111111111111111,7.444444444444445,0.9
435,8.0,3.125,7.359375,20.125,17.609375,5.125,7.5,0.8
436,12.0,47.416666666666664,869.9097222222225,35.916666666666664,244.9097222222222,3.5,5.25,0.1518987341772152
437,24.0,29.75,597.5208333333334,27.041666666666668,169.12326388888889,6.166666666666667,5.0,0.36923076923076925
438,16.0,39.4375,992.74609375,4.625,6.734375,5.5625,8.1875,0.16161616161616163
439,22.0,54.81818181818182,445.78512396694225,4.636363636363637,7.595041322314049,6.909090909090909,8.636363636363637,0.2716049382716049
440,30.0,10.466666666666667,30.31555555555555,82.03333333333333,134.76555555555558,7.066666666666666,0.9,1.4285714285714286
441,18.0,31.166666666666668,461.58333333333326,32.166666666666664,252.13888888888889,5.222222222222222,5.055555555555555,0.2903225806451613
442,20.0,25.3,79.41,36.9,1164.3899999999999,7.5,2.3,0.6060606060606061
443,26.0,4.923076923076923,11.840236686390531,22.076923076923077,14.994082840236684,5.384615384615385,7.076923076923077,2.3636363636363638
444,5.0,11.0,95.6,12.8,229.76,7.2,1.2,0.1724137931034483
445,25.0,9.32,35.4976,80.88,146.34560000000002,7.0,1.2,1.25
446,11.0,38.27272727272727,641.2892561983471,4.545454545454546,9.157024793388429,6.2727272727272725,8.727272727272727,0.13414634146341464
447,23.0,16.0,112.34782608695652,29.304347826086957,115.86389413988658,6.3478260869565215,2.391304347826087,0.7419354838709677
448,11.0,28.636363636363637,753.3223140495867,33.36363636363637,181.32231404958677,5.363636363636363,4.909090909090909,0.15942028985507245
449,9.0,8.222222222222221,24.839506172839506,77.55555555555556,158.24691358024694,6.333333333333333,0.7777777777777778,0.5625
450,10.0,39.7,535.61,31.3,192.41000000000003,3.7,5.9,0.1694915254237288
451,23.0,12.043478260869565,23.345935727788277,77.1304347826087,148.28733459357278,7.782608695652174,1.0869565217391304,1.15
452,30.0,4.533333333333333,8.182222222222224,22.033333333333335,19.098888888888887,5.233333333333333,6.4,3.0
453,27.0,22.037037037037038,172.18381344307272,43.48148148148148,1218.1755829903977,7.037037037037037,2.037037037037037,0.675
454,30.0,45.13333333333333,856.3822222222223,5.766666666666667,9.645555555555555,5.733333333333333,8.633333333333333,0.3157894736842105
455,30.0,18.633333333333333,193.23222222222213,33.8,1059.5599999999997,6.633333333333334,1.6666666666666667,0.75
456,29.0,20.724137931034484,142.26872770511295,39.37931034482759,1102.5802615933412,7.0,2.0689655172413794,0.725
457,16.0,19.875,70.609375,35.25,98.6875,4.9375,2.375,0.5333333333333333
458,29.0,18.03448275862069,179.7574316290131,31.862068965517242,1057.0844233055889,7.310344827586207,2.1379310344827585,0.7073170731707317
459,18.0,11.5,37.583333333333336,82.5,147.36111111111111,6.944444444444445,0.7222222222222222,0.8571428571428571
460,16.0,34.625,893.484375,36.875,220.109375,4.5,3.75,0.2318840579710145
461,18.0,49.77777777777778,815.7283950617282,6.388888888888889,7.3487654320987685,6.055555555555555,8.5,0.19148936170212766
462,30.0,35.53333333333333,1089.7155555555557,29.6,202.04000000000002,5.766666666666667,5.1,0.3614457831325301
463,6.0,9.166666666666666,42.47222222222222,82.83333333333333,162.13888888888889,7.333333333333333,1.3333333333333333,0.2857142857142857
464,30.0,40.86666666666667,1014.5155555555557,5.466666666666667,7.5822222222222235,5.4,8.366666666666667,0.30612244897959184
465,19.0,21.0,88.84210526315789,19.105263157894736,655.7783933518004,7.157894736842105,1.8421052631578947,0.6551724137931034
466,26.0,45.15384615384615,352.20710059171597,33.19230769230769,261.00147928994085,5.076923076923077,4.846153846153846,0.48148148148148145
467,21.0,4.333333333333333,7.746031746031745,22.142857142857142,22.503401360544224,5.809523809523809,7.190476190476191,1.9090909090909092
468,25.0,22.24,121.14240000000001,35.64,1451.1103999999998,7.08,1.8,0.6578947368421053
469,11.0,11.545454545454545,45.5206611570248,84.18181818181819,72.87603305785123,7.454545454545454,1.0,0.55
470,8.0,27.0,164.5,20.625,203.234375,5.375,1.5,0.2
471,20.0,8.0,30.3,81.65,128.6275,7.45,0.95,0.9523809523809523
472,13.0,47.30769230769231,916.0591715976333,4.384615384615385,8.390532544378697,6.153846153846154,8.384615384615385,0.13978494623655913
473,21.0,16.952380952380953,141.47392290249434,27.761904761904763,833.0385487528345,7.523809523809524,2.5714285714285716,0.5384615384615384
474,6.0,12.0,52.666666666666664,85.16666666666667,137.47222222222223,7.833333333333333,1.1666666666666667,0.2857142857142857
475,28.0,16.285714285714285,83.34693877551021,32.964285714285715,151.03443877551018,5.25,1.7142857142857142,0.9032258064516129
476,23.0,54.869565217391305,535.069943289225,5.391304347826087,6.238185255198488,5.869565217391305,8.652173913043478,0.2948717948717949
477,15.0,11.8,34.693333333333335,81.53333333333333,97.04888888888891,7.266666666666667,1.2666666666666666,0.75
478,21.0,10.047619047619047,28.521541950113374,79.80952380952381,114.72562358276647,7.142857142857143,1.0476190476190477,1.105263157894737
479,25.0,20.92,155.5136,20.96,673.7984,6.28,1.8,0.6410256410256411
480,16.0,18.5625,43.62109375,31.3125,86.33984375,5.4375,1.5625,0.7272727272727273
481,15.0,36.8,655.3600000000001,36.4,166.5066666666667,6.133333333333334,5.266666666666667,0.22727272727272727
482,10.0,15.7,91.21000000000001,33.3,99.00999999999998,7.0,2.2,0.3333333333333333
483,5.0,28.4,9.040000000000001,33.8,247.76,6.6,4.8,0.5
484,10.0,7.4,17.84,78.8,115.16000000000001,6.4,0.7,0.6666666666666666
485,17.0,43.76470588235294,1192.062283737024,6.117647058823529,7.397923875432525,5.0588235294117645,8.647058823529411,0.17894736842105263
486,24.0,51.625,627.1510416666666,3.7083333333333335,6.039930555555557,5.5,8.583333333333334,0.25806451612903225
487,14.0,12.0,30.857142857142858,83.85714285714286,70.83673469387756,7.0,1.0,0.6666666666666666
488,28.0,15.714285714285714,88.1326530612245,28.107142857142858,67.8813775510204,5.785714285714286,1.5357142857142858,0.9333333333333333
489,10.0,11.8,21.16,83.4,130.24,6.5,0.8,0.625
490,19.0,56.68421052631579,890.3213296398891,5.105263157894737,6.4099722991689765,5.578947368421052,8.105263157894736,0.2
491,28.0,35.75,430.9732142857143,34.25,269.9017857142857,5.892857142857143,5.214285714285714,0.4307692307692308
492,12.0,9.916666666666666,42.74305555555555,77.0,135.33333333333334,7.166666666666667,0.9166666666666666,0.5714285714285714
493,7.0,4.428571428571429,6.530612244897959,21.571428571428573,25.387755102040817,5.714285714285714,7.0,0.875
494,19.0,30.894736842105264,297.8836565096953,28.894736842105264,250.19944598337952,5.631578947368421,4.947368421052632,0.3220338983050847
495,18.0,41.5,747.0277777777778,5.666666666666667,6.555555555555555,5.333333333333333,8.777777777777779,0.1978021978021978
496,21.0,10.095238095238095,42.94331065759637,85.9047619047619,120.84807256235825,6.380952380952381,0.8095238095238095,1.05
497,26.0,18.384615384615383,135.6213017751479,22.846153846153847,592.5917159763314,7.153846153846154,1.8846153846153846,0.6666666666666666
498,27.0,29.14814814814815,579.6817558299042,28.333333333333332,284.74074074074076,4.7407407407407405,5.074074074074074,0.421875
499,22.0,55.59090909090909,995.150826446281,4.954545454545454,10.134297520661155,4.2727272727272725,8.818181818181818,0.22448979591836735
500,10.0,4.4,11.84,21.6,17.84,5.7,7.7,0.9090909090909091
501,27.0,50.851851851851855,495.5336076817559,25.14814814814815,191.60768175582993,5.851851851851852,4.592592592592593,0.42857142857142855
502,30.0,17.9,151.22333333333336,26.733333333333334,872.1288888888885,6.533333333333333,2.3,0.75
503,10.0,11.4,51.04,72.8,111.96000000000001,6.6,1.1,0.5263157894736842
504,6.0,16.333333333333332,68.8888888888889,32.833333333333336,81.80555555555556,5.166666666666667,1.6666666666666667,0.2608695652173913
505,10.0,33.1,461.89000000000004,25.6,337.64000000000004,3.9,4.4,0.1694915254237288
506,29.0,16.03448275862069,75.96432818073723,33.827586206896555,129.17717003567182,6.517241379310345,2.2413793103448274,0.9666666666666667
507,19.0,57.421052631578945,917.191135734072,6.0,8.105263157894736,5.947368421052632,8.473684210526315,0.20430107526881722
508,8.0,47.5,643.0,29.25,277.9375,5.0,5.0,0.11940298507462686
509,25.0,4.84,12.134400000000001,21.44,18.806400000000004,5.24,7.2,2.272727272727273
510,23.0,6.3478260869565215,7.4442344045368625,22.565217391304348,22.767485822306238,5.695652173913044,7.3478260869565215,2.3
511,9.0,4.111111111111111,8.987654320987653,21.0,24.22222222222222,5.777777777777778,8.444444444444445,0.9
512,7.0,7.285714285714286,30.204081632653068,73.0,187.71428571428572,8.0,1.2857142857142858,0.4117647058823529
513,30.0,5.4,11.973333333333333,23.233333333333334,23.91222222222223,5.533333333333333,7.1,2.727272727272727
514,7.0,4.285714285714286,5.061224489795919,22.0,11.428571428571429,5.714285714285714,8.571428571428571,1.0
515,5.0,55.8,831.76,24.4,107.04,3.8,5.8,0.06944444444444445
516,11.0,52.72727272727273,525.4710743801652,6.181818181818182,7.0578512396694215,5.818181818181818,8.0,0.12222222222222222
517,6.0,29.333333333333332,106.8888888888889,21.166666666666668,960.1388888888888,7.166666666666667,2.1666666666666665,0.2
518,10.0,11.5,27.45,79.4,153.84,6.6,1.2,0.5555555555555556
519,19.0,21.526315789473685,172.35457063711914,37.21052631578947,1185.5346260387807,6.684210526315789,1.631578947368421,0.4634146341463415
520,23.0,45.47826086956522,516.2495274102079,30.91304347826087,261.0359168241966,5.173913043478261,4.6521739130434785,0.35384615384615387
521,25.0,12.84,43.8144,78.84,157.81439999999998,8.04,1.04,1.1904761904761905
522,10.0,37.9,1047.89,27.2,163.96,7.5,4.8,0.136986301369863
523,30.0,27.1,141.29,28.9,1342.1566666666665,6.633333333333334,2.3333333333333335,0.7317073170731707
524,5.0,23.4,185.44,35.4,541.44,6.8,1.2,0.13513513513513514
525,7.0,42.0,897.7142857142857,43.142857142857146,125.55102040816327,4.857142857142857,5.571428571428571,0.10144927536231885
526,16.0,4.1875,10.90234375,20.5625,16.87109375,5.375,7.625,1.4545454545454546
527,10.0,52.9,421.69000000000005,29.2,220.35999999999999,5.9,5.5,0.1388888888888889
528,27.0,52.18518518518518,868.9657064471877,5.925925925925926,8.068587105624143,6.037037037037037,8.555555555555555,0.28125
529,16.0,25.8125,121.27734375,26.3125,750.58984375,6.8125,1.75,0.42105263157894735
530,23.0,18.91304347826087,129.29678638941402,31.304347826086957,1119.5160680529304,7.3478260869565215,2.0869565217391304,0.6571428571428571
531,6.0,8.0,18.333333333333332,83.5,72.91666666666667,8.333333333333334,1.1666666666666667,0.46153846153846156
532,15.0,8.933333333333334,27.52888888888889,84.2,125.49333333333331,6.666666666666667,0.8,0.75
533,8.0,33.5,583.25,44.0,266.25,4.625,4.125,0.13559322033898305
534,8.0,6.75,8.4375,17.25,4.9375,4.75,7.375,0.8
535,16.0,3.625,11.484375,23.375,25.734375,5.75,7.3125,1.4545454545454546
536,27.0,43.74074074074074,667.673525377229,5.0,6.222222222222222,6.0,8.74074074074074,0.2903225806451613
537,26.0,34.07692307692308,444.3017751479291,30.0,272.38461538461536,5.269230769230769,5.3076923076923075,0.41935483870967744
538,6.0,59.833333333333336,754.4722222222222,6.333333333333333,9.555555555555555,6.666666666666667,9.166666666666666,0.08
539,6.0,21.166666666666668,122.13888888888887,40.5,1532.5833333333333,7.666666666666667,1.6666666666666667,0.18181818181818182
540,16.0,40.3125,799.46484375,5.4375,11.12109375,5.8125,8.3125,0.16
541,7.0,18.714285714285715,83.91836734693877,29.428571428571427,48.816326530612244,4.857142857142857,2.5714285714285716,0.25
542,29.0,5.551724137931035,12.799048751486323,22.517241379310345,26.1807372175981,5.241379310344827,7.310344827586207,2.6363636363636362
543,25.0,18.12,74.0256,36.48,112.48959999999997,5.64,1.8,0.8928571428571429
544,10.0,5.8,14.360000000000003,22.0,22.6,5.2,7.5,0.9090909090909091
545,25.0,3.64,6.310399999999998,23.04,22.438400000000005,5.56,7.24,2.272727272727273
546,23.0,15.304347826086957,83.68998109640829,34.0,123.65217391304348,4.956521739130435,1.9130434782608696,0.7419354838709677
547,11.0,17.272727272727273,72.3801652892562,30.727272727272727,122.01652892561982,3.1818181818181817,1.8181818181818181,0.39285714285714285
548,24.0,42.875,520.6927083333334,36.791666666666664,266.99826388888886,5.583333333333333,5.291666666666667,0.36363636363636365
549,18.0,40.666666666666664,717.6666666666666,4.944444444444445,6.830246913580246,6.055555555555555,8.61111111111111,0.20930232558139536
550,9.0,27.11111111111111,262.76543209876536,6.333333333333333,6.000000000000001,5.888888888888889,8.666666666666666,0.1836734693877551
551,7.0,17.714285714285715,121.6326530612245,8.428571428571429,158.5306122448979,7.714285714285714,2.142857142857143,0.175
552,25.0,8.28,44.6016,78.92,107.59359999999998,7.88,0.92,1.1904761904761905
553,18.0,21.38888888888889,166.45987654320987,41.22222222222222,1383.1728395061727,7.277777777777778,1.3888888888888888,0.45
554,23.0,52.34782608695652,915.7920604914934,6.173913043478261,8.665406427221171,5.739130434782608,8.391304347826088,0.23469387755102042
555,15.0,4.933333333333334,13.12888888888889,21.2,23.22666666666667,5.4,8.0,1.5
556,10.0,12.6,44.04,81.7,94.21000000000001,6.5,0.7,0.5263157894736842
557,20.0,14.05,66.84750000000003,31.05,112.04750000000001,5.25,1.85,0.7142857142857143
558,25.0,55.8,952.1600000000002,5.4,7.2,4.32,8.6,0.2631578947368421
559,30.0,5.633333333333334,7.898888888888889,23.966666666666665,13.36555555555555,5.5,7.866666666666666,2.727272727272727
560,26.0,16.153846153846153,69.05325443786981,34.07692307692308,97.6094674556213,6.5,1.5769230769230769,0.9285714285714286
561,24.0,16.583333333333332,80.3263888888889,30.791666666666668,95.33159722222223,5.208333333333333,1.5,0.8571428571428571
562,28.0,45.0,663.6428571428571,26.285714285714285,260.91836734693874,6.357142857142857,5.0,0.35
563,19.0,20.0,152.0,33.1578947368421,1119.606648199446,7.052631578947368,1.8421052631578947,0.475
564,27.0,5.62962962962963,9.714677640603565,22.37037037037037,13.270233196159122,5.481481481481482,7.2592592592592595,2.4545454545454546
565,5.0,19.8,23.76,29.2,118.16,2.8,2.0,0.35714285714285715
566,11.0,47.63636363636363,963.3223140495869,4.363636363636363,11.685950413223141,4.454545454545454,8.727272727272727,0.12941176470588237
567,30.0,50.333333333333336,684.7555555555555,30.666666666666668,186.62222222222218,5.9,4.7,0.40540540540540543
568,29.0,22.448275862068964,110.04042806183118,43.758620689655174,1151.9072532699165,7.275862068965517,1.9310344827586208,0.8285714285714286
569,25.0,9.16,46.134399999999985,84.64,152.47039999999998,6.44,0.76,1.1904761904761905
570,9.0,28.0,54.44444444444444,13.666666666666666,215.33333333333334,7.222222222222222,2.0,0.391304347826087
571,8.0,26.625,64.234375,23.25,248.1875,7.125,2.375,0.34782608695652173
572,20.0,57.6,846.74,5.1,6.990000000000002,5.15,8.3,0.20408163265306123
573,24.0,20.25,197.9375,49.0,1497.5833333333333,7.166666666666667,1.9583333333333333,0.5853658536585366
574,15.0,40.8,597.6266666666667,28.533333333333335,331.31555555555553,4.133333333333334,5.133333333333334,0.22727272727272727
575,16.0,46.4375,636.49609375,5.6875,7.96484375,5.125,8.6875,0.19047619047619047
576,24.0,15.708333333333334,93.78993055555554,29.875,113.109375,5.875,2.25,0.8275862068965517
577,11.0,9.909090909090908,56.08264462809917,80.18181818181819,133.60330578512398,6.7272727272727275,1.6363636363636365,0.5238095238095238
578,30.0,15.166666666666666,71.33888888888889,30.966666666666665,116.89888888888885,5.866666666666666,2.1666666666666665,0.967741935483871
579,30.0,19.333333333333332,138.88888888888889,32.46666666666667,1050.5155555555555,6.0,2.533333333333333,0.7317073170731707
580,26.0,47.65384615384615,1086.8417159763312,5.0,6.153846153846154,5.961538461538462,8.461538461538462,0.26262626262626265
581,11.0,21.90909090909091,172.8099173553719,15.636363636363637,442.2314049586776,7.909090909090909,2.6363636363636362,0.2972972972972973
582,19.0,16.31578947368421,74.42659279778393,35.0,104.52631578947368,4.526315789473684,1.736842105263158,0.6129032258064516
583,15.0,45.93333333333333,631.2622222222221,26.133333333333333,218.38222222222223,7.266666666666667,4.4,0.2631578947368421
584,12.0,22.166666666666668,116.30555555555556,27.25,647.8541666666666,6.5,1.4166666666666667,0.32432432432432434
585,12.0,44.25,544.8541666666666,27.25,180.35416666666666,5.916666666666667,5.25,0.1791044776119403
586,18.0,4.111111111111111,10.987654320987653,20.5,19.916666666666668,5.444444444444445,7.333333333333333,1.6363636363636365
587,26.0,15.0,81.6923076923077,30.115384615384617,94.10207100591713,5.769230769230769,2.0,0.8387096774193549
588,26.0,16.53846153846154,75.01775147928994,34.38461538461539,104.23668639053254,6.346153846153846,1.9615384615384615,0.8387096774193549
589,18.0,55.72222222222222,916.9783950617285,5.388888888888889,10.015432098765432,6.5,8.11111111111111,0.18556701030927836
590,15.0,13.4,33.17333333333333,84.33333333333333,106.88888888888887,7.4,0.8,0.7894736842105263
591,22.0,18.90909090909091,130.53719008264463,34.40909090909091,1230.8780991735537,7.045454545454546,2.1818181818181817,0.5945945945945946
592,8.0,53.875,847.359375,7.625,3.734375,6.375,8.375,0.09411764705882353
593,5.0,57.2,1237.36,7.6,4.24,6.0,9.2,0.05434782608695652
594,15.0,56.06666666666667,598.5955555555556,4.933333333333334,8.195555555555554,5.4,8.466666666666667,0.16666666666666666
595,17.0,4.117647058823529,8.927335640138407,20.647058823529413,18.934256055363317,5.647058823529412,7.0,1.5454545454545454
596,27.0,40.370370370370374,602.6035665294925,28.185185185185187,228.00274348422494,6.2592592592592595,5.481481481481482,0.32142857142857145
597,16.0,3.9375,8.80859375,20.0,12.25,5.1875,7.875,1.4545454545454546
598,12.0,5.75,8.854166666666666,24.083333333333332,27.57638888888889,5.083333333333333,7.083333333333333,1.0909090909090908
599,22.0,47.95454545454545,874.2252066115703,5.409090909090909,8.514462809917354,5.863636363636363,8.545454545454545,0.22
600,29.0,16.82758620689655,73.31510107015457,36.93103448275862,93.23662306777643,5.9655172413793105,1.9310344827586208,1.0
601,21.0,17.857142857142858,124.21768707482993,34.57142857142857,1299.768707482993,7.619047619047619,2.238095238095238,0.5675675675675675
602,8.0,10.375,26.984375,84.25,164.9375,8.125,1.625,0.5
603,8.0,8.75,22.9375,83.375,136.484375,8.5,0.625,0.47058823529411764
604,24.0,39.583333333333336,640.826388888889,32.416666666666664,258.65972222222223,4.5,5.125,0.32432432432432434
605,14.0,42.5,556.3928571428571,28.071428571428573,208.9234693877551,5.214285714285714,5.428571428571429,0.20588235294117646
606,16.0,12.625,64.484375,31.5,106.875,4.875,2.375,0.5161290322580645
607,25.0,7.04,27.638400000000004,79.24,108.0224,7.08,0.92,1.25
608,12.0,7.583333333333333,28.409722222222218,79.41666666666667,140.90972222222223,6.583333333333333,1.0,0.8
609,11.0,18.0,46.72727272727273,38.09090909090909,102.44628099173555,1.5454545454545454,1.7272727272727273,0.44
610,29.0,12.724137931034482,80.1997621878716,33.758620689655174,115.28656361474432,5.620689655172414,1.8275862068965518,0.9666666666666667
611,24.0,8.875,28.026041666666668,82.08333333333333,183.6597222222222,7.166666666666667,0.7916666666666666,1.2
612,29.0,5.0344827586206895,12.102259215219973,23.93103448275862,23.995243757431627,5.448275862068965,7.379310344827586,2.6363636363636362
613,11.0,3.1818181818181817,11.96694214876033,20.0,18.727272727272727,5.2727272727272725,7.818181818181818,1.1
614,14.0,21.071428571428573,148.06632653061226,21.357142857142858,525.9438775510204,7.785714285714286,1.6428571428571428,0.35
615,6.0,40.333333333333336,496.5555555555556,39.166666666666664,114.80555555555556,6.333333333333333,4.333333333333333,0.10526315789473684
616,20.0,15.15,55.027499999999996,35.65,78.22749999999999,6.2,1.45,0.6451612903225806
617,23.0,17.130434782608695,94.20037807183361,29.695652173913043,114.38563327032136,5.0,2.1739130434782608,0.7666666666666667
618,19.0,9.842105263157896,36.86980609418282,82.26315789473684,135.98337950138503,7.052631578947368,1.263157894736842,1.0
619,5.0,20.4,30.639999999999997,33.4,1175.44,7.4,2.2,0.35714285714285715
620,23.0,40.34782608695652,690.3137996219282,5.0,6.608695652173913,6.391304347826087,8.73913043478261,0.24731182795698925
621,9.0,59.0,505.1111111111111,5.444444444444445,8.246913580246913,5.888888888888889,8.555555555555555,0.1125
622,18.0,20.5,149.69444444444446,32.111111111111114,1122.2098765432102,7.444444444444445,1.7222222222222223,0.46153846153846156
623,13.0,9.923076923076923,35.76331360946745,83.23076923076923,117.86982248520712,7.538461538461538,1.0,0.7222222222222222
624,22.0,50.45454545454545,719.4297520661157,5.409090909090909,8.969008264462811,6.409090909090909,8.272727272727273,0.24444444444444444
625,24.0,5.833333333333333,9.38888888888889,21.666666666666668,16.555555555555557,5.75,7.416666666666667,2.1818181818181817
626,16.0,57.3125,605.96484375,5.0625,5.80859375,5.5,8.5625,0.18604651162790697
627,7.0,21.285714285714285,28.204081632653065,32.857142857142854,115.83673469387755,3.7142857142857144,2.5714285714285716,0.4375
628,5.0,4.4,46.64,83.0,114.0,6.6,0.8,0.2631578947368421
629,29.0,34.44827586206897,577.4887039239001,32.793103448275865,253.95719381688463,6.0344827586206895,5.0,0.453125
630,9.0,12.777777777777779,18.17283950617284,77.0,99.11111111111111,6.222222222222222,0.7777777777777778,0.6
631,28.0,10.357142857142858,36.372448979591844,80.67857142857143,127.28954081632651,7.142857142857143,0.9642857142857143,1.3333333333333333
632,13.0,48.92307692307692,347.76331360946745,26.76923076923077,254.6390532544378,6.076923076923077,5.461538461538462,0.23214285714285715
633,6.0,15.833333333333334,92.47222222222223,27.666666666666668,75.22222222222223,1.6666666666666667,2.3333333333333335,0.2
634,22.0,44.63636363636363,1156.4132231404956,5.2272727272727275,5.993801652892561,5.136363636363637,8.590909090909092,0.21782178217821782
635,20.0,35.65,641.1275,31.4,268.74,4.95,5.0,0.3225806451612903
636,16.0,16.6875,150.46484375,32.25,1056.3125,7.375,2.1875,0.41025641025641024
637,29.0,46.06896551724138,1005.7883472057074,6.172413793103448,8.694411414982165,5.379310344827586,8.586206896551724,0.2871287128712871
638,14.0,15.428571428571429,97.81632653061222,39.214285714285715,1190.0255102040817,7.428571428571429,2.0714285714285716,0.4117647058823529
639,7.0,18.714285714285715,47.91836734693878,29.0,101.14285714285714,5.714285714285714,3.142857142857143,0.30434782608695654
640,30.0,9.8,30.560000000000006,81.26666666666667,149.7288888888889,7.566666666666666,1.1,1.4285714285714286
641,29.0,11.793103448275861,34.78478002378122,80.93103448275862,144.96076099881097,7.413793103448276,0.9310344827586207,1.380952380952381
642,24.0,21.875,124.77604166666667,22.958333333333332,845.7065972222222,6.208333333333333,1.5,0.5853658536585366
643,6.0,44.333333333333336,587.2222222222223,44.5,167.91666666666666,5.833333333333333,4.166666666666667,0.08823529411764706
644,15.0,11.933333333333334,43.52888888888889,82.4,131.57333333333335,6.0,1.0666666666666667,0.75
645,11.0,11.181818181818182,35.96694214876034,86.18181818181819,93.60330578512395,7.0,0.8181818181818182,0.5789473684210527
646,24.0,40.166666666666664,573.3055555555554,33.541666666666664,229.8315972222222,4.541666666666667,5.25,0.36923076923076925
647,15.0,21.266666666666666,115.39555555555555,47.86666666666667,1041.5822222222223,7.866666666666666,2.0,0.39473684210526316
648,26.0,46.30769230769231,586.0591715976332,37.61538461538461,295.9289940828403,5.8076923076923075,4.0,0.38235294117647056
649,27.0,19.666666666666668,145.7777777777778,37.407407407407405,1055.3525377229082,6.296296296296297,2.259259259259259,0.6585365853658537
650,9.0,51.77777777777778,751.5061728395062,29.444444444444443,197.1358024691358,5.111111111111111,5.222222222222222,0.13636363636363635
651,5.0,72.0,310.4,6.4,11.440000000000001,5.6,8.2,0.09615384615384616
652,14.0,12.0,41.714285714285715,84.0,161.42857142857142,7.071428571428571,1.0714285714285714,0.7
653,13.0,6.0,11.846153846153847,21.615384615384617,32.23668639053255,5.153846153846154,7.461538461538462,1.1818181818181819
654,19.0,10.0,43.1578947368421,79.63157894736842,172.02216066481995,7.421052631578948,1.1578947368421053,0.9047619047619048
655,23.0,47.0,563.8260869565217,40.47826086956522,231.11909262759926,4.478260869565218,4.6521739130434785,0.359375
656,30.0,55.13333333333333,783.1822222222222,5.933333333333334,6.5955555555555545,6.433333333333334,8.566666666666666,0.3157894736842105
657,14.0,9.785714285714286,31.02551020408163,76.78571428571429,144.8826530612245,7.571428571428571,1.1428571428571428,0.7368421052631579
658,7.0,47.0,1216.5714285714287,4.857142857142857,12.122448979591837,5.857142857142857,7.857142857142857,0.07446808510638298
659,24.0,52.208333333333336,901.0815972222222,5.166666666666667,8.472222222222221,5.833333333333333,8.666666666666666,0.25
660,26.0,10.346153846153847,44.22633136094676,77.5,112.32692307692308,6.923076923076923,1.0,1.2380952380952381
661,29.0,9.793103448275861,35.54340071343639,79.65517241379311,144.08799048751487,7.310344827586207,1.0,1.380952380952381
662,10.0,18.9,94.09,35.4,1133.44,7.1,1.4,0.3448275862068966
663,20.0,36.95,311.4475,35.2,392.96000000000004,5.5,4.3,0.40816326530612246
664,10.0,26.9,94.08999999999999,32.3,1313.2099999999998,7.3,1.6,0.38461538461538464
665,10.0,41.7,758.4100000000001,6.3,9.209999999999999,6.4,8.4,0.11904761904761904
666,10.0,9.0,37.8,78.0,90.6,6.6,1.3,0.5263157894736842
667,7.0,17.142857142857142,43.26530612244898,37.142857142857146,58.40816326530613,8.285714285714286,2.2857142857142856,0.3181818181818182
668,9.0,13.444444444444445,98.46913580246913,33.111111111111114,138.0987654320988,5.888888888888889,2.2222222222222223,0.3
669,30.0,9.5,41.85,78.33333333333333,114.0222222222222,6.733333333333333,0.9,1.4285714285714286
670,16.0,22.0,158.625,38.4375,1049.49609375,6.25,1.625,0.43243243243243246
671,18.0,44.22222222222222,614.7283950617284,40.44444444444444,136.80246913580243,5.944444444444445,4.5,0.28125
672,18.0,15.166666666666666,101.02777777777777,29.11111111111111,99.54320987654322,5.166666666666667,2.388888888888889,0.6
673,26.0,16.23076923076923,184.10059171597638,27.76923076923077,1110.4852071005917,7.576923076923077,2.230769230769231,0.6341463414634146
674,13.0,48.84615384615385,386.1301775147928,30.384615384615383,284.5443786982248,6.538461538461538,4.538461538461538,0.21311475409836064
675,19.0,13.105263157894736,40.40997229916897,83.36842105263158,120.96952908587257,6.473684210526316,0.6842105263157895,1.0
676,12.0,11.416666666666666,41.076388888888886,76.16666666666667,101.47222222222221,7.416666666666667,1.0,0.6
677,26.0,8.961538461538462,53.960059171597635,79.5,83.09615384615384,7.153846153846154,1.0384615384615385,1.2380952380952381
678,16.0,15.5,91.25,34.0625,107.05859375,6.4375,1.75,0.5161290322580645
679,22.0,11.318181818181818,43.94421487603306,80.54545454545455,175.6115702479339,7.136363636363637,0.8181818181818182,1.1
680,29.0,9.827586206896552,38.349583828775266,81.17241379310344,126.28061831153387,6.758620689655173,1.2413793103448276,1.380952380952381
681,27.0,22.444444444444443,128.0987654320988,29.77777777777778,1274.5432098765436,7.444444444444445,2.111111111111111,0.7105263157894737
682,21.0,5.904761904761905,12.657596371882088,22.571428571428573,23.006802721088437,5.523809523809524,7.190476190476191,1.9090909090909092
683,12.0,6.75,11.020833333333334,24.416666666666668,20.743055555555554,5.666666666666667,7.916666666666667,1.2
684,14.0,19.642857142857142,147.2295918367347,34.642857142857146,1163.8010204081634,7.428571428571429,2.0714285714285716,0.3684210526315789
685,17.0,17.11764705882353,95.51557093425605,33.529411764705884,105.30795847750866,6.352941176470588,2.235294117647059,0.5483870967741935
686,30.0,11.133333333333333,47.048888888888875,78.53333333333333,115.11555555555559,6.566666666666666,1.2333333333333334,1.4285714285714286
687,15.0,14.0,58.93333333333333,29.6,112.1066666666667,5.2,2.533333333333333,0.5769230769230769
688,18.0,44.44444444444444,736.9135802469135,34.0,241.55555555555554,5.111111111111111,4.611111111111111,0.2647058823529412
689,9.0,24.666666666666668,107.55555555555559,42.333333333333336,1029.5555555555557,6.666666666666667,1.5555555555555556,0.2571428571428571
690,22.0,4.590909090909091,7.0599173553718995,21.818181818181817,17.78512396694215,5.909090909090909,8.363636363636363,2.2
691,8.0,31.75,861.4375,26.625,252.984375,5.125,4.875,0.11594202898550725
692,9.0,6.333333333333333,7.555555555555557,23.0,14.88888888888889,5.222222222222222,7.777777777777778,0.9
693,19.0,13.894736842105264,55.98891966759005,26.94736842105263,758.0498614958449,6.578947368421052,1.7894736842105263,0.5757575757575758
694,6.0,21.833333333333332,155.13888888888889,10.333333333333334,110.22222222222221,6.333333333333333,1.3333333333333333,0.16216216216216217
695,6.0,11.333333333333334,35.55555555555556,80.16666666666667,37.13888888888888,6.833333333333333,1.1666666666666667,0.375
696,20.0,11.6,99.43999999999998,32.2,95.06,4.75,1.8,0.6666666666666666
697,28.0,5.5,8.035714285714286,22.607142857142858,24.238520408163257,5.571428571428571,7.142857142857143,2.8
698,28.0,14.857142857142858,89.33673469387755,32.92857142857143,92.78061224489797,4.571428571428571,2.1785714285714284,0.9032258064516129
699,19.0,8.631578947368421,34.86426592797785,77.84210526315789,80.13296398891967,7.2631578947368425,0.8947368421052632,0.95
700,5.0,19.8,261.36,15.8,264.56,7.8,1.4,0.125
701,23.0,45.17391304347826,291.36105860113423,34.21739130434783,225.30056710775048,4.869565217391305,5.478260869565218,0.45098039215686275
702,15.0,15.733333333333333,78.19555555555557,34.93333333333333,100.72888888888889,5.866666666666666,2.4,0.5357142857142857
703,28.0,4.678571428571429,11.075255102040815,24.321428571428573,17.860969387755098,5.571428571428571,8.035714285714286,2.5454545454545454
704,5.0,21.4,60.24000000000001,40.4,7.44,6.4,1.0,0.20833333333333334
705,10.0,40.6,1386.04,29.6,431.64000000000004,5.1,5.7,0.1282051282051282
706,29.0,42.241379310344826,721.907253269917,28.0,258.2068965517241,5.172413793103448,4.931034482758621,0.43283582089552236
707,9.0,4.888888888888889,14.320987654320987,23.0,21.555555555555557,5.222222222222222,7.666666666666667,0.8181818181818182
708,28.0,23.321428571428573,107.93239795918366,32.964285714285715,860.8201530612248,7.035714285714286,1.9642857142857142,0.7368421052631579
709,22.0,14.227272727272727,63.902892561983485,31.045454545454547,102.49793388429752,4.7727272727272725,2.0,0.7586206896551724
710,14.0,49.642857142857146,809.515306122449,4.5,5.392857142857143,4.071428571428571,8.785714285714286,0.1590909090909091
711,13.0,21.153846153846153,113.51479289940828,38.0,1290.6153846153845,7.384615384615385,2.0,0.34210526315789475
712,28.0,12.035714285714286,42.5344387755102,78.53571428571429,148.2487244897959,6.678571428571429,0.8571428571428571,1.3333333333333333
713,22.0,10.0,30.363636363636363,77.18181818181819,131.96694214876032,6.909090909090909,0.9090909090909091,1.0476190476190477
714,30.0,49.5,693.9833333333333,6.066666666666666,7.995555555555554,5.266666666666667,8.533333333333333,0.3225806451612903
715,13.0,9.76923076923077,27.25443786982249,79.0,157.3846153846154,6.6923076923076925,0.8461538461538461,0.7222222222222222
716,28.0,15.892857142857142,89.452806122449,33.25,78.11607142857143,5.214285714285714,1.9642857142857142,0.9032258064516129
717,19.0,18.157894736842106,150.34349030470912,35.8421052631579,1301.6066481994458,7.052631578947368,2.3684210526315788,0.4634146341463415
718,8.0,18.0,132.75,34.875,66.609375,6.875,2.75,0.26666666666666666
719,13.0,32.0,526.9230769230769,26.23076923076923,308.4852071005917,4.076923076923077,5.538461538461538,0.21311475409836064
720,18.0,10.277777777777779,43.0895061728395,79.0,176.11111111111111,7.333333333333333,1.0,0.8571428571428571
721,10.0,56.5,161.65,5.9,9.890000000000002,5.3,8.4,0.25
722,29.0,21.310344827586206,121.86920332936978,36.6551724137931,856.5707491082046,6.724137931034483,2.2758620689655173,0.725
723,20.0,45.0,312.8,28.85,262.3275,5.5,5.0,0.39215686274509803
724,10.0,10.2,44.760000000000005,36.6,36.04,5.5,2.6,0.35714285714285715
725,12.0,34.75,561.6875,31.75,242.02083333333334,5.666666666666667,5.5,0.1875
726,13.0,11.692307692307692,33.44378698224852,80.15384615384616,145.97633136094674,6.538461538461538,0.8461538461538461,0.6842105263157895
727,6.0,63.0,785.3333333333334,6.166666666666667,7.472222222222222,6.666666666666667,8.5,0.0759493670886076
728,27.0,46.18518518518518,832.3731138545952,4.962962962962963,7.517146776406036,4.851851851851852,8.518518518518519,0.28421052631578947
729,8.0,6.5,25.5,85.75,76.6875,7.625,0.625,0.47058823529411764
730,21.0,15.904761904761905,69.51473922902495,31.523809523809526,82.63038548752834,4.619047619047619,1.9047619047619047,0.7241379310344828
731,5.0,8.8,40.56,84.0,126.8,7.0,1.0,0.25
732,17.0,4.117647058823529,5.633217993079582,23.294117647058822,18.325259515570934,5.294117647058823,7.470588235294118,1.7
733,9.0,10.444444444444445,66.24691358024693,35.111111111111114,94.54320987654322,5.888888888888889,2.3333333333333335,0.3103448275862069
734,15.0,22.466666666666665,128.2488888888889,27.333333333333332,1003.4222222222222,7.333333333333333,2.6666666666666665,0.375
735,17.0,4.470588235294118,10.484429065743948,23.176470588235293,11.557093425605538,5.705882352941177,7.647058823529412,1.5454545454545454
736,7.0,7.857142857142857,23.26530612244898,82.71428571428571,82.77551020408164,6.285714285714286,0.7142857142857143,0.4666666666666667
737,19.0,13.526315789473685,75.72299168975069,32.1578947368421,135.60664819944597,4.631578947368421,2.4210526315789473,0.6551724137931034
738,7.0,27.571428571428573,627.9591836734695,39.57142857142857,118.81632653061224,6.714285714285714,4.857142857142857,0.09859154929577464
739,13.0,11.307692307692308,39.289940828402365,83.84615384615384,93.207100591716,7.230769230769231,1.2307692307692308,0.6842105263157895
740,18.0,13.055555555555555,80.83024691358025,30.22222222222222,80.9506172839506,6.055555555555555,2.0555555555555554,0.6206896551724138
741,20.0,21.35,152.92749999999995,25.3,694.51,7.15,1.7,0.4878048780487805
742,21.0,49.095238095238095,971.8004535147392,5.0476190476190474,6.2358276643990935,4.285714285714286,8.428571428571429,0.21649484536082475
743,29.0,54.89655172413793,743.8858501783591,5.137931034482759,6.463733650416172,4.9655172413793105,8.310344827586206,0.31868131868131866
744,13.0,22.692307692307693,124.05917159763311,31.76923076923077,1068.1775147928993,7.230769230769231,1.8461538461538463,0.35135135135135137
745,24.0,41.291666666666664,1041.5399305555554,30.791666666666668,254.3315972222222,6.0,4.958333333333333,0.2926829268292683
746,14.0,10.357142857142858,20.229591836734695,78.0,123.57142857142857,7.0,0.9285714285714286,0.7368421052631579
747,30.0,5.5,10.183333333333334,22.2,19.42666666666667,5.3,7.533333333333333,2.727272727272727
748,22.0,15.863636363636363,99.02685950413225,34.40909090909091,65.51446280991735,5.363636363636363,2.590909090909091,0.7096774193548387
749,24.0,20.083333333333332,127.15972222222221,38.333333333333336,1303.3888888888887,6.958333333333333,2.2916666666666665,0.6153846153846154
750,16.0,18.375,115.484375,30.8125,1282.27734375,7.3125,1.0625,0.3902439024390244
751,11.0,48.09090909090909,1115.3553719008266,5.2727272727272725,6.016528925619835,5.2727272727272725,8.727272727272727,0.125
752,22.0,28.90909090909091,775.719008264463,28.59090909090909,216.87809917355372,5.090909090909091,4.818181818181818,0.3235294117647059
753,26.0,5.730769230769231,9.812130177514794,22.03846153846154,26.4215976331361,5.730769230769231,7.846153846153846,2.6
754,26.0,12.038461538461538,25.729289940828405,80.0,115.76923076923077,6.769230769230769,0.8076923076923077,1.5294117647058822
755,24.0,10.375,39.317708333333336,82.41666666666667,143.07638888888889,6.75,0.875,1.2
756,13.0,19.076923076923077,47.30177514792899,35.23076923076923,82.17751479289942,4.923076923076923,1.7692307692307692,0.5909090909090909
757,29.0,5.862068965517241,7.843043995243759,22.448275862068964,25.14387633769322,5.482758620689655,6.931034482758621,2.6363636363636362
758,13.0,21.153846153846153,111.97633136094676,42.23076923076923,1526.3313609467455,6.3076923076923075,3.0,0.35135135135135137
759,7.0,9.571428571428571,45.38775510204082,88.57142857142857,68.81632653061224,6.0,0.8571428571428571,0.3684210526315789
760,16.0,14.6875,86.33984375,26.875,95.984375,8.75,2.375,0.5161290322580645
761,26.0,20.26923076923077,116.81213017751477,33.19230769230769,996.1553254437871,6.153846153846154,1.6538461538461537,0.6842105263157895
762,6.0,16.666666666666668,42.888888888888886,31.166666666666668,87.1388888888889,5.333333333333333,1.5,0.2857142857142857
763,18.0,17.166666666666668,135.13888888888889,29.22222222222222,1329.9506172839506,7.888888888888889,1.8333333333333333,0.45
764,15.0,5.866666666666666,10.648888888888889,22.666666666666668,36.35555555555556,5.466666666666667,7.666666666666667,1.3636363636363635
765,20.0,3.55,7.347500000000001,22.35,20.427500000000002,5.45,7.9,2.2222222222222223
766,29.0,15.758620689655173,73.70035671819264,34.55172413793103,84.52318668252082,5.620689655172414,2.1724137931034484,1.0357142857142858
767,19.0,50.473684210526315,975.3019390581718,6.2631578947368425,4.0886426592797775,6.368421052631579,8.421052631578947,0.19387755102040816
768,19.0,41.05263157894737,811.7340720221605,5.526315789473684,6.775623268698059,6.0,8.68421052631579,0.2261904761904762
769,29.0,43.3448275862069,522.2259215219977,33.93103448275862,266.89179548156955,5.793103448275862,5.241379310344827,0.47540983606557374
770,14.0,17.285714285714285,42.3469387755102,37.285714285714285,86.63265306122449,5.5,1.7142857142857142,0.6363636363636364
771,5.0,45.2,323.76000000000005,27.6,184.64000000000001,8.8,5.6,0.09803921568627451
772,17.0,47.470588235294116,928.8373702422145,5.764705882352941,6.532871972318338,4.882352941176471,8.588235294117647,0.17525773195876287
773,19.0,12.947368421052632,40.6814404432133,83.21052631578948,175.4293628808864,7.2631578947368425,1.0526315789473684,0.95
774,30.0,11.9,28.356666666666662,80.53333333333333,145.18222222222226,7.633333333333334,0.9666666666666667,1.5
775,26.0,32.80769230769231,803.2322485207102,32.19230769230769,239.46301775147927,6.423076923076923,5.038461538461538,0.37142857142857144
776,23.0,4.608695652173913,10.064272211720231,21.869565217391305,17.93950850661626,5.478260869565218,7.869565217391305,2.090909090909091
777,25.0,7.08,36.873599999999996,77.04,182.83840000000004,7.16,0.96,1.25
778,7.0,53.42857142857143,361.3877551020408,43.714285714285715,163.9183673469388,4.428571428571429,4.142857142857143,0.11290322580645161
779,7.0,4.285714285714286,5.061224489795918,22.285714285714285,19.346938775510203,6.428571428571429,7.285714285714286,0.875
780,6.0,13.833333333333334,85.13888888888887,37.833333333333336,91.80555555555556,2.8333333333333335,2.1666666666666665,0.21428571428571427
781,19.0,8.263157894736842,29.14127423822715,79.0,124.0,7.684210526315789,1.1578947368421053,0.95
782,6.0,19.166666666666668,74.1388888888889,9.0,193.66666666666666,6.333333333333333,1.1666666666666667,0.2608695652173913
783,11.0,18.636363636363637,35.68595041322314,32.54545454545455,87.33884297520662,5.181818181818182,1.9090909090909092,0.4782608695652174
784,10.0,45.9,812.69,32.2,165.76000000000002,4.6,4.1,0.14925373134328357
785,30.0,46.36666666666667,902.2988888888888,30.433333333333334,275.4455555555556,4.9,4.733333333333333,0.3614457831325301
786,29.0,7.310344827586207,38.69678953626636,79.89655172413794,107.47205707491081,7.551724137931035,1.103448275862069,1.380952380952381
787,21.0,34.95238095238095,365.5691609977324,31.666666666666668,317.74603174603175,6.904761904761905,4.333333333333333,0.42
788,27.0,48.74074074074074,637.8957475994513,5.037037037037037,8.628257887517144,5.37037037037037,8.407407407407407,0.2727272727272727
789,10.0,17.1,66.88999999999999,33.5,120.65,4.6,1.7,0.4166666666666667
790,16.0,24.0,136.375,44.0625,1218.30859375,7.0625,2.0,0.42105263157894735
791,15.0,15.266666666666667,34.72888888888888,34.266666666666666,95.26222222222222,4.866666666666666,2.2666666666666666,0.7142857142857143
792,18.0,10.88888888888889,35.65432098765432,82.77777777777777,106.28395061728394,6.888888888888889,1.0,0.9
793,20.0,11.05,37.2475,81.65,120.92749999999998,7.45,1.05,0.9523809523809523
794,30.0,30.433333333333334,579.3788888888888,39.233333333333334,308.1788888888888,5.133333333333334,4.533333333333333,0.45454545454545453
795,30.0,53.333333333333336,851.622222222222,5.633333333333334,9.965555555555552,5.466666666666667,8.433333333333334,0.30303030303030304
796,22.0,4.7272727272727275,9.652892561983471,22.5,18.704545454545453,5.590909090909091,7.2727272727272725,2.0
797,9.0,36.22222222222222,596.6172839506173,33.55555555555556,190.24691358024688,6.444444444444445,5.444444444444445,0.13043478260869565
798,28.0,37.75,835.6160714285714,32.285714285714285,237.56122448979593,5.892857142857143,5.357142857142857,0.39436619718309857
799,11.0,3.5454545454545454,11.520661157024795,22.727272727272727,20.380165289256198,5.636363636363637,7.090909090909091,1.1
800,13.0,16.153846153846153,63.05325443786982,36.15384615384615,90.89940828402368,4.6923076923076925,1.7692307692307692,0.5652173913043478
801,27.0,18.962962962962962,149.1467764060357,27.185185185185187,916.1508916323729,7.222222222222222,2.2222222222222223,0.675
802,21.0,3.6666666666666665,7.174603174603174,22.238095238095237,21.80045351473923,5.380952380952381,7.428571428571429,2.1
803,27.0,55.370370370370374,765.122085048011,6.037037037037037,7.961591220850481,5.2592592592592595,8.444444444444445,0.27835051546391754
804,20.0,56.7,781.01,5.75,7.8875,4.1,8.6,0.20833333333333334
805,24.0,37.958333333333336,609.9565972222223,29.166666666666668,175.22222222222226,4.125,4.125,0.3582089552238806
806,27.0,5.666666666666667,10.51851851851852,21.14814814814815,24.422496570644714,5.333333333333333,7.7407407407407405,2.4545454545454546
807,24.0,18.166666666666668,165.97222222222223,29.125,957.0260416666666,7.291666666666667,2.25,0.5853658536585366
808,20.0,21.9,134.89,31.75,841.4875,7.15,1.8,0.5405405405405406
809,24.0,17.208333333333332,62.83159722222223,31.791666666666668,110.99826388888891,5.791666666666667,2.375,0.8571428571428571
810,18.0,10.38888888888889,24.57098765432099,81.11111111111111,122.32098765432099,7.277777777777778,1.3888888888888888,0.9473684210526315
811,29.0,15.551724137931034,83.00594530321047,32.62068965517241,108.78715814506542,5.344827586206897,1.7241379310344827,0.9354838709677419
812,15.0,43.8,868.4266666666667,5.266666666666667,6.062222222222222,6.266666666666667,8.466666666666667,0.15306122448979592
813,19.0,11.0,32.94736842105263,84.36842105263158,110.33795013850414,6.7894736842105265,1.2105263157894737,0.9047619047619048
814,16.0,19.75,107.3125,40.1875,1172.02734375,6.375,2.125,0.4444444444444444
815,13.0,14.846153846153847,63.66863905325443,31.384615384615383,96.08284023668638,8.384615384615385,1.6923076923076923,0.5
816,11.0,38.45454545454545,480.24793388429754,36.36363636363637,242.23140495867767,6.545454545454546,5.2727272727272725,0.1864406779661017
817,10.0,3.4,5.04,21.6,19.840000000000003,5.5,7.8,1.4285714285714286
818,30.0,48.666666666666664,768.9555555555556,33.266666666666666,167.8622222222223,5.533333333333333,5.3,0.35714285714285715
819,7.0,4.0,7.428571428571429,20.428571428571427,18.24489795918367,4.857142857142857,7.428571428571429,0.7
820,13.0,5.461538461538462,8.710059171597633,25.076923076923077,18.071005917159763,5.461538461538462,7.538461538461538,1.3
821,16.0,18.375,74.359375,31.5,103.75,4.25,1.6875,0.5925925925925926
822,23.0,35.95652173913044,747.6937618147449,5.565217391304348,7.11531190926276,7.130434782608695,8.217391304347826,0.27058823529411763
823,5.0,64.0,206.0,5.2,8.559999999999999,5.0,8.4,0.11627906976744186
824,7.0,33.142857142857146,812.1224489795919,40.42857142857143,183.67346938775512,5.285714285714286,5.428571428571429,0.10144927536231885
825,25.0,10.04,33.3184,83.8,121.04000000000002,6.8,0.76,1.1904761904761905
826,15.0,34.4,609.7066666666667,5.4,8.106666666666667,5.2,8.533333333333333,0.18518518518518517
827,19.0,49.63157894736842,305.49584487534634,6.947368421052632,4.470914127423822,6.2105263157894735,8.578947368421053,0.3220338983050847
828,23.0,16.26086956521739,75.14933837429113,30.26086956521739,98.80151228733459,5.6521739130434785,1.8695652173913044,0.8518518518518519
829,20.0,10.65,42.627500000000005,83.4,129.34,6.95,1.1,0.9523809523809523
830,6.0,9.5,39.25,86.16666666666667,51.138888888888886,7.0,0.8333333333333334,0.3157894736842105
831,14.0,37.214285714285715,742.1683673469389,5.357142857142857,6.658163265306123,5.428571428571429,8.071428571428571,0.15217391304347827
832,15.0,56.2,727.0933333333335,5.733333333333333,10.728888888888891,5.4,9.2,0.18518518518518517
833,9.0,42.666666666666664,558.4444444444445,5.222222222222222,9.950617283950615,5.222222222222222,8.222222222222221,0.10843373493975904
834,20.0,11.3,70.80999999999999,35.85,95.72749999999999,6.0,1.9,0.7142857142857143
835,17.0,17.058823529411764,52.17301038062284,29.352941176470587,85.99307958477507,5.294117647058823,1.7058823529411764,0.7083333333333334
836,7.0,9.857142857142858,25.551020408163264,88.14285714285714,47.265306122448976,7.0,0.42857142857142855,0.4666666666666667
837,26.0,4.730769230769231,10.735207100591715,22.923076923076923,19.07100591715976,5.384615384615385,8.423076923076923,2.3636363636363638
838,19.0,10.31578947368421,37.58448753462602,78.89473684210526,100.93628808864267,7.473684210526316,1.0,0.95
839,19.0,9.368421052631579,33.18005540166205,78.84210526315789,136.44875346260392,7.105263157894737,0.8421052631578947,0.9047619047619048
840,27.0,22.074074074074073,118.1426611796982,42.666666666666664,1462.0,6.62962962962963,2.3333333333333335,0.6923076923076923
841,29.0,42.275862068965516,317.57907253269923,38.37931034482759,300.7871581450654,5.068965517241379,4.931034482758621,0.58
842,22.0,15.545454545454545,86.79338842975207,33.18181818181818,77.60330578512396,5.590909090909091,1.7727272727272727,0.7333333333333333
843,19.0,10.105263157894736,46.199445983379505,77.26315789473684,148.29916897506925,7.105263157894737,1.1578947368421053,0.9047619047619048
844,13.0,17.615384615384617,152.69822485207104,20.846153846153847,471.6686390532544,6.846153846153846,2.4615384615384617,0.3333333333333333
845,7.0,22.285714285714285,173.6326530612245,33.285714285714285,1330.7755102040817,6.428571428571429,2.0,0.18421052631578946
846,22.0,5.454545454545454,11.975206611570247,22.454545454545453,24.97520661157025,5.545454545454546,7.363636363636363,2.0
847,30.0,20.533333333333335,123.98222222222223,24.8,767.0933333333335,7.566666666666666,2.1333333333333333,0.7317073170731707
848,30.0,20.633333333333333,118.16555555555554,39.666666666666664,1309.622222222222,8.066666666666666,1.6666666666666667,0.7317073170731707
849,15.0,36.53333333333333,753.1822222222221,5.8,7.8933333333333335,5.466666666666667,8.533333333333333,0.16853932584269662
850,5.0,5.6,6.640000000000001,20.6,10.24,6.2,6.4,0.625
851,14.0,10.0,94.0,34.142857142857146,114.26530612244899,4.214285714285714,2.357142857142857,0.4827586206896552
852,19.0,8.736842105263158,38.40443213296399,79.84210526315789,125.50138504155125,6.894736842105263,0.8421052631578947,0.9047619047619048
853,24.0,13.708333333333334,83.70659722222221,32.416666666666664,81.49305555555557,4.791666666666667,1.375,0.7741935483870968
854,14.0,4.5,16.964285714285715,23.571428571428573,20.959183673469386,5.142857142857143,7.785714285714286,1.2727272727272727
855,25.0,17.44,117.20639999999997,39.2,1046.7199999999998,6.92,2.2,0.6097560975609756
856,9.0,19.11111111111111,92.09876543209877,34.44444444444444,904.9135802469135,6.888888888888889,2.0,0.28125
857,7.0,33.857142857142854,334.12244897959187,5.0,8.571428571428571,6.571428571428571,8.428571428571429,0.10606060606060606
858,22.0,10.863636363636363,44.57231404958678,82.0909090909091,118.62809917355372,7.090909090909091,1.0,1.0476190476190477
859,5.0,16.0,33.6,39.4,71.84,7.8,2.0,0.2631578947368421
860,21.0,4.285714285714286,7.63265306122449,23.904761904761905,19.99092970521542,5.333333333333333,6.9523809523809526,2.1
861,11.0,43.90909090909091,1005.1735537190084,22.727272727272727,234.38016528925618,6.090909090909091,5.454545454545454,0.1375
862,7.0,57.0,441.7142857142857,5.857142857142857,12.40816326530612,5.857142857142857,8.857142857142858,0.11290322580645161
863,28.0,16.5,68.03571428571429,32.714285714285715,103.63265306122449,6.035714285714286,2.5357142857142856,1.0
864,26.0,8.076923076923077,26.45562130177515,82.03846153846153,129.65236686390534,6.5,1.0384615384615385,1.3
865,20.0,35.0,473.5,27.65,205.6275,4.6,5.45,0.31746031746031744
866,19.0,20.36842105263158,92.54847645429363,28.31578947368421,1060.2160664819944,7.684210526315789,1.894736842105263,0.5135135135135135
867,14.0,39.214285714285715,655.1683673469388,35.5,203.39285714285714,4.428571428571429,5.0,0.18421052631578946
868,16.0,13.625,78.734375,34.25,83.4375,5.875,1.1875,0.5714285714285714
869,28.0,4.535714285714286,10.32015306122449,22.285714285714285,19.346938775510203,5.464285714285714,7.035714285714286,2.5454545454545454
870,20.0,49.4,611.14,31.8,326.06,5.55,4.6,0.31746031746031744
871,18.0,21.22222222222222,116.06172839506173,22.11111111111111,704.432098765432,7.277777777777778,2.0555555555555554,0.47368421052631576
872,30.0,12.066666666666666,32.32888888888889,79.06666666666666,120.06222222222226,6.4,0.8666666666666667,1.5
873,13.0,36.92307692307692,1002.8402366863903,7.230769230769231,4.792899408284024,6.769230769230769,7.923076923076923,0.13
874,14.0,38.42857142857143,660.1020408163265,5.928571428571429,9.637755102040815,3.7857142857142856,8.357142857142858,0.16091954022988506
875,18.0,17.555555555555557,101.46913580246911,25.72222222222222,916.2006172839506,6.388888888888889,2.0555555555555554,0.5454545454545454
876,19.0,49.63157894736842,858.2326869806095,5.368421052631579,9.495844875346265,4.578947368421052,8.68421052631579,0.19387755102040816
877,6.0,6.5,6.916666666666667,72.16666666666667,75.47222222222223,8.666666666666666,1.0,0.6666666666666666
878,12.0,4.166666666666667,7.638888888888889,22.166666666666668,25.63888888888889,5.666666666666667,8.0,1.3333333333333333
879,12.0,17.916666666666668,73.0763888888889,32.666666666666664,90.22222222222221,6.833333333333333,2.0,0.4444444444444444
880,23.0,51.91304347826087,592.4272211720227,30.869565217391305,175.15689981096412,4.956521739130435,4.782608695652174,0.3150684931506849
881,15.0,23.333333333333332,167.82222222222222,32.53333333333333,965.5822222222222,7.0,1.8666666666666667,0.375
882,8.0,9.125,24.609375,79.375,152.234375,8.25,1.0,0.47058823529411764
883,13.0,15.76923076923077,87.40828402366864,34.0,127.38461538461539,5.3076923076923075,1.3076923076923077,0.4482758620689655
884,20.0,16.1,110.28999999999996,34.05,101.64750000000001,4.6,2.1,0.6896551724137931
885,19.0,22.736842105263158,129.56232686980607,42.10526315789474,1368.5152354570637,6.842105263157895,2.0,0.5135135135135135
886,24.0,24.625,110.31770833333333,32.541666666666664,1197.8315972222224,6.75,1.7916666666666667,0.7058823529411765
887,15.0,49.93333333333333,651.7955555555556,38.333333333333336,231.82222222222222,3.7333333333333334,6.2,0.22727272727272727
888,14.0,5.0,9.142857142857142,23.285714285714285,19.48979591836735,5.571428571428571,6.857142857142857,1.5555555555555556
889,5.0,24.2,824.9599999999998,31.0,133.2,5.8,4.4,0.0684931506849315
890,20.0,16.6,133.04000000000002,40.55,1304.0475000000001,7.0,2.45,0.5128205128205128
891,22.0,16.772727272727273,87.90289256198348,30.318181818181817,102.12603305785125,7.681818181818182,1.9545454545454546,0.7333333333333333
892,30.0,11.066666666666666,33.39555555555555,80.03333333333333,135.16555555555556,7.333333333333333,0.9666666666666667,1.4285714285714286
893,26.0,5.076923076923077,9.37869822485207,21.73076923076923,17.65828402366864,5.423076923076923,7.346153846153846,2.3636363636363638
894,29.0,18.344827586206897,187.2604042806183,38.10344827586207,1219.885850178359,6.655172413793103,1.7241379310344827,0.7073170731707317
895,14.0,19.357142857142858,150.51530612244898,40.142857142857146,1266.8367346938776,6.857142857142857,2.0,0.358974358974359
896,27.0,42.370370370370374,705.5665294924554,4.814814814814815,6.150891632373112,6.851851851851852,8.74074074074074,0.2755102040816326
897,24.0,12.125,35.859375,80.79166666666667,125.49826388888891,7.083333333333333,0.7916666666666666,1.1428571428571428
898,28.0,35.32142857142857,1095.360969387755,35.25,298.75892857142856,5.607142857142857,5.071428571428571,0.3684210526315789
899,29.0,13.448275862068966,52.178359096313905,32.86206896551724,89.63614744351965,5.896551724137931,2.0689655172413794,1.0740740740740742
900,11.0,16.636363636363637,181.8677685950413,46.36363636363637,1130.7768595041323,6.181818181818182,2.0,0.2894736842105263
901,18.0,5.388888888888889,12.79320987654321,22.77777777777778,19.283950617283953,5.388888888888889,7.222222222222222,1.6363636363636365
902,17.0,49.411764705882355,995.4186851211072,39.1764705882353,270.2629757785467,4.647058823529412,4.529411764705882,0.20481927710843373
903,5.0,44.4,544.2400000000001,5.6,5.4399999999999995,6.6,8.4,0.07246376811594203
904,19.0,12.68421052631579,45.26869806094182,82.0,143.78947368421052,5.894736842105263,1.2105263157894737,0.95
905,14.0,54.42857142857143,467.81632653061223,28.071428571428573,264.4948979591837,6.571428571428571,5.0,0.23333333333333334
906,11.0,46.09090909090909,321.7190082644628,30.272727272727273,444.0165289256199,4.545454545454546,5.545454545454546,0.19642857142857142
907,12.0,10.083333333333334,29.07638888888889,76.0,149.0,7.25,0.8333333333333334,0.6666666666666666
908,13.0,64.3076923076923,526.3668639053254,5.769230769230769,5.254437869822485,4.230769230769231,8.538461538461538,0.19402985074626866
909,14.0,42.642857142857146,980.9438775510204,4.214285714285714,4.596938775510204,7.142857142857143,8.857142857142858,0.16091954022988506
910,15.0,40.86666666666667,949.9822222222222,37.266666666666666,286.9955555555555,6.133333333333334,5.133333333333334,0.20270270270270271
911,20.0,11.05,42.3475,77.55,131.34750000000003,6.45,1.1,0.9523809523809523
912,8.0,53.75,1094.6875,3.625,3.734375,5.375,9.0,0.09195402298850575
913,26.0,13.653846153846153,75.76479289940828,30.576923076923077,102.09023668639053,6.423076923076923,1.7692307692307692,0.9285714285714286
914,24.0,8.375,35.317708333333336,80.54166666666667,169.16493055555557,7.5,0.9583333333333334,1.1428571428571428
915,7.0,19.428571428571427,90.24489795918366,30.714285714285715,107.34693877551022,2.4285714285714284,1.5714285714285714,0.2413793103448276
916,18.0,38.833333333333336,405.4722222222222,29.944444444444443,203.27469135802468,5.388888888888889,6.333333333333333,0.3157894736842105
917,5.0,5.4,13.440000000000001,20.2,31.359999999999996,6.2,7.8,0.5555555555555556
918,12.0,15.25,112.02083333333333,42.583333333333336,1263.076388888889,7.916666666666667,1.5,0.32432432432432434
919,15.0,33.733333333333334,645.5288888888889,34.2,309.7600000000001,6.4,4.933333333333334,0.23076923076923078
920,22.0,39.22727272727273,521.448347107438,29.727272727272727,286.19834710743805,5.363636363636363,5.318181818181818,0.36065573770491804
921,30.0,29.033333333333335,636.0322222222222,30.266666666666666,249.32888888888883,4.266666666666667,5.433333333333334,0.4411764705882353
922,22.0,5.136363636363637,6.845041322314049,21.227272727272727,9.175619834710742,5.636363636363637,7.363636363636363,2.2
923,18.0,5.0,8.222222222222221,21.666666666666668,22.444444444444443,5.166666666666667,7.722222222222222,1.8
924,24.0,30.708333333333332,660.2065972222223,30.208333333333332,283.83159722222223,4.916666666666667,5.291666666666667,0.32432432432432434
925,10.0,50.6,910.2399999999998,7.1,1.69,5.0,8.1,0.11363636363636363
926,7.0,38.285714285714285,499.9183673469388,42.142857142857146,236.6938775510204,4.285714285714286,5.0,0.1
927,6.0,17.0,141.33333333333334,24.0,691.3333333333334,7.166666666666667,1.5,0.17647058823529413
928,15.0,42.333333333333336,957.8222222222224,5.066666666666666,8.995555555555557,6.2,8.066666666666666,0.15306122448979592
929,15.0,13.8,88.56,31.2,159.6266666666667,7.4,1.9333333333333333,0.5172413793103449
930,26.0,12.038461538461538,35.883136094674555,83.3076923076923,86.5207100591716,6.615384615384615,1.0384615384615385,1.3
931,28.0,4.178571428571429,9.503826530612244,22.785714285714285,22.52551020408163,5.714285714285714,7.464285714285714,2.5454545454545454
932,20.0,8.2,31.359999999999996,83.4,149.54000000000002,6.95,1.05,0.9523809523809523
933,24.0,42.125,590.2760416666666,29.458333333333332,242.74826388888889,5.583333333333333,4.75,0.3870967741935484
934,12.0,11.0,38.166666666666664,82.5,86.41666666666667,6.75,1.0,0.6
935,17.0,45.0,307.29411764705884,33.0,261.88235294117646,5.176470588235294,4.823529411764706,0.32075471698113206
936,14.0,10.214285714285714,40.16836734693878,79.78571428571429,106.45408163265306,7.214285714285714,1.1428571428571428,0.7
937,13.0,19.076923076923077,109.91715976331359,30.615384615384617,1453.621301775148,6.153846153846154,2.3076923076923075,0.3611111111111111
938,6.0,7.666666666666667,38.55555555555555,35.5,45.583333333333336,4.333333333333333,1.8333333333333333,0.3
939,15.0,44.0,899.4666666666667,5.066666666666666,5.1288888888888895,5.6,8.533333333333333,0.15
940,17.0,41.294117647058826,536.3252595155709,33.0,337.4117647058824,6.117647058823529,4.9411764705882355,0.26153846153846155
941,19.0,15.947368421052632,75.62880886426593,33.89473684210526,71.14681440443215,5.7894736842105265,2.1052631578947367,0.6129032258064516
942,16.0,35.375,507.359375,35.625,169.609375,4.5625,5.375,0.23880597014925373
943,8.0,20.125,92.609375,42.875,1169.359375,8.25,2.875,0.32
944,8.0,22.75,117.4375,12.375,169.734375,7.875,1.625,0.26666666666666666
945,20.0,25.6,142.54000000000002,48.55,1574.5475,7.15,2.05,0.5555555555555556
946,11.0,9.909090909090908,42.8099173553719,84.18181818181819,119.23966942148759,7.363636363636363,1.0909090909090908,0.5789473684210527
947,18.0,12.833333333333334,91.47222222222221,32.0,153.55555555555554,5.944444444444445,1.8333333333333333,0.5806451612903226
948,22.0,10.227272727272727,44.357438016528924,80.72727272727273,138.47107438016525,6.7272727272727275,1.0,1.0476190476190477
949,5.0,39.6,467.44000000000005,43.0,232.4,5.2,6.0,0.07462686567164178
950,12.0,49.666666666666664,600.0555555555555,5.833333333333333,4.638888888888889,7.166666666666667,8.666666666666666,0.13953488372093023
951,25.0,33.04,433.55839999999995,23.56,197.1264,6.68,6.0,0.43859649122807015
952,21.0,42.523809523809526,717.5827664399093,5.857142857142857,8.408163265306122,6.0476190476190474,8.571428571428571,0.25609756097560976
953,8.0,54.625,790.734375,5.25,10.6875,6.5,8.0,0.09195402298850575
954,19.0,22.94736842105263,116.47091412742381,38.78947368421053,1085.218836565097,7.894736842105263,2.0526315789473686,0.5135135135135135
955,15.0,4.333333333333333,5.688888888888888,20.8,14.693333333333333,5.8,7.0,1.5
956,8.0,23.875,146.109375,32.625,1171.234375,7.375,2.375,0.2222222222222222
957,7.0,17.857142857142858,52.40816326530613,37.285714285714285,70.77551020408164,7.142857142857143,1.0,0.35
958,14.0,41.0,375.14285714285717,36.57142857142857,276.38775510204084,5.214285714285714,4.714285714285714,0.2641509433962264
959,6.0,18.833333333333332,99.1388888888889,37.833333333333336,60.80555555555555,6.5,1.6666666666666667,0.21428571428571427
960,28.0,22.964285714285715,111.5344387755102,34.285714285714285,1054.4897959183675,7.214285714285714,1.75,0.7567567567567568
961,7.0,10.142857142857142,36.40816326530612,80.0,192.28571428571428,8.285714285714286,1.4285714285714286,0.4375
962,13.0,14.23076923076923,49.25443786982249,33.23076923076923,52.792899408284015,5.923076923076923,2.230769230769231,0.65
963,23.0,42.78260869565217,686.2570888468808,5.739130434782608,8.19281663516068,5.521739130434782,8.347826086956522,0.25274725274725274
964,13.0,7.230769230769231,50.02366863905326,79.76923076923077,205.5621301775148,7.461538461538462,0.8461538461538461,0.6190476190476191
965,18.0,16.055555555555557,68.71913580246911,33.388888888888886,133.34876543209876,5.777777777777778,1.2222222222222223,0.6
966,27.0,9.296296296296296,29.986282578875173,80.44444444444444,107.13580246913578,6.777777777777778,0.7777777777777778,1.2857142857142858
967,12.0,41.916666666666664,462.7430555555555,29.75,280.0208333333333,4.666666666666667,4.916666666666667,0.2033898305084746
968,26.0,13.576923076923077,65.24408284023669,30.73076923076923,93.4275147928994,4.615384615384615,2.3076923076923075,0.896551724137931
969,11.0,16.363636363636363,122.77685950413225,35.09090909090909,1277.5371900826447,7.181818181818182,2.6363636363636362,0.2682926829268293
970,28.0,41.82142857142857,302.86096938775506,32.75,379.33035714285717,5.178571428571429,5.178571428571429,0.5833333333333334
971,23.0,4.913043478260869,11.383742911153119,23.08695652173913,18.601134215500945,5.913043478260869,7.478260869565218,2.090909090909091
972,15.0,27.066666666666666,881.1288888888887,30.466666666666665,224.38222222222217,5.466666666666667,5.333333333333333,0.2
973,14.0,10.428571428571429,34.6734693877551,76.71428571428571,83.0612244897959,6.285714285714286,0.6428571428571429,0.7368421052631579
974,15.0,48.2,853.7599999999999,5.2,7.493333333333334,6.4,8.666666666666666,0.16666666666666666
975,16.0,58.3125,1456.83984375,5.6875,11.46484375,6.1875,8.5625,0.16326530612244897
976,30.0,43.06666666666667,390.728888888889,31.466666666666665,262.5155555555556,5.7,5.066666666666666,0.5
977,22.0,4.7272727272727275,7.925619834710744,22.454545454545453,25.15702479338843,5.409090909090909,7.954545454545454,2.2
978,16.0,10.875,35.734375,76.125,98.484375,7.5,0.625,0.7619047619047619
979,18.0,45.27777777777778,682.0895061728394,6.277777777777778,8.978395061728396,4.5,8.5,0.2222222222222222
980,30.0,40.8,538.4933333333333,30.833333333333332,224.2055555555555,5.466666666666667,4.633333333333334,0.4918032786885246
981,18.0,58.888888888888886,673.4320987654322,6.388888888888889,8.904320987654323,4.722222222222222,8.38888888888889,0.20930232558139536
982,27.0,10.037037037037036,37.59122085048012,76.77777777777777,164.9135802469136,6.518518518518518,1.0,1.35
983,26.0,4.730769230769231,10.427514792899407,22.923076923076923,23.686390532544376,5.538461538461538,7.961538461538462,2.3636363636363638
984,9.0,42.0,784.6666666666666,5.888888888888889,7.4320987654321,4.666666666666667,8.777777777777779,0.09278350515463918
985,24.0,15.666666666666666,87.05555555555554,27.791666666666668,77.24826388888889,4.916666666666667,2.0,0.8
986,27.0,4.37037037037037,8.825788751714676,21.296296296296298,15.838134430727022,5.518518518518518,7.814814814814815,2.7
987,30.0,9.4,44.77333333333332,84.43333333333334,102.31222222222219,7.533333333333333,1.0,1.4285714285714286
988,13.0,4.461538461538462,9.01775147928994,21.384615384615383,14.236686390532544,5.0,7.0,1.3
989,23.0,24.391304347826086,125.45557655954633,20.0,696.695652173913,6.434782608695652,2.0434782608695654,0.5609756097560976
990,22.0,5.409090909090909,10.605371900826448,22.545454545454547,12.702479338842975,5.545454545454546,7.2272727272727275,2.2
991,26.0,56.69230769230769,807.905325443787,5.923076923076923,7.6863905325443795,5.269230769230769,8.923076923076923,0.2765957446808511
992,12.0,41.25,660.0208333333334,5.75,7.520833333333333,6.166666666666667,8.5,0.14457831325301204
993,9.0,9.777777777777779,35.95061728395061,82.88888888888889,101.4320987654321,7.555555555555555,0.5555555555555556,0.47368421052631576
994,22.0,21.09090909090909,117.8099173553719,29.272727272727273,954.289256198347,7.318181818181818,1.2272727272727273,0.5365853658536586
995,28.0,5.285714285714286,10.418367346938771,21.642857142857142,23.22959183673469,5.321428571428571,7.464285714285714,2.5454545454545454
996,24.0,11.25,29.354166666666668,81.375,124.65104166666667,7.291666666666667,0.9166666666666666,1.2
997,13.0,42.69230769230769,676.2130177514792,33.38461538461539,241.62130177514797,5.0,5.846153846153846,0.20967741935483872
998,17.0,12.294117647058824,34.678200692041514,77.70588235294117,104.79584775086504,6.411764705882353,0.8235294117647058,0.8095238095238095
999,24.0,9.166666666666666,28.472222222222218,78.83333333333333,127.8888888888889,7.583333333333333,1.0416666666666667,1.3333333333333333
1000,8.0,15.375,178.734375,30.25,1172.6875,8.0,2.125,0.22857142857142856
1001,28.0,11.571428571428571,20.030612244897956,79.92857142857143,145.9948979591837,7.5,0.7857142857142857,1.6470588235294117
1002,12.0,11.416666666666666,41.409722222222214,72.91666666666667,116.40972222222221,6.833333333333333,1.3333333333333333,0.6
1003,18.0,9.944444444444445,24.94135802469136,83.94444444444444,166.1635802469136,6.888888888888889,0.8888888888888888,0.9473684210526315
1004,30.0,10.5,34.516666666666666,80.63333333333334,132.4988888888889,7.366666666666666,0.9,1.4285714285714286
1005,19.0,7.7894736842105265,27.113573407202214,78.52631578947368,139.93351800554015,7.473684210526316,1.105263157894737,1.1176470588235294
1006,9.0,11.0,8.444444444444445,83.77777777777777,123.28395061728394,8.0,1.4444444444444444,0.8181818181818182
1007,17.0,8.764705882352942,35.944636678200695,78.47058823529412,134.83737024221452,6.705882352941177,1.0588235294117647,0.8095238095238095
1008,11.0,13.272727272727273,21.289256198347104,81.36363636363636,182.59504132231402,6.181818181818182,0.8181818181818182,0.7857142857142857
1009,27.0,12.148148148148149,27.607681755829898,79.5925925925926,167.13031550068587,6.333333333333333,1.0740740740740742,1.35
1010,9.0,9.777777777777779,29.283950617283942,83.77777777777777,115.7283950617284,7.222222222222222,1.2222222222222223,0.6
1011,8.0,8.875,19.859375,72.0,143.5,6.125,0.625,0.5
1012,28.0,10.571428571428571,38.744897959183675,77.17857142857143,113.36096938775509,7.357142857142857,0.9642857142857143,1.4736842105263157
1013,6.0,13.333333333333334,36.55555555555556,83.33333333333333,118.22222222222221,6.333333333333333,0.5,0.42857142857142855
1014,19.0,10.052631578947368,41.73407202216066,80.78947368421052,142.797783933518,7.631578947368421,1.1578947368421053,0.9047619047619048
1015,27.0,9.333333333333334,34.07407407407408,81.18518518518519,148.7434842249657,7.037037037037037,0.9629629629629629,1.4210526315789473
1016,14.0,9.285714285714286,25.918367346938776,79.0,77.85714285714286,6.357142857142857,1.1428571428571428,0.7368421052631579
1017,14.0,11.642857142857142,43.65816326530613,79.92857142857143,139.06632653061226,8.428571428571429,0.8571428571428571,0.6666666666666666
1018,8.0,9.125,24.859375,77.625,189.234375,7.375,1.0,0.47058823529411764
1019,30.0,11.1,36.28999999999999,80.5,202.05,7.366666666666666,1.3666666666666667,1.5789473684210527
1020,9.0,12.222222222222221,43.95061728395062,83.55555555555556,133.58024691358025,6.333333333333333,0.8888888888888888,0.42857142857142855
1021,12.0,10.583333333333334,36.076388888888886,78.25,79.52083333333333,7.333333333333333,1.1666666666666667,0.5714285714285714
1022,16.0,11.3125,37.71484375,81.9375,180.30859375,7.3125,0.5625,0.7619047619047619
1023,9.0,13.222222222222221,32.39506172839506,76.11111111111111,54.76543209876544,8.11111111111111,1.1111111111111112,0.5294117647058824
1024,13.0,9.76923076923077,43.562130177514796,82.0,88.92307692307692,7.384615384615385,0.7692307692307693,0.6190476190476191
1025,8.0,8.5,22.5,82.75,183.1875,6.25,1.125,0.5
1026,22.0,10.045454545454545,31.86157024793389,83.04545454545455,103.86157024793387,7.181818181818182,1.0,1.1578947368421053
1027,6.0,9.666666666666666,41.88888888888889,89.5,113.25,7.5,1.8333333333333333,0.35294117647058826
1028,19.0,11.894736842105264,37.14681440443213,80.57894736842105,89.61218836565095,7.631578947368421,1.263157894736842,0.9047619047619048
1029,17.0,9.294117647058824,30.325259515570934,83.58823529411765,169.41868512110727,7.0588235294117645,0.5882352941176471,0.85
1030,14.0,8.642857142857142,52.372448979591844,79.5,154.67857142857142,7.714285714285714,1.0,0.6666666666666666
1031,25.0,10.08,43.9136,82.08,136.07359999999997,7.0,0.56,1.1904761904761905
1032,22.0,11.090909090909092,36.53719008264463,75.27272727272727,137.4710743801653,7.363636363636363,0.9545454545454546,1.0476190476190477
1033,5.0,8.0,38.0,90.2,126.16000000000001,6.2,1.8,0.3333333333333333
1034,6.0,11.833333333333334,43.13888888888889,76.83333333333333,140.80555555555557,8.0,1.0,0.2857142857142857
1035,8.0,10.5,32.75,82.5,170.75,5.875,1.75,0.4444444444444444
1036,13.0,10.384615384615385,34.85207100591716,82.46153846153847,157.7869822485207,6.076923076923077,0.6153846153846154,0.7222222222222222
1037,13.0,7.923076923076923,35.6094674556213,81.46153846153847,89.47928994082841,7.153846153846154,1.0,0.6842105263157895
1038,24.0,8.458333333333334,36.74826388888889,80.83333333333333,171.05555555555554,8.166666666666666,0.8333333333333334,1.1428571428571428
1039,30.0,9.233333333333333,32.37888888888889,78.3,142.8766666666667,6.466666666666667,0.9333333333333333,1.4285714285714286
1040,22.0,10.136363636363637,41.57231404958677,76.9090909090909,81.26446280991736,7.0,0.8181818181818182,1.1
1041,21.0,10.952380952380953,39.09297052154196,81.19047619047619,143.01133786848072,6.761904761904762,1.0,1.05
1042,10.0,8.5,26.25,87.2,132.36,7.0,0.9,0.625
1043,28.0,9.75,29.044642857142858,79.21428571428571,165.95408163265307,6.714285714285714,0.9642857142857143,1.3333333333333333
1044,17.0,8.352941176470589,37.05190311418686,79.52941176470588,103.07266435986156,7.176470588235294,1.1764705882352942,0.85
1045,15.0,9.4,37.573333333333345,77.0,76.26666666666667,6.733333333333333,0.7333333333333333,0.8333333333333334
1046,22.0,9.954545454545455,35.13429752066116,84.68181818181819,122.12603305785123,7.318181818181818,0.9090909090909091,1.0476190476190477
1047,8.0,10.5,34.5,85.125,75.609375,8.5,1.375,0.4444444444444444
1048,13.0,9.615384615384615,41.62130177514793,81.0,116.61538461538461,7.0,1.0,0.6190476190476191
1049,12.0,12.25,25.520833333333332,72.91666666666667,108.0763888888889,7.166666666666667,1.0,0.75
1050,16.0,9.0,30.25,85.0,124.625,6.9375,1.0,0.8888888888888888
1051,7.0,10.857142857142858,11.26530612244898,89.71428571428571,103.34693877551021,6.0,1.1428571428571428,0.5833333333333334
1052,13.0,10.23076923076923,40.02366863905326,80.23076923076923,72.1775147928994,5.923076923076923,1.0,0.65
1053,13.0,9.615384615384615,37.15976331360947,75.61538461538461,133.92899408284023,7.230769230769231,0.7692307692307693,0.65
1054,29.0,10.758620689655173,35.70035671819264,82.48275862068965,103.00832342449468,7.0344827586206895,0.9655172413793104,1.380952380952381
1055,14.0,11.214285714285714,26.596938775510203,82.92857142857143,81.78061224489797,7.357142857142857,1.4285714285714286,0.6666666666666666
1056,22.0,10.136363636363637,32.11776859504132,82.18181818181819,133.42148760330576,7.136363636363637,1.4090909090909092,1.1
1057,18.0,9.277777777777779,35.75617283950616,80.38888888888889,161.12654320987653,7.444444444444445,1.4444444444444444,0.9473684210526315
1058,20.0,9.65,39.92750000000001,80.65,128.22750000000002,6.7,1.05,0.9523809523809523
1059,22.0,9.636363636363637,44.049586776859506,79.18181818181819,115.51239669421489,7.2272727272727275,0.8636363636363636,1.0476190476190477
1060,26.0,10.692307692307692,45.44378698224852,80.5,153.48076923076923,6.961538461538462,0.8846153846153846,1.2380952380952381
1061,8.0,10.125,37.859375,81.125,118.609375,6.875,0.875,0.4
1062,8.0,7.625,12.984375,80.0,96.75,7.75,0.875,0.7272727272727273
1063,14.0,7.285714285714286,26.77551020408163,81.71428571428571,176.9183673469388,6.642857142857143,1.0,0.8235294117647058
1064,17.0,9.588235294117647,40.12456747404843,77.76470588235294,147.70934256055364,6.823529411764706,1.2941176470588236,0.85
1065,16.0,10.625,32.609375,81.8125,133.65234375,6.9375,0.75,0.8421052631578947
1066,8.0,11.25,49.9375,80.375,150.734375,6.25,1.75,0.4444444444444444
1067,24.0,9.375,37.567708333333336,80.20833333333333,124.08159722222221,7.375,0.8333333333333334,1.2
1068,24.0,11.291666666666666,40.039930555555564,79.5,149.33333333333334,7.833333333333333,1.125,1.1428571428571428
1069,26.0,9.692307692307692,25.136094674556208,79.03846153846153,153.03698224852067,7.576923076923077,0.6923076923076923,1.4444444444444444
1070,28.0,8.678571428571429,37.07525510204082,76.17857142857143,105.43239795918365,6.285714285714286,0.8214285714285714,1.4
1071,23.0,10.782608695652174,30.604914933837424,78.26086956521739,119.49716446124764,6.913043478260869,0.8260869565217391,1.15
1072,28.0,11.107142857142858,31.024234693877542,82.03571428571429,116.17729591836735,6.714285714285714,1.0,1.4736842105263157
1073,23.0,9.08695652173913,30.68809073724008,82.91304347826087,110.86200378071828,7.391304347826087,0.8695652173913043,1.0952380952380953
1074,5.0,14.0,34.0,83.6,139.04000000000002,6.6,0.6,0.2777777777777778
1075,15.0,9.4,43.70666666666667,80.6,44.106666666666655,7.133333333333334,1.1333333333333333,0.75
1076,26.0,9.307692307692308,30.982248520710055,78.96153846153847,165.88313609467454,6.846153846153846,1.1538461538461537,1.3
1077,12.0,11.25,28.1875,84.41666666666667,114.5763888888889,7.333333333333333,1.0833333333333333,0.6666666666666666
1078,13.0,10.23076923076923,39.562130177514796,84.23076923076923,108.02366863905326,7.3076923076923075,1.0,0.65
1079,12.0,9.5,28.25,76.91666666666667,171.24305555555554,5.916666666666667,1.1666666666666667,0.6
1080,23.0,9.695652173913043,35.68998109640832,82.43478260869566,98.33270321361059,7.3478260869565215,1.0434782608695652,1.0952380952380953
1081,24.0,9.833333333333334,44.888888888888886,84.75,70.4375,6.375,0.875,1.2
1082,26.0,9.76923076923077,38.63905325443787,78.84615384615384,207.8994082840237,6.730769230769231,1.1153846153846154,1.368421052631579
1083,10.0,13.1,34.49,83.7,118.60999999999999,8.1,1.1,0.5555555555555556
1084,10.0,8.0,36.4,81.0,120.4,7.2,0.6,0.5555555555555556
1085,6.0,7.0,33.333333333333336,80.16666666666667,228.47222222222226,8.0,1.1666666666666667,0.35294117647058826
1086,7.0,11.285714285714286,18.489795918367346,85.85714285714286,168.97959183673467,6.714285714285714,1.0,0.5
1087,18.0,9.222222222222221,40.7283950617284,85.11111111111111,107.98765432098766,7.222222222222222,1.2777777777777777,0.9
1088,18.0,8.38888888888889,36.34876543209877,84.88888888888889,81.65432098765432,7.611111111111111,0.9444444444444444,0.8571428571428571
1089,29.0,9.89655172413793,37.74791914387634,79.65517241379311,160.0190249702735,7.0344827586206895,1.2758620689655173,1.380952380952381
1090,14.0,10.857142857142858,41.40816326530612,81.35714285714286,128.37244897959184,6.071428571428571,0.7142857142857143,0.6666666666666666
1091,8.0,11.375,41.984375,80.75,75.9375,7.0,0.75,0.42105263157894735
1092,19.0,9.68421052631579,31.68975069252078,82.26315789473684,106.29916897506925,7.368421052631579,1.0,0.95
1093,6.0,7.666666666666667,30.888888888888886,84.33333333333333,156.88888888888889,7.166666666666667,1.6666666666666667,0.375
1094,10.0,10.4,33.83999999999999,81.7,116.00999999999999,7.3,1.0,0.5263157894736842
1095,9.0,8.333333333333334,21.77777777777778,84.77777777777777,183.9506172839506,6.555555555555555,0.8888888888888888,0.6428571428571429
1096,30.0,8.166666666666666,38.33888888888889,80.83333333333333,157.33888888888887,6.933333333333334,0.7666666666666667,1.5
1097,20.0,9.8,36.56,79.9,134.69000000000003,7.35,1.15,1.0
1098,29.0,9.10344827586207,34.98929845422116,79.03448275862068,153.06777645659926,7.413793103448276,1.206896551724138,1.5263157894736843
1099,13.0,10.076923076923077,45.76331360946745,78.76923076923077,91.86982248520712,8.384615384615385,0.8461538461538461,0.6842105263157895
1100,25.0,9.4,22.8,80.16,121.65440000000002,7.44,1.16,1.3157894736842106
1101,6.0,9.333333333333334,32.88888888888889,84.83333333333333,157.13888888888889,5.333333333333333,1.0,0.35294117647058826
1102,13.0,7.461538461538462,28.710059171597628,71.84615384615384,96.89940828402368,5.923076923076923,1.0769230769230769,0.7647058823529411
1103,5.0,10.4,36.239999999999995,80.2,117.35999999999999,6.0,0.8,0.2631578947368421
1104,16.0,9.9375,25.55859375,82.625,115.859375,6.875,0.875,0.8888888888888888
1105,12.0,12.25,47.520833333333336,72.66666666666667,79.38888888888887,6.083333333333333,1.25,0.6
1106,26.0,10.192307692307692,36.0784023668639,81.84615384615384,192.1301775147929,7.230769230769231,0.9615384615384616,1.2380952380952381
1107,21.0,8.571428571428571,23.38775510204082,84.28571428571429,157.3469387755102,6.666666666666667,1.0952380952380953,1.1666666666666667
1108,12.0,11.833333333333334,30.972222222222218,81.33333333333333,177.05555555555554,6.0,0.75,0.7058823529411765
1109,11.0,10.909090909090908,35.17355371900827,82.81818181818181,132.33057851239667,6.818181818181818,1.0,0.55
1110,20.0,9.7,39.010000000000005,78.9,117.08999999999999,6.55,1.0,1.0
1111,30.0,10.466666666666667,47.11555555555557,78.26666666666667,115.46222222222221,7.2,0.7333333333333333,1.4285714285714286
1112,21.0,11.238095238095237,37.60997732426305,82.95238095238095,125.85487528344672,6.666666666666667,1.2380952380952381,1.105263157894737
1113,13.0,9.538461538461538,56.40236686390532,81.92307692307692,168.07100591715974,7.3076923076923075,1.3076923076923077,0.6190476190476191
1114,6.0,11.333333333333334,41.88888888888889,74.16666666666667,129.13888888888889,5.5,0.5,0.35294117647058826
1115,18.0,8.38888888888889,45.12654320987654,81.72222222222223,126.31172839506169,7.055555555555555,1.3333333333333333,0.8571428571428571
1116,15.0,9.933333333333334,29.92888888888889,82.06666666666666,89.39555555555555,6.6,1.2666666666666666,0.75
1117,14.0,10.785714285714286,40.16836734693879,76.92857142857143,140.6377551020408,7.0,0.9285714285714286,0.7368421052631579
1118,21.0,13.714285714285714,36.48979591836735,76.66666666666667,92.31746031746033,6.666666666666667,0.7142857142857143,1.0
1119,22.0,9.590909090909092,40.969008264462815,77.0909090909091,124.7190082644628,6.7727272727272725,1.1363636363636365,1.1
1120,18.0,12.722222222222221,23.645061728395053,86.22222222222223,132.06172839506172,7.055555555555555,0.8333333333333334,1.0
1121,5.0,7.0,51.6,74.2,181.35999999999999,5.6,0.6,0.2631578947368421
1122,25.0,8.24,32.50240000000001,80.8,113.76,6.96,0.88,1.3157894736842106
1123,16.0,9.9375,34.18359375,83.125,162.609375,5.875,1.0,0.8
1124,20.0,10.05,30.947500000000012,78.7,119.20999999999997,7.0,1.25,0.9523809523809523
1125,10.0,8.1,43.69000000000001,76.9,167.89000000000004,7.8,1.1,0.47619047619047616
1126,12.0,12.583333333333334,25.076388888888886,78.91666666666667,88.24305555555556,8.166666666666666,0.5,0.7058823529411765
1127,27.0,11.333333333333334,37.629629629629626,79.85185185185185,168.71879286694107,6.888888888888889,0.9629629629629629,1.35
1128,14.0,12.785714285714286,34.025510204081634,80.07142857142857,178.06632653061223,6.285714285714286,1.0714285714285714,0.6666666666666666
1129,11.0,10.363636363636363,38.049586776859506,78.72727272727273,157.1074380165289,6.818181818181818,1.0,0.5789473684210527
1130,26.0,9.0,33.61538461538461,77.1923076923077,155.77071005917162,6.769230769230769,1.0769230769230769,1.2380952380952381
1131,22.0,10.136363636363637,39.84504132231405,83.68181818181819,124.48966942148762,7.318181818181818,1.1818181818181819,1.1578947368421053
1132,13.0,12.23076923076923,34.485207100591715,83.53846153846153,159.32544378698225,7.461538461538462,0.9230769230769231,0.65
1133,15.0,9.8,28.826666666666668,77.06666666666666,116.72888888888889,5.8,0.8666666666666667,0.9375
1134,23.0,8.608695652173912,36.49905482041587,78.47826086956522,141.37996219281663,7.478260869565218,1.0434782608695652,1.15
1135,29.0,9.931034482758621,24.27110582639715,79.89655172413794,155.67895362663495,7.551724137931035,0.9655172413793104,1.380952380952381
1136,10.0,7.6,24.24,81.4,74.64000000000001,5.7,1.2,0.625
1137,29.0,10.068965517241379,25.92627824019025,78.89655172413794,154.02378121284187,7.103448275862069,0.9310344827586207,1.45
1138,30.0,9.233333333333333,37.912222222222226,80.7,114.61,6.666666666666667,1.1,1.4285714285714286
1139,18.0,10.88888888888889,41.654320987654316,78.22222222222223,142.7283950617284,7.777777777777778,1.1666666666666667,0.9
1140,15.0,10.733333333333333,32.995555555555555,79.73333333333333,140.86222222222221,8.133333333333333,0.8,0.75
1141,21.0,12.142857142857142,32.02721088435375,79.04761904761905,120.23582766439912,6.714285714285714,1.1428571428571428,1.105263157894737
1142,22.0,12.090909090909092,28.08264462809918,79.5909090909091,126.5144628099173,7.318181818181818,0.9090909090909091,1.2222222222222223
1143,13.0,9.923076923076923,27.917159763313613,75.6923076923077,125.90532544378698,6.6923076923076925,0.9230769230769231,0.7647058823529411
1144,7.0,9.142857142857142,22.979591836734695,76.57142857142857,142.53061224489798,6.714285714285714,1.0,0.4117647058823529
1145,17.0,10.823529411764707,28.498269896193772,79.47058823529412,212.36678200692043,6.823529411764706,0.9411764705882353,0.8947368421052632
1146,13.0,9.307692307692308,18.674556213017755,77.38461538461539,103.92899408284023,6.384615384615385,0.9230769230769231,0.7647058823529411
1147,21.0,10.095238095238095,42.94331065759638,79.52380952380952,155.01133786848072,6.619047619047619,0.9047619047619048,1.0
1148,24.0,8.916666666666666,43.40972222222223,77.79166666666667,146.08159722222223,7.25,1.2083333333333333,1.1428571428571428
1149,14.0,12.428571428571429,32.816326530612244,85.07142857142857,78.2091836734694,7.357142857142857,1.1428571428571428,0.7368421052631579
1150,19.0,10.631578947368421,31.07479224376731,76.73684210526316,137.35180055401665,6.7894736842105265,0.9473684210526315,0.9047619047619048
1151,15.0,9.466666666666667,28.782222222222224,81.26666666666667,118.32888888888888,7.466666666666667,1.5333333333333334,0.7894736842105263
1152,17.0,10.647058823529411,29.52249134948097,77.70588235294117,152.6782006920415,6.882352941176471,1.1176470588235294,0.8947368421052632
1153,10.0,11.4,37.839999999999996,76.1,169.09000000000003,7.1,0.8,0.5263157894736842
1154,11.0,8.090909090909092,27.173553719008268,78.63636363636364,94.23140495867769,6.181818181818182,1.2727272727272727,0.6470588235294118
1155,29.0,9.586206896551724,33.6218787158145,79.34482758620689,123.2604042806183,7.0,0.5172413793103449,1.45
1156,13.0,9.846153846153847,48.28402366863906,78.38461538461539,66.85207100591717,6.461538461538462,0.7692307692307693,0.65
1157,15.0,11.466666666666667,31.715555555555557,80.73333333333333,86.99555555555555,7.2,1.2666666666666666,0.7142857142857143
1158,6.0,7.833333333333333,41.80555555555556,73.33333333333333,80.8888888888889,6.5,1.0,0.3333333333333333
1159,22.0,9.772727272727273,29.539256198347104,81.0,141.8181818181818,6.454545454545454,1.1363636363636365,1.1
1160,23.0,9.782608695652174,37.822306238185256,79.08695652173913,222.60113421550096,7.217391304347826,1.173913043478261,1.0952380952380953
1161,27.0,8.703703703703704,41.98628257887517,78.37037037037037,150.60356652949244,6.407407407407407,0.9629629629629629,1.2857142857142858
1162,5.0,11.8,19.76,88.4,78.64000000000001,6.8,1.2,0.35714285714285715
1163,23.0,8.0,27.82608695652174,83.82608695652173,154.31758034026467,7.173913043478261,1.0869565217391304,1.0952380952380953
1164,14.0,12.357142857142858,21.801020408163264,81.71428571428571,105.34693877551021,7.428571428571429,0.5714285714285714,0.8235294117647058
1165,12.0,8.666666666666666,27.722222222222225,81.58333333333333,120.40972222222221,7.25,0.6666666666666666,0.631578947368421
1166,8.0,9.875,52.359375,76.375,184.234375,7.75,1.125,0.38095238095238093
1167,8.0,12.75,57.4375,77.625,200.234375,6.75,1.0,0.38095238095238093
1168,15.0,9.2,47.22666666666667,79.46666666666667,153.04888888888888,6.266666666666667,0.8,0.7142857142857143
1169,11.0,11.363636363636363,34.776859504132226,82.45454545454545,70.97520661157024,7.636363636363637,0.45454545454545453,0.5789473684210527
1170,9.0,11.222222222222221,33.28395061728395,81.55555555555556,160.69135802469134,6.888888888888889,0.8888888888888888,0.5294117647058824
1171,19.0,9.157894736842104,36.65927977839335,81.6842105263158,108.32132963988921,7.2105263157894735,0.9473684210526315,1.0
1172,25.0,12.0,32.16,78.24,126.66240000000003,6.96,1.0,1.25
1173,6.0,6.166666666666667,34.13888888888888,82.33333333333333,182.88888888888889,6.666666666666667,1.1666666666666667,0.3333333333333333
1174,17.0,12.235294117647058,38.062283737024224,74.82352941176471,81.91003460207608,6.411764705882353,0.8823529411764706,0.8095238095238095
1175,29.0,11.241379310344827,46.39001189060642,78.41379310344827,144.93222354340074,6.448275862068965,0.9655172413793104,1.380952380952381
1176,15.0,10.866666666666667,29.84888888888889,80.86666666666666,129.71555555555554,6.466666666666667,1.2666666666666666,0.8823529411764706
1177,23.0,10.652173913043478,35.531190926276,75.82608695652173,111.10018903591681,6.782608695652174,1.0869565217391304,1.0952380952380953
1178,17.0,8.764705882352942,31.121107266435995,80.94117647058823,165.23183391003457,5.9411764705882355,0.7647058823529411,0.8947368421052632
1179,16.0,8.5625,21.37109375,79.875,172.734375,7.5625,0.9375,1.1428571428571428
1180,16.0,9.1875,30.02734375,80.1875,166.52734375,6.9375,0.625,0.8
1181,14.0,10.5,34.107142857142854,82.21428571428571,179.7397959183673,7.071428571428571,1.0714285714285714,0.7368421052631579
1182,28.0,9.357142857142858,39.58673469387755,79.75,150.1875,7.107142857142857,0.8571428571428571,1.4
1183,24.0,8.208333333333334,28.081597222222225,79.91666666666667,163.0763888888889,6.458333333333333,1.0416666666666667,1.3333333333333333
1184,13.0,7.538461538461538,17.78698224852071,80.3076923076923,156.8284023668639,7.538461538461538,1.3076923076923077,0.8666666666666667
1185,16.0,11.125,42.734375,83.4375,150.99609375,6.875,0.6875,0.7619047619047619
1186,26.0,9.846153846153847,31.28402366863905,82.11538461538461,152.10207100591717,6.576923076923077,0.8076923076923077,1.2380952380952381
1187,8.0,9.0,30.5,86.75,128.4375,6.625,1.375,0.47058823529411764
1188,8.0,13.75,32.9375,85.875,156.109375,7.25,1.375,0.4444444444444444
1189,17.0,9.588235294117647,35.18339100346021,76.82352941176471,169.79238754325263,6.647058823529412,1.0,0.85
1190,19.0,10.263157894736842,40.61495844875346,83.21052631578948,136.06094182825484,6.473684210526316,1.105263157894737,0.9047619047619048
1191,13.0,10.076923076923077,18.840236686390533,80.92307692307692,153.9171597633136,6.6923076923076925,1.1538461538461537,0.7222222222222222
1192,20.0,10.4,40.040000000000006,77.7,114.50999999999999,7.3,1.15,1.0
1193,11.0,7.181818181818182,38.694214876033065,76.81818181818181,141.05785123966942,7.7272727272727275,1.0909090909090908,0.5238095238095238
1194,13.0,9.0,42.0,75.3076923076923,62.21301775147929,7.615384615384615,0.7692307692307693,0.6842105263157895
1195,10.0,12.6,41.24000000000001,84.0,83.6,7.6,1.1,0.5
1196,22.0,9.954545454545455,38.7706611570248,78.5909090909091,125.42355371900823,7.181818181818182,0.8636363636363636,1.0476190476190477
1197,10.0,8.6,16.64,80.5,209.45,6.8,1.1,0.7692307692307693
1198,29.0,9.344827586206897,26.019024970273477,81.89655172413794,156.5755053507729,6.827586206896552,0.9310344827586207,1.5263157894736843
1199,28.0,9.892857142857142,39.59566326530612,85.46428571428571,133.10586734693882,7.0,1.1071428571428572,1.3333333333333333
1200,9.0,9.11111111111111,26.54320987654321,79.44444444444444,164.69135802469137,7.0,1.1111111111111112,0.47368421052631576
1201,15.0,8.266666666666667,33.92888888888889,83.0,158.53333333333333,8.533333333333333,1.1333333333333333,0.8333333333333334
1202,29.0,11.241379310344827,33.4934601664685,81.62068965517241,126.85612366230679,7.0,1.0689655172413792,1.5263157894736843
1203,9.0,10.333333333333334,32.666666666666664,79.77777777777777,169.95061728395063,7.555555555555555,0.4444444444444444,0.45
1204,24.0,12.208333333333334,18.581597222222218,76.25,142.85416666666666,6.666666666666667,1.0833333333333333,1.3333333333333333
1205,7.0,11.714285714285714,32.775510204081634,74.42857142857143,112.53061224489797,5.857142857142857,1.0,0.4375
1206,17.0,10.176470588235293,39.20415224913494,81.58823529411765,177.8892733564014,7.176470588235294,0.9411764705882353,0.8095238095238095
1207,7.0,9.571428571428571,37.673469387755105,82.28571428571429,73.06122448979592,6.142857142857143,1.1428571428571428,0.35
1208,15.0,8.8,21.76,82.53333333333333,97.04888888888887,7.133333333333334,1.0666666666666667,0.9375
1209,10.0,8.6,33.64,77.5,187.25,7.9,1.2,0.5263157894736842
1210,5.0,9.6,37.440000000000005,78.8,172.56,7.2,1.2,0.29411764705882354
1211,6.0,6.666666666666667,31.555555555555557,76.16666666666667,176.80555555555557,6.666666666666667,1.5,0.3333333333333333
1212,14.0,12.0,41.142857142857146,79.85714285714286,163.69387755102042,7.5,1.0714285714285714,0.7
1213,19.0,9.894736842105264,36.62049861495845,84.26315789473684,133.24653739612188,6.631578947368421,0.8947368421052632,0.9047619047619048
1214,29.0,10.827586206896552,32.211652794292505,80.3103448275862,115.31747919143878,6.931034482758621,0.9655172413793104,1.380952380952381
1215,19.0,9.631578947368421,35.390581717451525,83.84210526315789,80.97506925207756,6.421052631578948,0.8421052631578947,0.95
1216,12.0,10.833333333333334,31.63888888888889,77.33333333333333,77.22222222222223,7.416666666666667,0.8333333333333334,0.7058823529411765
1217,24.0,10.583333333333334,36.74305555555555,77.58333333333333,119.82638888888886,7.0,1.0,1.2
1218,6.0,11.666666666666666,55.55555555555555,83.5,74.91666666666667,8.0,0.6666666666666666,0.3157894736842105
1219,14.0,10.571428571428571,44.244897959183675,81.78571428571429,104.8826530612245,7.642857142857143,1.3571428571428572,0.6666666666666666
1220,26.0,9.307692307692308,41.520710059171606,82.03846153846153,135.1139053254438,7.076923076923077,1.1923076923076923,1.2380952380952381
1221,17.0,9.176470588235293,54.85121107266437,82.3529411764706,79.64013840830451,6.352941176470588,1.0,0.8095238095238095
1222,29.0,10.0,34.0,84.86206896551724,101.98097502972651,7.137931034482759,0.9655172413793104,1.380952380952381
1223,29.0,9.241379310344827,32.596908442330566,82.55172413793103,153.6266349583829,6.896551724137931,0.8620689655172413,1.380952380952381
1224,7.0,12.571428571428571,32.816326530612244,81.0,219.42857142857142,7.0,1.1428571428571428,0.35
1225,16.0,10.25,32.8125,80.25,148.0625,8.0625,1.0,0.8
1226,7.0,8.142857142857142,14.693877551020408,71.85714285714286,17.26530612244898,8.571428571428571,1.1428571428571428,0.4666666666666667
1227,15.0,7.933333333333334,30.06222222222222,79.2,188.29333333333338,5.8,0.9333333333333333,0.7894736842105263
1228,12.0,11.166666666666666,24.305555555555554,72.08333333333333,130.57638888888889,7.333333333333333,1.0,0.6666666666666666
1229,19.0,9.894736842105264,40.62049861495846,78.36842105263158,89.70637119113572,6.947368421052632,0.8421052631578947,0.9047619047619048
1230,5.0,4.8,34.959999999999994,87.2,142.16,6.2,1.4,0.29411764705882354
1231,16.0,10.875,38.234375,81.25,127.9375,6.25,1.4375,0.7619047619047619
1232,26.0,9.923076923076923,39.68639053254438,77.88461538461539,132.94822485207104,6.961538461538462,0.9230769230769231,1.3
1233,8.0,10.625,29.984375,80.625,186.484375,7.0,1.375,0.47058823529411764
1234,19.0,9.789473684210526,21.74515235457063,79.05263157894737,114.36565096952909,6.368421052631579,0.7894736842105263,1.0
1235,9.0,11.0,10.444444444444445,77.88888888888889,121.4320987654321,7.111111111111111,1.4444444444444444,0.9
1236,25.0,10.4,39.52,83.16,113.41439999999999,7.24,0.8,1.1904761904761905
1237,13.0,13.76923076923077,21.71597633136094,80.92307692307692,147.91715976331358,7.6923076923076925,0.7692307692307693,0.7222222222222222
1238,23.0,9.478260869565217,50.771266540642735,82.3913043478261,157.97731568998108,6.695652173913044,1.2608695652173914,1.0952380952380953
1239,28.0,9.535714285714286,30.67729591836735,81.21428571428571,115.02551020408164,6.178571428571429,1.1071428571428572,1.4
1240,25.0,10.0,24.64,83.44,146.3264,6.76,0.84,1.3157894736842106
1241,26.0,10.0,36.76923076923077,81.57692307692308,119.62869822485209,7.1923076923076925,1.1923076923076923,1.3
1242,12.0,12.5,30.416666666666668,78.08333333333333,142.90972222222223,7.5,1.4166666666666667,0.6666666666666666
1243,22.0,9.636363636363637,29.958677685950416,80.4090909090909,177.8780991735537,6.954545454545454,1.2272727272727273,1.1
1244,9.0,11.444444444444445,39.1358024691358,88.88888888888889,45.876543209876544,6.777777777777778,1.6666666666666667,0.5
1245,13.0,10.461538461538462,51.01775147928994,76.3076923076923,140.8284023668639,7.0,1.0769230769230769,0.6190476190476191
1246,25.0,9.12,30.825599999999998,79.92,179.83360000000002,7.04,0.68,1.25
1247,29.0,9.724137931034482,31.99286563614745,80.93103448275862,138.06420927467303,7.344827586206897,1.103448275862069,1.45
1248,24.0,10.25,35.020833333333336,76.83333333333333,156.22222222222223,8.083333333333334,1.25,1.1428571428571428
1249,5.0,4.2,13.36,82.6,131.44,7.0,0.6,0.5
1250,14.0,10.928571428571429,31.78061224489796,77.92857142857143,122.49489795918369,7.071428571428571,1.0714285714285714,0.7368421052631579
1251,19.0,9.68421052631579,33.37396121883657,83.10526315789474,165.25207756232683,6.526315789473684,0.7894736842105263,0.9047619047619048
1252,30.0,9.366666666666667,30.165555555555557,83.43333333333334,120.77888888888887,7.0,0.6333333333333333,1.4285714285714286
1253,13.0,12.153846153846153,36.899408284023664,77.07692307692308,160.84023668639054,6.769230769230769,1.3076923076923077,0.65
1254,19.0,10.894736842105264,31.88365650969529,78.57894736842105,151.7174515235457,7.2631578947368425,1.105263157894737,0.95
1255,29.0,10.344827586206897,34.432818073721755,82.41379310344827,115.6218787158145,7.137931034482759,0.9655172413793104,1.380952380952381
1256,5.0,12.8,55.760000000000005,80.2,204.95999999999998,7.4,1.6,0.23809523809523808
1257,29.0,9.413793103448276,40.51843043995244,77.17241379310344,119.65992865636149,6.689655172413793,0.9655172413793104,1.380952380952381
1258,14.0,10.285714285714286,32.91836734693877,83.64285714285714,143.08673469387756,7.214285714285714,1.0,0.7777777777777778
1259,29.0,8.620689655172415,58.166468489892985,77.06896551724138,140.8228299643282,6.758620689655173,0.6896551724137931,1.380952380952381
1260,13.0,10.76923076923077,44.33136094674556,79.76923076923077,122.48520710059171,7.230769230769231,1.3846153846153846,0.6190476190476191
1261,8.0,10.875,26.109375,81.25,63.6875,7.125,0.625,0.5333333333333333
1262,18.0,7.333333333333333,48.33333333333334,78.72222222222223,115.7561728395062,7.666666666666667,1.1666666666666667,0.8571428571428571
1263,15.0,10.0,26.8,80.2,90.29333333333334,6.4,1.1333333333333333,0.8333333333333334
1264,28.0,11.0,39.5,81.10714285714286,159.80994897959184,6.892857142857143,0.8214285714285714,1.3333333333333333
1265,21.0,8.761904761904763,31.89569160997732,79.80952380952381,136.43990929705214,7.761904761904762,1.0476190476190477,1.05
1266,20.0,11.7,34.01,78.5,160.85,7.2,0.9,1.1111111111111112
1267,29.0,11.275862068965518,31.165279429250894,77.65517241379311,139.39833531510104,6.586206896551724,1.0,1.45
1268,7.0,9.285714285714286,28.20408163265306,87.85714285714286,33.55102040816326,6.857142857142857,0.7142857142857143,0.3684210526315789
1269,6.0,8.166666666666666,18.805555555555554,70.16666666666667,56.47222222222222,7.166666666666667,0.6666666666666666,0.46153846153846156
1270,24.0,11.708333333333334,45.62326388888888,74.91666666666667,135.99305555555554,7.208333333333333,1.125,1.1428571428571428
1271,24.0,10.666666666666666,34.22222222222222,82.375,85.31770833333333,6.416666666666667,0.7916666666666666,1.1428571428571428
1272,30.0,12.0,24.4,79.1,152.15666666666667,6.633333333333334,1.0333333333333334,1.5
1273,5.0,6.2,19.360000000000003,73.0,71.2,7.2,0.6,0.38461538461538464
1274,12.0,10.583333333333334,27.74305555555556,80.91666666666667,173.40972222222226,6.166666666666667,1.4166666666666667,0.6666666666666666
1275,6.0,12.333333333333334,33.88888888888889,74.66666666666667,137.55555555555557,8.333333333333334,1.0,0.3157894736842105
1276,28.0,9.892857142857142,30.59566326530612,79.17857142857143,139.50382653061223,6.892857142857143,0.9642857142857143,1.4
1277,28.0,8.678571428571429,43.503826530612244,78.57142857142857,121.95918367346943,7.464285714285714,0.6785714285714286,1.3333333333333333
1278,22.0,7.954545454545454,28.043388429752063,79.63636363636364,175.86776859504133,7.318181818181818,1.0454545454545454,1.1
1279,25.0,11.24,35.0624,82.04,175.8784,6.44,0.8,1.3157894736842106
1280,11.0,7.181818181818182,23.2396694214876,81.45454545454545,174.61157024793386,7.2727272727272725,1.2727272727272727,0.55
1281,9.0,9.666666666666666,16.444444444444443,84.22222222222223,218.17283950617283,6.777777777777778,1.2222222222222223,0.75
1282,26.0,9.923076923076923,38.22485207100593,81.65384615384616,114.76479289940828,6.269230769230769,0.8076923076923077,1.2380952380952381
1283,11.0,8.636363636363637,40.413223140495866,79.72727272727273,229.47107438016528,6.818181818181818,0.45454545454545453,0.55
1284,9.0,10.222222222222221,55.95061728395062,82.22222222222223,135.50617283950618,8.11111111111111,1.2222222222222223,0.42857142857142855
1285,18.0,10.555555555555555,33.913580246913575,76.44444444444444,190.13580246913583,7.444444444444445,1.0,0.9
1286,10.0,10.4,38.64,76.2,135.56,7.3,0.9,0.5
1287,5.0,9.2,31.360000000000003,75.4,52.239999999999995,4.8,1.6,0.29411764705882354
1288,17.0,10.352941176470589,31.05190311418685,80.17647058823529,134.9688581314879,6.0588235294117645,1.1764705882352942,0.8095238095238095
1289,24.0,10.5,32.916666666666664,80.70833333333333,183.45659722222226,6.458333333333333,0.9166666666666666,1.2
1290,18.0,9.833333333333334,43.027777777777786,78.33333333333333,135.33333333333337,7.5,0.7777777777777778,0.8571428571428571
1291,26.0,9.846153846153847,26.28402366863906,77.26923076923077,130.88905325443784,6.884615384615385,0.8076923076923077,1.368421052631579
1292,21.0,8.333333333333334,31.93650793650794,82.95238095238095,156.3310657596372,7.809523809523809,1.0476190476190477,1.0
1293,11.0,9.727272727272727,30.380165289256198,78.9090909090909,132.08264462809916,7.363636363636363,1.0909090909090908,0.5789473684210527
1294,14.0,7.857142857142857,18.836734693877553,82.78571428571429,116.3112244897959,6.285714285714286,0.7857142857142857,0.875
1295,27.0,9.62962962962963,38.529492455418385,78.55555555555556,142.76543209876542,7.296296296296297,0.8888888888888888,1.35
1296,19.0,10.526315789473685,41.51246537396122,78.15789473684211,164.5540166204986,7.684210526315789,0.8421052631578947,0.9047619047619048
1297,21.0,9.523809523809524,36.535147392290256,82.23809523809524,111.89569160997732,6.714285714285714,1.0,1.0
1298,22.0,9.363636363636363,43.0495867768595,77.22727272727273,177.7210743801653,7.090909090909091,0.7727272727272727,1.0476190476190477
1299,29.0,11.275862068965518,39.85493460166468,80.06896551724138,120.27110582639716,7.068965517241379,1.103448275862069,1.380952380952381
1300,25.0,12.48,30.7296,79.56,156.5664,6.16,0.64,1.3157894736842106
1301,11.0,7.2727272727272725,39.471074380165284,81.9090909090909,116.26446280991736,7.454545454545454,1.0,0.5789473684210527
1302,19.0,11.736842105263158,31.772853185595576,80.63157894736842,154.12742382271466,6.473684210526316,1.0526315789473684,0.9047619047619048
1303,29.0,12.0,36.96551724137931,78.82758620689656,119.59096313912009,7.0,1.103448275862069,1.45
1304,30.0,10.633333333333333,32.76555555555555,78.36666666666666,138.83222222222224,6.0,1.0666666666666667,1.5789473684210527
1305,16.0,9.9375,39.05859375,76.5,147.0,7.3125,1.3125,0.7619047619047619
1306,29.0,8.310344827586206,34.90368608799049,75.17241379310344,139.38406658739595,7.551724137931035,1.206896551724138,1.380952380952381
1307,25.0,10.48,32.5696,79.52,122.0896,6.88,0.96,1.25
1308,30.0,8.166666666666666,35.20555555555556,78.26666666666667,136.1955555555556,7.2,1.2,1.4285714285714286
1309,13.0,11.307692307692308,33.28994082840237,81.61538461538461,114.0828402366864,7.615384615384615,1.2307692307692308,0.65
1310,22.0,7.909090909090909,39.71900826446281,82.45454545454545,106.42975206611571,7.136363636363637,0.7272727272727273,1.0476190476190477
1311,29.0,11.0,40.55172413793103,80.6896551724138,87.38644470868014,7.137931034482759,1.206896551724138,1.380952380952381
1312,11.0,9.636363636363637,30.776859504132233,79.27272727272727,154.5619834710744,7.363636363636363,1.4545454545454546,0.6111111111111112
1313,20.0,8.5,49.75,77.7,144.10999999999999,7.35,0.85,0.9523809523809523
1314,6.0,11.833333333333334,40.13888888888888,89.0,38.666666666666664,7.5,1.0,0.3157894736842105
1315,19.0,11.68421052631579,28.74238227146815,74.89473684210526,93.8836565096953,7.105263157894737,1.1578947368421053,1.0555555555555556
1316,18.0,11.833333333333334,34.13888888888889,80.77777777777777,135.8395061728395,6.944444444444445,1.1111111111111112,0.9
1317,12.0,12.666666666666666,43.72222222222223,76.91666666666667,129.07638888888889,6.666666666666667,1.0,0.631578947368421
1318,25.0,9.36,32.7104,80.2,166.4,7.4,1.0,1.1904761904761905
1319,14.0,10.642857142857142,39.80102040816326,82.0,139.14285714285714,6.857142857142857,1.0,0.7368421052631579
1320,19.0,9.578947368421053,36.5595567867036,80.26315789473684,135.14127423822714,6.894736842105263,0.8421052631578947,0.9047619047619048
1321,19.0,11.105263157894736,38.5152354570637,81.84210526315789,142.65927977839337,7.894736842105263,0.8421052631578947,0.9047619047619048
1322,20.0,9.9,29.490000000000002,77.2,153.75999999999993,7.55,0.85,1.0
1323,5.0,11.0,48.4,76.4,113.04,7.2,0.2,0.25
1324,6.0,11.5,26.916666666666668,71.5,67.58333333333333,8.666666666666666,0.8333333333333334,0.4
1325,10.0,7.4,37.440000000000005,76.9,138.48999999999998,7.8,1.4,0.5
1326,17.0,13.294117647058824,18.79584775086505,80.05882352941177,120.29065743944636,6.470588235294118,1.0,1.1333333333333333
1327,19.0,10.789473684210526,28.692520775623272,81.10526315789474,150.51523545706374,6.842105263157895,0.9473684210526315,0.95
1328,21.0,12.095238095238095,39.80045351473923,82.85714285714286,153.64625850340138,7.333333333333333,1.1428571428571428,1.0
1329,12.0,7.75,26.020833333333332,78.0,120.0,6.5,0.75,0.631578947368421
1330,7.0,13.142857142857142,57.265306122448976,79.0,74.28571428571429,6.857142857142857,0.7142857142857143,0.35
1331,14.0,10.357142857142858,39.94387755102041,74.5,145.67857142857142,6.285714285714286,0.9285714285714286,0.7777777777777778
1332,21.0,10.0,38.0,81.71428571428571,153.34693877551018,6.666666666666667,0.9523809523809523,1.05
1333,28.0,10.714285714285714,34.91836734693878,81.17857142857143,116.57525510204081,6.892857142857143,1.0,1.4
1334,16.0,11.125,38.484375,78.8125,172.90234375,7.125,1.1875,0.7619047619047619
1335,16.0,9.25,43.5625,86.3125,91.96484375,7.3125,0.75,0.8421052631578947
1336,9.0,11.666666666666666,27.999999999999996,83.33333333333333,154.88888888888889,6.777777777777778,1.1111111111111112,0.47368421052631576
1337,9.0,12.88888888888889,26.76543209876543,80.22222222222223,110.17283950617285,7.666666666666667,0.8888888888888888,0.5
1338,30.0,8.7,32.476666666666674,78.33333333333333,123.15555555555552,6.5,1.1666666666666667,1.5
1339,10.0,9.8,29.559999999999995,80.3,149.61000000000004,6.4,1.1,0.5882352941176471
1340,28.0,10.285714285714286,44.132653061224474,77.57142857142857,136.17346938775512,7.178571428571429,0.9285714285714286,1.4
1341,11.0,9.818181818181818,27.05785123966942,81.9090909090909,101.53719008264464,6.818181818181818,1.0,0.55
1342,28.0,11.571428571428571,47.03061224489795,77.53571428571429,187.82015306122452,6.464285714285714,0.9285714285714286,1.3333333333333333
1343,29.0,8.517241379310345,41.28418549346018,82.10344827586206,134.92033293697983,6.9655172413793105,0.896551724137931,1.380952380952381
1344,7.0,8.714285714285714,21.06122448979591,87.71428571428571,182.48979591836732,6.285714285714286,0.7142857142857143,0.5
1345,23.0,11.26086956521739,39.32325141776937,80.0,102.8695652173913,6.565217391304348,0.9565217391304348,1.0952380952380953
1346,10.0,10.2,24.160000000000004,71.1,101.09000000000002,7.5,0.8,0.5882352941176471
1347,17.0,9.529411764705882,29.19031141868512,80.29411764705883,176.20761245674743,6.764705882352941,1.0,0.85
1348,27.0,11.222222222222221,30.246913580246908,82.62962962962963,165.7887517146776,6.7407407407407405,1.1851851851851851,1.2857142857142858
1349,11.0,10.818181818181818,43.057851239669425,85.9090909090909,111.71900826446277,7.090909090909091,1.1818181818181819,0.55
1350,24.0,10.375,39.567708333333336,81.66666666666667,99.97222222222223,7.0,1.2083333333333333,1.2
1351,11.0,11.363636363636363,21.50413223140496,75.81818181818181,65.42148760330578,7.7272727272727275,0.5454545454545454,0.6470588235294118
1352,20.0,6.5,36.35,80.4,61.34000000000001,7.2,1.1,1.0
1353,20.0,11.95,39.447500000000005,82.7,113.50999999999999,7.1,0.85,0.9523809523809523
1354,5.0,10.0,35.6,77.2,98.55999999999999,5.0,1.4,0.2777777777777778
1355,16.0,9.375,37.859375,80.4375,140.74609375,6.9375,1.0,0.8421052631578947
1356,9.0,10.444444444444445,34.913580246913575,83.77777777777777,62.617283950617285,7.555555555555555,0.8888888888888888,0.5294117647058824
1357,20.0,13.2,33.35999999999999,82.2,174.35999999999999,7.15,1.0,1.1111111111111112
1358,8.0,6.0,10.0,77.25,174.4375,7.0,1.25,0.6666666666666666
1359,5.0,11.4,59.040000000000006,78.8,61.760000000000005,8.2,1.4,0.23809523809523808
1360,25.0,8.64,36.4704,79.92,98.63359999999999,6.56,1.16,1.25
1361,30.0,11.2,25.22666666666667,79.3,133.94333333333333,7.033333333333333,0.9333333333333333,1.5
1362,9.0,10.666666666666666,33.77777777777778,83.0,92.0,6.222222222222222,0.8888888888888888,0.5294117647058824
1363,5.0,13.4,17.04,72.0,66.8,8.8,0.4,0.4166666666666667
1364,16.0,11.125,24.359375,87.125,120.859375,7.125,1.0,0.8421052631578947
1365,8.0,10.125,46.359375,72.0,73.75,6.375,0.75,0.4444444444444444
1366,8.0,9.25,23.1875,85.0,185.25,7.125,0.75,0.47058823529411764
1367,13.0,10.538461538461538,41.32544378698224,82.15384615384616,165.97633136094672,7.538461538461538,1.2307692307692308,0.65
1368,15.0,9.733333333333333,28.06222222222222,82.73333333333333,124.99555555555554,7.0,1.2,0.75
1369,26.0,10.0,47.84615384615385,80.84615384615384,153.74556213017755,7.230769230769231,1.0,1.2380952380952381
1370,28.0,9.428571428571429,34.31632653061225,78.71428571428571,165.34693877551015,6.928571428571429,1.1428571428571428,1.4
1371,10.0,10.7,53.209999999999994,84.7,78.61,5.9,1.0,0.47619047619047616
1372,27.0,9.925925925925926,35.846364883401925,78.92592592592592,116.29080932784636,7.2592592592592595,1.0740740740740742,1.2857142857142858
1373,30.0,10.5,35.31666666666667,82.13333333333334,162.8488888888889,7.3,1.1333333333333333,1.4285714285714286
1374,17.0,12.352941176470589,33.2871972318339,71.11764705882354,64.45674740484428,7.235294117647059,1.1764705882352942,0.9444444444444444
1375,8.0,8.75,21.4375,77.25,54.9375,7.25,1.125,0.5714285714285714
1376,28.0,10.464285714285714,33.391581632653065,79.07142857142857,105.78061224489794,6.5,1.0357142857142858,1.3333333333333333
1377,22.0,9.863636363636363,42.39049586776859,81.5909090909091,106.9690082644628,6.0,0.9090909090909091,1.0476190476190477
1378,15.0,7.866666666666666,40.11555555555556,83.93333333333334,191.39555555555555,6.866666666666666,1.1333333333333333,0.75
1379,13.0,9.384615384615385,21.928994082840234,83.07692307692308,142.6863905325444,7.230769230769231,0.8461538461538461,0.7647058823529411
1380,12.0,10.833333333333334,36.13888888888888,81.5,54.916666666666664,7.416666666666667,1.0,0.75
1381,25.0,7.68,34.53759999999999,79.12,112.18559999999997,7.64,1.04,1.25
1382,30.0,12.133333333333333,33.18222222222222,76.4,161.37333333333333,7.3,1.1,1.4285714285714286
1383,29.0,11.724137931034482,34.544589774078474,79.24137931034483,173.49346016646848,6.931034482758621,0.896551724137931,1.380952380952381
1384,19.0,9.578947368421053,26.24376731301939,77.15789473684211,129.18559556786707,6.7368421052631575,0.7894736842105263,0.9047619047619048
1385,10.0,8.0,25.6,84.1,110.89000000000001,6.6,0.9,0.625
1386,23.0,10.0,27.565217391304348,80.6086956521739,95.89035916824196,7.217391304347826,0.9565217391304348,1.2105263157894737
1387,11.0,11.909090909090908,45.900826446280995,76.0,151.0909090909091,6.818181818181818,0.8181818181818182,0.5789473684210527
1388,17.0,8.823529411764707,38.6159169550173,78.52941176470588,97.30795847750866,6.823529411764706,0.9411764705882353,0.85
1389,18.0,8.833333333333334,46.58333333333334,80.5,135.47222222222223,7.611111111111111,1.2222222222222223,0.8571428571428571
1390,7.0,8.0,19.714285714285715,69.57142857142857,78.24489795918366,6.428571428571429,0.5714285714285714,0.5
1391,14.0,9.642857142857142,21.801020408163264,71.0,64.42857142857143,6.071428571428571,0.6428571428571429,0.8235294117647058
1392,7.0,11.857142857142858,29.83673469387755,82.42857142857143,61.6734693877551,8.0,1.4285714285714286,0.4375
1393,17.0,8.588235294117647,32.24221453287197,77.3529411764706,141.6401384083045,6.647058823529412,1.0,0.9444444444444444
1394,21.0,11.857142857142858,29.741496598639454,81.9047619047619,135.8956916099773,7.190476190476191,1.0476190476190477,1.0
1395,7.0,7.428571428571429,35.95918367346938,80.71428571428571,156.48979591836738,6.571428571428571,0.7142857142857143,0.3888888888888889
1396,9.0,7.666666666666667,21.333333333333332,81.77777777777777,107.28395061728398,7.333333333333333,1.0,0.6
1397,28.0,10.035714285714286,39.248724489795926,82.32142857142857,99.07525510204083,7.071428571428571,1.0,1.3333333333333333
1398,9.0,12.0,64.44444444444444,80.66666666666667,139.77777777777777,6.666666666666667,1.4444444444444444,0.42857142857142855
1399,21.0,11.619047619047619,38.99773242630384,81.28571428571429,138.77551020408163,7.428571428571429,1.1428571428571428,1.0
1400,13.0,8.76923076923077,42.79289940828402,77.38461538461539,120.54437869822485,6.230769230769231,0.6153846153846154,0.6190476190476191
1401,7.0,12.285714285714286,29.918367346938773,82.0,72.85714285714286,6.285714285714286,1.5714285714285714,0.3888888888888889
1402,18.0,9.333333333333334,42.44444444444445,86.11111111111111,133.09876543209876,7.222222222222222,1.1666666666666667,0.9
1403,23.0,11.478260869565217,41.20604914933836,82.26086956521739,170.0189035916824,7.0,1.0434782608695652,1.0952380952380953
1404,25.0,10.0,40.48,78.96,151.6384,7.12,0.84,1.1904761904761905
1405,12.0,11.333333333333334,29.555555555555554,80.58333333333333,100.57638888888887,7.833333333333333,1.0833333333333333,0.75
1406,7.0,13.285714285714286,33.06122448979592,82.14285714285714,60.40816326530612,6.857142857142857,1.2857142857142858,0.4117647058823529
1407,16.0,11.875,26.609375,79.75,129.5625,7.1875,1.0,0.9411764705882353
1408,21.0,8.380952380952381,29.09297052154195,77.47619047619048,118.05895691609973,7.142857142857143,1.1428571428571428,1.105263157894737
1409,20.0,10.05,28.247499999999995,80.3,110.50999999999996,7.45,0.75,1.1111111111111112
1410,15.0,6.733333333333333,26.195555555555547,80.4,140.10666666666668,6.666666666666667,1.0,0.8823529411764706
1411,27.0,9.703703703703704,36.50480109739369,80.81481481481481,130.9657064471879,7.518518518518518,1.0,1.2857142857142858
1412,17.0,7.588235294117647,22.242214532871976,79.05882352941177,128.7612456747405,6.9411764705882355,0.7647058823529411,1.0
1413,16.0,8.0625,17.55859375,78.0625,103.30859375,7.3125,0.875,1.0
1414,23.0,11.08695652173913,40.5141776937618,79.52173913043478,98.16257088846882,6.695652173913044,0.9130434782608695,1.0952380952380953
1415,17.0,9.470588235294118,34.95501730103806,77.52941176470588,152.60207612456747,6.9411764705882355,1.411764705882353,0.85
1416,23.0,11.652173913043478,33.79206049149338,77.08695652173913,157.29678638941402,7.043478260869565,1.0,1.0952380952380953
1417,22.0,10.272727272727273,45.743801652892564,83.0,150.36363636363637,7.363636363636363,0.7727272727272727,1.0476190476190477
1418,23.0,9.043478260869565,45.95463137996219,79.17391304347827,137.96975425330814,6.956521739130435,0.9565217391304348,1.0952380952380953
1419,9.0,10.777777777777779,39.50617283950617,80.11111111111111,139.20987654320984,7.0,1.0,0.47368421052631576
1420,10.0,9.5,39.05,79.8,145.76,6.6,1.0,0.5555555555555556
1421,23.0,11.0,40.69565217391305,83.34782608695652,138.226843100189,6.739130434782608,1.0869565217391304,1.15
1422,6.0,6.5,28.25,73.16666666666667,62.80555555555555,8.0,0.5,0.4
1423,17.0,7.411764705882353,28.712802768166085,83.41176470588235,118.71280276816609,7.470588235294118,0.8235294117647058,0.8947368421052632
1424,26.0,10.192307692307692,29.38609467455621,81.23076923076923,109.94674556213019,7.076923076923077,1.3846153846153846,1.2380952380952381
1425,26.0,10.5,32.17307692307692,77.65384615384616,134.7647928994083,7.384615384615385,0.9230769230769231,1.4444444444444444
1426,22.0,11.454545454545455,28.429752066115693,76.81818181818181,98.78512396694215,7.2272727272727275,0.9090909090909091,1.1
1427,22.0,10.227272727272727,25.084710743801658,78.27272727272727,137.1074380165289,7.2727272727272725,1.2727272727272727,1.1578947368421053
1428,8.0,10.75,45.1875,73.5,95.25,6.25,0.375,0.4444444444444444
1429,28.0,9.571428571428571,41.88775510204083,79.53571428571429,142.7487244897959,7.0,1.1785714285714286,1.3333333333333333
1430,28.0,9.5,31.964285714285715,80.03571428571429,168.46301020408166,7.428571428571429,0.8571428571428571,1.3333333333333333
1431,7.0,7.0,40.285714285714285,83.0,117.42857142857143,7.0,1.1428571428571428,0.3888888888888889
1432,14.0,13.285714285714286,26.77551020408163,82.0,105.42857142857143,7.928571428571429,0.5714285714285714,0.7777777777777778
1433,20.0,10.25,43.1875,79.3,194.81,6.35,1.2,0.9523809523809523
1434,19.0,9.105263157894736,45.252077562326875,76.89473684210526,129.5678670360111,6.894736842105263,0.8947368421052632,0.9047619047619048
1435,25.0,8.8,35.76,76.24,127.7824,7.2,1.0,1.1904761904761905
1436,11.0,11.545454545454545,52.06611570247933,82.81818181818181,145.96694214876035,6.181818181818182,1.0909090909090908,0.5789473684210527
1437,30.0,9.333333333333334,38.95555555555556,77.7,143.20999999999998,6.7,0.8333333333333334,1.4285714285714286
1438,16.0,9.9375,26.68359375,78.6875,151.08984375,7.25,1.0625,0.8888888888888888
1439,12.0,9.916666666666666,43.576388888888886,77.91666666666667,86.24305555555556,6.833333333333333,1.0833333333333333,0.631578947368421
1440,20.0,9.65,29.7275,81.45,176.54749999999996,7.15,1.1,1.0
1441,28.0,8.285714285714286,36.06122448979591,76.71428571428571,153.34693877551018,7.107142857142857,1.0,1.4
1442,21.0,9.380952380952381,61.569160997732425,81.19047619047619,152.05895691609982,7.190476190476191,1.1428571428571428,1.0
1443,19.0,10.0,35.89473684210526,81.15789473684211,117.92243767313018,6.684210526315789,1.3157894736842106,0.95
1444,24.0,10.75,25.4375,77.79166666666667,125.74826388888887,6.208333333333333,0.8333333333333334,1.3333333333333333
1445,28.0,11.928571428571429,38.06632653061225,83.85714285714286,141.05102040816323,6.857142857142857,0.8571428571428571,1.4
1446,17.0,9.882352941176471,36.22145328719723,77.0,147.64705882352942,7.529411764705882,1.2352941176470589,0.9444444444444444
1447,8.0,7.625,26.984375,85.875,125.859375,7.25,1.25,0.4
1448,30.0,7.933333333333334,34.595555555555556,79.26666666666667,102.2622222222222,6.966666666666667,1.1666666666666667,1.4285714285714286
1449,7.0,12.142857142857142,38.40816326530612,82.14285714285714,163.83673469387756,6.714285714285714,1.0,0.3888888888888889
1450,5.0,13.0,50.8,79.2,98.96000000000001,6.6,0.8,0.25
1451,25.0,11.76,40.022400000000005,82.48,130.88959999999997,7.48,1.16,1.1904761904761905
1452,5.0,6.2,30.160000000000004,81.8,183.36,7.8,0.8,0.3125
1453,8.0,9.875,31.609375,78.0,92.25,7.0,1.125,0.4
1454,12.0,9.5,19.583333333333332,78.66666666666667,208.05555555555554,6.916666666666667,0.9166666666666666,0.75
1455,17.0,10.647058823529411,30.110726643598618,76.70588235294117,149.61937716262975,5.882352941176471,1.1176470588235294,0.8095238095238095
1456,18.0,10.333333333333334,42.44444444444445,86.83333333333333,89.58333333333331,6.166666666666667,1.2777777777777777,0.9
1457,15.0,11.666666666666666,30.88888888888889,76.73333333333333,128.19555555555556,7.4,1.1333333333333333,0.8333333333333334
1458,28.0,9.571428571428571,27.38775510204081,86.57142857142857,121.31632653061226,7.214285714285714,0.8928571428571429,1.3333333333333333
1459,16.0,6.375,18.109375,79.25,173.5625,6.4375,1.3125,0.8888888888888888
1460,19.0,8.894736842105264,37.67313019390582,83.05263157894737,150.26038781163433,6.842105263157895,1.0526315789473684,0.9047619047619048
1461,13.0,10.23076923076923,33.56213017751479,85.23076923076923,100.1775147928994,7.230769230769231,0.9230769230769231,0.7222222222222222
1462,5.0,10.8,30.159999999999997,84.4,89.84,6.2,0.4,0.3125
1463,17.0,10.470588235294118,48.36678200692041,82.29411764705883,147.3840830449827,6.705882352941177,0.8823529411764706,0.8095238095238095
1464,12.0,13.25,39.854166666666664,77.08333333333333,146.90972222222226,6.583333333333333,0.8333333333333334,0.5714285714285714
1465,16.0,8.5625,23.74609375,80.125,173.359375,6.8125,1.25,0.9411764705882353
1466,7.0,10.142857142857142,40.6938775510204,79.57142857142857,78.53061224489795,8.142857142857142,1.1428571428571428,0.3333333333333333
1467,7.0,9.285714285714286,44.775510204081634,79.14285714285714,43.265306122448976,6.857142857142857,0.7142857142857143,0.3684210526315789
1468,9.0,11.666666666666666,12.666666666666664,80.22222222222223,122.61728395061729,6.333333333333333,0.4444444444444444,0.9
1469,13.0,10.846153846153847,29.82248520710059,80.23076923076923,99.8698224852071,6.846153846153846,0.7692307692307693,0.65
1470,9.0,10.666666666666666,53.11111111111111,73.22222222222223,123.06172839506172,6.555555555555555,0.1111111111111111,0.42857142857142855
1471,9.0,11.666666666666666,39.77777777777778,83.0,74.22222222222223,7.555555555555555,1.1111111111111112,0.47368421052631576
1472,9.0,10.0,30.444444444444443,79.44444444444444,108.91358024691357,5.666666666666667,0.7777777777777778,0.45
1473,14.0,9.357142857142858,38.943877551020414,82.64285714285714,161.94387755102042,5.714285714285714,0.7857142857142857,0.7
1474,24.0,12.375,30.234375,78.625,107.984375,6.916666666666667,1.3333333333333333,1.1428571428571428
1475,7.0,7.857142857142857,54.97959183673469,74.0,171.42857142857142,6.714285714285714,0.5714285714285714,0.3333333333333333
1476,11.0,5.363636363636363,24.41322314049587,82.45454545454545,189.3388429752066,7.636363636363637,1.0909090909090908,0.7857142857142857
1477,6.0,8.833333333333334,28.472222222222218,74.16666666666667,60.138888888888886,6.0,0.6666666666666666,0.35294117647058826
1478,16.0,10.5625,35.87109375,76.0625,108.43359375,7.4375,1.0,0.7619047619047619
1479,6.0,13.833333333333334,34.13888888888889,81.5,55.916666666666664,8.166666666666666,1.5,0.35294117647058826
1480,13.0,10.846153846153847,35.36094674556213,77.3076923076923,111.75147928994085,6.230769230769231,1.4615384615384615,0.65
1481,19.0,10.105263157894736,36.30470914127424,80.3157894736842,106.3213296398892,7.526315789473684,0.8947368421052632,0.95
1482,23.0,10.347826086956522,39.79206049149339,82.73913043478261,106.62759924385635,7.6521739130434785,1.565217391304348,1.15
1483,17.0,9.941176470588236,38.40830449826989,81.41176470588235,112.83044982698964,6.882352941176471,1.2352941176470589,0.85
1484,29.0,13.137931034482758,30.463733650416174,79.89655172413794,125.2651605231867,6.793103448275862,1.0344827586206897,1.45
1485,15.0,10.266666666666667,29.928888888888885,82.26666666666667,135.1288888888889,6.533333333333333,1.0,0.75
1486,18.0,10.055555555555555,43.49691358024691,86.61111111111111,119.57098765432099,7.333333333333333,1.1111111111111112,0.9
1487,6.0,8.833333333333334,35.80555555555556,76.33333333333333,61.22222222222222,7.166666666666667,0.8333333333333334,0.3333333333333333
1488,30.0,9.333333333333334,37.82222222222222,79.16666666666667,146.3388888888889,7.1,1.2,1.4285714285714286
1489,25.0,9.92,42.953599999999994,77.64,141.3504,6.48,1.2,1.1904761904761905
1490,12.0,8.916666666666666,46.57638888888889,87.66666666666667,107.05555555555559,8.083333333333334,1.0833333333333333,0.6
1491,26.0,10.26923076923077,47.88905325443787,77.26923076923077,125.27366863905324,7.038461538461538,1.0769230769230769,1.3
1492,19.0,10.473684210526315,31.30193905817175,81.78947368421052,143.218836565097,7.315789473684211,1.105263157894737,0.95
1493,7.0,10.857142857142858,28.408163265306122,83.71428571428571,112.20408163265309,8.571428571428571,0.7142857142857143,0.3888888888888889
1494,22.0,9.818181818181818,30.69421487603306,80.22727272727273,177.08471074380168,7.363636363636363,0.9545454545454546,1.0476190476190477
1495,6.0,7.0,19.333333333333332,80.0,61.666666666666664,6.666666666666667,1.0,0.46153846153846156
1496,23.0,10.478260869565217,32.858223062381846,80.17391304347827,101.44801512287334,7.173913043478261,0.8695652173913043,1.15
1497,27.0,10.037037037037036,38.924554183813434,77.22222222222223,155.0617283950617,6.888888888888889,1.0,1.2857142857142858
1498,10.0,10.0,18.0,74.3,81.60999999999999,8.5,1.8,0.5882352941176471
1499,12.0,6.833333333333333,44.305555555555564,73.41666666666667,105.40972222222223,7.583333333333333,0.9166666666666666,0.6666666666666666
1500,27.0,8.925925925925926,41.10562414266118,80.77777777777777,118.2469135802469,7.555555555555555,0.9259259259259259,1.2857142857142858
1501,19.0,47.473684210526315,377.09141274238226,6.2105263157894735,8.587257617728534,5.157894736842105,7.947368421052632,0.24675324675324675
1502,17.0,53.35294117647059,520.1107266435987,5.764705882352941,10.179930795847747,4.764705882352941,8.882352941176471,0.19767441860465115
1503,6.0,51.166666666666664,1514.4722222222224,5.333333333333333,3.222222222222222,3.8333333333333335,7.5,0.06315789473684211
1504,27.0,46.51851851851852,821.2126200274348,5.62962962962963,6.381344307270233,6.111111111111111,8.444444444444445,0.2967032967032967
1505,16.0,42.875,1045.984375,4.5625,4.87109375,5.75,7.875,0.17777777777777778
1506,8.0,46.5,1366.5,3.625,4.484375,3.375,8.125,0.08333333333333333
1507,30.0,48.7,791.81,5.033333333333333,6.898888888888888,5.3,8.533333333333333,0.3
1508,21.0,59.76190476190476,627.9909297052154,5.285714285714286,10.39455782312925,5.333333333333333,8.666666666666666,0.22340425531914893
1509,17.0,49.529411764705884,1144.955017301038,5.411764705882353,10.59515570934256,5.470588235294118,8.882352941176471,0.17346938775510204
1510,28.0,48.17857142857143,739.2181122448977,4.571428571428571,7.744897959183674,5.642857142857143,8.25,0.2828282828282828
1511,15.0,62.53333333333333,1013.0488888888889,5.466666666666667,9.048888888888888,6.8,8.066666666666666,0.15151515151515152
1512,6.0,60.0,901.6666666666666,3.8333333333333335,3.805555555555555,2.1666666666666665,9.0,0.07407407407407407
1513,5.0,47.6,365.84000000000003,4.4,2.6399999999999997,6.0,9.0,0.09803921568627451
1514,27.0,49.925925925925924,796.1426611796983,4.7407407407407405,8.636488340192043,6.2592592592592595,8.666666666666666,0.3
1515,15.0,49.8,1136.1599999999999,5.733333333333333,7.52888888888889,5.0,8.4,0.15306122448979592
1516,6.0,51.833333333333336,597.4722222222223,5.5,5.916666666666667,5.5,8.333333333333334,0.08695652173913043
1517,28.0,62.607142857142854,641.5242346938776,4.678571428571429,6.218112244897959,5.607142857142857,8.392857142857142,0.30434782608695654
1518,15.0,52.13333333333333,854.5155555555555,4.6,8.106666666666666,6.333333333333333,8.666666666666666,0.1485148514851485
1519,29.0,53.758620689655174,805.6313912009513,5.241379310344827,7.355529131985732,5.0344827586206895,8.517241379310345,0.29292929292929293
1520,19.0,48.78947368421053,1401.7451523545708,6.526315789473684,6.14404432132964,5.315789473684211,8.263157894736842,0.19
1521,17.0,52.76470588235294,825.5916955017301,5.0,9.058823529411764,6.176470588235294,7.9411764705882355,0.17525773195876287
1522,6.0,41.0,972.6666666666666,5.666666666666667,7.222222222222222,6.166666666666667,8.666666666666666,0.075
1523,8.0,48.875,1284.609375,6.0,2.5,5.625,8.125,0.09090909090909091
1524,18.0,55.166666666666664,726.2500000000001,5.0,10.777777777777779,4.666666666666667,8.38888888888889,0.1978021978021978
1525,24.0,42.791666666666664,596.748263888889,4.833333333333333,8.805555555555557,4.75,8.541666666666666,0.32
1526,20.0,65.45,751.3475,4.95,9.047499999999998,5.35,8.6,0.22988505747126436
1527,30.0,53.63333333333333,872.2988888888887,6.266666666666667,7.662222222222222,5.866666666666666,8.633333333333333,0.30927835051546393
1528,19.0,37.21052631578947,893.4293628808867,5.421052631578948,7.401662049861497,5.684210526315789,8.526315789473685,0.1958762886597938
1529,17.0,59.294117647058826,753.8546712802768,6.176470588235294,9.08650519031142,6.294117647058823,8.529411764705882,0.1827956989247312
1530,22.0,55.63636363636363,481.2314049586776,5.636363636363637,9.504132231404958,6.636363636363637,8.363636363636363,0.24444444444444444
1531,29.0,45.758620689655174,831.3555291319858,4.275862068965517,7.8549346016646835,5.379310344827586,8.724137931034482,0.32954545454545453
1532,22.0,53.54545454545455,909.6115702479342,5.454545454545454,7.6115702479338845,5.7272727272727275,9.045454545454545,0.23157894736842105
1533,12.0,54.083333333333336,997.2430555555557,5.583333333333333,7.909722222222221,7.083333333333333,8.5,0.12
1534,23.0,58.869565217391305,815.5916824196598,5.130434782608695,8.548204158790169,6.043478260869565,8.304347826086957,0.26436781609195403
1535,25.0,56.52,606.8096,5.48,10.169599999999999,6.2,8.68,0.2808988764044944
1536,28.0,40.392857142857146,658.738520408163,4.071428571428571,6.209183673469387,5.285714285714286,8.714285714285714,0.2916666666666667
1537,6.0,44.666666666666664,1199.2222222222222,5.666666666666667,9.222222222222221,6.666666666666667,8.833333333333334,0.06382978723404255
1538,9.0,60.666666666666664,904.4444444444443,4.888888888888889,4.54320987654321,6.666666666666667,8.555555555555555,0.10588235294117647
1539,17.0,39.76470588235294,867.7093425605535,4.9411764705882355,6.525951557093427,5.470588235294118,8.0,0.1717171717171717
1540,22.0,54.40909090909091,738.9690082644628,6.2272727272727275,6.902892561983472,5.136363636363637,8.681818181818182,0.2222222222222222
1541,17.0,30.941176470588236,602.643598615917,5.705882352941177,8.207612456747407,6.176470588235294,8.882352941176471,0.20481927710843373
1542,26.0,58.11538461538461,772.4097633136093,6.0,9.846153846153847,6.769230769230769,8.653846153846153,0.2736842105263158
1543,10.0,45.8,662.3600000000001,6.1,4.09,5.7,8.3,0.11904761904761904
1544,22.0,50.59090909090909,1089.3326446280992,5.136363636363637,6.2086776859504145,4.863636363636363,8.636363636363637,0.2268041237113402
1545,16.0,55.3125,982.83984375,4.0,7.875,4.625,8.3125,0.16161616161616163
1546,13.0,38.46153846153846,474.24852071005904,6.461538461538462,8.863905325443788,4.461538461538462,8.76923076923077,0.1566265060240964
1547,15.0,46.86666666666667,746.7822222222222,5.666666666666667,5.955555555555557,4.666666666666667,8.933333333333334,0.15625
1548,13.0,56.61538461538461,1097.775147928994,4.846153846153846,9.36094674556213,5.6923076923076925,8.76923076923077,0.13131313131313133
1549,15.0,48.666666666666664,592.088888888889,5.133333333333334,9.315555555555555,6.333333333333333,8.666666666666666,0.17045454545454544
1550,12.0,48.333333333333336,502.0555555555556,5.666666666666667,8.055555555555557,6.583333333333333,7.916666666666667,0.17142857142857143
1551,27.0,54.407407407407405,914.3155006858709,5.444444444444445,7.061728395061728,4.703703703703703,8.555555555555555,0.2755102040816326
1552,17.0,48.35294117647059,929.993079584775,5.352941176470588,9.28719723183391,6.117647058823529,8.705882352941176,0.18085106382978725
1553,13.0,24.53846153846154,443.63313609467457,4.769230769230769,7.254437869822485,4.461538461538462,9.0,0.1625
1554,22.0,50.95454545454545,574.043388429752,5.590909090909091,10.241735537190083,5.681818181818182,8.590909090909092,0.24719101123595505
1555,7.0,44.857142857142854,1160.9795918367347,3.857142857142857,8.979591836734693,5.428571428571429,7.571428571428571,0.08433734939759036
1556,16.0,41.5625,1093.49609375,5.8125,3.90234375,7.3125,8.6875,0.16494845360824742
1557,7.0,42.42857142857143,574.8163265306122,6.0,6.0,4.714285714285714,8.428571428571429,0.09090909090909091
1558,10.0,44.0,650.0,6.2,7.359999999999999,5.3,7.9,0.11363636363636363
1559,13.0,51.76923076923077,1181.715976331361,5.230769230769231,7.408284023668639,6.538461538461538,8.846153846153847,0.13541666666666666
1560,21.0,61.80952380952381,738.2494331065759,5.238095238095238,7.038548752834466,5.666666666666667,8.666666666666666,0.23333333333333334
1561,11.0,45.72727272727273,576.198347107438,4.363636363636363,11.504132231404956,5.2727272727272725,8.181818181818182,0.13924050632911392
1562,6.0,54.666666666666664,362.5555555555555,7.0,8.0,5.5,8.333333333333334,0.125
1563,26.0,51.03846153846154,726.8831360946745,5.538461538461538,6.863905325443786,5.230769230769231,8.461538461538462,0.2857142857142857
1564,11.0,51.27272727272727,817.4710743801651,4.7272727272727275,6.925619834710743,6.2727272727272725,8.545454545454545,0.12790697674418605
1565,12.0,57.583333333333336,547.0763888888888,6.583333333333333,6.7430555555555545,5.166666666666667,8.25,0.14814814814814814
1566,23.0,45.56521739130435,643.6370510396974,6.304347826086956,7.342155009451796,4.478260869565218,8.565217391304348,0.26436781609195403
1567,17.0,41.64705882352941,654.2283737024222,4.9411764705882355,6.408304498269896,6.0588235294117645,8.529411764705882,0.18681318681318682
1568,7.0,55.285714285714285,396.7755102040816,5.142857142857143,6.693877551020408,5.285714285714286,8.285714285714286,0.1076923076923077
1569,7.0,58.714285714285715,1158.204081632653,5.714285714285714,5.918367346938775,5.714285714285714,8.428571428571429,0.07608695652173914
1570,8.0,48.25,489.4375,4.75,5.4375,6.5,8.5,0.13333333333333333
1571,13.0,45.23076923076923,581.1005917159764,4.384615384615385,5.3136094674556205,5.3076923076923075,8.153846153846153,0.17333333333333334
1572,9.0,61.77777777777778,823.283950617284,4.666666666666667,6.888888888888889,4.222222222222222,7.777777777777778,0.1111111111111111
1573,7.0,62.42857142857143,515.3877551020408,6.285714285714286,5.061224489795919,6.0,7.857142857142857,0.09090909090909091
1574,27.0,41.25925925925926,653.4513031550069,5.148148148148148,8.64471879286694,4.555555555555555,8.592592592592593,0.2967032967032967
1575,27.0,50.96296296296296,742.0356652949245,5.555555555555555,9.209876543209877,5.777777777777778,8.518518518518519,0.30337078651685395
1576,11.0,65.36363636363636,831.3223140495869,5.909090909090909,7.5371900826446305,6.909090909090909,8.818181818181818,0.12222222222222222
1577,27.0,56.111111111111114,740.7654320987655,5.666666666666667,6.444444444444445,6.037037037037037,7.962962962962963,0.2967032967032967
1578,19.0,51.26315789473684,890.5096952908588,5.2631578947368425,9.66759002770083,3.8947368421052633,8.631578947368421,0.20430107526881722
1579,24.0,45.208333333333336,719.9149305555555,5.0,7.583333333333333,4.958333333333333,8.625,0.26666666666666666
1580,27.0,40.81481481481482,658.7434842249656,6.111111111111111,8.02469135802469,5.407407407407407,8.222222222222221,0.3068181818181818
1581,9.0,54.0,662.2222222222222,5.222222222222222,6.839506172839506,4.555555555555555,9.555555555555555,0.10843373493975904
1582,9.0,48.77777777777778,1030.617283950617,4.888888888888889,9.876543209876543,5.888888888888889,9.11111111111111,0.09782608695652174
1583,10.0,42.3,959.6099999999999,4.2,6.36,6.0,9.1,0.11494252873563218
1584,19.0,47.1578947368421,586.1329639889198,4.684210526315789,7.268698060941828,5.421052631578948,8.631578947368421,0.2087912087912088
1585,26.0,43.73076923076923,904.1967455621302,5.384615384615385,10.005917159763312,5.538461538461538,8.423076923076923,0.2736842105263158
1586,26.0,47.19230769230769,902.5399408284025,5.8076923076923075,7.616863905325444,5.5,8.538461538461538,0.2826086956521739
1587,26.0,54.84615384615385,940.4378698224856,6.076923076923077,9.224852071005913,4.8076923076923075,8.615384615384615,0.25742574257425743
1588,9.0,52.0,457.3333333333333,6.111111111111111,7.209876543209877,5.333333333333333,9.0,0.10588235294117647
1589,16.0,57.0,1130.375,6.3125,11.83984375,5.875,8.9375,0.16326530612244897
1590,6.0,45.833333333333336,864.4722222222221,6.0,9.666666666666666,5.333333333333333,8.333333333333334,0.06521739130434782
1591,25.0,47.16,761.7344,5.2,9.52,5.36,8.56,0.2717391304347826
1592,27.0,44.888888888888886,611.2098765432099,5.333333333333333,8.814814814814813,5.037037037037037,8.62962962962963,0.2903225806451613
1593,17.0,53.11764705882353,749.3979238754324,5.647058823529412,12.816608996539795,5.176470588235294,8.588235294117647,0.19101123595505617
1594,8.0,46.875,636.859375,5.25,8.9375,4.375,8.125,0.11764705882352941
1595,9.0,57.55555555555556,631.8024691358023,4.666666666666667,10.444444444444445,4.0,8.333333333333334,0.11538461538461539
1596,18.0,51.94444444444444,1086.0524691358025,5.833333333333333,8.249999999999998,5.888888888888889,8.944444444444445,0.18556701030927836
1597,8.0,48.875,808.359375,4.875,5.609375,5.875,8.625,0.09090909090909091
1598,26.0,46.03846153846154,930.8831360946746,6.0,5.461538461538462,4.730769230769231,8.538461538461538,0.26804123711340205
1599,15.0,56.86666666666667,596.9155555555556,5.266666666666667,6.728888888888889,5.733333333333333,8.266666666666667,0.18292682926829268
1600,12.0,51.083333333333336,985.5763888888888,4.416666666666667,5.743055555555556,4.916666666666667,8.583333333333334,0.12121212121212122
1601,18.0,53.388888888888886,509.34876543209896,5.777777777777778,9.728395061728394,6.0,8.277777777777779,0.20930232558139536
1602,10.0,47.5,855.85,5.7,3.6100000000000003,4.5,8.9,0.10869565217391304
1603,7.0,57.57142857142857,673.9591836734695,4.285714285714286,4.775510204081632,6.142857142857143,8.571428571428571,0.09090909090909091
1604,16.0,34.625,192.859375,6.375,9.984375,6.0625,8.0625,0.2962962962962963
1605,15.0,48.333333333333336,746.088888888889,6.0,6.4,6.666666666666667,8.933333333333334,0.18292682926829268
1606,21.0,50.523809523809526,948.7256235827666,4.428571428571429,7.292517006802722,4.380952380952381,8.571428571428571,0.21428571428571427
1607,8.0,52.375,901.984375,6.25,5.1875,6.5,8.875,0.09090909090909091
1608,15.0,57.13333333333333,839.5822222222222,4.866666666666666,4.515555555555554,6.066666666666666,8.4,0.16853932584269662
1609,9.0,32.44444444444444,716.9135802469137,5.888888888888889,8.543209876543209,4.777777777777778,8.88888888888889,0.11538461538461539
1610,25.0,59.6,712.5599999999998,5.24,8.5824,5.76,8.96,0.2840909090909091
1611,23.0,55.43478260869565,742.2457466918714,6.260869565217392,10.279773156899811,4.739130434782608,9.173913043478262,0.27058823529411763
1612,5.0,41.6,1211.44,5.8,7.359999999999999,6.4,8.4,0.056179775280898875
1613,25.0,40.16,855.2544,4.72,6.121600000000001,4.72,8.6,0.25510204081632654
1614,17.0,71.11764705882354,513.280276816609,5.882352941176471,12.221453287197232,5.647058823529412,8.176470588235293,0.20238095238095238
1615,25.0,46.2,750.4800000000001,4.84,8.374400000000001,4.6,8.08,0.25510204081632654
1616,24.0,48.333333333333336,687.7222222222223,5.875,10.359375,5.5,8.5,0.24242424242424243
1617,25.0,40.28,665.7216000000001,6.52,6.329599999999998,5.32,8.48,0.2777777777777778
1618,15.0,40.8,607.0933333333334,5.333333333333333,5.422222222222222,5.8,8.733333333333333,0.16853932584269662
1619,8.0,49.875,847.359375,5.375,7.234375,6.375,9.0,0.09090909090909091
1620,29.0,49.41379310344828,848.1046373365041,5.655172413793103,10.087990487514864,4.9655172413793105,8.517241379310345,0.3020833333333333
1621,27.0,52.148148148148145,629.9780521262002,5.592592592592593,10.611796982167355,6.0,8.666666666666666,0.2903225806451613
1622,19.0,49.05263157894737,660.0498614958449,5.2631578947368425,10.299168975069254,5.2631578947368425,8.31578947368421,0.2345679012345679
1623,22.0,46.81818181818182,957.6942148760331,6.863636363636363,8.481404958677688,5.7272727272727275,8.954545454545455,0.22
1624,19.0,57.473684210526315,1027.0914127423823,6.0,7.894736842105263,5.578947368421052,8.631578947368421,0.2
1625,22.0,55.68181818181818,937.9442148760329,5.954545454545454,6.588842975206612,5.7727272727272725,8.090909090909092,0.22448979591836735
1626,6.0,63.333333333333336,779.888888888889,4.666666666666667,8.888888888888888,4.666666666666667,8.333333333333334,0.08333333333333333
1627,15.0,45.666666666666664,563.8222222222222,5.2,8.293333333333335,5.866666666666666,8.666666666666666,0.18292682926829268
1628,13.0,44.30769230769231,1055.7514792899408,5.153846153846154,10.745562130177515,5.461538461538462,8.23076923076923,0.13541666666666666
1629,29.0,53.6551724137931,1185.398335315101,5.758620689655173,7.079667063020216,5.689655172413793,8.448275862068966,0.29
1630,25.0,48.6,662.2399999999999,6.0,8.08,5.0,8.28,0.2808988764044944
1631,12.0,66.25,613.3541666666666,6.166666666666667,4.638888888888888,4.75,8.333333333333334,0.14814814814814814
1632,27.0,48.148148148148145,1019.9780521262002,5.296296296296297,8.28257887517147,5.62962962962963,8.481481481481481,0.27835051546391754
1633,24.0,49.958333333333336,756.9565972222225,5.291666666666667,5.456597222222222,5.208333333333333,8.125,0.26373626373626374
1634,8.0,61.875,702.359375,6.0,6.0,5.375,7.875,0.08602150537634409
1635,26.0,48.38461538461539,823.6982248520709,5.961538461538462,9.113905325443785,5.5,8.461538461538462,0.2653061224489796
1636,10.0,43.1,766.49,5.5,7.85,6.3,7.7,0.1111111111111111
1637,13.0,49.38461538461539,527.7751479289942,6.846153846153846,5.9763313609467446,6.076923076923077,8.461538461538462,0.16883116883116883
1638,12.0,42.166666666666664,1107.3055555555557,6.0,9.833333333333334,5.083333333333333,8.666666666666666,0.12
1639,19.0,55.36842105263158,676.9695290858726,4.578947368421052,7.191135734072023,6.578947368421052,8.263157894736842,0.20652173913043478
1640,20.0,43.15,394.4275,5.55,10.747499999999999,5.3,8.25,0.2597402597402597
1641,8.0,43.125,553.359375,5.0,10.0,4.5,9.125,0.0975609756097561
1642,30.0,47.86666666666667,666.8488888888888,5.4,6.906666666666667,5.2,8.4,0.32608695652173914
1643,6.0,55.0,606.6666666666666,4.5,8.25,7.0,9.0,0.08108108108108109
1644,29.0,56.55172413793103,886.8680142687277,5.689655172413793,6.972651605231869,5.068965517241379,8.448275862068966,0.29292929292929293
1645,22.0,52.86363636363637,766.5723140495867,4.909090909090909,7.446280991735535,6.181818181818182,8.590909090909092,0.24444444444444444
1646,12.0,49.333333333333336,1027.388888888889,6.083333333333333,5.9097222222222205,4.666666666666667,8.916666666666666,0.13186813186813187
1647,30.0,52.06666666666667,997.7955555555556,6.233333333333333,6.912222222222221,4.933333333333334,8.4,0.30927835051546393
1648,25.0,57.04,530.5184000000002,5.16,7.094399999999999,6.72,8.88,0.30864197530864196
1649,28.0,54.67857142857143,1009.4323979591835,5.571428571428571,7.530612244897959,5.0,8.392857142857142,0.28
1650,11.0,60.18181818181818,593.9669421487603,5.090909090909091,7.1735537190082646,5.818181818181818,8.272727272727273,0.14666666666666667
1651,26.0,38.34615384615385,567.2263313609467,5.346153846153846,7.8417159763313595,6.461538461538462,8.192307692307692,0.26804123711340205
1652,8.0,65.625,592.484375,3.625,9.984375,5.125,8.125,0.09302325581395349
1653,17.0,49.1764705882353,794.0276816608996,4.705882352941177,3.3840830449826984,5.823529411764706,8.235294117647058,0.17
1654,9.0,37.77777777777778,411.06172839506166,6.0,7.555555555555555,6.222222222222222,8.444444444444445,0.16666666666666666
1655,30.0,49.53333333333333,742.848888888889,5.333333333333333,8.022222222222222,5.366666666666666,8.6,0.30927835051546393
1656,25.0,59.72,804.1216000000001,6.32,7.497600000000001,6.64,8.44,0.29411764705882354
1657,7.0,56.42857142857143,1145.6734693877552,5.285714285714286,2.7755102040816326,5.0,8.714285714285714,0.08333333333333333
1658,23.0,47.26086956521739,795.5841209829866,5.3478260869565215,9.61814744801512,5.608695652173913,8.304347826086957,0.24468085106382978
1659,10.0,44.1,659.69,5.4,10.84,5.3,7.4,0.10638297872340426
1660,25.0,45.64,501.75040000000007,5.28,7.881599999999999,5.64,8.76,0.28735632183908044
1661,26.0,50.03846153846154,646.8831360946746,5.5,7.865384615384615,6.153846153846154,8.615384615384615,0.29213483146067415
1662,20.0,44.95,838.8474999999999,4.55,7.247499999999998,6.6,8.95,0.2
1663,14.0,48.642857142857146,1121.9438775510205,6.142857142857143,8.122448979591837,4.714285714285714,8.214285714285714,0.14583333333333334
1664,11.0,57.90909090909091,567.900826446281,4.454545454545454,6.24793388429752,4.636363636363637,8.818181818181818,0.11578947368421053
1665,10.0,50.9,1123.89,6.1,9.290000000000001,6.5,8.8,0.10101010101010101
1666,26.0,56.5,855.4807692307693,5.3076923076923075,8.75147928994083,5.730769230769231,8.884615384615385,0.29213483146067415
1667,9.0,53.22222222222222,732.1728395061727,3.888888888888889,8.098765432098766,5.333333333333333,8.222222222222221,0.12162162162162163
1668,12.0,51.166666666666664,627.9722222222221,4.666666666666667,8.055555555555555,5.166666666666667,8.583333333333334,0.1518987341772152
1669,15.0,54.733333333333334,1062.8622222222223,5.733333333333333,6.4622222222222225,5.866666666666666,8.533333333333333,0.16483516483516483
1670,9.0,53.22222222222222,812.8395061728394,4.333333333333333,5.555555555555555,6.111111111111111,8.0,0.10843373493975904
1671,20.0,51.65,776.1275,5.85,6.2275,5.95,8.4,0.21052631578947367
1672,16.0,47.125,873.984375,5.8125,4.77734375,5.125,8.875,0.1839080459770115
1673,13.0,48.30769230769231,701.9053254437869,4.923076923076923,8.840236686390533,3.923076923076923,8.76923076923077,0.14130434782608695
1674,29.0,54.827586206896555,943.1082045184304,6.068965517241379,8.960760998810938,5.551724137931035,8.655172413793103,0.3020833333333333
1675,7.0,41.57142857142857,729.1020408163265,6.142857142857143,7.83673469387755,4.857142857142857,8.428571428571429,0.08235294117647059
1676,18.0,44.166666666666664,1185.361111111111,6.0,7.333333333333333,4.833333333333333,8.5,0.1836734693877551
1677,25.0,58.44,1054.0864,5.16,10.214400000000001,6.96,8.48,0.25510204081632654
1678,18.0,43.5,1034.4722222222222,5.777777777777778,8.395061728395062,5.333333333333333,8.222222222222221,0.19148936170212766
1679,7.0,57.42857142857143,543.9591836734694,5.714285714285714,3.3469387755102042,6.428571428571429,8.142857142857142,0.0945945945945946
1680,20.0,47.35,924.4275000000001,6.0,6.1,5.9,8.5,0.20408163265306123
1681,11.0,58.18181818181818,634.1487603305785,5.090909090909091,9.719008264462811,4.818181818181818,8.727272727272727,0.14666666666666667
1682,16.0,40.0,852.25,6.5625,3.24609375,4.4375,9.0,0.19047619047619047
1683,5.0,39.4,911.8400000000001,6.0,6.4,5.0,8.8,0.06578947368421052
1684,8.0,47.0,459.0,5.625,8.234375,5.25,8.375,0.14545454545454545
1685,19.0,45.94736842105263,1097.4182825484768,5.2631578947368425,7.983379501385041,5.7368421052631575,8.31578947368421,0.1958762886597938
1686,25.0,50.0,893.84,5.64,10.070400000000001,6.16,8.68,0.27472527472527475
1687,6.0,35.333333333333336,658.5555555555555,4.166666666666667,6.472222222222221,4.5,8.0,0.07792207792207792
1688,7.0,39.57142857142857,549.3877551020408,6.285714285714286,6.20408163265306,5.142857142857143,9.142857142857142,0.0875
1689,20.0,45.95,733.1474999999999,4.85,8.627500000000001,5.4,8.95,0.22727272727272727
1690,8.0,53.125,865.359375,5.25,5.6875,5.875,8.0,0.08695652173913043
1691,16.0,64.4375,460.49609375,5.75,8.1875,4.9375,8.125,0.20512820512820512
1692,30.0,53.333333333333336,814.2222222222222,6.266666666666667,6.328888888888888,5.033333333333333,8.466666666666667,0.30303030303030304
1693,7.0,57.42857142857143,819.6734693877551,5.714285714285714,4.20408163265306,4.0,7.714285714285714,0.07608695652173914
1694,13.0,40.38461538461539,788.6982248520709,6.3076923076923075,6.366863905325445,6.0,8.615384615384615,0.1511627906976744
1695,26.0,44.69230769230769,746.1360946745561,5.461538461538462,6.786982248520711,5.576923076923077,8.692307692307692,0.2857142857142857
1696,14.0,48.42857142857143,695.3877551020407,5.142857142857143,7.836734693877551,5.357142857142857,8.214285714285714,0.14432989690721648
1697,30.0,54.2,1031.96,5.9,7.756666666666666,5.433333333333334,8.466666666666667,0.297029702970297
1698,7.0,42.285714285714285,581.3469387755102,4.857142857142857,8.408163265306124,5.142857142857143,7.857142857142857,0.09859154929577464
1699,12.0,36.083333333333336,469.7430555555555,4.333333333333333,5.5555555555555545,4.583333333333333,8.666666666666666,0.17142857142857143
1700,21.0,53.42857142857143,954.7210884353741,5.904761904761905,8.562358276643993,5.428571428571429,8.857142857142858,0.21428571428571427
1701,6.0,41.0,104.0,8.166666666666666,5.8055555555555545,6.333333333333333,8.666666666666666,0.2
1702,9.0,45.333333333333336,783.7777777777778,4.555555555555555,4.91358024691358,5.777777777777778,9.0,0.10344827586206896
1703,15.0,63.86666666666667,755.5822222222222,6.133333333333334,7.582222222222223,5.2,8.333333333333334,0.16853932584269662
1704,21.0,46.285714285714285,1109.7278911564622,5.571428571428571,8.244897959183675,5.190476190476191,8.904761904761905,0.21428571428571427
1705,24.0,45.208333333333336,637.0815972222222,5.666666666666667,7.055555555555556,5.125,8.875,0.2727272727272727
1706,12.0,51.166666666666664,1020.8055555555555,5.916666666666667,9.743055555555555,5.833333333333333,8.916666666666666,0.12121212121212122
1707,14.0,40.07142857142857,864.3520408163265,5.785714285714286,8.311224489795917,5.357142857142857,8.857142857142858,0.15555555555555556
1708,24.0,49.583333333333336,926.3263888888888,6.083333333333333,5.076388888888888,5.833333333333333,8.083333333333334,0.24
1709,25.0,46.96,826.7583999999999,5.16,7.4944000000000015,5.48,8.52,0.2631578947368421
1710,16.0,59.6875,1011.71484375,5.3125,8.96484375,6.875,8.5625,0.16326530612244897
1711,26.0,45.73076923076923,886.8121301775146,4.653846153846154,7.149408284023668,6.076923076923077,8.461538461538462,0.26
1712,5.0,38.6,643.44,4.8,6.959999999999999,5.0,7.8,0.0684931506849315
1713,9.0,53.44444444444444,731.8024691358023,4.777777777777778,13.950617283950617,5.222222222222222,8.333333333333334,0.12
1714,19.0,47.473684210526315,752.4598337950139,5.894736842105263,4.409972299168976,6.578947368421052,8.631578947368421,0.1958762886597938
1715,9.0,38.888888888888886,554.7654320987655,5.777777777777778,9.283950617283951,6.888888888888889,8.777777777777779,0.11392405063291139
1716,27.0,53.77777777777778,547.0617283950619,6.074074074074074,7.846364883401922,5.814814814814815,8.407407407407407,0.313953488372093
1717,21.0,56.333333333333336,567.6507936507935,5.142857142857143,7.646258503401361,4.761904761904762,8.238095238095237,0.2413793103448276
1718,23.0,49.65217391304348,991.531190926276,6.173913043478261,9.013232514177696,6.695652173913044,8.521739130434783,0.24210526315789474
1719,16.0,49.5,749.0,4.875,8.359375,5.5,8.4375,0.17204301075268819
1720,6.0,25.833333333333332,379.8055555555556,4.166666666666667,7.8055555555555545,5.166666666666667,9.0,0.11320754716981132
1721,21.0,45.61904761904762,837.0929705215418,5.809523809523809,10.154195011337867,5.333333333333333,8.047619047619047,0.22826086956521738
1722,24.0,54.041666666666664,519.373263888889,4.666666666666667,6.722222222222221,6.0,8.583333333333334,0.3037974683544304
1723,17.0,39.529411764705884,1069.4256055363321,4.764705882352941,5.826989619377163,4.882352941176471,8.529411764705882,0.16831683168316833
1724,12.0,53.083333333333336,996.9097222222222,6.833333333333333,8.805555555555555,4.416666666666667,9.0,0.13333333333333333
1725,25.0,57.92,921.9136000000002,6.44,7.286400000000001,5.4,8.64,0.25252525252525254
1726,11.0,51.54545454545455,836.0661157024795,4.545454545454546,5.884297520661156,5.363636363636363,8.272727272727273,0.11224489795918367
1727,8.0,42.25,1037.1875,6.25,6.4375,6.5,8.25,0.08888888888888889
1728,17.0,44.588235294117645,704.2422145328719,5.529411764705882,6.602076124567474,6.411764705882353,8.235294117647058,0.19767441860465115
1729,18.0,63.94444444444444,702.1635802469135,6.222222222222222,6.283950617283949,5.333333333333333,8.0,0.2
1730,6.0,38.166666666666664,559.1388888888888,5.166666666666667,5.472222222222222,3.5,8.0,0.07792207792207792
1731,22.0,50.09090909090909,839.5371900826445,4.7272727272727275,6.107438016528925,5.818181818181818,9.136363636363637,0.23157894736842105
1732,9.0,43.333333333333336,838.4444444444445,6.888888888888889,3.6543209876543212,4.111111111111111,8.0,0.09473684210526316
1733,21.0,43.523809523809526,788.6303854875283,6.190476190476191,5.487528344671202,6.619047619047619,8.80952380952381,0.21428571428571427
1734,24.0,46.958333333333336,734.623263888889,5.916666666666667,8.826388888888888,6.125,8.708333333333334,0.24242424242424243
1735,14.0,64.5,827.8214285714286,4.214285714285714,7.739795918367345,4.571428571428571,8.5,0.14432989690721648
1736,12.0,38.5,568.0833333333334,7.333333333333333,6.388888888888888,5.75,8.416666666666666,0.17647058823529413
1737,26.0,41.88461538461539,622.6405325443789,5.384615384615385,8.236686390532544,5.038461538461538,8.307692307692308,0.26
1738,30.0,47.93333333333333,1011.6622222222223,5.866666666666666,10.58222222222222,5.5,8.433333333333334,0.297029702970297
1739,6.0,53.166666666666664,590.4722222222223,5.5,6.25,3.1666666666666665,8.166666666666666,0.08955223880597014
1740,21.0,40.666666666666664,695.6507936507938,6.142857142857143,8.02721088435374,4.904761904761905,8.571428571428571,0.22580645161290322
1741,29.0,56.172413793103445,725.9357907253269,4.413793103448276,9.483947681331745,5.482758620689655,8.448275862068966,0.29591836734693877
1742,11.0,55.90909090909091,364.99173553719004,4.454545454545454,7.884297520661158,4.7272727272727275,8.181818181818182,0.1527777777777778
1743,16.0,61.0,627.25,5.375,6.609375,4.3125,8.4375,0.18604651162790697
1744,11.0,40.45454545454545,692.4297520661158,4.2727272727272725,8.925619834710746,4.818181818181818,8.454545454545455,0.12790697674418605
1745,11.0,46.90909090909091,670.2644628099174,4.636363636363637,9.140495867768594,6.2727272727272725,8.272727272727273,0.12643678160919541
1746,24.0,42.916666666666664,1187.076388888889,6.208333333333333,6.414930555555556,6.125,8.833333333333334,0.25
1747,24.0,61.375,684.234375,6.041666666666667,5.289930555555556,5.75,8.291666666666666,0.27586206896551724
1748,13.0,44.0,647.0769230769231,5.384615384615385,9.928994082840235,6.384615384615385,8.615384615384615,0.14285714285714285
1749,23.0,43.65217391304348,1033.965973534972,5.521739130434782,9.466918714555764,6.6521739130434785,8.347826086956522,0.23232323232323232
1750,25.0,48.52,1003.2096,4.52,8.089599999999999,5.16,8.64,0.2604166666666667
1751,5.0,54.2,1414.16,5.6,14.64,4.6,8.6,0.056818181818181816
1752,21.0,48.19047619047619,765.8684807256235,5.571428571428571,9.482993197278912,5.9523809523809526,8.19047619047619,0.23333333333333334
1753,5.0,84.8,51.760000000000005,4.0,4.0,4.8,8.4,0.3125
1754,9.0,58.44444444444444,369.80246913580254,6.111111111111111,5.654320987654321,5.666666666666667,8.444444444444445,0.13432835820895522
1755,16.0,47.0625,1085.68359375,5.0,8.75,4.8125,8.4375,0.16842105263157894
1756,17.0,39.705882352941174,897.0311418685121,4.764705882352941,5.944636678200691,4.882352941176471,8.588235294117647,0.17346938775510204
1757,12.0,43.75,1271.5208333333333,5.333333333333333,11.055555555555557,6.166666666666667,8.416666666666666,0.12244897959183673
1758,5.0,49.2,1122.96,6.8,5.36,5.0,8.4,0.05813953488372093
1759,8.0,44.375,685.234375,6.875,8.609375,7.375,8.75,0.1111111111111111
1760,21.0,50.19047619047619,851.8684807256234,5.666666666666667,7.650793650793649,6.809523809523809,8.428571428571429,0.21875
1761,17.0,58.705882352941174,609.7370242214533,4.9411764705882355,8.996539792387544,7.294117647058823,8.647058823529411,0.1717171717171717
1762,9.0,25.11111111111111,146.320987654321,5.777777777777778,5.061728395061728,6.777777777777778,8.666666666666666,0.23076923076923078
1763,23.0,43.130434782608695,526.5482041587902,4.782608695652174,7.822306238185254,4.695652173913044,8.391304347826088,0.27058823529411763
1764,22.0,49.5,909.4318181818181,5.090909090909091,8.355371900826446,5.590909090909091,8.227272727272727,0.2391304347826087
1765,17.0,48.8235294117647,1121.4394463667818,4.235294117647059,7.826989619377163,6.882352941176471,8.882352941176471,0.17
1766,10.0,52.9,910.6899999999999,5.1,6.890000000000001,5.0,8.5,0.11235955056179775
1767,19.0,48.526315789473685,830.459833795014,4.578947368421052,4.980609418282548,4.947368421052632,8.263157894736842,0.2111111111111111
1768,23.0,56.130434782608695,468.9829867674859,4.956521739130435,8.389413988657845,4.434782608695652,8.478260869565217,0.26136363636363635
1769,25.0,46.68,699.4176,4.24,7.4624,5.6,8.36,0.2604166666666667
1770,25.0,54.44,783.0464,5.8,8.159999999999998,4.92,8.32,0.2808988764044944
1771,14.0,62.357142857142854,585.8010204081633,5.071428571428571,5.9234693877551035,5.571428571428571,8.071428571428571,0.17073170731707318
1772,27.0,41.48148148148148,818.5459533607682,5.703703703703703,7.467764060356654,5.555555555555555,8.703703703703704,0.2727272727272727
1773,20.0,56.65,826.1274999999999,5.55,10.8475,5.75,8.95,0.20833333333333334
1774,15.0,71.6,939.1733333333333,4.933333333333334,5.662222222222223,4.466666666666667,8.533333333333333,0.16304347826086957
1775,19.0,61.473684210526315,739.196675900277,5.842105263157895,10.238227146814404,4.7368421052631575,8.263157894736842,0.19387755102040816
1776,18.0,56.05555555555556,561.3858024691358,4.833333333333333,7.805555555555557,6.055555555555555,8.555555555555555,0.25
1777,30.0,50.6,739.3733333333332,5.4,9.773333333333335,5.4,8.366666666666667,0.35294117647058826
1778,13.0,55.46153846153846,710.2485207100592,5.153846153846154,9.207100591715975,5.923076923076923,8.615384615384615,0.1566265060240964
1779,18.0,52.44444444444444,927.5802469135803,6.0,6.333333333333333,5.666666666666667,8.5,0.1956521739130435
1780,19.0,42.578947368421055,669.5069252077564,6.2631578947368425,8.299168975069254,5.526315789473684,8.631578947368421,0.2159090909090909
1781,7.0,42.714285714285715,1003.061224489796,4.714285714285714,4.489795918367347,6.571428571428571,9.0,0.08235294117647059
1782,13.0,55.0,907.2307692307693,5.0,6.769230769230769,6.846153846153846,7.923076923076923,0.14285714285714285
1783,20.0,49.15,1023.3275,5.9,9.89,6.2,8.4,0.2127659574468085
1784,13.0,52.23076923076923,818.1775147928995,5.3076923076923075,8.828402366863905,4.615384615384615,8.846153846153847,0.14130434782608695
1785,22.0,57.45454545454545,768.7024793388431,5.7727272727272725,9.721074380165287,5.545454545454546,9.0,0.25287356321839083
1786,21.0,55.714285714285715,733.9183673469388,5.095238095238095,8.371882086167801,4.904761904761905,8.619047619047619,0.22826086956521738
1787,10.0,40.5,827.45,5.5,10.65,8.1,9.0,0.1111111111111111
1788,18.0,47.05555555555556,858.7191358024689,5.777777777777778,7.728395061728396,4.5,8.333333333333334,0.18181818181818182
1789,20.0,48.55,767.9475,4.9,7.69,5.35,8.2,0.21978021978021978
1790,14.0,50.42857142857143,1223.530612244898,3.642857142857143,7.229591836734693,5.928571428571429,8.642857142857142,0.14432989690721648
1791,25.0,37.24,917.3824000000002,5.64,5.6704,6.36,8.48,0.25252525252525254
1792,7.0,41.42857142857143,605.1020408163266,5.571428571428571,14.530612244897961,5.428571428571429,8.571428571428571,0.0958904109589041
1793,11.0,54.27272727272727,938.198347107438,4.818181818181818,5.603305785123967,5.090909090909091,8.272727272727273,0.125
1794,16.0,44.75,842.3125,6.25,7.0625,5.3125,8.0625,0.17777777777777778
1795,25.0,54.6,683.9199999999998,6.0,9.36,6.12,8.32,0.28735632183908044
1796,19.0,39.8421052631579,663.5013850415513,6.105263157894737,8.199445983379501,6.157894736842105,8.736842105263158,0.20212765957446807
1797,28.0,61.142857142857146,505.4795918367346,4.821428571428571,5.503826530612246,5.392857142857143,8.607142857142858,0.3333333333333333
1798,15.0,38.86666666666667,711.3155555555554,5.733333333333333,10.862222222222222,5.866666666666666,8.6,0.15625
1799,5.0,63.8,417.35999999999996,5.6,4.64,7.8,9.2,0.08333333333333333
1800,13.0,52.69230769230769,621.905325443787,5.6923076923076925,6.366863905325444,6.461538461538462,8.076923076923077,0.14130434782608695
1801,20.0,44.35,608.1275,5.75,8.2875,5.85,8.5,0.20618556701030927
1802,30.0,52.333333333333336,736.6222222222221,5.2,8.893333333333333,5.766666666666667,8.666666666666666,0.32967032967032966
1803,13.0,47.92307692307692,814.5325443786983,4.384615384615385,9.467455621301774,6.153846153846154,8.23076923076923,0.13131313131313133
1804,10.0,53.8,1277.3600000000001,4.9,8.690000000000001,6.5,8.1,0.10204081632653061
1805,27.0,48.2962962962963,566.727023319616,6.185185185185185,9.113854595336075,5.37037037037037,8.148148148148149,0.3068181818181818
1806,21.0,55.04761904761905,916.2358276643989,6.142857142857143,9.360544217687075,5.857142857142857,8.571428571428571,0.23076923076923078
1807,8.0,55.75,730.9375,7.5,6.5,5.0,8.875,0.10126582278481013
1808,13.0,46.30769230769231,805.7514792899408,5.6923076923076925,7.443786982248521,5.230769230769231,8.384615384615385,0.15476190476190477
1809,27.0,47.77777777777778,760.0246913580248,6.185185185185185,7.039780521262003,6.111111111111111,8.407407407407407,0.2903225806451613
1810,30.0,48.266666666666666,670.8622222222223,5.4,9.706666666666667,5.666666666666667,8.4,0.3225806451612903
1811,28.0,52.714285714285715,850.9897959183671,5.821428571428571,9.218112244897958,5.678571428571429,8.642857142857142,0.27722772277227725
1812,5.0,73.6,379.43999999999994,4.0,14.4,4.6,8.4,0.1111111111111111
1813,8.0,52.5,678.25,5.375,7.234375,5.625,8.75,0.09195402298850575
1814,13.0,68.07692307692308,789.7633136094674,4.384615384615385,6.698224852071006,4.538461538461538,8.615384615384615,0.13402061855670103
1815,10.0,57.1,727.0899999999999,6.6,7.840000000000001,5.2,7.9,0.12345679012345678
1816,28.0,50.42857142857143,1009.8877551020408,6.464285714285714,7.534438775510206,5.428571428571429,8.285714285714286,0.2857142857142857
1817,28.0,44.357142857142854,625.3010204081636,5.25,8.258928571428571,5.285714285714286,8.607142857142858,0.3181818181818182
1818,22.0,54.63636363636363,716.4132231404957,5.363636363636363,11.140495867768594,5.181818181818182,8.590909090909092,0.23404255319148937
1819,26.0,47.19230769230769,826.5399408284023,5.346153846153846,3.995562130177516,5.6923076923076925,8.653846153846153,0.2736842105263158
1820,19.0,47.89473684210526,732.1994459833795,5.631578947368421,9.495844875346261,5.578947368421052,8.736842105263158,0.20212765957446807
1821,28.0,53.892857142857146,574.5956632653061,5.821428571428571,7.646683673469388,6.0,8.607142857142858,0.3146067415730337
1822,20.0,48.75,858.8875,4.9,8.59,4.35,8.4,0.20833333333333334
1823,26.0,50.88461538461539,770.4097633136097,5.1923076923076925,8.232248520710057,5.6923076923076925,8.615384615384615,0.2653061224489796
1824,7.0,39.142857142857146,582.6938775510205,3.0,6.0,5.285714285714286,8.428571428571429,0.09210526315789473
1825,12.0,50.0,428.6666666666667,5.833333333333333,8.13888888888889,6.916666666666667,8.25,0.14634146341463414
1826,15.0,57.13333333333333,940.2488888888887,5.933333333333334,8.195555555555556,6.0,8.866666666666667,0.16304347826086957
1827,29.0,42.93103448275862,758.3400713436387,5.206896551724138,7.8192627824019025,4.275862068965517,8.620689655172415,0.3020833333333333
1828,30.0,42.46666666666667,735.9155555555554,4.833333333333333,9.13888888888889,4.966666666666667,8.433333333333334,0.30927835051546393
1829,26.0,45.92307692307692,635.9940828402367,4.615384615384615,7.082840236686392,6.423076923076923,8.23076923076923,0.2708333333333333
1830,6.0,45.833333333333336,561.4722222222223,4.666666666666667,3.5555555555555554,3.6666666666666665,8.333333333333334,0.08108108108108109
1831,15.0,41.2,806.5600000000001,5.4,9.44,5.0,8.866666666666667,0.15463917525773196
1832,7.0,60.57142857142857,944.5306122448981,5.285714285714286,6.775510204081633,6.0,9.0,0.0875
1833,13.0,49.23076923076923,825.2544378698227,5.230769230769231,5.8698224852071,4.923076923076923,8.153846153846153,0.16883116883116883
1834,29.0,48.206896551724135,701.8882282996432,5.827586206896552,9.108204518430437,5.9655172413793105,8.310344827586206,0.3258426966292135
1835,14.0,52.142857142857146,800.8367346938776,6.428571428571429,6.6734693877551,5.571428571428571,8.928571428571429,0.14432989690721648
1836,14.0,48.357142857142854,776.8010204081633,5.142857142857143,10.122448979591836,6.785714285714286,8.357142857142858,0.1686746987951807
1837,10.0,42.5,582.85,5.7,12.010000000000002,4.4,8.7,0.1388888888888889
1838,17.0,56.76470588235294,931.1211072664361,5.588235294117647,8.712802768166092,4.176470588235294,8.588235294117647,0.17346938775510204
1839,8.0,40.0,953.0,5.5,6.0,5.25,8.625,0.0963855421686747
1840,17.0,53.1764705882353,859.3217993079584,5.529411764705882,7.896193771626298,5.0588235294117645,7.9411764705882355,0.19540229885057472
1841,12.0,60.5,871.5833333333334,6.0,7.5,4.25,7.833333333333333,0.12244897959183673
1842,5.0,60.6,185.84,6.0,4.0,5.4,8.4,0.1388888888888889
1843,5.0,14.2,248.56,4.8,6.959999999999999,7.4,9.0,0.11627906976744186
1844,20.0,47.55,750.3475,5.3,9.61,4.8,8.6,0.21052631578947367
1845,19.0,43.63157894736842,916.7590027700832,3.9473684210526314,7.5235457063711895,5.7368421052631575,8.894736842105264,0.19387755102040816
1846,29.0,49.275862068965516,686.268727705113,5.551724137931035,10.316290130796675,5.793103448275862,8.275862068965518,0.31521739130434784
1847,30.0,41.666666666666664,748.488888888889,6.266666666666667,8.52888888888889,5.966666666666667,8.566666666666666,0.36585365853658536
1848,22.0,49.72727272727273,895.9256198347107,4.954545454545454,8.043388429752067,4.863636363636363,8.363636363636363,0.25882352941176473
1849,9.0,33.111111111111114,811.6543209876542,3.2222222222222223,4.617283950617284,5.222222222222222,8.555555555555555,0.10975609756097561
1850,5.0,66.0,488.0,6.6,1.8399999999999999,4.0,9.0,0.08333333333333333
1851,26.0,55.65384615384615,711.534023668639,4.1923076923076925,7.386094674556213,5.230769230769231,8.307692307692308,0.2765957446808511
1852,23.0,59.78260869565217,707.9092627599246,5.130434782608695,4.982986767485821,7.0,8.043478260869565,0.25555555555555554
1853,17.0,39.8235294117647,1160.9688581314879,5.352941176470588,5.875432525951556,6.0,8.529411764705882,0.16831683168316833
1854,10.0,50.2,863.9599999999998,4.9,13.290000000000001,5.5,8.4,0.12345679012345678
1855,25.0,47.92,1007.0335999999999,5.68,6.697600000000001,5.8,8.64,0.26595744680851063
1856,15.0,50.333333333333336,772.8888888888889,5.333333333333333,8.755555555555556,4.466666666666667,8.266666666666667,0.18292682926829268
1857,6.0,25.833333333333332,434.47222222222234,6.333333333333333,6.888888888888889,4.666666666666667,9.0,0.09090909090909091
1858,27.0,52.407407407407405,1028.3895747599452,5.444444444444445,9.061728395061728,5.666666666666667,8.555555555555555,0.28125
1859,6.0,52.0,793.6666666666666,4.666666666666667,7.5555555555555545,4.833333333333333,8.333333333333334,0.06741573033707865
1860,7.0,24.571428571428573,640.2448979591837,5.0,9.428571428571429,4.714285714285714,8.714285714285714,0.09090909090909091
1861,6.0,50.166666666666664,582.8055555555555,5.5,9.916666666666666,7.666666666666667,8.166666666666666,0.09836065573770492
1862,13.0,42.30769230769231,670.0591715976332,6.076923076923077,8.071005917159765,6.3076923076923075,8.923076923076923,0.16883116883116883
1863,22.0,48.72727272727273,746.1074380165289,5.818181818181818,7.876033057851242,5.909090909090909,8.136363636363637,0.23655913978494625
1864,7.0,51.714285714285715,410.7755102040816,4.285714285714286,7.9183673469387745,5.142857142857143,9.142857142857142,0.1076923076923077
1865,24.0,41.458333333333336,910.8315972222222,5.833333333333333,7.638888888888889,5.583333333333333,8.041666666666666,0.24
1866,6.0,50.333333333333336,618.5555555555555,5.5,3.9166666666666665,3.6666666666666665,8.0,0.07692307692307693
1867,29.0,45.93103448275862,924.4780023781211,5.586206896551724,8.3115338882283,5.689655172413793,8.551724137931034,0.29
1868,14.0,49.5,971.6785714285714,4.285714285714286,8.061224489795917,5.857142857142857,8.142857142857142,0.15730337078651685
1869,6.0,60.166666666666664,588.1388888888888,3.1666666666666665,2.138888888888889,6.5,8.666666666666666,0.0821917808219178
1870,29.0,57.275862068965516,925.027348394768,5.0,9.793103448275861,5.620689655172414,8.620689655172415,0.3020833333333333
1871,19.0,53.68421052631579,1069.5844875346259,4.2105263157894735,5.955678670360112,4.473684210526316,8.578947368421053,0.20212765957446807
1872,29.0,45.827586206896555,933.59096313912,5.379310344827586,8.580261593341259,5.0,8.482758620689655,0.29
1873,23.0,41.08695652173913,685.5576559546315,6.130434782608695,7.2438563327032135,5.130434782608695,8.521739130434783,0.23469387755102042
1874,10.0,55.0,953.8,6.4,10.440000000000001,6.8,8.1,0.10526315789473684
1875,12.0,62.5,888.4166666666666,5.5,3.5833333333333335,5.833333333333333,8.25,0.125
1876,25.0,47.88,884.5856000000001,5.16,9.654400000000003,5.4,8.56,0.26881720430107525
1877,30.0,44.86666666666667,951.1155555555556,5.733333333333333,8.12888888888889,5.0,8.333333333333334,0.3125
1878,7.0,66.71428571428571,921.3469387755102,5.142857142857143,2.693877551020408,4.857142857142857,9.285714285714286,0.07291666666666667
1879,17.0,60.470588235294116,561.8961937716263,7.0588235294117645,6.8788927335640135,4.529411764705882,8.470588235294118,0.20481927710843373
1880,25.0,51.52,784.1696,6.04,8.3584,5.08,8.72,0.2604166666666667
1881,10.0,28.7,723.0099999999999,6.4,6.44,6.7,8.9,0.10309278350515463
1882,7.0,65.0,1523.7142857142858,4.714285714285714,8.489795918367347,4.857142857142857,8.0,0.07368421052631578
1883,10.0,39.2,280.56,4.1,6.6899999999999995,4.4,8.9,0.18867924528301888
1884,29.0,42.689655172413794,602.3519619500594,6.482758620689655,8.11177170035672,5.310344827586207,8.275862068965518,0.32222222222222224
1885,28.0,51.32142857142857,699.1466836734693,5.678571428571429,7.860969387755104,4.035714285714286,8.75,0.3076923076923077
1886,17.0,49.94117647058823,803.2318339100347,4.823529411764706,7.9100346020761245,5.705882352941177,9.058823529411764,0.19101123595505617
1887,18.0,53.611111111111114,807.9043209876543,6.222222222222222,3.28395061728395,4.888888888888889,8.38888888888889,0.18181818181818182
1888,12.0,48.0,883.3333333333334,6.0,5.666666666666667,5.166666666666667,8.75,0.13793103448275862
1889,22.0,51.09090909090909,933.6280991735537,5.318181818181818,8.398760330578513,4.909090909090909,8.318181818181818,0.23404255319148937
1890,5.0,54.2,557.36,8.4,3.44,6.0,8.4,0.07142857142857142
1891,26.0,54.84615384615385,733.4378698224853,4.884615384615385,9.948224852071005,4.730769230769231,8.346153846153847,0.26262626262626265
1892,15.0,51.4,1433.3066666666666,4.933333333333334,5.795555555555556,5.666666666666667,8.466666666666667,0.15151515151515152
1893,14.0,47.57142857142857,1240.8163265306123,6.357142857142857,9.658163265306124,5.857142857142857,8.928571428571429,0.14
1894,16.0,41.75,895.4375,5.75,11.0625,6.125,8.875,0.17777777777777778
1895,28.0,63.82142857142857,715.7895408163265,6.107142857142857,7.738520408163265,4.892857142857143,8.678571428571429,0.2978723404255319
1896,29.0,51.172413793103445,877.039239001189,5.689655172413793,8.351961950059454,4.724137931034483,8.310344827586206,0.3118279569892473
1897,14.0,49.714285714285715,1347.918367346939,6.357142857142857,9.658163265306124,5.571428571428571,8.785714285714286,0.14432989690721648
1898,17.0,52.35294117647059,825.7577854671281,6.588235294117647,7.771626297577855,5.588235294117647,8.235294117647058,0.18085106382978725
1899,5.0,50.4,1090.24,5.6,9.440000000000001,6.6,8.2,0.060240963855421686
1900,12.0,54.583333333333336,555.2430555555555,5.583333333333333,7.576388888888889,5.25,9.25,0.15
1901,10.0,51.9,700.8900000000001,3.9,6.49,4.6,8.8,0.11235955056179775
1902,24.0,51.791666666666664,961.998263888889,5.375,10.984375,6.458333333333333,8.583333333333334,0.25
1903,22.0,54.77272727272727,787.8119834710743,5.454545454545454,7.884297520661158,5.5,8.045454545454545,0.24719101123595505
1904,5.0,52.4,901.8400000000001,5.8,12.959999999999999,7.2,7.8,0.06097560975609756
1905,29.0,40.13793103448276,967.7051129607611,6.586206896551724,6.7253269916765746,5.620689655172414,8.379310344827585,0.29292929292929293
1906,7.0,66.57142857142857,731.3877551020408,4.714285714285714,8.489795918367347,5.285714285714286,8.714285714285714,0.07368421052631578
1907,15.0,66.66666666666667,630.6222222222224,5.466666666666667,6.648888888888888,6.0,8.8,0.17647058823529413
1908,27.0,59.666666666666664,760.8888888888886,4.518518518518518,5.805212620027435,5.555555555555555,8.592592592592593,0.27835051546391754
1909,17.0,53.470588235294116,827.6608996539791,5.764705882352941,9.591695501730106,4.294117647058823,8.117647058823529,0.1717171717171717
1910,18.0,59.44444444444444,1048.6913580246912,5.5,7.361111111111111,5.0,8.5,0.1782178217821782
1911,29.0,53.3448275862069,906.6397146254459,5.862068965517241,10.187871581450654,5.413793103448276,8.620689655172415,0.30526315789473685
1912,17.0,58.35294117647059,728.228373702422,5.529411764705882,6.131487889273358,6.294117647058823,8.411764705882353,0.20481927710843373
1913,6.0,42.833333333333336,1691.138888888889,5.833333333333333,3.8055555555555554,5.666666666666667,9.333333333333334,0.0625
1914,15.0,45.0,648.4,5.8,8.16,5.733333333333333,8.6,0.1724137931034483
1915,5.0,44.4,808.24,6.0,6.8,4.4,9.0,0.07142857142857142
1916,15.0,58.4,647.9733333333332,5.866666666666666,12.115555555555554,5.333333333333333,8.666666666666666,0.17857142857142858
1917,23.0,40.17391304347826,1261.5349716446121,5.434782608695652,7.7240075614366726,5.608695652173913,8.478260869565217,0.23469387755102042
1918,14.0,50.357142857142854,913.0867346938776,6.5,5.821428571428571,5.428571428571429,8.642857142857142,0.16091954022988506
1919,8.0,76.625,240.484375,4.625,5.234375,6.25,8.75,0.17777777777777778
1920,24.0,47.0,571.1666666666666,5.5,7.583333333333333,6.083333333333333,8.208333333333334,0.3
1921,13.0,52.23076923076923,530.4852071005917,6.384615384615385,7.005917159763313,5.846153846153846,8.0,0.17105263157894737
1922,18.0,41.333333333333336,839.4444444444446,4.555555555555555,7.580246913580246,4.722222222222222,8.61111111111111,0.1836734693877551
1923,27.0,54.148148148148145,1002.718792866941,5.814814814814815,6.743484224965706,4.814814814814815,8.518518518518519,0.27835051546391754
1924,30.0,41.666666666666664,947.8888888888887,5.433333333333334,9.045555555555556,6.1,8.366666666666667,0.3
1925,8.0,42.5,1210.25,6.375,10.234375,6.375,7.875,0.0851063829787234
1926,29.0,55.96551724137931,1090.7229488703922,4.793103448275862,9.12960760998811,6.0344827586206895,8.724137931034482,0.2871287128712871
1927,17.0,53.705882352941174,568.3252595155709,6.705882352941177,8.678200692041525,6.235294117647059,8.411764705882353,0.18888888888888888
1928,14.0,54.142857142857146,712.1224489795919,6.857142857142857,8.408163265306122,5.642857142857143,8.357142857142858,0.15217391304347827
1929,28.0,46.642857142857146,701.2295918367346,6.035714285714286,9.034438775510203,5.821428571428571,8.142857142857142,0.3218390804597701
1930,12.0,47.333333333333336,670.0555555555555,4.916666666666667,5.909722222222222,5.416666666666667,8.75,0.15384615384615385
1931,17.0,52.470588235294116,872.3667820069205,4.235294117647059,3.1211072664359856,5.823529411764706,8.117647058823529,0.19101123595505617
1932,21.0,51.57142857142857,674.43537414966,5.285714285714286,9.442176870748298,4.619047619047619,8.095238095238095,0.22826086956521738
1933,21.0,48.476190476190474,1072.7256235827667,5.476190476190476,8.630385487528345,6.476190476190476,8.428571428571429,0.22105263157894736
1934,14.0,61.142857142857146,308.5510204081633,5.642857142857143,4.658163265306123,6.214285714285714,8.857142857142858,0.208955223880597
1935,10.0,53.0,483.0,6.6,7.040000000000001,6.0,9.0,0.15151515151515152
1936,22.0,49.68181818181818,1020.853305785124,4.7727272727272725,9.539256198347106,7.2727272727272725,8.272727272727273,0.2268041237113402
1937,22.0,57.81818181818182,1008.4214876033058,5.7727272727272725,8.084710743801653,5.863636363636363,7.954545454545454,0.24175824175824176
1938,10.0,42.1,631.29,5.8,7.359999999999999,5.2,8.2,0.11764705882352941
1939,5.0,37.8,472.15999999999997,5.0,4.4,5.8,8.2,0.07352941176470588
1940,11.0,63.09090909090909,825.3553719008264,4.818181818181818,8.694214876033058,6.090909090909091,8.181818181818182,0.13580246913580246
1941,27.0,41.44444444444444,822.0246913580246,4.814814814814815,5.854595336076818,5.777777777777778,8.518518518518519,0.28125
1942,5.0,45.8,868.1600000000001,4.8,14.959999999999999,5.6,8.0,0.06493506493506493
1943,19.0,44.89473684210526,1019.0415512465376,5.684210526315789,9.479224376731304,5.526315789473684,8.368421052631579,0.19791666666666666
1944,15.0,51.6,725.9733333333335,5.333333333333333,7.422222222222222,5.933333333333334,9.133333333333333,0.18292682926829268
1945,7.0,53.714285714285715,759.9183673469388,4.857142857142857,8.979591836734693,4.142857142857143,8.857142857142858,0.08045977011494253
1946,15.0,48.8,551.8933333333333,5.6,6.506666666666666,5.666666666666667,8.133333333333333,0.17045454545454544
1947,6.0,69.0,437.6666666666667,4.666666666666667,9.88888888888889,5.333333333333333,7.833333333333333,0.12
1948,18.0,55.888888888888886,738.5432098765433,5.777777777777778,9.283950617283953,5.666666666666667,8.5,0.20224719101123595
1949,15.0,45.13333333333333,743.5822222222222,5.4,10.106666666666666,5.066666666666666,8.866666666666667,0.16483516483516483
1950,12.0,51.25,842.6875,6.75,5.020833333333333,4.5,8.083333333333334,0.1276595744680851
1951,10.0,44.2,737.1600000000001,5.6,5.640000000000001,5.6,9.0,0.10101010101010101
1952,18.0,46.27777777777778,822.9783950617284,5.5,7.694444444444445,4.555555555555555,8.833333333333334,0.1956521739130435
1953,15.0,61.733333333333334,801.3955555555555,6.333333333333333,7.2888888888888905,6.666666666666667,8.4,0.17647058823529413
1954,8.0,41.625,423.484375,6.125,5.609375,5.25,8.125,0.1095890410958904
1955,24.0,46.958333333333336,943.6232638888888,5.041666666666667,10.789930555555557,5.5,8.125,0.2727272727272727
1956,8.0,43.375,881.484375,6.625,5.734375,6.0,8.75,0.08333333333333333
1957,10.0,60.9,1020.49,5.4,7.839999999999999,6.8,8.8,0.10989010989010989
1958,16.0,45.875,823.109375,5.375,10.984375,4.9375,8.6875,0.1702127659574468
1959,10.0,54.3,503.01000000000005,5.0,5.8,5.4,8.7,0.15625
1960,17.0,64.88235294117646,547.9861591695502,5.764705882352941,8.650519031141869,5.9411764705882355,8.470588235294118,0.22077922077922077
1961,24.0,44.041666666666664,1037.873263888889,5.333333333333333,8.63888888888889,5.458333333333333,8.958333333333334,0.2727272727272727
1962,30.0,43.56666666666667,833.8455555555556,5.633333333333334,8.098888888888888,6.266666666666667,8.7,0.32967032967032966
1963,11.0,56.36363636363637,508.7768595041323,3.909090909090909,3.900826446280992,5.636363636363637,8.454545454545455,0.1506849315068493
1964,28.0,51.142857142857146,844.3367346938774,5.107142857142857,8.809948979591837,5.535714285714286,8.678571428571429,0.2857142857142857
1965,23.0,47.52173913043478,950.5103969754252,6.217391304347826,6.86578449905482,6.0,8.434782608695652,0.24210526315789474
1966,12.0,48.416666666666664,762.0763888888888,5.5,7.416666666666667,6.333333333333333,8.416666666666666,0.1411764705882353
1967,27.0,53.22222222222222,556.6913580246915,5.296296296296297,9.838134430727026,5.481481481481482,8.518518518518519,0.29347826086956524
1968,25.0,46.56,800.7264,5.0,10.4,5.48,8.56,0.25252525252525254
1969,8.0,56.875,636.859375,6.125,2.609375,5.625,8.25,0.09523809523809523
1970,27.0,51.148148148148145,800.4965706447185,5.555555555555555,9.432098765432098,4.925925925925926,8.74074074074074,0.27835051546391754
1971,24.0,51.583333333333336,934.0763888888888,4.666666666666667,9.055555555555555,6.708333333333333,8.333333333333334,0.2376237623762376
1972,15.0,49.86666666666667,755.0488888888889,5.866666666666666,8.782222222222222,3.4,8.6,0.16129032258064516
1973,27.0,48.925925925925924,679.9204389574761,5.222222222222222,5.802469135802467,5.7407407407407405,8.703703703703704,0.3176470588235294
1974,10.0,51.2,383.96,4.1,6.290000000000001,5.0,8.5,0.12345679012345678
1975,18.0,46.77777777777778,721.6172839506174,5.388888888888889,7.4598765432098775,5.611111111111111,8.5,0.23376623376623376
1976,19.0,55.0,843.1578947368421,6.578947368421052,8.664819944598339,5.315789473684211,8.526315789473685,0.2087912087912088
1977,8.0,52.625,1125.484375,6.125,10.109375,6.375,8.5,0.08
1978,16.0,38.8125,747.27734375,5.9375,6.93359375,5.5,8.5625,0.17777777777777778
1979,28.0,50.75,391.9017857142857,5.035714285714286,6.463010204081634,5.892857142857143,8.535714285714286,0.37333333333333335
1980,23.0,44.73913043478261,706.7145557655955,5.260869565217392,7.236294896030247,5.521739130434782,8.08695652173913,0.24731182795698925
1981,17.0,51.11764705882353,993.6332179930796,5.411764705882353,7.065743944636677,4.588235294117647,9.058823529411764,0.1717171717171717
1982,10.0,31.9,547.29,3.8,4.36,5.3,7.9,0.14084507042253522
1983,18.0,57.5,746.8055555555555,5.222222222222222,8.395061728395062,5.5,8.166666666666666,0.20454545454545456
1984,26.0,47.53846153846154,817.094674556213,6.269230769230769,7.042899408284027,5.423076923076923,8.653846153846153,0.2736842105263158
1985,27.0,51.22222222222222,799.5061728395062,4.703703703703703,5.912208504801099,5.777777777777778,8.592592592592593,0.27
1986,17.0,53.8235294117647,795.910034602076,4.9411764705882355,6.761245674740485,6.176470588235294,8.529411764705882,0.18478260869565216
1987,19.0,56.94736842105263,981.7340720221607,5.421052631578948,8.033240997229916,6.0,8.157894736842104,0.1958762886597938
1988,18.0,47.388888888888886,1026.2376543209875,5.333333333333333,7.222222222222222,5.5,8.444444444444445,0.1782178217821782
1989,5.0,41.0,371.2,4.4,1.8399999999999999,4.0,8.4,0.09090909090909091
1990,22.0,55.36363636363637,652.7768595041322,4.409090909090909,4.241735537190082,5.181818181818182,8.727272727272727,0.2391304347826087
1991,7.0,61.0,1069.142857142857,4.571428571428571,10.530612244897961,4.285714285714286,7.428571428571429,0.08235294117647059
1992,6.0,56.166666666666664,311.8055555555556,5.833333333333333,5.8055555555555545,5.5,8.5,0.1111111111111111
1993,19.0,50.26315789473684,916.1939058171746,5.315789473684211,8.110803324099724,5.105263157894737,7.947368421052632,0.19791666666666666
1994,18.0,48.5,688.4722222222222,6.111111111111111,6.987654320987654,5.222222222222222,8.277777777777779,0.21428571428571427
1995,9.0,57.888888888888886,616.320987654321,7.111111111111111,6.320987654320987,4.444444444444445,7.888888888888889,0.1232876712328767
1996,17.0,46.8235294117647,1005.204152249135,5.470588235294118,9.19031141868512,5.705882352941177,8.588235294117647,0.1717171717171717
1997,23.0,38.08695652173913,985.905482041588,5.304347826086956,7.689981096408318,6.260869565217392,8.782608695652174,0.23469387755102042
1998,17.0,52.294117647058826,961.031141868512,5.117647058823529,6.927335640138407,6.294117647058823,8.352941176470589,0.16831683168316833
1999,6.0,51.333333333333336,1017.8888888888888,7.0,7.333333333333333,3.8333333333333335,8.333333333333334,0.06896551724137931
2000,25.0,50.48,1014.8896,6.0,7.36,4.12,8.4,0.24752475247524752
2001,20.0,15.45,70.24750000000002,33.2,117.85999999999999,5.0,1.85,0.6451612903225806
2002,27.0,12.88888888888889,81.28395061728398,34.666666666666664,116.14814814814817,5.444444444444445,2.5925925925925926,0.9
2003,6.0,13.666666666666666,50.88888888888889,28.333333333333332,42.22222222222222,7.166666666666667,2.6666666666666665,0.3
2004,10.0,19.2,74.35999999999999,36.1,53.09000000000001,7.9,2.4,0.3448275862068966
2005,18.0,17.5,83.91666666666667,31.11111111111111,108.65432098765432,3.611111111111111,1.7222222222222223,0.6206896551724138
2006,8.0,13.125,16.109375,37.875,150.609375,5.25,2.125,0.5714285714285714
2007,28.0,15.107142857142858,83.45280612244896,32.92857142857143,120.13775510204083,6.321428571428571,1.7142857142857142,0.9333333333333333
2008,15.0,11.8,74.29333333333335,32.6,86.37333333333335,4.666666666666667,2.6666666666666665,0.5
2009,9.0,13.666666666666666,81.11111111111111,33.55555555555556,165.35802469135803,3.3333333333333335,2.2222222222222223,0.32142857142857145
2010,30.0,16.666666666666668,62.422222222222224,33.06666666666667,119.2622222222222,6.533333333333333,2.066666666666667,1.0714285714285714
2011,23.0,11.652173913043478,46.31379962192816,33.52173913043478,117.11909262759922,6.695652173913044,1.8695652173913044,0.7931034482758621
2012,21.0,14.333333333333334,85.36507936507937,32.904761904761905,86.2766439909297,3.0952380952380953,2.0952380952380953,0.7
2013,20.0,17.2,81.46000000000001,32.6,98.84000000000002,5.05,2.4,0.6451612903225806
2014,19.0,13.31578947368421,58.321329639889214,36.05263157894737,98.15512465373962,5.7894736842105265,2.1578947368421053,0.6785714285714286
2015,14.0,14.642857142857142,58.65816326530611,32.57142857142857,131.24489795918367,5.285714285714286,1.7142857142857142,0.5185185185185185
2016,16.0,14.625,110.359375,36.375,114.859375,5.3125,2.4375,0.5161290322580645
2017,22.0,14.727272727272727,85.2892561983471,29.636363636363637,111.77685950413225,7.090909090909091,1.5909090909090908,0.7333333333333333
2018,17.0,16.058823529411764,94.29065743944636,32.8235294117647,62.85121107266435,5.588235294117647,1.9411764705882353,0.5666666666666667
2019,21.0,16.666666666666668,80.5079365079365,30.0,74.0,3.3333333333333335,1.9523809523809523,0.7
2020,8.0,16.5,77.75,36.875,94.859375,6.625,1.5,0.27586206896551724
2021,15.0,11.6,72.77333333333333,26.0,83.6,4.2,1.9333333333333333,0.5769230769230769
2022,11.0,12.454545454545455,69.52066115702479,30.181818181818183,53.421487603305785,3.090909090909091,2.5454545454545454,0.36666666666666664
2023,11.0,13.0,46.90909090909091,34.90909090909091,123.90082644628097,5.909090909090909,1.3636363636363635,0.5
2024,6.0,16.166666666666668,60.47222222222222,41.0,82.66666666666667,5.666666666666667,1.8333333333333333,0.25
2025,7.0,11.714285714285714,45.91836734693878,32.42857142857143,161.10204081632654,6.0,3.0,0.3888888888888889
2026,21.0,18.714285714285715,52.10884353741498,30.714285714285715,106.29931972789116,5.380952380952381,1.7619047619047619,0.84
2027,29.0,15.758620689655173,78.11414982164091,35.10344827586207,100.09274673008319,5.103448275862069,2.0344827586206895,0.9354838709677419
2028,28.0,14.107142857142858,81.59566326530611,33.285714285714285,107.48979591836734,5.714285714285714,2.0,0.9032258064516129
2029,29.0,15.206896551724139,73.26753864447086,29.93103448275862,110.20214030915578,5.137931034482759,2.206896551724138,0.9666666666666667
2030,7.0,10.857142857142858,78.40816326530613,34.42857142857143,159.67346938775512,7.142857142857143,2.0,0.2692307692307692
2031,29.0,14.344827586206897,62.70868014268729,33.6551724137931,153.32936979785967,5.344827586206897,2.206896551724138,1.0
2032,26.0,16.307692307692307,65.59763313609469,34.46153846153846,84.55621301775146,5.884615384615385,2.0,0.8387096774193549
2033,26.0,14.576923076923077,68.01331360946746,36.0,118.3076923076923,5.730769230769231,1.8076923076923077,0.8387096774193549
2034,19.0,14.210526315789474,64.27146814404432,32.73684210526316,157.03601108033243,4.947368421052632,1.631578947368421,0.7037037037037037
2035,21.0,16.285714285714285,66.48979591836735,36.476190476190474,102.53514739229024,7.095238095238095,2.1904761904761907,0.7777777777777778
2036,22.0,12.090909090909092,80.35537190082644,34.77272727272727,61.8119834710744,4.409090909090909,1.9090909090909092,0.7333333333333333
2037,8.0,13.625,67.984375,26.875,136.859375,4.375,0.625,0.32
2038,20.0,17.4,73.93999999999998,33.95,65.64750000000002,4.65,1.55,0.6896551724137931
2039,11.0,15.636363636363637,57.50413223140497,29.181818181818183,113.05785123966943,4.363636363636363,2.090909090909091,0.36666666666666664
2040,19.0,15.526315789473685,50.88088642659281,33.526315789473685,104.0387811634349,5.631578947368421,1.6842105263157894,0.6785714285714286
2041,27.0,16.88888888888889,82.69135802469138,33.333333333333336,124.07407407407406,4.407407407407407,2.0,0.9
2042,24.0,12.791666666666666,89.08159722222221,32.875,108.19270833333333,5.333333333333333,1.875,0.7741935483870968
2043,8.0,14.625,33.984375,30.0,44.0,8.0,2.75,0.47058823529411764
2044,10.0,14.3,91.61000000000001,30.4,69.04,5.2,2.4,0.3333333333333333
2045,5.0,17.6,117.44000000000001,35.4,106.24000000000001,4.4,3.0,0.16666666666666666
2046,7.0,21.714285714285715,66.20408163265306,33.142857142857146,114.6938775510204,7.285714285714286,2.0,0.2692307692307692
2047,15.0,15.4,78.50666666666666,36.2,114.82666666666667,4.266666666666667,1.8,0.5
2048,29.0,17.0,59.03448275862069,28.0,81.44827586206897,4.758620689655173,2.586206896551724,0.9666666666666667
2049,22.0,14.636363636363637,78.95867768595042,28.727272727272727,109.56198347107438,4.863636363636363,1.7727272727272727,0.7333333333333333
2050,13.0,15.76923076923077,62.485207100591715,31.615384615384617,125.62130177514791,4.0,1.8461538461538463,0.4642857142857143
2051,21.0,14.047619047619047,93.75963718820863,31.428571428571427,124.14965986394557,4.904761904761905,2.0,0.6774193548387096
2052,6.0,16.5,118.58333333333333,34.666666666666664,110.55555555555556,4.666666666666667,2.5,0.20689655172413793
2053,18.0,18.38888888888889,81.79320987654323,31.5,110.47222222222223,6.444444444444445,1.8333333333333333,0.5806451612903226
2054,9.0,23.333333333333332,63.55555555555557,31.444444444444443,47.80246913580247,5.222222222222222,2.3333333333333335,0.3103448275862069
2055,10.0,15.7,79.41,26.6,62.44,4.0,1.4,0.35714285714285715
2056,23.0,12.08695652173913,84.60113421550093,32.26086956521739,130.19281663516068,5.869565217391305,1.7826086956521738,0.7419354838709677
2057,30.0,15.166666666666666,65.33888888888889,31.7,95.01,5.066666666666666,1.5,1.0
2058,13.0,14.923076923076923,104.84023668639053,32.46153846153846,90.55621301775149,7.153846153846154,1.8461538461538463,0.43333333333333335
2059,17.0,20.41176470588235,30.124567474048444,29.58823529411765,103.30103806228374,5.352941176470588,1.411764705882353,0.7727272727272727
2060,28.0,14.285714285714286,51.48979591836735,32.035714285714285,85.8201530612245,6.214285714285714,2.3214285714285716,0.9333333333333333
2061,30.0,14.266666666666667,92.46222222222221,33.666666666666664,127.82222222222224,5.333333333333333,2.0,0.967741935483871
2062,25.0,15.6,71.68,29.32,98.77759999999998,5.4,2.2,0.8620689655172413
2063,19.0,18.105263157894736,76.30470914127424,32.0,122.63157894736842,4.842105263157895,1.6842105263157894,0.6785714285714286
2064,28.0,13.464285714285714,75.74872448979592,32.357142857142854,140.01530612244898,4.5,2.392857142857143,0.9032258064516129
2065,23.0,12.652173913043478,65.0094517958412,30.391304347826086,79.62948960302457,4.913043478260869,2.0869565217391304,0.8518518518518519
2066,16.0,11.5,82.5,34.3125,105.71484375,5.5625,2.0625,0.5161290322580645
2067,14.0,20.5,47.67857142857143,31.857142857142858,101.40816326530611,1.9285714285714286,2.5714285714285716,0.6086956521739131
2068,27.0,15.666666666666666,81.4074074074074,33.44444444444444,85.72839506172839,4.851851851851852,1.8518518518518519,0.9
2069,25.0,16.96,70.6784,36.52,73.60959999999999,5.2,1.56,0.8928571428571429
2070,25.0,12.08,51.03360000000001,32.04,118.0384,5.4,2.52,0.9259259259259259
2071,27.0,15.222222222222221,63.654320987654316,31.074074074074073,146.88340192043896,4.962962962962963,1.5555555555555556,1.0
2072,8.0,12.125,92.109375,37.625,86.484375,6.75,2.0,0.32
2073,23.0,17.17391304347826,81.79584120982987,31.608695652173914,90.75992438563328,5.0,2.0869565217391304,0.7666666666666667
2074,14.0,16.285714285714285,103.9183673469388,31.857142857142858,138.1224489795918,4.928571428571429,2.2857142857142856,0.5
2075,5.0,11.4,38.64,33.2,78.16,8.0,2.2,0.3125
2076,30.0,16.266666666666666,73.86222222222221,34.46666666666667,118.11555555555559,5.733333333333333,2.033333333333333,0.967741935483871
2077,14.0,15.642857142857142,80.37244897959184,35.0,110.57142857142857,4.928571428571429,1.4285714285714286,0.4827586206896552
2078,25.0,14.44,65.68639999999999,35.0,57.28,5.68,2.04,0.8333333333333334
2079,7.0,15.714285714285714,63.061224489795926,30.428571428571427,80.53061224489795,3.7142857142857144,2.2857142857142856,0.2916666666666667
2080,18.0,15.61111111111111,80.45987654320989,34.55555555555556,101.2469135802469,5.388888888888889,1.8888888888888888,0.6206896551724138
2081,28.0,14.607142857142858,93.66709183673473,33.142857142857146,113.55102040816328,5.821428571428571,2.3214285714285716,0.9032258064516129
2082,17.0,13.0,71.76470588235294,30.058823529411764,138.87889273356402,7.352941176470588,1.6470588235294117,0.6296296296296297
2083,13.0,15.384615384615385,83.31360946745562,33.61538461538461,69.31360946745563,5.076923076923077,1.9230769230769231,0.43333333333333335
2084,25.0,15.24,101.38239999999998,30.44,99.76640000000002,4.52,1.84,0.8620689655172413
2085,30.0,16.933333333333334,73.39555555555555,32.46666666666667,104.11555555555557,4.933333333333334,2.1333333333333333,1.0714285714285714
2086,29.0,17.06896551724138,83.37455410225922,33.0,118.27586206896552,5.586206896551724,1.6551724137931034,0.9354838709677419
2087,27.0,13.592592592592593,68.31550068587106,35.48148148148148,102.32373113854595,6.222222222222222,1.7407407407407407,1.0
2088,12.0,11.916666666666666,80.0763888888889,34.5,125.41666666666667,5.0,1.0833333333333333,0.42857142857142855
2089,10.0,9.8,45.76,30.3,137.21000000000004,3.9,1.7,0.47619047619047616
2090,18.0,14.5,79.13888888888889,30.72222222222222,113.0895061728395,4.555555555555555,2.0555555555555554,0.6
2091,15.0,13.933333333333334,88.3288888888889,30.466666666666665,95.71555555555553,3.6,2.1333333333333333,0.5555555555555556
2092,10.0,8.6,41.839999999999996,30.1,45.290000000000006,6.1,1.8,0.45454545454545453
2093,14.0,9.5,67.96428571428571,36.5,74.96428571428571,4.357142857142857,2.7857142857142856,0.4666666666666667
2094,13.0,12.0,62.61538461538461,31.692307692307693,91.28994082840237,6.230769230769231,1.5384615384615385,0.41935483870967744
2095,22.0,15.227272727272727,52.63016528925619,35.45454545454545,103.70247933884298,6.590909090909091,2.409090909090909,0.7586206896551724
2096,13.0,10.23076923076923,53.100591715976336,30.692307692307693,68.98224852071006,5.923076923076923,1.5384615384615385,0.5416666666666666
2097,17.0,11.176470588235293,90.49826989619378,29.176470588235293,90.85121107266436,6.294117647058823,2.588235294117647,0.5483870967741935
2098,18.0,17.11111111111111,77.09876543209877,35.77777777777778,78.61728395061728,5.0,1.8888888888888888,0.6
2099,13.0,13.615384615384615,56.082840236686394,29.384615384615383,151.46745562130178,7.461538461538462,2.5384615384615383,0.5416666666666666
2100,28.0,17.821428571428573,60.075255102040835,32.32142857142857,123.36096938775509,4.392857142857143,1.7857142857142858,0.9333333333333333
2101,27.0,16.62962962962963,69.0480109739369,37.55555555555556,75.87654320987652,4.592592592592593,2.2222222222222223,0.9642857142857143
2102,24.0,15.166666666666666,98.47222222222223,33.083333333333336,79.07638888888887,6.0,1.7083333333333333,0.8275862068965517
2103,16.0,18.25,76.0625,30.8125,83.90234375,6.0,2.3125,0.6153846153846154
2104,22.0,12.454545454545455,56.15702479338843,32.0,127.81818181818181,5.181818181818182,2.1818181818181817,0.8148148148148148
2105,23.0,14.043478260869565,84.04158790170132,34.130434782608695,70.2873345935728,4.608695652173913,1.7391304347826086,0.7419354838709677
2106,5.0,23.8,32.96,33.0,84.8,3.0,2.8,0.29411764705882354
2107,10.0,14.9,94.68999999999997,36.7,54.40999999999999,6.3,2.8,0.3225806451612903
2108,8.0,18.75,84.9375,28.5,173.5,3.375,1.625,0.27586206896551724
2109,5.0,12.8,3.7600000000000002,35.4,67.84,4.6,2.6,0.8333333333333334
2110,17.0,17.0,81.88235294117646,33.35294117647059,83.87543252595155,6.294117647058823,2.0,0.5483870967741935
2111,13.0,12.923076923076923,95.9171597633136,29.0,111.84615384615384,5.923076923076923,2.5384615384615383,0.4482758620689655
2112,25.0,14.12,75.54559999999998,34.08,98.95360000000001,5.72,2.6,0.8333333333333334
2113,17.0,17.941176470588236,84.99653979238754,35.94117647058823,124.87889273356402,6.235294117647059,2.2941176470588234,0.5666666666666667
2114,14.0,14.214285714285714,53.5969387755102,30.928571428571427,153.35204081632654,4.285714285714286,2.7857142857142856,0.56
2115,16.0,15.0,81.5,31.1875,100.27734375,3.9375,2.1875,0.5333333333333333
2116,23.0,15.478260869565217,103.03213610586013,36.69565217391305,117.16824196597352,4.304347826086956,2.130434782608696,0.7419354838709677
2117,29.0,15.827586206896552,98.34958382877525,35.13793103448276,104.18787158145064,4.862068965517241,2.2413793103448274,0.9354838709677419
2118,27.0,14.222222222222221,51.283950617283956,34.148148148148145,123.23731138545955,6.185185185185185,2.259259259259259,1.2272727272727273
2119,11.0,13.727272727272727,98.19834710743804,29.454545454545453,94.79338842975207,5.909090909090909,2.1818181818181817,0.3548387096774194
2120,9.0,13.88888888888889,71.87654320987653,30.555555555555557,61.35802469135802,6.0,2.111111111111111,0.3333333333333333
2121,13.0,16.307692307692307,100.67455621301775,36.61538461538461,88.08284023668638,4.230769230769231,1.2307692307692308,0.48148148148148145
2122,26.0,13.538461538461538,82.24852071005918,33.80769230769231,112.77071005917159,4.8076923076923075,2.423076923076923,0.8387096774193549
2123,15.0,18.8,67.09333333333332,31.133333333333333,105.58222222222221,5.733333333333333,1.8666666666666667,0.5555555555555556
2124,24.0,16.125,84.109375,31.75,135.02083333333334,6.666666666666667,2.3333333333333335,0.8275862068965517
2125,13.0,15.076923076923077,57.91715976331362,37.61538461538461,91.00591715976333,5.6923076923076925,2.1538461538461537,0.5416666666666666
2126,22.0,17.5,82.1590909090909,33.54545454545455,86.15702479338842,5.136363636363637,1.5454545454545454,0.8148148148148148
2127,29.0,15.448275862068966,87.2128418549346,36.03448275862069,85.96432818073723,6.931034482758621,1.4482758620689655,0.9666666666666667
2128,29.0,14.689655172413794,94.1450653983353,35.06896551724138,85.65041617122475,6.0344827586206895,1.896551724137931,0.9354838709677419
2129,12.0,15.416666666666666,80.40972222222223,33.833333333333336,82.97222222222221,4.833333333333333,2.1666666666666665,0.4444444444444444
2130,25.0,14.92,92.4736,33.84,122.29440000000001,6.8,1.56,0.8064516129032258
2131,20.0,11.4,109.34,33.45,102.54750000000001,5.65,2.05,0.6451612903225806
2132,19.0,13.947368421052632,68.26038781163436,30.789473684210527,147.6398891966759,6.894736842105263,1.8421052631578947,0.7037037037037037
2133,29.0,15.241379310344827,79.83828775267538,36.37931034482759,120.0285374554102,5.620689655172414,1.7586206896551724,1.0
2134,15.0,15.533333333333333,73.04888888888887,32.0,61.733333333333334,6.4,2.3333333333333335,0.5
2135,21.0,12.761904761904763,74.84807256235828,36.142857142857146,103.36054421768706,5.285714285714286,2.1904761904761907,0.6774193548387096
2136,26.0,13.615384615384615,64.31360946745563,37.07692307692308,101.07100591715978,6.115384615384615,1.6538461538461537,0.9285714285714286
2137,28.0,14.357142857142858,60.586734693877546,34.892857142857146,127.80994897959185,4.821428571428571,2.4285714285714284,0.9032258064516129
2138,28.0,15.857142857142858,103.62244897959182,34.107142857142854,74.09566326530613,5.107142857142857,1.5714285714285714,0.9032258064516129
2139,16.0,15.6875,69.58984375,33.25,114.5625,4.5625,1.8125,0.5925925925925926
2140,16.0,12.9375,75.43359375,36.4375,144.87109375,5.8125,2.375,0.5333333333333333
2141,28.0,16.142857142857142,81.40816326530613,34.142857142857146,101.9081632653061,5.571428571428571,1.9285714285714286,0.9032258064516129
2142,17.0,14.941176470588236,37.5847750865052,35.35294117647059,83.40484429065744,6.176470588235294,2.235294117647059,0.7727272727272727
2143,13.0,15.0,48.92307692307692,36.69230769230769,90.36686390532545,4.923076923076923,2.1538461538461537,0.48148148148148145
2144,6.0,13.333333333333334,69.55555555555556,34.5,90.91666666666667,5.666666666666667,1.5,0.2608695652173913
2145,11.0,6.2727272727272725,33.107438016528924,29.181818181818183,115.60330578512395,5.0,2.272727272727273,0.6111111111111112
2146,12.0,19.75,64.6875,28.25,118.6875,7.75,2.5,0.48
2147,17.0,13.588235294117647,71.06574394463667,28.235294117647058,81.12110726643598,5.294117647058823,1.8235294117647058,0.6071428571428571
2148,27.0,16.962962962962962,74.10973936899863,32.629629629629626,98.30727023319614,6.592592592592593,1.4814814814814814,1.0384615384615385
2149,20.0,17.25,84.4875,36.55,94.64750000000001,4.75,1.8,0.6666666666666666
2150,18.0,15.055555555555555,71.3858024691358,31.22222222222222,115.95061728395063,5.944444444444445,2.2222222222222223,0.6206896551724138
2151,28.0,12.428571428571429,81.31632653061224,33.07142857142857,87.4234693877551,5.714285714285714,1.8214285714285714,0.9655172413793104
2152,25.0,15.16,75.01439999999998,31.76,102.98239999999998,5.2,2.72,0.9259259259259259
2153,12.0,15.583333333333334,105.24305555555556,28.25,103.35416666666667,7.25,1.4166666666666667,0.41379310344827586
2154,17.0,12.0,70.58823529411765,38.0,84.0,7.0588235294117645,1.7647058823529411,0.6071428571428571
2155,14.0,15.785714285714286,68.16836734693878,31.285714285714285,109.06122448979592,5.571428571428571,1.6428571428571428,0.5
2156,7.0,12.428571428571429,48.81632653061224,30.714285714285715,93.06122448979592,5.0,1.1428571428571428,0.35
2157,15.0,14.0,67.73333333333333,29.333333333333332,65.15555555555555,8.133333333333333,2.2,0.5
2158,19.0,16.105263157894736,83.98891966759004,33.31578947368421,133.05817174515232,5.2631578947368425,2.0526315789473686,0.6551724137931034
2159,21.0,16.19047619047619,77.77324263038547,35.666666666666664,79.84126984126985,5.714285714285714,2.238095238095238,0.7241379310344828
2160,29.0,17.137931034482758,70.11890606420926,34.172413793103445,82.48751486325803,6.310344827586207,1.793103448275862,1.0
2161,18.0,14.055555555555555,46.27469135802469,33.666666666666664,105.22222222222223,3.0555555555555554,2.0,0.782608695652174
2162,5.0,12.4,104.24000000000004,32.0,79.6,2.8,1.2,0.16129032258064516
2163,21.0,15.714285714285714,67.3469387755102,29.571428571428573,129.67346938775512,7.142857142857143,1.9047619047619047,0.6774193548387096
2164,28.0,14.035714285714286,72.39158163265306,32.857142857142854,104.83673469387752,5.392857142857143,1.6428571428571428,0.9333333333333333
2165,13.0,13.692307692307692,65.90532544378696,33.23076923076923,130.79289940828403,5.923076923076923,2.0,0.48148148148148145
2166,10.0,14.0,41.4,31.4,59.64,6.1,2.9,0.43478260869565216
2167,29.0,15.482758620689655,68.66349583828774,32.55172413793103,119.35077288941737,6.448275862068965,2.1379310344827585,1.0
2168,9.0,13.333333333333334,90.22222222222223,29.22222222222222,100.83950617283952,3.111111111111111,1.8888888888888888,0.3103448275862069
2169,5.0,15.0,61.6,36.0,160.8,4.4,1.4,0.23809523809523808
2170,15.0,14.266666666666667,80.06222222222223,31.666666666666668,112.48888888888887,4.533333333333333,2.4,0.5172413793103449
2171,10.0,15.1,90.49000000000001,27.6,104.64000000000001,7.0,0.9,0.3448275862068966
2172,10.0,14.7,112.01000000000002,32.1,77.49000000000001,5.3,1.4,0.38461538461538464
2173,7.0,17.285714285714285,110.20408163265309,33.285714285714285,150.20408163265304,8.571428571428571,1.2857142857142858,0.22580645161290322
2174,5.0,23.0,60.4,32.2,117.75999999999999,4.6,2.4,0.2777777777777778
2175,28.0,12.321428571428571,79.07525510204083,32.07142857142857,83.85204081632651,4.285714285714286,2.0357142857142856,0.9333333333333333
2176,14.0,16.214285714285715,77.59693877551021,27.642857142857142,68.37244897959184,7.285714285714286,2.0,0.5185185185185185
2177,19.0,14.736842105263158,110.08864265927978,30.57894736842105,78.34903047091412,6.052631578947368,2.1578947368421053,0.6129032258064516
2178,10.0,12.9,94.48999999999998,34.0,114.0,7.9,2.3,0.37037037037037035
2179,25.0,16.12,66.2656,34.12,88.18560000000001,6.68,2.16,0.9259259259259259
2180,22.0,16.727272727272727,80.01652892561984,35.86363636363637,104.84504132231405,5.0,1.7727272727272727,0.7096774193548387
2181,19.0,13.789473684210526,68.27146814404432,35.1578947368421,129.606648199446,5.684210526315789,1.9473684210526316,0.6785714285714286
2182,27.0,17.296296296296298,91.46776406035666,29.296296296296298,119.02331961591223,5.2592592592592595,1.9259259259259258,0.8709677419354839
2183,8.0,14.0,83.5,33.0,80.5,4.625,2.625,0.3076923076923077
2184,19.0,12.526315789473685,57.828254847645425,33.05263157894737,116.99722991689752,6.2631578947368425,2.0,0.7307692307692307
2185,14.0,17.357142857142858,80.37244897959184,29.0,98.85714285714286,4.357142857142857,2.357142857142857,0.5
2186,18.0,17.333333333333332,61.77777777777778,30.666666666666668,57.88888888888888,3.7777777777777777,2.1666666666666665,0.6206896551724138
2187,29.0,14.758620689655173,63.70035671819263,32.206896551724135,129.81926278240192,6.137931034482759,1.4482758620689655,0.9666666666666667
2188,22.0,13.5,97.43181818181819,33.40909090909091,95.51446280991735,5.7727272727272725,2.227272727272727,0.7096774193548387
2189,15.0,14.466666666666667,93.8488888888889,34.93333333333333,52.595555555555556,4.666666666666667,2.533333333333333,0.5555555555555556
2190,6.0,11.666666666666666,128.55555555555554,32.333333333333336,44.22222222222223,6.666666666666667,1.8333333333333333,0.21428571428571427
2191,30.0,13.433333333333334,96.91222222222223,31.666666666666668,115.02222222222223,5.033333333333333,1.9666666666666666,0.967741935483871
2192,22.0,11.318181818181818,66.76239669421487,30.0,90.72727272727273,7.409090909090909,1.4090909090909092,0.8461538461538461
2193,30.0,18.6,74.44000000000001,30.1,104.89000000000001,5.466666666666667,1.7333333333333334,1.0
2194,22.0,13.363636363636363,86.95867768595043,33.63636363636363,82.77685950413223,6.590909090909091,1.7272727272727273,0.7096774193548387
2195,23.0,14.478260869565217,49.03213610586012,31.26086956521739,99.062381852552,7.391304347826087,1.6521739130434783,0.8518518518518519
2196,17.0,11.764705882352942,92.53287197231833,31.058823529411764,137.5847750865052,4.0,1.8823529411764706,0.5666666666666667
2197,30.0,16.0,65.6,34.86666666666667,116.44888888888886,6.366666666666666,1.6333333333333333,1.0
2198,17.0,13.0,62.470588235294116,31.0,112.58823529411765,4.647058823529412,1.7058823529411764,0.5862068965517241
2199,5.0,11.8,50.16,29.6,84.24,4.6,2.4,0.23809523809523808
2200,19.0,15.789473684210526,58.06094182825485,31.157894736842106,152.44875346260392,5.052631578947368,2.263157894736842,0.6785714285714286
2201,24.0,14.916666666666666,81.90972222222224,33.583333333333336,76.74305555555554,4.666666666666667,1.8333333333333333,0.8275862068965517
2202,7.0,12.0,85.42857142857143,30.285714285714285,129.06122448979593,6.285714285714286,1.8571428571428572,0.25925925925925924
2203,13.0,13.76923076923077,61.254437869822496,28.76923076923077,108.94674556213016,3.6153846153846154,1.8461538461538463,0.4642857142857143
2204,9.0,11.444444444444445,78.91358024691357,28.0,90.44444444444444,4.888888888888889,1.7777777777777777,0.32142857142857145
2205,25.0,15.28,72.76159999999999,32.4,110.32000000000002,4.36,1.48,0.8928571428571429
2206,26.0,14.923076923076923,62.455621301775146,31.5,76.9423076923077,5.5,1.8846153846153846,0.896551724137931
2207,9.0,16.444444444444443,50.46913580246913,30.666666666666668,71.55555555555556,6.111111111111111,1.3333333333333333,0.3333333333333333
2208,21.0,14.619047619047619,76.61678004535146,29.952380952380953,97.09297052154196,5.666666666666667,2.0952380952380953,0.75
2209,28.0,16.5,75.75,34.42857142857143,78.10204081632654,5.571428571428571,2.142857142857143,0.9333333333333333
2210,9.0,15.88888888888889,55.65432098765432,24.444444444444443,45.802469135802475,5.777777777777778,2.4444444444444446,0.34615384615384615
2211,24.0,13.833333333333334,64.1388888888889,34.291666666666664,86.28993055555556,6.583333333333333,2.0416666666666665,0.8888888888888888
2212,18.0,18.61111111111111,63.12654320987656,30.61111111111111,69.45987654320987,4.444444444444445,1.9444444444444444,0.6
2213,8.0,16.5,46.25,35.75,61.4375,6.625,2.125,0.36363636363636365
2214,13.0,12.538461538461538,95.32544378698225,33.76923076923077,110.79289940828401,4.0,2.230769230769231,0.48148148148148145
2215,21.0,12.285714285714286,49.156462585034,35.38095238095238,82.71201814058955,5.333333333333333,1.9523809523809523,0.7777777777777778
2216,29.0,14.724137931034482,62.682520808561236,31.655172413793103,128.9155766944114,6.482758620689655,2.0344827586206895,1.0
2217,22.0,17.727272727272727,93.3801652892562,35.90909090909091,79.08264462809919,6.318181818181818,1.8636363636363635,0.7857142857142857
2218,17.0,12.352941176470589,69.16955017301039,30.235294117647058,92.17993079584777,6.352941176470588,2.235294117647059,0.5666666666666667
2219,8.0,17.25,48.4375,36.25,69.9375,4.5,1.0,0.38095238095238093
2220,24.0,14.583333333333334,80.24305555555556,33.291666666666664,40.53993055555556,5.958333333333333,2.6666666666666665,0.8
2221,26.0,16.03846153846154,68.49852071005915,33.0,76.76923076923077,4.153846153846154,1.8461538461538463,0.8387096774193549
2222,21.0,14.238095238095237,68.75283446712017,34.095238095238095,73.22902494331066,5.571428571428571,1.8095238095238095,0.7
2223,22.0,16.454545454545453,72.702479338843,34.81818181818182,100.69421487603307,4.909090909090909,1.8636363636363635,0.7586206896551724
2224,16.0,14.0,88.875,31.125,104.734375,4.5625,2.0,0.5925925925925926
2225,24.0,17.375,60.651041666666664,32.333333333333336,115.38888888888887,5.75,1.3333333333333333,0.7741935483870968
2226,22.0,15.863636363636363,90.20867768595042,29.772727272727273,120.448347107438,5.7727272727272725,2.1363636363636362,0.7096774193548387
2227,5.0,14.6,45.040000000000006,27.0,106.0,4.4,2.4,0.2777777777777778
2228,21.0,15.571428571428571,93.8639455782313,35.142857142857146,100.6938775510204,4.619047619047619,1.6666666666666667,0.6774193548387096
2229,10.0,11.8,77.76000000000002,32.2,93.96,6.2,2.2,0.3448275862068966
2230,5.0,11.8,90.55999999999999,32.2,107.35999999999999,6.0,1.6,0.1724137931034483
2231,7.0,16.142857142857142,53.26530612244898,30.428571428571427,69.95918367346938,5.0,2.0,0.2916666666666667
2232,25.0,10.72,76.0416,31.4,101.44,7.0,1.76,0.9259259259259259
2233,19.0,12.842105263157896,117.81717451523548,33.421052631578945,121.92797783933517,5.526315789473684,1.8421052631578947,0.6129032258064516
2234,16.0,15.25,93.4375,34.6875,97.83984375,5.0625,2.3125,0.5161290322580645
2235,14.0,15.928571428571429,80.78061224489795,33.714285714285715,83.63265306122449,5.642857142857143,2.0714285714285716,0.4827586206896552
2236,8.0,14.75,88.1875,35.5,57.25,5.25,3.125,0.2857142857142857
2237,22.0,12.818181818181818,56.512396694214864,28.90909090909091,108.71900826446277,4.909090909090909,2.0,0.7586206896551724
2238,17.0,13.764705882352942,64.65051903114188,27.41176470588235,96.35986159169549,6.176470588235294,1.8823529411764706,0.6296296296296297
2239,16.0,19.0,62.125,29.375,71.859375,5.4375,2.4375,0.6666666666666666
2240,7.0,13.857142857142858,78.40816326530613,38.0,66.85714285714286,6.0,1.7142857142857142,0.2916666666666667
2241,26.0,11.23076923076923,66.71597633136095,30.576923076923077,93.93639053254438,5.769230769230769,1.9230769230769231,0.896551724137931
2242,12.0,12.75,74.52083333333333,30.833333333333332,77.1388888888889,6.666666666666667,1.5833333333333333,0.4444444444444444
2243,28.0,13.571428571428571,66.17346938775512,35.42857142857143,108.95918367346941,5.75,2.1785714285714284,0.9655172413793104
2244,13.0,13.692307692307692,42.36686390532544,34.53846153846154,76.71005917159763,4.461538461538462,2.4615384615384617,0.5652173913043478
2245,5.0,18.4,63.04,41.4,64.24000000000001,6.2,2.6,0.2631578947368421
2246,22.0,12.681818181818182,72.03512396694215,31.727272727272727,115.10743801652892,7.2272727272727275,2.0,0.7857142857142857
2247,17.0,13.705882352941176,78.56055363321798,30.0,96.82352941176471,4.764705882352941,2.0588235294117645,0.6071428571428571
2248,29.0,12.620689655172415,75.4768133174792,32.37931034482759,134.5112960760999,6.793103448275862,1.6896551724137931,1.0357142857142858
2249,22.0,11.5,59.15909090909091,29.681818181818183,134.85330578512395,6.136363636363637,1.6818181818181819,0.88
2250,27.0,16.51851851851852,73.9533607681756,32.074074074074076,83.84636488340193,5.2592592592592595,1.962962962962963,0.9
2251,15.0,15.733333333333333,83.1288888888889,31.466666666666665,55.44888888888889,5.266666666666667,2.6666666666666665,0.5357142857142857
2252,7.0,15.0,33.142857142857146,31.714285714285715,106.77551020408161,6.428571428571429,2.2857142857142856,0.3684210526315789
2253,22.0,12.636363636363637,90.59504132231405,33.54545454545455,75.61157024793388,5.2727272727272725,2.5454545454545454,0.7096774193548387
2254,5.0,16.0,30.8,33.8,82.56000000000002,6.2,1.6,0.3125
2255,30.0,14.266666666666667,95.79555555555558,30.9,128.62333333333333,6.666666666666667,1.9333333333333333,0.967741935483871
2256,21.0,13.571428571428571,79.7687074829932,30.857142857142858,112.7891156462585,6.761904761904762,1.9047619047619047,0.7241379310344828
2257,26.0,13.961538461538462,59.652366863905335,32.11538461538461,125.25591715976333,5.5,1.6538461538461537,0.9629629629629629
2258,21.0,14.666666666666666,78.03174603174602,34.523809523809526,93.10657596371883,5.761904761904762,2.5238095238095237,0.7241379310344828
2259,20.0,13.45,93.54749999999999,33.2,97.36,5.55,1.9,0.6451612903225806
2260,7.0,19.571428571428573,92.81632653061226,38.285714285714285,61.91836734693878,7.0,2.0,0.2692307692307692
2261,11.0,10.636363636363637,74.04958677685951,30.181818181818183,125.23966942148762,8.0,2.4545454545454546,0.4074074074074074
2262,30.0,17.9,67.82333333333334,34.96666666666667,120.43222222222221,5.066666666666666,2.3666666666666667,1.0
2263,14.0,18.5,104.82142857142857,33.714285714285715,123.63265306122449,5.5,2.5,0.4666666666666667
2264,10.0,17.8,73.16,34.7,99.81,6.4,1.6,0.4
2265,8.0,18.0,57.0,28.75,125.9375,7.375,1.125,0.32
2266,24.0,15.916666666666666,86.82638888888887,34.416666666666664,107.15972222222223,4.333333333333333,2.1666666666666665,0.7741935483870968
2267,30.0,14.9,65.22333333333333,27.666666666666668,69.62222222222222,5.333333333333333,2.033333333333333,1.0
2268,27.0,17.37037037037037,62.97393689986281,29.48148148148148,124.1755829903978,3.259259259259259,1.8888888888888888,1.08
2269,27.0,16.962962962962962,86.7764060356653,32.51851851851852,60.47187928669409,5.703703703703703,2.111111111111111,0.9310344827586207
2270,11.0,13.727272727272727,106.74380165289259,31.454545454545453,127.15702479338843,6.545454545454546,2.0,0.3793103448275862
2271,5.0,16.2,15.76,43.4,57.839999999999996,2.8,3.0,0.45454545454545453
2272,24.0,16.208333333333332,82.66493055555554,30.708333333333332,108.28993055555554,5.166666666666667,1.7916666666666667,0.7741935483870968
2273,5.0,10.2,33.36,33.0,110.0,4.6,2.6,0.2777777777777778
2274,18.0,15.11111111111111,59.4320987654321,34.94444444444444,99.94135802469133,4.888888888888889,2.3333333333333335,0.6923076923076923
2275,29.0,15.655172413793103,51.39833531510109,33.06896551724138,97.7193816884661,5.655172413793103,2.3448275862068964,1.1153846153846154
2276,8.0,15.875,46.859375,36.0,60.5,4.75,1.875,0.3333333333333333
2277,29.0,14.310344827586206,96.07609988109394,34.793103448275865,116.57788347205707,5.0,2.0,0.9354838709677419
2278,12.0,14.833333333333334,79.47222222222221,40.333333333333336,90.88888888888887,5.0,1.6666666666666667,0.41379310344827586
2279,14.0,10.857142857142858,68.55102040816327,31.571428571428573,141.10204081632654,7.142857142857143,2.2857142857142856,0.4666666666666667
2280,25.0,12.28,64.5216,32.16,102.37439999999998,5.72,2.16,0.9259259259259259
2281,17.0,11.117647058823529,75.39792387543254,31.647058823529413,102.11072664359861,4.764705882352941,2.176470588235294,0.6071428571428571
2282,17.0,17.235294117647058,57.826989619377166,34.294117647058826,87.38408304498272,5.882352941176471,1.3529411764705883,0.5666666666666667
2283,13.0,12.153846153846153,52.28402366863906,33.92307692307692,83.6094674556213,4.0,1.3846153846153846,0.5652173913043478
2284,18.0,14.222222222222221,69.39506172839506,36.0,96.44444444444444,4.444444444444445,2.111111111111111,0.5806451612903226
2285,23.0,14.173913043478262,77.96975425330812,29.0,104.08695652173913,5.782608695652174,2.5652173913043477,0.7666666666666667
2286,6.0,18.5,25.916666666666668,29.166666666666668,114.80555555555554,6.833333333333333,2.1666666666666665,0.35294117647058826
2287,14.0,15.857142857142858,74.26530612244896,28.785714285714285,92.45408163265306,5.5,1.7142857142857142,0.45161290322580644
2288,29.0,15.275862068965518,67.44114149821641,30.413793103448278,93.41498216409038,6.620689655172414,1.9655172413793103,1.0357142857142858
2289,7.0,14.714285714285714,85.63265306122447,34.714285714285715,102.20408163265304,2.5714285714285716,2.7142857142857144,0.2692307692307692
2290,9.0,15.444444444444445,91.58024691358024,30.22222222222222,95.06172839506172,5.111111111111111,2.4444444444444446,0.3333333333333333
2291,15.0,15.866666666666667,69.58222222222224,32.53333333333333,130.7822222222222,4.8,2.4,0.5
2292,28.0,14.5,70.96428571428571,30.964285714285715,109.2487244897959,4.928571428571429,2.25,0.9333333333333333
2293,27.0,16.48148148148148,81.50891632373114,34.44444444444444,110.09876543209877,4.222222222222222,1.5555555555555556,0.8709677419354839
2294,25.0,16.96,65.15840000000001,30.92,119.67360000000001,4.52,2.4,0.9259259259259259
2295,21.0,12.428571428571429,70.14965986394557,28.666666666666668,112.88888888888893,4.428571428571429,1.8095238095238095,0.7241379310344828
2296,8.0,12.75,69.6875,34.125,54.359375,5.25,1.625,0.2857142857142857
2297,11.0,13.181818181818182,79.42148760330579,32.63636363636363,87.14049586776859,2.909090909090909,1.9090909090909092,0.3793103448275862
2298,21.0,12.714285714285714,41.53741496598639,33.857142857142854,110.59863945578233,6.619047619047619,2.380952380952381,0.9545454545454546
2299,18.0,16.27777777777778,65.53395061728396,30.666666666666668,114.77777777777777,4.555555555555555,2.0555555555555554,0.6428571428571429
2300,25.0,12.96,52.9184,34.24,74.18239999999999,6.28,2.04,1.0
2301,8.0,15.0,81.25,33.5,122.75,4.75,2.25,0.25806451612903225
2302,16.0,15.8125,49.27734375,34.125,112.609375,5.0625,2.25,0.5714285714285714
2303,28.0,15.821428571428571,47.28954081632654,33.535714285714285,116.74872448979593,5.785714285714286,2.4642857142857144,0.9655172413793104
2304,18.0,14.833333333333334,72.47222222222221,31.444444444444443,151.2469135802469,5.555555555555555,2.1666666666666665,0.6206896551724138
2305,12.0,15.5,81.08333333333333,29.416666666666668,63.07638888888889,5.0,1.6666666666666667,0.4
2306,8.0,13.625,77.484375,36.125,19.859375,5.625,2.375,0.3076923076923077
2307,22.0,14.318181818181818,102.03512396694215,35.95454545454545,79.58884297520662,5.363636363636363,1.5,0.7096774193548387
2308,16.0,14.5,62.5,32.5625,123.24609375,5.125,2.3125,0.6153846153846154
2309,15.0,16.333333333333332,68.48888888888888,34.8,141.0933333333333,6.4,1.6666666666666667,0.5555555555555556
2310,19.0,10.631578947368421,69.28531855955679,29.526315789473685,124.67036011080332,5.684210526315789,2.263157894736842,0.6333333333333333
2311,7.0,16.714285714285715,113.91836734693878,41.0,41.42857142857143,3.857142857142857,1.8571428571428572,0.23333333333333334
2312,22.0,15.545454545454545,99.33884297520659,35.86363636363637,108.2995867768595,6.7272727272727275,1.7727272727272727,0.7096774193548387
2313,26.0,14.384615384615385,88.23668639053257,32.96153846153846,99.8831360946746,5.653846153846154,2.0384615384615383,0.8666666666666667
2314,29.0,14.862068965517242,95.77407847800242,31.103448275862068,135.40309155766946,5.482758620689655,1.9310344827586208,0.9666666666666667
2315,29.0,16.448275862068964,51.97146254458978,29.17241379310345,107.31510107015458,6.482758620689655,2.0,0.9666666666666667
2316,29.0,14.551724137931034,89.07491082045183,31.93103448275862,109.23662306777643,5.068965517241379,1.9310344827586208,1.0
2317,28.0,16.75,86.11607142857143,29.428571428571427,126.53061224489798,6.285714285714286,1.4285714285714286,0.9032258064516129
2318,6.0,18.833333333333332,86.80555555555554,28.666666666666668,63.888888888888886,6.833333333333333,1.5,0.2222222222222222
2319,15.0,15.0,110.13333333333334,30.6,59.57333333333334,4.933333333333334,2.1333333333333333,0.5
2320,9.0,17.88888888888889,32.543209876543216,31.88888888888889,123.4320987654321,5.888888888888889,3.4444444444444446,0.5294117647058824
2321,13.0,15.846153846153847,85.20710059171599,31.076923076923077,116.07100591715974,4.615384615384615,0.9230769230769231,0.5
2322,20.0,15.15,48.12749999999999,29.55,68.64750000000001,5.95,2.0,0.6896551724137931
2323,26.0,11.5,71.78846153846153,31.346153846153847,97.457100591716,4.961538461538462,2.1923076923076925,0.896551724137931
2324,28.0,16.464285714285715,84.82015306122449,29.964285714285715,81.17729591836735,5.214285714285714,2.2857142857142856,0.9333333333333333
2325,10.0,16.2,59.96,31.0,122.8,5.4,2.0,0.35714285714285715
2326,21.0,15.0,110.19047619047619,31.761904761904763,131.70521541950112,4.619047619047619,1.9047619047619047,0.7
2327,19.0,17.68421052631579,93.05817174515236,33.89473684210526,82.40997229916897,6.526315789473684,2.263157894736842,0.6551724137931034
2328,13.0,10.692307692307692,75.59763313609466,38.92307692307692,40.22485207100591,3.8461538461538463,2.6923076923076925,0.41935483870967744
2329,16.0,14.125,76.359375,33.25,106.6875,5.9375,2.4375,0.5925925925925926
2330,16.0,12.5625,70.87109375,34.5625,118.12109375,7.375,2.0,0.5333333333333333
2331,24.0,12.041666666666666,77.20659722222221,27.541666666666668,97.33159722222224,5.0,2.2083333333333335,0.8275862068965517
2332,20.0,15.2,103.55999999999999,30.15,83.4275,5.4,2.05,0.6451612903225806
2333,5.0,9.6,67.84,38.8,70.96000000000001,4.8,1.8,0.21739130434782608
2334,29.0,14.827586206896552,65.59096313912009,32.206896551724135,127.75029726516051,5.758620689655173,1.9655172413793103,1.0357142857142858
2335,7.0,14.285714285714286,39.91836734693878,34.42857142857143,103.6734693877551,6.0,1.8571428571428572,0.3181818181818182
2336,13.0,13.615384615384615,86.69822485207102,26.384615384615383,93.92899408284023,4.769230769230769,1.6923076923076923,0.4482758620689655
2337,11.0,13.818181818181818,56.512396694214864,36.27272727272727,146.92561983471074,6.454545454545454,1.6363636363636365,0.39285714285714285
2338,6.0,10.333333333333334,56.55555555555555,25.0,44.666666666666664,5.666666666666667,1.3333333333333333,0.2727272727272727
2339,27.0,15.777777777777779,78.0246913580247,32.370370370370374,81.3443072702332,4.222222222222222,1.9259259259259258,0.8709677419354839
2340,14.0,14.357142857142858,92.51530612244899,32.142857142857146,99.6938775510204,5.0,2.5714285714285716,0.5
2341,29.0,18.482758620689655,75.5600475624257,35.275862068965516,102.4756242568371,5.379310344827586,2.3793103448275863,0.9666666666666667
2342,10.0,13.0,106.2,32.2,150.56,5.6,1.8,0.3225806451612903
2343,19.0,15.31578947368421,98.42659279778391,34.10526315789474,125.14681440443215,4.526315789473684,1.894736842105263,0.6129032258064516
2344,6.0,21.5,52.583333333333336,28.166666666666668,76.13888888888889,5.333333333333333,1.8333333333333333,0.2608695652173913
2345,12.0,15.25,75.85416666666667,36.25,44.354166666666664,4.25,2.4166666666666665,0.4
2346,12.0,17.75,75.1875,32.833333333333336,165.1388888888889,4.166666666666667,2.1666666666666665,0.41379310344827586
2347,18.0,16.88888888888889,30.098765432098762,28.666666666666668,110.33333333333334,3.5555555555555554,2.0,0.9
2348,19.0,16.94736842105263,52.89196675900278,30.36842105263158,85.60110803324099,6.631578947368421,2.0526315789473686,0.7307692307692307
2349,7.0,20.0,43.42857142857143,36.857142857142854,71.55102040816327,4.857142857142857,1.8571428571428572,0.3181818181818182
2350,19.0,13.105263157894736,80.09418282548476,30.210526315789473,108.58725761772853,5.2631578947368425,2.1052631578947367,0.6551724137931034
2351,19.0,13.947368421052632,74.3656509695291,31.0,102.63157894736842,5.368421052631579,2.4210526315789473,0.6333333333333333
2352,8.0,16.875,82.859375,28.25,75.4375,3.375,1.5,0.2962962962962963
2353,6.0,20.333333333333332,77.55555555555556,39.333333333333336,120.8888888888889,5.166666666666667,1.8333333333333333,0.2222222222222222
2354,18.0,12.0,80.22222222222223,28.61111111111111,29.904320987654316,3.888888888888889,1.9444444444444444,0.6206896551724138
2355,12.0,17.5,78.58333333333333,32.333333333333336,127.8888888888889,6.833333333333333,1.75,0.42857142857142855
2356,21.0,14.523809523809524,98.15419501133788,33.38095238095238,118.4263038548753,5.9523809523809526,2.2857142857142856,0.7
2357,16.0,16.9375,46.68359375,33.8125,83.52734375,5.125,1.4375,0.6666666666666666
2358,9.0,11.444444444444445,90.02469135802468,33.22222222222222,139.9506172839506,6.333333333333333,2.0,0.3
2359,13.0,16.0,77.07692307692308,32.23076923076923,127.5621301775148,4.3076923076923075,2.3076923076923075,0.5
2360,28.0,16.857142857142858,69.40816326530611,31.107142857142858,62.66709183673469,6.892857142857143,1.6071428571428572,1.037037037037037
2361,14.0,18.857142857142858,62.40816326530612,27.071428571428573,71.06632653061226,6.071428571428571,2.857142857142857,0.5185185185185185
2362,28.0,14.464285714285714,81.46301020408164,31.642857142857142,112.30102040816325,5.464285714285714,2.0,0.9333333333333333
2363,16.0,14.3125,39.08984375,33.375,79.734375,3.875,1.5625,0.8
2364,6.0,14.666666666666666,46.55555555555555,31.666666666666668,172.88888888888889,7.833333333333333,2.6666666666666665,0.2727272727272727
2365,6.0,19.0,36.0,37.333333333333336,79.8888888888889,5.333333333333333,1.8333333333333333,0.3157894736842105
2366,28.0,15.321428571428571,77.43239795918366,31.428571428571427,59.88775510204083,6.428571428571429,2.107142857142857,0.9032258064516129
2367,16.0,15.4375,72.99609375,29.3125,107.08984375,4.875,1.875,0.5333333333333333
2368,29.0,12.586206896551724,73.07015457788347,32.41379310344828,94.65636147443522,5.862068965517241,1.3103448275862069,0.9666666666666667
2369,20.0,14.5,83.15,34.75,101.6875,5.45,2.2,0.6451612903225806
2370,17.0,17.11764705882353,96.92733564013841,31.941176470588236,104.76124567474051,5.764705882352941,2.1176470588235294,0.5666666666666667
2371,19.0,15.368421052631579,73.70637119113574,31.36842105263158,90.12742382271468,4.578947368421052,1.9473684210526316,0.6129032258064516
2372,13.0,13.461538461538462,121.47928994082842,30.46153846153846,134.71005917159763,7.615384615384615,1.7692307692307692,0.43333333333333335
2373,17.0,12.764705882352942,50.53287197231834,33.05882352941177,109.70242214532873,4.764705882352941,2.2941176470588234,0.6538461538461539
2374,14.0,12.785714285714286,87.73979591836735,33.714285714285715,97.34693877551021,4.857142857142857,1.2857142857142858,0.45161290322580644
2375,16.0,13.6875,62.33984375,37.3125,90.58984375,3.8125,1.9375,0.6153846153846154
2376,11.0,18.0,80.54545454545455,32.54545454545455,95.70247933884298,7.2727272727272725,1.2727272727272727,0.3793103448275862
2377,18.0,14.333333333333334,64.22222222222223,30.555555555555557,92.91358024691357,6.888888888888889,1.5,0.6206896551724138
2378,5.0,13.0,56.8,27.2,140.56,9.8,1.4,0.22727272727272727
2379,13.0,14.0,74.0,37.30769230769231,103.28994082840237,6.461538461538462,2.1538461538461537,0.5
2380,13.0,14.692307692307692,95.59763313609467,31.53846153846154,109.1715976331361,5.846153846153846,1.4615384615384615,0.41935483870967744
2381,19.0,15.842105263157896,83.39612188365652,33.421052631578945,92.55955678670358,6.157894736842105,1.2105263157894737,0.6333333333333333
2382,28.0,14.892857142857142,61.09566326530613,32.0,120.07142857142857,4.821428571428571,2.107142857142857,1.037037037037037
2383,16.0,13.9375,54.93359375,32.375,106.484375,3.5,1.8125,0.6153846153846154
2384,15.0,14.8,69.36,33.6,79.70666666666668,5.733333333333333,2.4,0.5172413793103449
2385,14.0,13.714285714285714,44.06122448979592,33.07142857142857,139.78061224489798,4.142857142857143,2.357142857142857,0.4827586206896552
2386,22.0,14.545454545454545,84.70247933884298,31.40909090909091,85.33264462809917,5.863636363636363,1.9090909090909092,0.7586206896551724
2387,5.0,17.0,101.2,32.0,81.6,6.4,2.4,0.2
2388,29.0,16.413793103448278,68.31153388822831,33.89655172413793,81.26516052318667,6.0344827586206895,1.4827586206896552,0.9666666666666667
2389,22.0,16.545454545454547,98.24793388429752,31.363636363636363,115.9586776859504,5.590909090909091,1.5909090909090908,0.7857142857142857
2390,13.0,15.615384615384615,73.62130177514793,32.69230769230769,81.28994082840237,2.6153846153846154,2.6153846153846154,0.4642857142857143
2391,8.0,12.875,47.859375,32.0,144.5,3.625,2.0,0.36363636363636365
2392,30.0,13.866666666666667,88.31555555555555,28.766666666666666,83.84555555555559,6.133333333333334,1.7333333333333334,0.967741935483871
2393,8.0,12.625,75.234375,39.75,71.4375,4.25,1.375,0.3076923076923077
2394,13.0,17.153846153846153,41.360946745562124,37.61538461538461,105.0059171597633,5.153846153846154,2.0,0.5416666666666666
2395,17.0,17.41176470588235,100.24221453287196,30.294117647058822,140.91349480968861,6.294117647058823,2.0588235294117645,0.5483870967741935
2396,20.0,15.2,35.96,27.35,65.3275,6.3,1.75,0.9090909090909091
2397,16.0,15.9375,87.68359375,36.0625,94.18359375,7.1875,2.1875,0.5333333333333333
2398,28.0,15.5,78.39285714285714,34.214285714285715,68.38265306122449,7.0,2.2857142857142856,0.9333333333333333
2399,14.0,13.642857142857142,53.51530612244898,33.07142857142857,84.9234693877551,3.7857142857142856,2.2142857142857144,0.5
2400,13.0,13.461538461538462,88.09467455621301,35.07692307692308,83.301775147929,5.923076923076923,2.3076923076923075,0.4642857142857143
2401,8.0,17.125,94.609375,38.375,32.734375,5.0,2.125,0.27586206896551724
2402,24.0,15.75,90.10416666666667,34.416666666666664,99.0763888888889,5.166666666666667,2.2083333333333335,0.7741935483870968
2403,23.0,12.956521739130435,88.73724007561435,32.52173913043478,146.85822306238182,5.6521739130434785,2.130434782608696,0.7419354838709677
2404,13.0,10.461538461538462,53.017751479289956,30.923076923076923,50.53254437869823,7.076923076923077,1.9230769230769231,0.43333333333333335
2405,22.0,14.409090909090908,103.0599173553719,36.68181818181818,131.30785123966945,4.5,1.8636363636363635,0.7096774193548387
2406,18.0,14.333333333333334,64.77777777777777,33.72222222222222,107.2006172839506,5.833333333333333,2.2222222222222223,0.6
2407,9.0,17.0,63.333333333333336,37.77777777777778,108.8395061728395,4.333333333333333,1.4444444444444444,0.34615384615384615
2408,8.0,11.875,54.859375,29.0,93.75,5.5,1.875,0.36363636363636365
2409,11.0,20.09090909090909,81.17355371900827,34.54545454545455,114.97520661157024,4.181818181818182,2.0,0.3548387096774194
2410,26.0,12.115384615384615,48.255917159763314,34.57692307692308,114.8594674556213,6.538461538461538,2.1923076923076925,0.896551724137931
2411,15.0,15.133333333333333,110.91555555555556,34.4,73.30666666666666,6.466666666666667,2.1333333333333333,0.4838709677419355
2412,27.0,16.11111111111111,75.28395061728395,32.74074074074074,97.30315500685869,6.444444444444445,1.9259259259259258,0.9
2413,5.0,8.6,73.44,33.2,158.16000000000003,1.4,1.8,0.23809523809523808
2414,10.0,15.0,84.0,31.4,105.64000000000001,6.5,1.7,0.3448275862068966
2415,13.0,16.307692307692307,100.21301775147928,29.153846153846153,107.82248520710058,5.769230769230769,1.8461538461538463,0.4482758620689655
2416,23.0,12.304347826086957,78.73345935727788,35.21739130434783,111.99621928166353,2.9130434782608696,1.8695652173913044,0.7666666666666667
2417,5.0,18.6,101.84,32.6,92.24000000000001,6.2,2.0,0.1724137931034483
2418,17.0,13.882352941176471,100.57439446366782,32.1764705882353,102.73356401384086,5.235294117647059,2.176470588235294,0.5862068965517241
2419,22.0,14.909090909090908,78.90082644628097,33.77272727272727,89.72107438016529,5.909090909090909,2.0,0.7586206896551724
2420,15.0,15.266666666666667,78.46222222222221,33.733333333333334,121.79555555555558,5.4,1.6666666666666667,0.5357142857142857
2421,5.0,8.6,53.839999999999996,33.2,122.55999999999999,3.0,2.2,0.25
2422,16.0,15.5,57.875,30.3125,58.71484375,6.0,1.625,0.5925925925925926
2423,7.0,20.857142857142858,41.55102040816326,27.0,82.0,5.142857142857143,2.142857142857143,0.35
2424,5.0,10.4,70.24,37.8,62.96,6.0,2.0,0.20833333333333334
2425,9.0,13.666666666666666,53.99999999999999,33.44444444444444,138.2469135802469,6.666666666666667,2.0,0.42857142857142855
2426,12.0,16.5,57.916666666666664,30.666666666666668,141.22222222222223,4.916666666666667,2.0,0.5
2427,5.0,15.8,74.96000000000001,31.4,89.84,6.0,2.0,0.20833333333333334
2428,30.0,16.533333333333335,78.91555555555554,33.766666666666666,111.71222222222222,4.333333333333333,2.033333333333333,0.967741935483871
2429,8.0,15.75,130.9375,33.875,106.609375,6.25,2.5,0.26666666666666666
2430,6.0,13.166666666666666,101.1388888888889,32.5,177.91666666666666,4.0,2.1666666666666665,0.20689655172413793
2431,27.0,13.74074074074074,79.15500685871055,32.7037037037037,95.31961591220852,5.62962962962963,2.185185185185185,0.9642857142857143
2432,28.0,12.821428571428571,73.14668367346938,33.892857142857146,103.6670918367347,5.642857142857143,1.8928571428571428,0.9333333333333333
2433,29.0,17.379310344827587,72.16646848989299,33.37931034482759,130.09750297265163,4.758620689655173,2.310344827586207,0.9666666666666667
2434,25.0,13.92,79.51360000000001,35.0,104.56,6.24,2.48,0.8064516129032258
2435,26.0,14.346153846153847,64.30325443786981,30.884615384615383,113.02514792899409,6.115384615384615,1.9615384615384615,0.8666666666666667
2436,25.0,16.08,72.15360000000001,32.0,102.8,4.84,1.68,0.9259259259259259
2437,14.0,13.857142857142858,64.83673469387755,30.785714285714285,96.88265306122447,4.857142857142857,1.5714285714285714,0.5384615384615384
2438,12.0,13.75,86.02083333333333,33.916666666666664,73.74305555555556,4.166666666666667,1.8333333333333333,0.4
2439,14.0,18.571428571428573,57.53061224489796,33.357142857142854,93.65816326530613,4.928571428571429,2.4285714285714284,0.4827586206896552
2440,12.0,14.083333333333334,110.74305555555554,35.083333333333336,52.07638888888889,4.833333333333333,1.75,0.3870967741935484
2441,14.0,16.857142857142858,70.69387755102039,34.357142857142854,107.9438775510204,4.785714285714286,1.5,0.45161290322580644
2442,21.0,14.428571428571429,72.14965986394557,32.19047619047619,103.10657596371883,5.761904761904762,2.380952380952381,0.7241379310344828
2443,6.0,11.833333333333334,86.80555555555556,32.666666666666664,79.55555555555556,2.6666666666666665,1.1666666666666667,0.24
2444,14.0,16.642857142857142,98.08673469387756,29.428571428571427,62.387755102040806,6.071428571428571,2.357142857142857,0.4666666666666667
2445,27.0,16.77777777777778,72.8395061728395,31.296296296296298,99.76406035665293,4.333333333333333,2.1481481481481484,0.9
2446,27.0,14.555555555555555,67.7283950617284,37.51851851851852,112.76817558299041,6.185185185185185,2.4074074074074074,0.8709677419354839
2447,21.0,16.238095238095237,66.37188208616779,31.714285714285715,70.68027210884354,4.761904761904762,1.9523809523809523,0.7777777777777778
2448,16.0,15.5,77.75,38.8125,61.65234375,5.9375,2.25,0.5333333333333333
2449,20.0,16.6,75.74000000000001,35.85,51.427499999999995,4.55,2.05,0.6451612903225806
2450,28.0,16.535714285714285,89.32015306122449,29.857142857142858,115.40816326530613,6.107142857142857,2.1785714285714284,0.9032258064516129
2451,10.0,18.2,53.760000000000005,31.7,116.21,5.7,2.3,0.4166666666666667
2452,24.0,17.416666666666668,74.49305555555556,34.916666666666664,76.0763888888889,5.375,2.0416666666666665,0.8888888888888888
2453,9.0,7.555555555555555,58.46913580246913,31.444444444444443,94.24691358024691,5.777777777777778,1.7777777777777777,0.32142857142857145
2454,5.0,18.8,61.760000000000005,31.4,166.24,6.0,3.2,0.21739130434782608
2455,16.0,15.3125,69.71484375,30.25,148.1875,3.4375,1.5625,0.5925925925925926
2456,23.0,14.826086956521738,70.75236294896028,34.95652173913044,108.82419659735353,5.6521739130434785,2.0434782608695654,0.7419354838709677
2457,8.0,18.0,89.75,29.125,83.109375,6.25,2.5,0.2962962962962963
2458,17.0,18.705882352941178,65.97231833910033,33.705882352941174,74.2076124567474,4.764705882352941,2.0588235294117645,0.5862068965517241
2459,21.0,13.571428571428571,67.38775510204083,34.76190476190476,89.13378684807256,4.714285714285714,1.9523809523809523,0.6774193548387096
2460,30.0,14.6,66.77333333333333,34.93333333333333,109.46222222222222,5.133333333333334,1.7333333333333334,1.0344827586206897
2461,26.0,18.884615384615383,76.71745562130177,34.03846153846154,96.1139053254438,4.846153846153846,1.8461538461538463,0.8666666666666667
2462,19.0,15.263157894736842,91.56232686980609,35.1578947368421,116.1329639889197,5.052631578947368,1.8421052631578947,0.6129032258064516
2463,8.0,19.0,77.75,30.125,92.859375,7.5,1.5,0.2962962962962963
2464,20.0,16.2,77.46,31.25,155.0875,6.25,1.95,0.7142857142857143
2465,26.0,17.346153846153847,56.072485207100584,34.46153846153846,119.4792899408284,7.3076923076923075,1.5384615384615385,0.9629629629629629
2466,13.0,15.23076923076923,85.86982248520711,30.846153846153847,124.59171597633136,4.076923076923077,1.4615384615384615,0.43333333333333335
2467,6.0,11.166666666666666,95.47222222222224,28.0,128.66666666666666,5.833333333333333,1.6666666666666667,0.20689655172413793
2468,18.0,12.833333333333334,84.91666666666667,29.11111111111111,107.32098765432097,5.944444444444445,2.4444444444444446,0.6206896551724138
2469,17.0,14.176470588235293,89.08650519031141,30.352941176470587,148.93425605536333,6.294117647058823,1.9411764705882353,0.5483870967741935
2470,15.0,11.0,67.46666666666667,34.46666666666667,119.18222222222222,4.333333333333333,1.8666666666666667,0.5769230769230769
2471,17.0,18.58823529411765,77.88927335640138,31.647058823529413,93.16955017301039,5.764705882352941,2.4705882352941178,0.5862068965517241
2472,26.0,14.923076923076923,77.9171597633136,35.61538461538461,88.0828402366864,6.576923076923077,2.230769230769231,0.8387096774193549
2473,16.0,12.5,124.25,31.8125,122.27734375,7.0625,1.875,0.5161290322580645
2474,13.0,12.692307692307692,116.8284023668639,31.846153846153847,67.20710059171597,6.076923076923077,1.5384615384615385,0.43333333333333335
2475,14.0,13.071428571428571,48.63775510204083,31.357142857142858,98.80102040816327,7.357142857142857,1.5714285714285714,0.6363636363636364
2476,18.0,14.722222222222221,65.64506172839506,32.77777777777778,104.17283950617285,5.444444444444445,2.0555555555555554,0.6428571428571429
2477,27.0,11.88888888888889,87.06172839506172,33.77777777777778,106.32098765432099,5.666666666666667,2.185185185185185,0.9
2478,30.0,12.666666666666666,92.15555555555554,29.0,81.8,6.3,2.1333333333333333,0.967741935483871
2479,26.0,17.192307692307693,80.30917159763315,34.0,114.61538461538461,6.038461538461538,1.3846153846153846,0.8387096774193549
2480,13.0,15.692307692307692,66.52071005917159,32.84615384615385,73.05325443786981,4.384615384615385,2.3076923076923075,0.4482758620689655
2481,15.0,17.2,76.82666666666667,33.93333333333333,88.32888888888888,4.533333333333333,2.3333333333333335,0.5357142857142857
2482,11.0,13.818181818181818,54.69421487603306,33.27272727272727,68.01652892561982,4.909090909090909,1.0,0.4782608695652174
2483,29.0,16.586206896551722,71.20808561236622,34.310344827586206,120.55885850178359,5.827586206896552,1.4482758620689655,0.9666666666666667
2484,7.0,17.0,64.28571428571429,25.142857142857142,39.55102040816326,3.857142857142857,1.4285714285714286,0.30434782608695654
2485,19.0,12.421052631578947,85.61218836565098,35.526315789473685,84.14404432132964,5.368421052631579,2.1052631578947367,0.6333333333333333
2486,20.0,14.3,78.81000000000002,34.7,97.21000000000001,4.95,2.4,0.6451612903225806
2487,16.0,13.75,58.9375,30.625,129.109375,6.5625,1.9375,0.5517241379310345
2488,24.0,15.083333333333334,51.07638888888889,32.25,118.60416666666667,5.583333333333333,2.2083333333333335,0.7741935483870968
2489,25.0,15.0,86.4,32.2,107.03999999999998,5.48,1.88,0.8064516129032258
2490,16.0,14.5625,92.24609375,36.8125,89.02734375,5.3125,2.25,0.5714285714285714
2491,17.0,14.705882352941176,87.61937716262976,35.64705882352941,82.11072664359862,5.294117647058823,1.8823529411764706,0.5862068965517241
2492,8.0,16.25,73.9375,32.625,54.484375,4.625,2.125,0.27586206896551724
2493,20.0,16.85,96.0275,32.35,146.62750000000003,4.75,2.4,0.6666666666666666
2494,9.0,15.666666666666666,42.666666666666664,39.44444444444444,68.24691358024691,6.777777777777778,1.2222222222222223,0.391304347826087
2495,22.0,15.5,74.79545454545455,30.636363636363637,114.59504132231406,5.363636363636363,2.1818181818181817,0.7586206896551724
2496,28.0,14.785714285714286,97.02551020408161,31.535714285714285,89.82015306122449,5.178571428571429,1.9285714285714286,0.9032258064516129
2497,21.0,15.619047619047619,63.188208616780045,34.904761904761905,119.32426303854874,5.285714285714286,2.3333333333333335,0.7
2498,17.0,12.882352941176471,77.28027681660899,34.1764705882353,122.61591695501727,4.764705882352941,1.7058823529411764,0.5666666666666667
2499,25.0,12.56,85.0464,33.76,92.9824,4.32,2.08,0.8928571428571429
2500,15.0,14.666666666666666,65.95555555555556,31.533333333333335,95.71555555555555,3.933333333333333,1.0666666666666667,0.5555555555555556
2501,20.0,33.0,631.0,40.7,311.40999999999997,5.5,5.05,0.2777777777777778
2502,19.0,51.473684210526315,593.196675900277,36.73684210526316,253.45706371191136,5.421052631578948,5.0,0.296875
2503,14.0,29.214285714285715,657.5969387755102,27.357142857142858,158.80102040816328,5.285714285714286,4.928571428571429,0.2222222222222222
2504,23.0,37.26086956521739,944.5406427221174,32.0,252.52173913043478,5.739130434782608,5.521739130434782,0.2987012987012987
2505,6.0,34.166666666666664,532.1388888888889,36.833333333333336,199.80555555555554,4.666666666666667,5.333333333333333,0.09375
2506,6.0,37.5,393.5833333333333,40.833333333333336,267.8055555555556,7.666666666666667,4.166666666666667,0.1111111111111111
2507,28.0,42.92857142857143,594.7806122448981,27.0,235.14285714285714,5.321428571428571,5.714285714285714,0.37333333333333335
2508,9.0,42.77777777777778,1103.7283950617284,25.555555555555557,51.135802469135804,5.111111111111111,4.777777777777778,0.12
2509,24.0,38.791666666666664,1103.0815972222224,31.041666666666668,301.45659722222223,5.583333333333333,5.083333333333333,0.3116883116883117
2510,9.0,58.333333333333336,544.4444444444442,35.111111111111114,310.09876543209873,3.6666666666666665,6.222222222222222,0.11842105263157894
2511,27.0,39.111111111111114,587.0617283950619,33.074074074074076,287.03155006858714,6.333333333333333,5.111111111111111,0.391304347826087
2512,6.0,31.5,616.9166666666666,34.333333333333336,310.5555555555556,5.166666666666667,5.166666666666667,0.08
2513,18.0,47.833333333333336,742.6944444444445,35.05555555555556,246.3858024691358,4.5,5.388888888888889,0.23684210526315788
2514,24.0,28.5,800.75,27.708333333333332,235.28993055555557,4.791666666666667,5.041666666666667,0.3333333333333333
2515,28.0,49.214285714285715,881.0255102040816,31.821428571428573,225.43239795918362,5.464285714285714,4.714285714285714,0.3684210526315789
2516,18.0,34.77777777777778,356.17283950617275,29.333333333333332,213.66666666666663,6.444444444444445,4.777777777777778,0.3050847457627119
2517,26.0,43.15384615384615,928.4378698224853,31.115384615384617,213.7943786982249,5.153846153846154,5.615384615384615,0.3291139240506329
2518,25.0,42.76,1011.5424,30.96,269.55840000000006,6.2,5.48,0.3125
2519,22.0,34.0,584.7272727272727,29.636363636363637,268.2314049586777,5.181818181818182,5.2272727272727275,0.3142857142857143
2520,7.0,49.57142857142857,903.6734693877551,33.42857142857143,295.38775510204084,5.571428571428571,4.428571428571429,0.09210526315789473
2521,12.0,45.333333333333336,655.8888888888888,35.25,216.02083333333334,7.083333333333333,3.9166666666666665,0.17647058823529413
2522,22.0,45.95454545454545,705.0433884297521,25.545454545454547,235.88429752066114,5.7727272727272725,5.045454545454546,0.3142857142857143
2523,15.0,35.06666666666667,294.8622222222222,35.266666666666666,307.5288888888889,5.466666666666667,5.133333333333334,0.3125
2524,6.0,47.5,423.5833333333333,41.333333333333336,203.55555555555557,4.0,4.666666666666667,0.125
2525,27.0,45.111111111111114,553.5802469135801,34.55555555555556,356.24691358024694,6.222222222222222,4.222222222222222,0.421875
2526,8.0,48.5,469.75,31.5,215.5,5.375,5.5,0.12307692307692308
2527,25.0,42.8,496.88,36.04,280.9184,4.56,4.84,0.3787878787878788
2528,19.0,34.78947368421053,458.9030470914127,29.42105263157895,184.5595567867036,5.684210526315789,5.368421052631579,0.34545454545454546
2529,7.0,31.571428571428573,772.8163265306123,32.42857142857143,229.6734693877551,3.857142857142857,5.571428571428571,0.1044776119402985
2530,24.0,35.708333333333336,603.8732638888889,32.166666666666664,225.63888888888883,5.75,4.625,0.34285714285714286
2531,23.0,34.91304347826087,861.8185255198487,30.52173913043478,280.249527410208,4.608695652173913,4.304347826086956,0.3150684931506849
2532,26.0,42.53846153846154,700.4023668639054,31.0,263.3076923076923,6.076923076923077,5.384615384615385,0.3611111111111111
2533,6.0,44.833333333333336,139.80555555555554,33.666666666666664,116.22222222222223,7.0,3.1666666666666665,0.21428571428571427
2534,30.0,42.1,425.15666666666664,31.833333333333332,288.6722222222222,5.1,5.333333333333333,0.5454545454545454
2535,22.0,38.68181818181818,723.3987603305785,35.54545454545455,189.15702479338844,5.7727272727272725,4.863636363636363,0.3333333333333333
2536,25.0,44.52,580.9696,34.64,223.59039999999996,5.56,5.4,0.36231884057971014
2537,17.0,41.23529411764706,609.0034602076125,32.294117647058826,270.56055363321803,3.7058823529411766,5.0,0.2463768115942029
2538,7.0,52.57142857142857,733.6734693877552,19.285714285714285,97.63265306122447,5.571428571428571,5.142857142857143,0.11864406779661017
2539,14.0,39.57142857142857,565.3877551020407,32.857142857142854,231.55102040816328,4.571428571428571,5.785714285714286,0.23333333333333334
2540,18.0,38.833333333333336,351.80555555555554,32.5,356.80555555555554,6.166666666666667,5.444444444444445,0.3050847457627119
2541,22.0,33.22727272727273,442.357438016529,34.81818181818182,297.3305785123967,5.636363636363637,5.045454545454546,0.38596491228070173
2542,17.0,45.35294117647059,335.28719723183383,27.058823529411764,152.40830449826987,5.9411764705882355,5.235294117647059,0.25757575757575757
2543,16.0,46.0,632.375,29.5625,352.12109375,6.125,5.5,0.2318840579710145
2544,25.0,47.6,610.64,31.2,315.44,5.8,5.12,0.38461538461538464
2545,28.0,42.285714285714285,983.4897959183673,32.5,282.39285714285717,6.0,4.785714285714286,0.35443037974683544
2546,23.0,31.17391304347826,920.2306238185256,37.0,218.95652173913044,6.217391304347826,5.608695652173913,0.3194444444444444
2547,24.0,36.041666666666664,314.7899305555555,36.666666666666664,210.13888888888883,6.208333333333333,5.166666666666667,0.46153846153846156
2548,11.0,36.36363636363637,541.1404958677687,35.45454545454545,303.1570247933885,5.636363636363637,5.363636363636363,0.1746031746031746
2549,28.0,44.392857142857146,844.2385204081633,33.67857142857143,349.78954081632645,5.357142857142857,5.0,0.3835616438356164
2550,5.0,32.0,245.2,25.8,211.76000000000005,3.8,5.2,0.11363636363636363
2551,20.0,47.2,579.46,31.3,194.31,5.25,5.0,0.30303030303030304
2552,10.0,43.0,625.4,30.9,85.29,6.0,5.2,0.15151515151515152
2553,10.0,36.8,715.9600000000002,38.0,325.2,6.0,5.6,0.12658227848101267
2554,7.0,44.42857142857143,595.3877551020408,34.857142857142854,405.55102040816325,6.142857142857143,4.285714285714286,0.1044776119402985
2555,27.0,38.851851851851855,999.0891632373115,29.11111111111111,310.6913580246914,5.37037037037037,4.666666666666667,0.34177215189873417
2556,19.0,43.8421052631579,536.3434903047091,33.78947368421053,210.90304709141273,5.842105263157895,5.526315789473684,0.30158730158730157
2557,19.0,34.526315789473685,1088.1440443213296,36.1578947368421,311.5013850415512,4.894736842105263,4.947368421052632,0.24050632911392406
2558,9.0,25.333333333333332,472.88888888888897,33.666666666666664,340.0,6.777777777777778,4.444444444444445,0.16071428571428573
2559,29.0,37.51724137931034,722.7324613555292,34.689655172413794,299.3864447086801,5.0344827586206895,5.103448275862069,0.42028985507246375
2560,16.0,35.125,1065.984375,35.0625,305.68359375,4.9375,5.9375,0.2077922077922078
2561,7.0,34.57142857142857,665.6734693877551,38.42857142857143,82.53061224489795,4.714285714285714,4.714285714285714,0.09859154929577464
2562,5.0,49.2,451.36,31.2,210.96000000000004,6.2,5.4,0.0847457627118644
2563,21.0,36.333333333333336,528.5079365079365,35.523809523809526,244.0589569160998,5.666666666666667,5.142857142857143,0.3088235294117647
2564,26.0,35.84615384615385,356.74556213017746,29.846153846153847,289.5917159763314,6.576923076923077,4.461538461538462,0.45614035087719296
2565,29.0,35.793103448275865,594.6468489892985,26.551724137931036,138.79904875148628,5.482758620689655,5.103448275862069,0.43283582089552236
2566,14.0,40.714285714285715,862.3469387755102,27.142857142857142,239.12244897959184,4.857142857142857,5.214285714285714,0.20588235294117646
2567,21.0,34.42857142857143,603.0068027210885,36.285714285714285,252.29931972789123,5.476190476190476,4.761904761904762,0.3
2568,8.0,29.0,289.75,32.375,281.234375,5.0,5.375,0.14035087719298245
2569,7.0,49.57142857142857,73.67346938775509,38.0,101.14285714285714,4.857142857142857,5.714285714285714,0.25925925925925924
2570,13.0,36.92307692307692,502.99408284023673,30.846153846153847,311.82248520710056,6.153846153846154,5.384615384615385,0.21666666666666667
2571,26.0,42.65384615384615,516.457100591716,30.76923076923077,350.7159763313609,4.961538461538462,4.269230769230769,0.4126984126984127
2572,21.0,43.666666666666664,318.5079365079365,21.952380952380953,261.1882086167801,5.476190476190476,5.0,0.42857142857142855
2573,30.0,35.2,392.56000000000006,25.266666666666666,225.86222222222221,5.7,5.1,0.5084745762711864
2574,12.0,37.583333333333336,436.7430555555556,28.5,292.4166666666667,6.166666666666667,5.416666666666667,0.23076923076923078
2575,18.0,40.166666666666664,491.5833333333333,39.611111111111114,251.01543209876547,5.611111111111111,6.111111111111111,0.27692307692307694
2576,26.0,39.80769230769231,612.3091715976332,30.73076923076923,229.042899408284,6.3076923076923075,5.384615384615385,0.40625
2577,16.0,50.3125,281.46484375,36.0,343.375,5.9375,6.3125,0.2807017543859649
2578,23.0,34.34782608695652,965.8790170132327,37.17391304347826,243.5349716446125,5.608695652173913,5.043478260869565,0.2911392405063291
2579,12.0,30.0,903.1666666666666,31.666666666666668,280.5555555555556,4.833333333333333,4.666666666666667,0.16666666666666666
2580,29.0,35.37931034482759,522.4423305588584,29.620689655172413,319.9595719381688,5.206896551724138,4.827586206896552,0.43283582089552236
2581,16.0,38.0,848.625,32.0,307.625,6.375,5.125,0.21052631578947367
2582,25.0,40.88,480.98560000000003,26.04,195.0784,5.2,5.24,0.4098360655737705
2583,15.0,42.666666666666664,553.2888888888889,35.666666666666664,209.95555555555563,6.133333333333334,5.866666666666666,0.25862068965517243
2584,28.0,45.392857142857146,609.0242346938776,32.82142857142857,258.50382653061223,6.0,5.428571428571429,0.417910447761194
2585,6.0,20.0,690.3333333333334,37.166666666666664,264.8055555555556,4.333333333333333,4.333333333333333,0.0821917808219178
2586,19.0,39.94736842105263,668.7867036011081,24.894736842105264,349.3573407202216,4.894736842105263,4.473684210526316,0.2753623188405797
2587,8.0,48.5,385.75,31.25,184.9375,4.875,4.375,0.13333333333333333
2588,5.0,41.4,490.64000000000004,45.4,201.44,4.2,5.6,0.08064516129032258
2589,30.0,48.43333333333333,620.5788888888889,35.833333333333336,263.7388888888889,5.0,5.166666666666667,0.46875
2590,11.0,41.63636363636363,466.23140495867773,30.90909090909091,131.17355371900828,4.454545454545454,3.8181818181818183,0.20754716981132076
2591,18.0,37.05555555555556,565.4969135802467,25.88888888888889,278.32098765432096,6.833333333333333,4.333333333333333,0.2727272727272727
2592,5.0,41.0,420.4,34.6,76.24000000000001,7.4,4.6,0.08064516129032258
2593,22.0,42.45454545454545,430.33884297520666,29.772727272727273,331.17561983471074,5.681818181818182,5.0,0.39285714285714285
2594,24.0,35.708333333333336,538.623263888889,31.916666666666668,165.40972222222223,6.375,4.666666666666667,0.42105263157894735
2595,23.0,42.608695652173914,504.4120982986766,36.21739130434783,284.0831758034027,4.478260869565218,5.173913043478261,0.3709677419354839
2596,22.0,38.04545454545455,874.0433884297522,31.454545454545453,324.88429752066116,6.363636363636363,5.090909090909091,0.29333333333333333
2597,10.0,57.3,504.2099999999999,38.5,316.85,5.9,6.6,0.16393442622950818
2598,17.0,37.294117647058826,381.85467128027676,32.64705882352941,244.34602076124568,5.529411764705882,4.823529411764706,0.2833333333333333
2599,8.0,37.5,811.25,32.75,335.6875,5.25,5.0,0.11940298507462686
2600,22.0,38.13636363636363,662.0268595041322,26.954545454545453,200.22520661157023,4.954545454545454,5.2272727272727275,0.3142857142857143
2601,21.0,30.857142857142858,789.0748299319728,27.714285714285715,299.6326530612244,6.095238095238095,4.666666666666667,0.2876712328767123
2602,15.0,57.333333333333336,602.7555555555555,34.266666666666666,210.5955555555556,5.866666666666666,4.533333333333333,0.22388059701492538
2603,14.0,41.42857142857143,920.6734693877548,32.0,209.14285714285714,4.642857142857143,4.071428571428571,0.175
2604,12.0,37.583333333333336,577.7430555555555,26.333333333333332,285.22222222222223,6.666666666666667,4.666666666666667,0.1875
2605,27.0,33.22222222222222,424.8395061728395,39.18518518518518,267.7064471879287,6.148148148148148,4.888888888888889,0.48214285714285715
2606,7.0,21.571428571428573,224.81632653061226,34.857142857142854,201.83673469387753,5.857142857142857,4.285714285714286,0.1794871794871795
2607,15.0,36.733333333333334,916.3288888888889,35.733333333333334,227.9288888888889,6.333333333333333,4.533333333333333,0.19736842105263158
2608,10.0,34.8,832.7599999999999,32.2,314.96000000000004,5.5,4.7,0.14705882352941177
2609,20.0,42.6,526.9399999999999,30.3,182.60999999999996,5.5,4.35,0.31746031746031744
2610,27.0,40.370370370370374,435.0480109739369,35.111111111111114,265.0617283950617,5.37037037037037,4.7407407407407405,0.4576271186440678
2611,29.0,39.41379310344828,677.89774078478,27.655172413793103,189.39833531510106,5.344827586206897,5.206896551724138,0.38666666666666666
2612,13.0,36.46153846153846,558.7100591715975,33.76923076923077,261.869822485207,4.230769230769231,4.923076923076923,0.2
2613,18.0,40.55555555555556,450.9135802469136,29.27777777777778,244.75617283950612,6.611111111111111,5.611111111111111,0.3050847457627119
2614,7.0,32.142857142857146,571.5510204081633,25.0,330.57142857142856,5.714285714285714,5.142857142857143,0.1320754716981132
2615,27.0,34.111111111111114,593.1358024691357,31.74074074074074,248.04389574759952,5.074074074074074,5.296296296296297,0.4426229508196721
2616,17.0,36.88235294117647,461.3979238754326,30.58823529411765,250.83044982698968,4.823529411764706,5.411764705882353,0.2833333333333333
2617,29.0,29.79310344827586,536.7847800237813,29.310344827586206,213.45541022592153,5.620689655172414,4.896551724137931,0.4461538461538462
2618,7.0,56.285714285714285,686.4897959183673,30.714285714285715,267.34693877551024,4.428571428571429,4.857142857142857,0.09722222222222222
2619,23.0,31.565217391304348,823.2022684310019,28.652173913043477,185.96597353497162,6.0,4.304347826086956,0.3194444444444444
2620,28.0,33.392857142857146,473.38137755102036,39.75,150.75892857142858,6.142857142857143,5.214285714285714,0.4307692307692308
2621,13.0,37.84615384615385,392.43786982248525,37.92307692307692,313.9171597633136,4.769230769230769,4.538461538461538,0.22807017543859648
2622,30.0,40.86666666666667,703.5822222222222,34.766666666666666,315.17888888888893,5.766666666666667,5.066666666666666,0.42857142857142855
2623,24.0,44.791666666666664,836.5815972222222,38.708333333333336,252.45659722222217,5.208333333333333,4.833333333333333,0.2926829268292683
2624,27.0,47.666666666666664,750.8148148148148,31.0,289.6296296296296,5.666666666666667,4.777777777777778,0.39705882352941174
2625,15.0,32.0,719.6,27.333333333333332,186.48888888888894,5.133333333333334,4.6,0.20270270270270271
2626,16.0,41.6875,384.46484375,32.3125,376.33984375,4.75,5.875,0.3076923076923077
2627,27.0,42.77777777777778,840.9876543209874,34.592592592592595,246.315500685871,6.7407407407407405,5.037037037037037,0.36
2628,26.0,37.73076923076923,581.19674556213,34.53846153846154,276.3254437869823,6.0,4.923076923076923,0.3880597014925373
2629,13.0,51.30769230769231,768.2130177514792,31.23076923076923,268.4852071005917,4.6923076923076925,4.153846153846154,0.18055555555555555
2630,30.0,44.3,811.2099999999997,32.5,236.98333333333332,6.1,5.166666666666667,0.39473684210526316
2631,21.0,28.333333333333332,418.88888888888897,30.19047619047619,223.4875283446712,6.0476190476190474,5.333333333333333,0.3088235294117647
2632,29.0,39.206896551724135,772.6468489892986,28.20689655172414,298.922711058264,5.482758620689655,4.620689655172414,0.37662337662337664
2633,15.0,26.133333333333333,721.8488888888891,36.13333333333333,176.2488888888889,5.333333333333333,5.2,0.2
2634,14.0,37.142857142857146,269.6938775510204,35.785714285714285,223.8826530612245,5.428571428571429,4.785714285714286,0.22950819672131148
2635,9.0,30.444444444444443,254.69135802469134,27.88888888888889,121.6543209876543,5.888888888888889,5.0,0.16363636363636364
2636,30.0,41.06666666666667,773.5955555555555,30.333333333333332,216.02222222222215,4.966666666666667,4.333333333333333,0.37037037037037035
2637,21.0,41.666666666666664,583.7460317460317,32.80952380952381,329.39229024943313,5.9523809523809526,4.761904761904762,0.3181818181818182
2638,26.0,53.57692307692308,818.3210059171598,32.53846153846154,275.094674556213,4.769230769230769,5.269230769230769,0.32098765432098764
2639,28.0,36.214285714285715,429.16836734693885,34.92857142857143,263.9234693877551,5.428571428571429,5.071428571428571,0.45161290322580644
2640,13.0,50.53846153846154,207.32544378698225,24.615384615384617,147.92899408284023,5.384615384615385,4.538461538461538,0.23214285714285715
2641,13.0,42.84615384615385,424.7455621301776,30.76923076923077,319.71597633136093,5.923076923076923,4.846153846153846,0.20634920634920634
2642,28.0,43.57142857142857,602.4591836734693,26.714285714285715,232.13265306122452,6.0,4.714285714285714,0.4307692307692308
2643,12.0,52.833333333333336,578.3055555555555,29.583333333333332,141.5763888888889,6.75,5.833333333333333,0.2
2644,29.0,36.41379310344828,241.96670630202144,31.724137931034484,286.82045184304394,5.896551724137931,4.931034482758621,0.5918367346938775
2645,5.0,56.0,704.0,26.6,186.23999999999995,6.6,3.4,0.07246376811594203
2646,8.0,39.125,367.109375,37.375,195.484375,5.875,6.375,0.13793103448275862
2647,24.0,43.083333333333336,507.15972222222223,39.25,253.60416666666666,5.333333333333333,4.541666666666667,0.3582089552238806
2648,9.0,31.444444444444443,529.1358024691358,27.0,194.0,6.222222222222222,5.0,0.1267605633802817
2649,11.0,43.90909090909091,784.2644628099174,24.0,240.72727272727272,7.0,4.909090909090909,0.1375
2650,15.0,46.93333333333333,432.9955555555556,32.266666666666666,214.99555555555554,5.0,5.533333333333333,0.2777777777777778
2651,21.0,40.476190476190474,506.1541950113378,40.04761904761905,190.71201814058955,5.9523809523809526,4.333333333333333,0.3230769230769231
2652,12.0,40.416666666666664,663.5763888888888,35.166666666666664,182.30555555555554,5.083333333333333,5.5,0.19047619047619047
2653,17.0,35.94117647058823,462.9965397923876,36.11764705882353,296.69204152249137,5.764705882352941,4.882352941176471,0.2833333333333333
2654,16.0,33.875,585.109375,28.6875,190.71484375,4.6875,4.875,0.2191780821917808
2655,29.0,28.06896551724138,809.6504161712246,38.0,161.51724137931035,4.793103448275862,5.344827586206897,0.4027777777777778
2656,20.0,31.8,811.2600000000001,32.35,361.3275,4.6,4.8,0.26666666666666666
2657,17.0,53.64705882352941,671.8754325259515,32.05882352941177,240.64359861591697,5.176470588235294,4.588235294117647,0.22077922077922077
2658,23.0,40.73913043478261,481.84499054820424,28.26086956521739,207.93194706994328,5.695652173913044,5.3478260869565215,0.40350877192982454
2659,29.0,36.13793103448276,896.6016646848991,31.344827586206897,220.3638525564804,5.862068965517241,5.068965517241379,0.3625
2660,19.0,42.26315789473684,395.98337950138495,28.36842105263158,202.02216066481995,4.578947368421052,4.631578947368421,0.35185185185185186
2661,14.0,32.714285714285715,468.48979591836735,34.857142857142854,288.12244897959187,4.571428571428571,5.357142857142857,0.21875
2662,18.0,39.333333333333336,605.1111111111111,32.05555555555556,249.4969135802469,5.277777777777778,4.055555555555555,0.2647058823529412
2663,12.0,30.833333333333332,446.47222222222223,31.083333333333332,188.4097222222222,6.0,3.8333333333333335,0.19672131147540983
2664,13.0,47.46153846153846,710.4023668639054,31.615384615384617,233.0059171597633,6.615384615384615,4.846153846153846,0.18840579710144928
2665,27.0,38.81481481481482,359.63237311385444,31.444444444444443,246.6913580246913,4.7407407407407405,5.37037037037037,0.47368421052631576
2666,21.0,42.23809523809524,381.60997732426307,34.38095238095238,288.9024943310657,4.761904761904762,5.523809523809524,0.3684210526315789
2667,23.0,51.43478260869565,602.3327032136106,26.565217391304348,261.3761814744802,5.173913043478261,4.869565217391305,0.3382352941176471
2668,24.0,42.291666666666664,472.87326388888886,35.333333333333336,196.30555555555554,5.0,4.75,0.36923076923076925
2669,9.0,36.55555555555556,328.2469135802469,34.22222222222222,253.50617283950618,5.666666666666667,5.111111111111111,0.17307692307692307
2670,20.0,39.0,449.0,29.7,250.70999999999998,5.35,4.3,0.3448275862068966
2671,26.0,41.07692307692308,670.6094674556214,35.26923076923077,248.4275147928994,4.653846153846154,5.0,0.37142857142857144
2672,8.0,32.5,548.0,31.375,222.734375,4.625,5.375,0.12307692307692308
2673,26.0,36.84615384615385,1061.1301775147929,34.73076923076923,237.50443786982248,6.961538461538462,4.384615384615385,0.3291139240506329
2674,13.0,43.0,375.2307692307692,28.46153846153846,190.4023668639053,7.3076923076923075,4.846153846153846,0.23636363636363636
2675,10.0,44.5,768.65,28.0,133.4,5.0,3.8,0.1282051282051282
2676,19.0,41.10526315789474,859.2520775623269,31.36842105263158,326.9695290858725,6.2631578947368425,5.2631578947368425,0.2676056338028169
2677,28.0,36.964285714285715,312.9630102040816,39.357142857142854,242.37244897959184,5.892857142857143,4.964285714285714,0.49122807017543857
2678,17.0,44.64705882352941,947.8754325259516,33.8235294117647,214.85121107266434,6.529411764705882,5.0,0.21518987341772153
2679,8.0,28.5,343.75,37.625,231.484375,4.5,4.375,0.12698412698412698
2680,20.0,33.7,593.51,29.5,269.65,5.0,5.3,0.29850746268656714
2681,18.0,39.77777777777778,610.0617283950618,32.666666666666664,284.88888888888886,5.166666666666667,4.833333333333333,0.25
2682,14.0,38.642857142857146,883.6581632653063,34.142857142857146,158.9795918367347,5.928571428571429,5.0,0.18421052631578946
2683,19.0,52.473684210526315,282.7756232686981,37.31578947368421,214.2160664819945,6.421052631578948,6.368421052631579,0.2676056338028169
2684,12.0,31.333333333333332,945.0555555555555,36.5,221.58333333333334,5.583333333333333,4.666666666666667,0.15384615384615385
2685,18.0,42.388888888888886,400.570987654321,25.833333333333332,130.3611111111111,5.055555555555555,4.444444444444445,0.34615384615384615
2686,12.0,38.666666666666664,271.72222222222223,26.166666666666668,247.80555555555557,6.083333333333333,4.75,0.2222222222222222
2687,14.0,37.142857142857146,519.265306122449,34.214285714285715,253.45408163265307,6.285714285714286,5.071428571428571,0.2545454545454545
2688,12.0,49.833333333333336,305.6388888888889,28.833333333333332,286.63888888888897,6.583333333333333,5.583333333333333,0.24
2689,25.0,46.76,993.6224000000001,32.48,217.68960000000007,5.64,5.44,0.30120481927710846
2690,9.0,21.0,512.6666666666666,27.666666666666668,98.66666666666667,4.666666666666667,5.0,0.14754098360655737
2691,20.0,44.45,386.84749999999997,31.7,362.01,5.25,5.05,0.37735849056603776
2692,7.0,39.42857142857143,340.81632653061223,29.428571428571427,213.3877551020408,5.714285714285714,5.285714285714286,0.1346153846153846
2693,11.0,52.54545454545455,793.3388429752066,29.454545454545453,230.97520661157026,5.363636363636363,4.909090909090909,0.15492957746478872
2694,12.0,26.333333333333332,628.7222222222222,28.25,260.0208333333333,5.75,5.083333333333333,0.18461538461538463
2695,10.0,38.4,731.24,31.4,340.24000000000007,6.3,4.8,0.14492753623188406
2696,11.0,23.636363636363637,379.5041322314049,35.45454545454545,125.52066115702479,5.0,4.363636363636363,0.15942028985507245
2697,17.0,42.705882352941174,278.4429065743945,31.235294117647058,281.7093425605536,5.470588235294118,5.0,0.37777777777777777
2698,28.0,43.92857142857143,839.2806122448981,33.82142857142857,250.86096938775503,4.857142857142857,4.678571428571429,0.3835616438356164
2699,24.0,41.916666666666664,375.2430555555555,33.125,188.02604166666666,5.041666666666667,4.916666666666667,0.43636363636363634
2700,9.0,46.111111111111114,834.3209876543209,29.666666666666668,382.6666666666667,3.5555555555555554,5.444444444444445,0.11688311688311688
2701,10.0,45.7,687.81,42.8,87.75999999999999,4.3,4.5,0.13333333333333333
2702,25.0,43.16,813.8144,35.92,268.7936,5.36,4.64,0.3424657534246575
2703,20.0,44.35,798.2275,33.35,222.52749999999997,5.6,5.0,0.25316455696202533
2704,27.0,44.333333333333336,517.4074074074074,31.703703703703702,213.76406035665292,5.925925925925926,4.851851851851852,0.4153846153846154
2705,19.0,43.36842105263158,589.4958448753462,31.105263157894736,180.93628808864264,4.157894736842105,5.105263157894737,0.3114754098360656
2706,24.0,40.5,649.5833333333334,30.75,325.3541666666667,5.375,5.166666666666667,0.3333333333333333
2707,23.0,46.17391304347826,781.882797731569,33.0,239.1304347826087,5.739130434782608,5.304347826086956,0.2839506172839506
2708,17.0,35.588235294117645,945.0657439446366,31.88235294117647,233.04498269896192,6.0,4.9411764705882355,0.23943661971830985
2709,6.0,54.166666666666664,557.8055555555555,27.5,172.91666666666666,4.5,3.3333333333333335,0.08695652173913043
2710,21.0,44.714285714285715,914.3945578231294,29.61904761904762,210.42630385487533,5.666666666666667,5.0476190476190474,0.27631578947368424
2711,12.0,50.666666666666664,813.5555555555555,29.916666666666668,237.40972222222226,4.583333333333333,5.666666666666667,0.17647058823529413
2712,26.0,39.61538461538461,313.1597633136095,30.26923076923077,223.11982248520704,5.076923076923077,5.076923076923077,0.5306122448979592
2713,26.0,40.84615384615385,378.28402366863895,34.30769230769231,261.6745562130178,5.576923076923077,5.269230769230769,0.43333333333333335
2714,10.0,49.2,1016.5599999999998,35.7,264.81,5.3,3.8,0.14084507042253522
2715,25.0,33.0,676.32,35.84,204.93439999999998,5.44,4.52,0.373134328358209
2716,11.0,39.63636363636363,523.685950413223,27.0,98.9090909090909,5.363636363636363,6.909090909090909,0.171875
2717,5.0,60.6,54.64000000000001,39.4,145.04000000000002,6.0,5.8,0.25
2718,22.0,33.90909090909091,584.809917355372,28.681818181818183,226.67148760330582,4.7727272727272725,5.863636363636363,0.3235294117647059
2719,24.0,46.916666666666664,747.9930555555555,32.875,245.27604166666666,4.916666666666667,4.458333333333333,0.34285714285714286
2720,10.0,30.1,373.48999999999995,44.8,219.16,5.5,4.8,0.2222222222222222
2721,22.0,43.81818181818182,768.9669421487602,34.18181818181818,215.6942148760331,5.136363636363637,4.590909090909091,0.3235294117647059
2722,20.0,38.5,484.85,32.35,260.1275,5.6,5.05,0.32786885245901637
2723,10.0,35.2,551.36,41.5,200.05,4.7,5.7,0.15151515151515152
2724,20.0,40.25,506.6875,38.55,247.74750000000003,5.3,5.9,0.3389830508474576
2725,17.0,27.529411764705884,808.1314878892732,36.470588235294116,351.8961937716263,5.294117647058823,4.823529411764706,0.21794871794871795
2726,28.0,46.5,339.9642857142857,33.392857142857146,254.0242346938775,5.607142857142857,4.571428571428571,0.49122807017543857
2727,14.0,34.142857142857146,713.9795918367347,24.785714285714285,229.16836734693877,5.928571428571429,4.571428571428571,0.19444444444444445
2728,10.0,31.9,693.49,32.3,342.60999999999996,4.3,6.8,0.125
2729,5.0,45.8,524.96,25.2,133.76,6.4,6.6,0.08064516129032258
2730,28.0,41.214285714285715,644.6683673469388,33.107142857142854,179.95280612244906,5.75,4.535714285714286,0.4057971014492754
2731,28.0,45.714285714285715,727.4183673469387,32.607142857142854,259.5242346938776,5.5,4.75,0.358974358974359
2732,22.0,43.36363636363637,572.7768595041321,29.5,219.52272727272728,5.7727272727272725,5.363636363636363,0.36666666666666664
2733,11.0,44.09090909090909,630.6280991735538,33.45454545454545,267.5206611570248,3.5454545454545454,4.818181818181818,0.15492957746478872
2734,9.0,42.111111111111114,416.5432098765432,29.11111111111111,243.87654320987653,5.444444444444445,4.777777777777778,0.140625
2735,23.0,47.73913043478261,524.6275992438565,33.52173913043478,240.33648393194704,5.869565217391305,4.956521739130435,0.39655172413793105
2736,8.0,45.875,557.109375,19.625,113.984375,4.75,5.25,0.12307692307692308
2737,18.0,40.44444444444444,490.13580246913585,27.72222222222222,215.53395061728395,4.666666666666667,5.333333333333333,0.2857142857142857
2738,9.0,42.333333333333336,562.2222222222222,26.77777777777778,290.3950617283951,6.222222222222222,5.444444444444445,0.14516129032258066
2739,20.0,49.85,640.7274999999998,35.65,355.62749999999994,5.65,5.65,0.28169014084507044
2740,6.0,40.333333333333336,908.2222222222223,31.666666666666668,157.55555555555557,5.0,4.833333333333333,0.07692307692307693
2741,25.0,38.04,348.43839999999994,33.2,216.95999999999995,5.36,5.36,0.49019607843137253
2742,13.0,39.38461538461539,844.5443786982249,29.0,265.2307692307692,5.230769230769231,4.538461538461538,0.18571428571428572
2743,19.0,38.10526315789474,504.40997229916894,35.73684210526316,242.08864265927977,5.368421052631579,5.105263157894737,0.3064516129032258
2744,24.0,39.166666666666664,826.8055555555557,28.25,222.10416666666666,5.333333333333333,4.958333333333333,0.3287671232876712
2745,8.0,47.5,965.0,28.125,351.359375,5.0,4.75,0.1111111111111111
2746,24.0,41.791666666666664,874.2482638888888,34.0,281.1666666666667,5.041666666666667,4.875,0.3157894736842105
2747,11.0,32.90909090909091,490.6280991735537,28.818181818181817,233.05785123966945,6.545454545454546,5.2727272727272725,0.19298245614035087
2748,14.0,43.142857142857146,281.40816326530614,31.142857142857142,217.40816326530617,5.0,4.928571428571429,0.2916666666666667
2749,26.0,36.19230769230769,695.078402366864,32.03846153846154,297.7292899408284,5.038461538461538,5.1923076923076925,0.4126984126984127
2750,5.0,24.0,216.4,37.2,213.76,4.4,5.4,0.15625
2751,24.0,43.708333333333336,609.2065972222222,33.791666666666664,234.7482638888889,4.875,4.916666666666667,0.3333333333333333
2752,5.0,33.2,881.36,33.8,51.36,5.4,4.6,0.07692307692307693
2753,20.0,47.05,462.5475,34.9,288.09,5.2,5.5,0.30303030303030304
2754,25.0,46.36,961.5104000000001,33.2,241.44000000000003,4.92,4.72,0.30864197530864196
2755,16.0,44.875,601.234375,28.6875,278.83984375,5.5,5.125,0.22535211267605634
2756,14.0,35.714285714285715,353.48979591836735,32.642857142857146,163.65816326530611,5.571428571428571,5.642857142857143,0.23333333333333334
2757,22.0,44.5,692.3409090909091,33.09090909090909,233.35537190082644,6.7272727272727275,5.2727272727272725,0.2972972972972973
2758,22.0,43.27272727272727,462.83471074380174,33.36363636363637,247.59504132231402,5.0,4.318181818181818,0.34375
2759,29.0,51.241379310344826,458.73483947681336,33.06896551724138,250.61593341260408,5.103448275862069,5.551724137931035,0.4603174603174603
2760,15.0,39.266666666666666,600.328888888889,27.266666666666666,325.3955555555556,5.266666666666667,4.666666666666667,0.22388059701492538
2761,14.0,34.142857142857146,422.26530612244903,28.928571428571427,267.3520408163265,5.0,6.142857142857143,0.22950819672131148
2762,25.0,36.76,499.3024,31.32,293.8976,4.96,4.64,0.38461538461538464
2763,19.0,40.0,470.42105263157896,28.31578947368421,237.9002770083102,5.894736842105263,5.842105263157895,0.3275862068965517
2764,28.0,47.357142857142854,599.2295918367346,32.464285714285715,215.46301020408166,5.75,5.321428571428571,0.4375
2765,18.0,30.0,418.1111111111111,33.05555555555556,225.16358024691357,6.055555555555555,3.9444444444444446,0.3
2766,28.0,43.82142857142857,461.64668367346934,27.857142857142858,252.19387755102045,5.928571428571429,4.928571428571429,0.4745762711864407
2767,30.0,38.06666666666667,413.66222222222217,28.066666666666666,248.4622222222222,5.033333333333333,5.566666666666666,0.5
2768,17.0,35.1764705882353,378.0276816608997,28.58823529411765,321.65397923875435,7.176470588235294,4.705882352941177,0.32075471698113206
2769,28.0,40.642857142857146,475.80102040816337,33.17857142857143,267.218112244898,5.571428571428571,5.0,0.4827586206896552
2770,18.0,51.77777777777778,492.172839506173,33.388888888888886,212.68209876543207,5.666666666666667,5.444444444444445,0.3
2771,26.0,53.38461538461539,599.0828402366865,30.576923076923077,218.09023668639054,5.461538461538462,4.846153846153846,0.37681159420289856
2772,28.0,41.535714285714285,701.5344387755102,34.17857142857143,272.57525510204084,6.142857142857143,4.892857142857143,0.4
2773,9.0,36.77777777777778,679.2839506172838,40.77777777777778,155.9506172839506,5.444444444444445,4.555555555555555,0.13636363636363635
2774,11.0,54.18181818181818,742.3305785123966,30.545454545454547,202.61157024793386,5.545454545454546,5.181818181818182,0.14473684210526316
2775,29.0,38.06896551724138,410.3400713436385,34.55172413793103,151.07491082045183,5.827586206896552,5.344827586206897,0.453125
2776,29.0,37.48275862068966,855.9048751486325,36.06896551724138,287.30558858501786,5.862068965517241,4.827586206896552,0.3670886075949367
2777,21.0,45.142857142857146,849.2653061224489,38.285714285714285,223.25170068027205,5.523809523809524,5.523809523809524,0.27631578947368424
2778,11.0,27.454545454545453,627.702479338843,34.0,266.90909090909093,4.545454545454546,4.818181818181818,0.14473684210526316
2779,15.0,37.86666666666667,370.38222222222225,27.0,144.13333333333333,6.066666666666666,5.466666666666667,0.2631578947368421
2780,21.0,41.285714285714285,671.7278911564626,35.57142857142857,261.9591836734694,3.9047619047619047,5.238095238095238,0.328125
2781,8.0,44.5,420.25,25.25,230.9375,5.5,5.875,0.15384615384615385
2782,26.0,34.92307692307692,228.76331360946745,29.46153846153846,216.55621301775147,4.615384615384615,4.884615384615385,0.5
2783,5.0,52.4,621.0400000000001,43.4,81.04,4.2,4.4,0.07575757575757576
2784,11.0,40.54545454545455,547.1570247933885,31.272727272727273,333.10743801652893,5.0,4.545454545454546,0.19642857142857142
2785,17.0,52.1764705882353,197.43944636678202,32.411764705882355,240.7128027681661,5.9411764705882355,4.764705882352941,0.3333333333333333
2786,18.0,43.111111111111114,773.2098765432099,32.5,153.91666666666666,4.888888888888889,4.888888888888889,0.2571428571428571
2787,15.0,49.4,508.5066666666667,34.266666666666666,160.72888888888892,5.4,5.4,0.2631578947368421
2788,20.0,48.2,471.06000000000006,29.6,331.24,6.0,4.25,0.3333333333333333
2789,5.0,62.0,270.8,20.8,232.56,4.2,4.6,0.13157894736842105
2790,8.0,37.875,833.109375,19.125,95.859375,6.625,4.125,0.12698412698412698
2791,11.0,40.45454545454545,396.9752066115703,24.272727272727273,137.83471074380165,3.909090909090909,5.181818181818182,0.20754716981132076
2792,10.0,11.1,178.08999999999997,24.1,160.29,4.9,5.1,0.30303030303030304
2793,26.0,39.69230769230769,385.13609467455626,34.34615384615385,239.76479289940823,6.115384615384615,5.230769230769231,0.45614035087719296
2794,11.0,31.181818181818183,749.785123966942,24.727272727272727,260.0165289256198,4.454545454545454,6.2727272727272725,0.16417910447761194
2795,20.0,30.9,768.5899999999999,34.65,288.1275,5.1,4.55,0.2777777777777778
2796,23.0,37.869565217391305,541.6786389413988,29.26086956521739,258.7145557655955,5.0,4.956521739130435,0.359375
2797,9.0,47.77777777777778,272.8395061728395,27.333333333333332,230.22222222222223,5.555555555555555,5.222222222222222,0.17647058823529413
2798,21.0,36.476190476190474,480.6303854875284,31.38095238095238,222.2358276643991,5.285714285714286,4.9523809523809526,0.2916666666666667
2799,19.0,40.05263157894737,846.6814404432133,41.05263157894737,215.10249307479225,4.526315789473684,4.684210526315789,0.25
2800,16.0,50.1875,560.77734375,37.6875,227.58984375,4.875,4.25,0.23880597014925373
2801,21.0,39.38095238095238,374.99773242630386,28.523809523809526,144.72562358276645,5.571428571428571,4.9523809523809526,0.38181818181818183
2802,9.0,36.111111111111114,1167.432098765432,27.444444444444443,213.58024691358025,4.555555555555555,5.555555555555555,0.1125
2803,12.0,40.416666666666664,450.90972222222223,35.083333333333336,133.24305555555554,6.083333333333333,6.0,0.21818181818181817
2804,26.0,45.76923076923077,784.5621301775146,30.23076923076923,295.1005917159764,6.423076923076923,4.769230769230769,0.3611111111111111
2805,9.0,54.55555555555556,983.5802469135803,38.0,283.3333333333333,5.111111111111111,4.777777777777778,0.1125
2806,17.0,47.470588235294116,237.42560553633217,32.64705882352941,303.05190311418687,5.470588235294118,5.588235294117647,0.3148148148148148
2807,24.0,40.875,687.4427083333334,33.541666666666664,257.49826388888886,5.708333333333333,5.083333333333333,0.36363636363636365
2808,10.0,27.9,393.49,39.2,261.76,4.7,4.6,0.18867924528301888
2809,27.0,25.59259259259259,564.6117969821673,30.88888888888889,244.69135802469134,5.407407407407407,5.407407407407407,0.3698630136986301
2810,19.0,43.63157894736842,488.75900277008316,33.05263157894737,252.68144044321323,4.947368421052632,4.578947368421052,0.3220338983050847
2811,7.0,26.571428571428573,506.2448979591836,28.142857142857142,248.6938775510204,7.714285714285714,5.428571428571429,0.14
2812,19.0,45.1578947368421,290.44875346260386,37.36842105263158,290.12742382271466,5.7368421052631575,5.2105263157894735,0.3877551020408163
2813,23.0,40.08695652173913,625.9054820415879,35.56521739130435,270.24574669187143,4.695652173913044,5.0,0.39655172413793105
2814,15.0,46.4,663.5733333333334,37.13333333333333,158.11555555555555,5.866666666666666,5.533333333333333,0.20833333333333334
2815,13.0,34.30769230769231,480.67455621301787,41.46153846153846,158.09467455621305,5.769230769230769,5.538461538461538,0.20967741935483872
2816,28.0,36.214285714285715,668.5969387755105,35.07142857142857,262.70918367346934,4.785714285714286,5.535714285714286,0.4307692307692308
2817,9.0,31.11111111111111,380.98765432098764,33.55555555555556,336.69135802469134,4.888888888888889,5.111111111111111,0.15789473684210525
2818,30.0,43.5,529.7833333333333,33.93333333333333,226.32888888888894,5.366666666666666,4.7,0.47619047619047616
2819,10.0,28.1,317.49,40.2,261.76000000000005,5.1,4.9,0.15873015873015872
2820,5.0,16.2,193.76,45.2,350.16,6.8,5.2,0.13513513513513514
2821,24.0,49.333333333333336,478.72222222222234,31.0,349.8333333333333,7.166666666666667,4.458333333333333,0.35294117647058826
2822,20.0,30.35,832.0275000000001,35.15,322.6275,6.2,4.85,0.2777777777777778
2823,8.0,22.375,599.734375,29.75,198.6875,6.125,4.125,0.11267605633802817
2824,30.0,28.466666666666665,372.24888888888887,31.466666666666665,279.4488888888889,6.233333333333333,5.333333333333333,0.5357142857142857
2825,23.0,43.78260869565217,529.3875236294897,34.47826086956522,263.72778827977316,5.608695652173913,4.695652173913044,0.3709677419354839
2826,23.0,33.69565217391305,841.5160680529301,31.26086956521739,276.2797731568998,5.826086956521739,4.956521739130435,0.2987012987012987
2827,11.0,37.27272727272727,393.2892561983471,33.63636363636363,154.0495867768595,4.7272727272727275,4.818181818181818,0.20754716981132076
2828,24.0,40.166666666666664,500.2222222222222,33.291666666666664,198.78993055555554,5.375,3.9166666666666665,0.41379310344827586
2829,17.0,40.88235294117647,471.044982698962,31.470588235294116,215.89619377162632,5.705882352941177,5.647058823529412,0.27419354838709675
2830,27.0,43.0,675.6296296296297,28.666666666666668,289.1851851851851,5.62962962962963,4.481481481481482,0.375
2831,15.0,45.93333333333333,591.9288888888888,31.333333333333332,148.2222222222222,3.6666666666666665,4.533333333333333,0.20270270270270271
2832,25.0,28.64,431.2704,30.12,236.98559999999998,5.88,5.32,0.423728813559322
2833,23.0,27.52173913043478,708.2495274102079,36.78260869565217,203.03969754253313,5.956521739130435,5.260869565217392,0.2948717948717949
2834,12.0,51.333333333333336,445.8888888888889,32.75,201.52083333333334,6.083333333333333,4.25,0.19672131147540983
2835,20.0,39.25,516.2875,29.25,325.3875,6.25,4.35,0.32786885245901637
2836,20.0,34.0,305.5,29.2,309.16,5.35,5.25,0.3508771929824561
2837,24.0,39.958333333333336,367.62326388888886,37.875,199.27604166666666,5.708333333333333,5.25,0.4444444444444444
2838,19.0,39.31578947368421,574.8476454293628,28.736842105263158,189.14127423822714,5.2105263157894735,5.105263157894737,0.3064516129032258
2839,16.0,42.4375,977.37109375,29.625,368.609375,5.25,5.5625,0.21333333333333335
2840,19.0,35.473684210526315,699.617728531856,35.63157894736842,190.96952908587255,4.421052631578948,5.2631578947368425,0.2878787878787879
2841,7.0,35.57142857142857,389.9591836734694,28.714285714285715,313.91836734693874,4.428571428571429,4.428571428571429,0.12962962962962962
2842,18.0,34.5,306.1388888888889,28.944444444444443,171.94135802469134,5.666666666666667,5.222222222222222,0.3157894736842105
2843,19.0,47.31578947368421,622.4265927977838,29.31578947368421,293.4792243767312,6.0,4.473684210526316,0.2714285714285714
2844,19.0,44.78947368421053,410.2714681440442,33.63157894736842,219.9168975069252,5.631578947368421,5.2631578947368425,0.35185185185185186
2845,19.0,46.10526315789474,705.8836565096954,25.526315789473685,169.40720221606648,5.7368421052631575,5.105263157894737,0.25675675675675674
2846,22.0,34.22727272727273,448.6301652892562,30.727272727272727,273.198347107438,4.545454545454546,5.7272727272727275,0.4074074074074074
2847,29.0,38.827586206896555,656.2116527942925,25.96551724137931,253.0677764565993,5.275862068965517,5.482758620689655,0.43283582089552236
2848,30.0,36.0,1047.1333333333334,35.46666666666667,276.11555555555555,5.266666666666667,5.4,0.36585365853658536
2849,9.0,37.333333333333336,808.4444444444445,31.11111111111111,303.20987654320993,6.0,4.666666666666667,0.13432835820895522
2850,13.0,28.307692307692307,724.6745562130177,36.69230769230769,289.59763313609466,4.3076923076923075,5.230769230769231,0.19402985074626866
2851,15.0,20.4,269.44,28.0,262.53333333333336,6.733333333333333,4.733333333333333,0.2777777777777778
2852,20.0,51.5,980.85,40.5,188.95,6.3,4.75,0.24691358024691357
2853,13.0,41.38461538461539,438.54437869822493,36.61538461538461,176.54437869822488,4.846153846153846,3.923076923076923,0.24074074074074073
2854,21.0,25.476190476190474,598.4399092970522,28.142857142857142,308.50340136054416,6.095238095238095,4.904761904761905,0.2692307692307692
2855,28.0,34.5,507.32142857142856,27.321428571428573,248.07525510204076,6.428571428571429,5.535714285714286,0.4375
2856,14.0,31.857142857142858,358.97959183673476,37.214285714285715,231.16836734693877,5.214285714285714,5.714285714285714,0.2641509433962264
2857,21.0,41.095238095238095,620.3718820861678,36.333333333333336,299.3650793650794,5.571428571428571,5.476190476190476,0.3230769230769231
2858,12.0,43.0,712.5,38.166666666666664,196.13888888888889,5.083333333333333,4.833333333333333,0.18461538461538463
2859,11.0,45.90909090909091,947.3553719008265,38.36363636363637,249.32231404958677,4.909090909090909,5.090909090909091,0.15714285714285714
2860,5.0,42.6,461.84000000000003,28.4,319.04,3.6,5.0,0.0847457627118644
2861,23.0,40.26086956521739,378.453686200378,34.869565217391305,275.5916824196597,6.086956521739131,5.217391304347826,0.45098039215686275
2862,25.0,39.68,431.81759999999997,31.12,305.6256,5.2,4.52,0.45454545454545453
2863,16.0,37.1875,554.90234375,33.0,261.25,6.75,4.9375,0.24615384615384617
2864,18.0,45.166666666666664,677.4722222222223,36.333333333333336,181.66666666666666,5.0,4.833333333333333,0.2571428571428571
2865,15.0,40.6,707.3066666666667,29.8,314.15999999999997,5.8,4.8,0.24193548387096775
2866,7.0,48.142857142857146,520.9795918367347,29.714285714285715,114.77551020408161,5.0,5.142857142857143,0.1206896551724138
2867,15.0,26.666666666666668,855.0222222222222,33.266666666666666,253.92888888888893,5.933333333333334,5.466666666666667,0.20833333333333334
2868,6.0,42.5,674.25,22.833333333333332,167.13888888888889,5.0,5.666666666666667,0.09375
2869,11.0,46.0,417.45454545454544,34.27272727272727,141.28925619834712,5.0,4.7272727272727275,0.1774193548387097
2870,23.0,52.17391304347826,296.92627599243855,34.78260869565217,202.95274102079404,4.521739130434782,4.478260869565218,0.3333333333333333
2871,21.0,42.142857142857146,967.5510204081633,31.142857142857142,237.07482993197277,5.904761904761905,5.095238095238095,0.25
2872,8.0,26.625,974.234375,33.375,273.234375,6.25,3.75,0.10526315789473684
2873,30.0,30.833333333333332,743.6055555555554,34.266666666666666,307.46222222222224,5.766666666666667,5.166666666666667,0.36585365853658536
2874,18.0,36.833333333333336,613.6944444444445,30.944444444444443,253.27469135802468,4.611111111111111,5.222222222222222,0.2857142857142857
2875,16.0,47.5,582.375,35.625,261.859375,4.75,4.8125,0.24242424242424243
2876,29.0,46.51724137931034,506.1117717003567,28.03448275862069,232.58501783590964,5.862068965517241,5.172413793103448,0.5370370370370371
2877,24.0,38.375,419.5677083333333,30.75,287.7708333333333,5.5,6.0,0.4444444444444444
2878,12.0,34.25,363.1875,33.166666666666664,242.30555555555554,5.166666666666667,5.416666666666667,0.1935483870967742
2879,20.0,45.55,486.34749999999997,30.15,251.6275,5.65,5.65,0.3389830508474576
2880,7.0,46.42857142857143,593.9591836734693,26.714285714285715,287.9183673469388,5.428571428571429,5.571428571428571,0.1076923076923077
2881,30.0,43.36666666666667,658.4988888888888,33.5,213.91666666666666,5.7,4.833333333333333,0.4411764705882353
2882,9.0,48.0,436.44444444444446,44.333333333333336,240.88888888888889,5.666666666666667,5.333333333333333,0.15517241379310345
2883,23.0,38.130434782608695,509.41776937618147,32.78260869565217,175.03969754253305,6.086956521739131,4.6521739130434785,0.39655172413793105
2884,6.0,29.833333333333332,547.138888888889,35.0,267.6666666666667,7.166666666666667,5.166666666666667,0.08450704225352113
2885,9.0,19.77777777777778,347.0617283950617,35.111111111111114,306.54320987654324,8.0,4.888888888888889,0.20930232558139536
2886,22.0,37.68181818181818,398.12603305785126,30.272727272727273,111.10743801652892,5.818181818181818,5.454545454545454,0.38596491228070173
2887,9.0,50.111111111111114,771.2098765432098,42.333333333333336,110.44444444444444,6.0,5.111111111111111,0.11842105263157894
2888,17.0,35.588235294117645,423.65397923875435,31.41176470588235,291.0657439446367,3.9411764705882355,5.294117647058823,0.288135593220339
2889,29.0,28.96551724137931,656.9988109393577,28.275862068965516,299.372175980975,5.689655172413793,4.586206896551724,0.38666666666666666
2890,29.0,38.48275862068966,442.24970273483945,35.172413793103445,268.3495838287753,5.241379310344827,4.9655172413793105,0.5272727272727272
2891,8.0,26.5,409.5,29.0,259.75,4.5,4.5,0.14545454545454545
2892,19.0,41.78947368421053,476.16620498614964,35.89473684210526,203.25207756232686,5.7894736842105265,4.947368421052632,0.2878787878787879
2893,19.0,32.94736842105263,556.5761772853185,36.10526315789474,300.1994459833796,4.894736842105263,5.473684210526316,0.2714285714285714
2894,23.0,47.34782608695652,658.9224952741021,38.08695652173913,197.9054820415879,5.869565217391305,5.391304347826087,0.3382352941176471
2895,10.0,31.3,736.21,41.0,121.4,5.8,4.9,0.16129032258064516
2896,23.0,35.43478260869565,465.8979206049149,27.043478260869566,205.43289224952744,6.3478260869565215,5.086956521739131,0.3484848484848485
2897,11.0,39.09090909090909,636.8099173553719,30.90909090909091,226.26446280991738,6.363636363636363,4.909090909090909,0.15942028985507245
2898,5.0,45.6,315.03999999999996,36.8,374.96000000000004,4.2,3.8,0.09803921568627451
2899,26.0,50.26923076923077,553.2736686390533,32.96153846153846,141.49852071005918,5.3076923076923075,4.884615384615385,0.3880597014925373
2900,10.0,42.1,333.89000000000004,35.1,176.48999999999995,5.5,5.4,0.2127659574468085
2901,18.0,24.444444444444443,766.5802469135801,33.22222222222222,283.9506172839506,5.888888888888889,5.111111111111111,0.2727272727272727
2902,15.0,37.266666666666666,452.4622222222223,24.133333333333333,247.58222222222224,5.933333333333334,5.4,0.23076923076923078
2903,21.0,46.666666666666664,532.9841269841269,26.19047619047619,214.82086167800455,4.9523809523809526,4.523809523809524,0.3088235294117647
2904,19.0,36.73684210526316,408.61495844875344,34.1578947368421,217.5013850415513,4.947368421052632,4.578947368421052,0.3064516129032258
2905,29.0,33.06896551724138,620.40903686088,28.03448275862069,296.2401902497027,4.758620689655173,4.448275862068965,0.4142857142857143
2906,5.0,48.0,554.8,44.6,169.04000000000002,6.8,4.8,0.08064516129032258
2907,8.0,18.75,212.1875,36.0,423.75,6.125,5.0,0.24242424242424243
2908,12.0,25.083333333333332,508.90972222222234,34.0,219.16666666666666,6.0,5.416666666666667,0.1875
2909,5.0,31.2,476.15999999999997,29.4,391.44000000000005,6.6,5.2,0.07936507936507936
2910,24.0,27.333333333333332,566.388888888889,35.833333333333336,294.80555555555554,5.083333333333333,5.375,0.38095238095238093
2911,15.0,43.266666666666666,378.86222222222216,44.53333333333333,207.44888888888892,5.8,4.733333333333333,0.2631578947368421
2912,24.0,38.375,1036.5677083333333,25.625,241.81770833333334,6.333333333333333,4.416666666666667,0.2962962962962963
2913,30.0,45.733333333333334,745.5955555555555,31.866666666666667,326.58222222222224,6.0,5.466666666666667,0.39473684210526316
2914,12.0,43.5,869.25,33.333333333333336,247.55555555555554,6.166666666666667,4.416666666666667,0.1518987341772152
2915,17.0,49.35294117647059,896.5813148788925,23.705882352941178,303.8546712802769,4.235294117647059,5.117647058823529,0.22077922077922077
2916,16.0,54.9375,665.30859375,27.9375,340.43359375,4.3125,4.8125,0.20512820512820512
2917,22.0,43.13636363636363,640.2995867768594,35.04545454545455,217.1342975206611,4.2727272727272725,5.2727272727272725,0.3142857142857143
2918,16.0,37.6875,949.21484375,28.5,160.75,4.875,5.0,0.20512820512820512
2919,23.0,44.95652173913044,500.5633270321361,34.04347826086956,219.34593572778832,5.782608695652174,5.217391304347826,0.36507936507936506
2920,8.0,54.5,108.0,38.0,165.25,6.125,5.25,0.32
2921,22.0,39.72727272727273,480.83471074380157,28.863636363636363,245.11776859504133,5.681818181818182,4.454545454545454,0.3793103448275862
2922,7.0,35.857142857142854,715.5510204081633,32.142857142857146,492.40816326530614,5.857142857142857,3.7142857142857144,0.11290322580645161
2923,25.0,45.8,752.1600000000003,33.76,264.0224,6.04,4.84,0.352112676056338
2924,9.0,43.77777777777778,431.0617283950617,29.444444444444443,383.13580246913574,5.222222222222222,4.444444444444445,0.13043478260869565
2925,21.0,38.523809523809526,424.0589569160997,29.428571428571427,288.05442176870736,5.428571428571429,4.904761904761905,0.35
2926,20.0,36.35,438.52750000000003,30.25,237.2875,5.75,4.55,0.26666666666666666
2927,27.0,45.18518518518518,739.4101508916324,32.333333333333336,327.48148148148147,4.407407407407407,4.814814814814815,0.4153846153846154
2928,25.0,49.16,604.5344,28.92,200.39359999999996,5.48,4.6,0.3472222222222222
2929,6.0,34.5,357.9166666666667,44.333333333333336,195.2222222222222,6.666666666666667,5.0,0.1276595744680851
2930,8.0,38.375,837.484375,43.25,125.9375,5.875,4.625,0.1095890410958904
2931,13.0,30.384615384615383,342.23668639053244,26.615384615384617,250.54437869822485,5.230769230769231,5.923076923076923,0.23214285714285715
2932,7.0,25.142857142857142,447.8367346938776,32.857142857142854,351.55102040816325,5.428571428571429,5.428571428571429,0.11290322580645161
2933,6.0,45.166666666666664,451.8055555555556,23.0,123.33333333333333,6.166666666666667,4.333333333333333,0.1016949152542373
2934,16.0,38.4375,624.12109375,30.6875,244.96484375,5.0,5.0625,0.25
2935,9.0,42.333333333333336,242.88888888888894,27.555555555555557,198.46913580246914,5.0,4.777777777777778,0.15254237288135594
2936,22.0,48.77272727272727,421.99380165289256,30.5,282.15909090909093,5.2727272727272725,5.136363636363637,0.3492063492063492
2937,15.0,31.933333333333334,292.4622222222222,38.93333333333333,160.99555555555554,6.333333333333333,4.333333333333333,0.25
2938,29.0,38.0,757.5172413793103,30.310344827586206,198.1450653983353,5.689655172413793,5.0,0.3972602739726027
2939,28.0,51.32142857142857,873.5752551020407,33.214285714285715,303.6683673469388,5.464285714285714,4.714285714285714,0.3373493975903614
2940,30.0,42.36666666666667,314.8322222222222,30.9,192.55666666666667,4.2,5.333333333333333,0.5882352941176471
2941,12.0,42.166666666666664,221.9722222222222,35.75,123.1875,6.166666666666667,4.916666666666667,0.23076923076923078
2942,23.0,55.08695652173913,572.2533081285446,26.565217391304348,265.9848771266541,5.130434782608695,5.391304347826087,0.34328358208955223
2943,25.0,40.04,583.1584,30.56,125.20639999999999,5.08,4.24,0.390625
2944,13.0,27.692307692307693,458.82840236686394,26.0,238.92307692307693,4.6923076923076925,5.153846153846154,0.22033898305084745
2945,23.0,47.30434782608695,849.4291115311908,29.608695652173914,251.71644612476365,5.217391304347826,4.913043478260869,0.2987012987012987
2946,13.0,46.76923076923077,416.17751479289933,29.46153846153846,300.8639053254438,3.3076923076923075,5.846153846153846,0.18571428571428572
2947,23.0,41.65217391304348,282.05293005671086,33.26086956521739,349.9319470699433,6.217391304347826,4.608695652173913,0.45098039215686275
2948,25.0,42.76,591.5424000000002,35.88,247.1456,5.04,4.28,0.38461538461538464
2949,23.0,41.82608695652174,798.5784499054819,29.652173913043477,251.44423440453684,5.6521739130434785,4.869565217391305,0.2804878048780488
2950,27.0,43.148148148148145,538.4224965706447,36.51851851851852,311.5829903978052,5.185185185185185,4.851851851851852,0.391304347826087
2951,21.0,37.904761904761905,844.8480725623581,39.523809523809526,265.67800453514735,4.857142857142857,4.666666666666667,0.28378378378378377
2952,28.0,48.75,686.0446428571429,34.07142857142857,356.28061224489795,4.821428571428571,4.75,0.358974358974359
2953,30.0,34.766666666666666,433.51222222222236,28.266666666666666,216.86222222222221,6.133333333333334,5.4,0.5084745762711864
2954,5.0,41.2,398.96,47.8,60.96,4.8,5.2,0.10869565217391304
2955,7.0,48.142857142857146,392.12244897959175,31.428571428571427,436.53061224489795,3.4285714285714284,4.428571428571429,0.11864406779661017
2956,30.0,39.166666666666664,515.2722222222224,36.4,297.6400000000001,5.266666666666667,4.966666666666667,0.4411764705882353
2957,21.0,33.95238095238095,523.3786848072563,36.42857142857143,236.62585034013605,4.619047619047619,5.666666666666667,0.328125
2958,22.0,43.18181818181818,691.9669421487605,38.77272727272727,219.26652892561987,6.818181818181818,5.409090909090909,0.3013698630136986
2959,29.0,32.58620689655172,383.4149821640904,32.41379310344828,212.65636147443516,4.724137931034483,4.586206896551724,0.47540983606557374
2960,15.0,42.06666666666667,494.1955555555555,34.53333333333333,203.84888888888887,6.066666666666666,4.666666666666667,0.24193548387096775
2961,19.0,33.36842105263158,397.1800554016621,36.26315789473684,209.87811634349032,5.315789473684211,5.368421052631579,0.36538461538461536
2962,29.0,37.96551724137931,561.5505350772889,36.241379310344826,201.42449464922709,6.172413793103448,5.172413793103448,0.4393939393939394
2963,15.0,42.6,585.9733333333332,33.2,218.56,4.666666666666667,5.066666666666666,0.25
2964,26.0,31.923076923076923,817.9171597633135,38.84615384615385,193.51479289940823,5.884615384615385,4.615384615384615,0.3561643835616438
2965,5.0,39.4,279.84000000000003,31.2,337.36,3.2,4.4,0.11363636363636363
2966,23.0,38.130434782608695,616.4612476370511,30.391304347826086,192.93383742911152,6.043478260869565,5.826086956521739,0.3333333333333333
2967,16.0,47.5,408.625,36.3125,336.58984375,5.375,4.625,0.25396825396825395
2968,28.0,39.92857142857143,822.6377551020407,26.25,270.83035714285717,5.178571428571429,4.964285714285714,0.3835616438356164
2969,28.0,35.214285714285715,643.1683673469388,33.892857142857146,231.52423469387764,5.321428571428571,4.535714285714286,0.42424242424242425
2970,6.0,41.666666666666664,686.888888888889,35.333333333333336,301.8888888888889,4.0,4.333333333333333,0.08823529411764706
2971,30.0,34.833333333333336,768.7388888888887,28.766666666666666,264.9122222222222,4.8,4.466666666666667,0.4166666666666667
2972,22.0,38.31818181818182,670.1260330578511,31.227272727272727,259.35743801652893,5.545454545454546,4.7272727272727275,0.34375
2973,26.0,32.53846153846154,713.094674556213,35.92307692307692,288.76331360946756,5.6923076923076925,4.846153846153846,0.3333333333333333
2974,27.0,42.51851851851852,500.9903978052126,37.7037037037037,373.0233196159122,6.148148148148148,4.7407407407407405,0.4576271186440678
2975,9.0,43.77777777777778,260.17283950617286,26.88888888888889,128.320987654321,7.111111111111111,5.222222222222222,0.2571428571428571
2976,13.0,33.0,168.30769230769232,31.46153846153846,325.3254437869822,6.615384615384615,4.6923076923076925,0.24074074074074073
2977,19.0,34.26315789473684,416.19390581717454,28.68421052631579,253.68975069252085,6.0,5.894736842105263,0.35185185185185186
2978,29.0,47.206896551724135,669.8192627824017,32.41379310344828,258.3115338882283,6.793103448275862,4.827586206896552,0.43283582089552236
2979,14.0,32.214285714285715,448.02551020408157,34.42857142857143,195.24489795918367,5.357142857142857,5.785714285714286,0.24561403508771928
2980,6.0,50.0,483.6666666666667,40.666666666666664,73.88888888888889,4.166666666666667,4.166666666666667,0.10526315789473684
2981,12.0,29.083333333333332,741.4097222222225,30.833333333333332,244.9722222222222,5.083333333333333,4.5,0.15384615384615385
2982,13.0,44.30769230769231,552.2130177514794,35.38461538461539,275.6213017751479,6.461538461538462,4.076923076923077,0.20967741935483872
2983,9.0,34.333333333333336,513.3333333333334,29.666666666666668,311.77777777777777,3.7777777777777777,5.111111111111111,0.15517241379310345
2984,16.0,32.0,529.625,33.1875,323.02734375,6.0,4.625,0.23880597014925373
2985,8.0,31.375,331.734375,33.75,226.9375,7.25,5.0,0.13114754098360656
2986,20.0,31.25,746.2875,34.0,351.7,4.65,5.3,0.28169014084507044
2987,7.0,45.285714285714285,1105.0612244897961,31.571428571428573,167.9591836734694,5.428571428571429,4.285714285714286,0.08433734939759036
2988,22.0,43.5,433.8863636363636,30.318181818181817,196.7623966942149,6.5,4.863636363636363,0.34375
2989,28.0,34.57142857142857,909.5306122448977,31.142857142857142,244.05102040816328,5.285714285714286,5.285714285714286,0.36363636363636365
2990,11.0,30.90909090909091,989.7190082644629,34.36363636363637,342.23140495867773,4.636363636363637,6.2727272727272725,0.14285714285714285
2991,15.0,44.86666666666667,660.7822222222222,37.06666666666667,242.32888888888894,4.933333333333334,5.133333333333334,0.22727272727272727
2992,7.0,49.285714285714285,434.4897959183673,33.714285714285715,333.6326530612245,6.285714285714286,4.428571428571429,0.14
2993,7.0,42.42857142857143,1127.3877551020407,33.285714285714285,186.4897959183673,6.142857142857143,5.142857142857143,0.09210526315789473
2994,11.0,40.72727272727273,728.9256198347108,32.81818181818182,65.78512396694215,3.3636363636363638,6.363636363636363,0.171875
2995,10.0,28.7,434.0099999999999,29.6,290.04,5.0,3.5,0.17543859649122806
2996,19.0,46.10526315789474,616.409972299169,29.473684210526315,248.5650969529086,6.578947368421052,5.315789473684211,0.31666666666666665
2997,17.0,38.294117647058826,680.795847750865,26.764705882352942,213.47404844290654,5.176470588235294,5.176470588235294,0.24285714285714285
2998,16.0,54.75,468.4375,28.25,194.8125,4.0,5.25,0.24615384615384617
2999,20.0,39.65,623.2275,35.4,308.74,5.1,5.65,0.2898550724637681
3000,27.0,39.2962962962963,620.80109739369,30.962962962962962,293.51714677640604,6.074074074074074,4.814814814814815,0.39705882352941174
3001,12.0,17.5,131.91666666666666,28.083333333333332,893.9097222222223,6.666666666666667,1.75,0.32432432432432434
3002,30.0,23.333333333333332,133.95555555555558,38.63333333333333,1166.4322222222218,7.0,2.033333333333333,0.7692307692307693
3003,23.0,16.869565217391305,111.24385633270322,38.130434782608695,1083.504725897921,7.391304347826087,1.7391304347826086,0.6388888888888888
3004,29.0,21.03448275862069,113.75743162901308,34.6551724137931,1130.7086801426874,7.344827586206897,2.2758620689655173,0.7837837837837838
3005,5.0,19.6,126.64000000000003,36.2,516.96,7.2,2.4,0.14285714285714285
3006,12.0,22.166666666666668,159.80555555555554,24.666666666666668,831.0555555555555,7.166666666666667,2.4166666666666665,0.34285714285714286
3007,8.0,19.25,137.6875,43.125,1601.359375,5.625,1.75,0.23529411764705882
3008,16.0,22.0,142.75,48.4375,1341.49609375,6.8125,1.875,0.42105263157894735
3009,7.0,32.285714285714285,41.346938775510196,27.285714285714285,881.061224489796,7.714285714285714,1.5714285714285714,0.30434782608695654
3010,22.0,23.636363636363637,111.68595041322315,22.045454545454547,736.6797520661156,7.818181818181818,1.5,0.5789473684210527
3011,10.0,21.3,174.41,22.6,522.44,6.7,1.5,0.2702702702702703
3012,24.0,18.916666666666668,141.99305555555557,26.166666666666668,642.7222222222222,6.666666666666667,1.9166666666666667,0.6486486486486487
3013,7.0,19.142857142857142,103.83673469387756,37.857142857142854,1781.8367346938774,6.857142857142857,2.0,0.20588235294117646
3014,27.0,22.703703703703702,131.02331961591221,19.40740740740741,656.1673525377229,6.666666666666667,1.5925925925925926,0.75
3015,18.0,18.055555555555557,150.94135802469137,40.833333333333336,1469.472222222222,7.055555555555555,1.7222222222222223,0.46153846153846156
3016,15.0,13.8,109.6266666666667,22.333333333333332,708.888888888889,6.466666666666667,1.9333333333333333,0.4411764705882353
3017,11.0,20.727272727272727,204.74380165289256,28.454545454545453,1140.9752066115705,7.2727272727272725,3.1818181818181817,0.275
3018,20.0,22.65,168.52749999999997,31.2,1183.4599999999998,6.9,1.85,0.5
3019,11.0,15.818181818181818,201.60330578512395,41.45454545454545,1484.4297520661157,7.181818181818182,1.4545454545454546,0.28205128205128205
3020,5.0,20.8,82.56,6.4,61.839999999999996,7.0,1.8,0.19230769230769232
3021,26.0,20.692307692307693,194.52071005917153,30.423076923076923,1172.4748520710064,6.461538461538462,2.0384615384615383,0.65
3022,27.0,15.962962962962964,142.1838134430727,30.77777777777778,1154.8395061728397,6.888888888888889,1.8518518518518519,0.75
3023,15.0,17.133333333333333,96.78222222222226,25.133333333333333,833.9822222222223,7.266666666666667,2.0,0.40540540540540543
3024,7.0,25.571428571428573,22.24489795918367,24.571428571428573,1283.673469387755,8.142857142857142,1.7142857142857142,0.4666666666666667
3025,30.0,18.666666666666668,154.95555555555558,28.6,1151.973333333333,7.733333333333333,2.3666666666666667,0.75
3026,7.0,13.285714285714286,135.91836734693877,28.285714285714285,1015.6326530612243,7.714285714285714,0.8571428571428571,0.1891891891891892
3027,24.0,15.125,143.359375,35.083333333333336,913.4930555555555,6.583333333333333,2.0416666666666665,0.6153846153846154
3028,19.0,22.57894736842105,153.82271468144046,26.157894736842106,737.7119113573407,6.578947368421052,2.4210526315789473,0.475
3029,18.0,16.88888888888889,146.32098765432093,33.111111111111114,1201.7654320987651,6.611111111111111,2.0555555555555554,0.4864864864864865
3030,25.0,20.68,111.0176,44.2,1261.7599999999998,6.68,1.84,0.6756756756756757
3031,16.0,19.5625,127.62109375,36.5,1016.125,7.375,2.25,0.45714285714285713
3032,8.0,25.25,44.9375,33.25,1286.4375,7.375,1.5,0.3333333333333333
3033,9.0,19.88888888888889,137.87654320987656,11.11111111111111,83.65432098765433,8.11111111111111,2.6666666666666665,0.25
3034,12.0,19.25,163.6875,16.5,558.25,7.416666666666667,2.4166666666666665,0.3157894736842105
3035,29.0,17.96551724137931,141.55053507728894,34.48275862068966,982.3186682520811,7.448275862068965,2.0344827586206895,0.7435897435897436
3036,14.0,20.785714285714285,132.5969387755102,18.571428571428573,646.3877551020408,7.071428571428571,1.8571428571428572,0.358974358974359
3037,21.0,21.047619047619047,182.99773242630388,27.714285714285715,432.10884353741494,7.095238095238095,2.6666666666666665,0.5384615384615384
3038,30.0,18.2,139.89333333333335,24.833333333333332,1080.8055555555554,7.366666666666666,2.1333333333333333,0.7317073170731707
3039,9.0,15.777777777777779,74.39506172839508,41.55555555555556,1097.8024691358025,6.222222222222222,1.4444444444444444,0.36
3040,5.0,17.2,158.56,37.6,1117.84,6.0,1.4,0.13157894736842105
3041,14.0,16.785714285714285,115.02551020408161,33.642857142857146,1232.0867346938776,7.285714285714286,1.1428571428571428,0.3783783783783784
3042,20.0,18.15,168.5275,36.05,858.6475,7.25,1.6,0.5
3043,27.0,22.11111111111111,170.76543209876542,31.333333333333332,816.5185185185187,6.925925925925926,2.2222222222222223,0.6585365853658537
3044,11.0,19.727272727272727,116.01652892561984,45.27272727272727,862.7438016528926,7.545454545454546,2.272727272727273,0.3235294117647059
3045,15.0,21.466666666666665,115.98222222222223,35.266666666666666,1100.9955555555555,6.866666666666666,1.8666666666666667,0.42857142857142855
3046,18.0,18.833333333333332,145.58333333333334,35.833333333333336,1102.4722222222222,6.277777777777778,1.8888888888888888,0.47368421052631576
3047,8.0,15.125,125.859375,31.75,965.4375,6.625,2.0,0.21621621621621623
3048,6.0,29.166666666666668,52.47222222222222,39.0,1252.3333333333333,7.0,2.1666666666666665,0.3333333333333333
3049,25.0,21.68,120.69760000000001,45.04,1370.4384000000002,7.24,2.24,0.6578947368421053
3050,13.0,16.46153846153846,152.86390532544377,27.384615384615383,1250.0828402366863,7.923076923076923,1.3846153846153846,0.325
3051,15.0,21.333333333333332,152.62222222222223,29.6,863.9733333333335,7.2,2.466666666666667,0.375
3052,15.0,20.133333333333333,155.31555555555556,33.8,1301.3600000000001,6.133333333333334,2.066666666666667,0.42857142857142855
3053,15.0,16.466666666666665,95.31555555555555,26.6,941.1733333333333,6.6,2.2666666666666666,0.45454545454545453
3054,19.0,18.210526315789473,187.6398891966759,40.78947368421053,1199.1135734072022,8.0,1.8421052631578947,0.4634146341463415
3055,13.0,16.53846153846154,145.94082840236683,20.0,1080.6153846153845,6.6923076923076925,2.1538461538461537,0.325
3056,5.0,16.4,60.239999999999995,43.0,858.8,6.8,1.0,0.25
3057,17.0,14.823529411764707,102.73356401384083,30.764705882352942,892.650519031142,6.882352941176471,1.4705882352941178,0.53125
3058,19.0,16.157894736842106,141.92243767313022,24.42105263157895,917.6121883656509,7.684210526315789,2.526315789473684,0.4634146341463415
3059,6.0,23.5,185.25,37.666666666666664,1073.2222222222222,7.0,2.1666666666666665,0.17142857142857143
3060,22.0,21.181818181818183,96.14876033057853,45.54545454545455,1471.1570247933885,7.181818181818182,2.090909090909091,0.6111111111111112
3061,12.0,14.916666666666666,44.90972222222222,39.833333333333336,1150.3055555555557,8.083333333333334,2.0,0.46153846153846156
3062,21.0,21.952380952380953,165.4739229024943,23.80952380952381,987.5827664399092,6.809523809523809,2.5238095238095237,0.5833333333333334
3063,21.0,20.047619047619047,164.42630385487527,45.523809523809526,1197.7732426303858,7.0476190476190474,1.8095238095238095,0.5121951219512195
3064,19.0,18.473684210526315,160.3545706371191,39.68421052631579,1297.3739612188367,7.105263157894737,1.1578947368421053,0.4634146341463415
3065,8.0,21.25,153.9375,36.375,1314.234375,7.75,2.5,0.2
3066,27.0,23.185185185185187,118.7434842249657,35.44444444444444,1171.0617283950614,7.333333333333333,1.962962962962963,0.6585365853658537
3067,19.0,20.842105263157894,136.86980609418285,25.42105263157895,862.4542936288087,6.526315789473684,1.9473684210526316,0.48717948717948717
3068,13.0,16.153846153846153,170.89940828402365,35.53846153846154,900.7100591715978,6.153846153846154,2.1538461538461537,0.325
3069,14.0,22.857142857142858,119.9795918367347,19.785714285714285,498.1683673469388,6.857142857142857,1.7857142857142858,0.3783783783783784
3070,19.0,18.42105263157895,146.5595567867036,39.526315789473685,1406.9861495844877,6.894736842105263,1.5263157894736843,0.5135135135135135
3071,11.0,17.272727272727273,108.38016528925618,23.09090909090909,710.082644628099,6.7272727272727275,2.4545454545454546,0.3235294117647059
3072,28.0,19.428571428571427,115.17346938775513,27.25,1212.2589285714287,7.142857142857143,2.25,0.7
3073,30.0,22.266666666666666,107.92888888888889,29.833333333333332,1034.8055555555557,7.066666666666666,1.8333333333333333,0.75
3074,10.0,18.7,198.81,34.3,1093.81,7.8,2.5,0.2631578947368421
3075,28.0,18.0,147.42857142857142,30.642857142857142,1117.0867346938776,7.071428571428571,1.8928571428571428,0.7368421052631579
3076,25.0,23.04,139.95839999999998,34.2,1402.5600000000004,7.6,2.24,0.6756756756756757
3077,22.0,21.40909090909091,128.05991735537188,26.136363636363637,549.2995867768594,7.7727272727272725,1.9545454545454546,0.55
3078,14.0,20.5,142.10714285714286,39.0,935.0,6.714285714285714,1.5,0.3783783783783784
3079,19.0,20.0,115.05263157894737,45.0,1350.842105263158,6.842105263157895,1.5263157894736843,0.5
3080,21.0,16.666666666666668,99.93650793650792,38.666666666666664,1302.2222222222222,7.857142857142857,1.619047619047619,0.6774193548387096
3081,12.0,22.0,135.66666666666666,23.666666666666668,977.5555555555555,6.75,1.3333333333333333,0.3076923076923077
3082,23.0,16.73913043478261,138.01890359168243,25.608695652173914,765.8034026465028,7.043478260869565,1.7826086956521738,0.5897435897435898
3083,21.0,19.952380952380953,131.85487528344675,23.61904761904762,747.8548752834467,6.619047619047619,2.238095238095238,0.5833333333333334
3084,10.0,19.9,182.48999999999998,33.7,889.4100000000001,6.5,2.2,0.2631578947368421
3085,13.0,24.0,117.84615384615384,49.84615384615385,1102.4378698224853,6.846153846153846,3.076923076923077,0.38235294117647056
3086,7.0,21.428571428571427,59.67346938775511,28.857142857142858,628.9795918367346,8.571428571428571,3.0,0.28
3087,5.0,17.4,63.839999999999996,27.2,773.76,8.0,1.4,0.22727272727272727
3088,20.0,11.9,114.08999999999999,29.85,1175.6275,6.8,1.9,0.6060606060606061
3089,24.0,24.166666666666668,122.55555555555553,43.208333333333336,1301.4149305555554,6.958333333333333,1.8333333333333333,0.6153846153846154
3090,11.0,17.545454545454547,143.15702479338842,33.18181818181818,1290.3305785123966,6.818181818181818,2.0,0.3333333333333333
3091,8.0,10.125,26.109375,20.0,704.0,6.875,2.5,0.47058823529411764
3092,21.0,23.142857142857142,136.7891156462585,23.952380952380953,1040.2358276643993,6.761904761904762,1.8095238095238095,0.5384615384615384
3093,30.0,20.766666666666666,112.64555555555553,34.833333333333336,1023.0722222222224,6.933333333333334,1.9333333333333333,0.7894736842105263
3094,23.0,19.91304347826087,170.68809073724006,33.43478260869565,1305.984877126654,7.0,1.8695652173913044,0.5609756097560976
3095,20.0,16.4,134.24,26.85,1116.4275,6.45,2.25,0.5
3096,9.0,21.555555555555557,163.80246913580245,31.555555555555557,1147.5802469135806,7.333333333333333,2.0,0.25
3097,15.0,20.266666666666666,74.19555555555557,21.666666666666668,821.2888888888889,6.733333333333333,2.1333333333333333,0.5
3098,12.0,24.5,87.91666666666667,18.833333333333332,540.1388888888889,7.666666666666667,1.6666666666666667,0.36363636363636365
3099,12.0,24.0,85.33333333333333,37.5,1646.25,5.666666666666667,2.1666666666666665,0.3333333333333333
3100,12.0,21.416666666666668,106.74305555555556,27.0,917.3333333333334,8.083333333333334,1.4166666666666667,0.375
3101,30.0,20.7,144.67666666666668,26.666666666666668,1059.6222222222218,7.0,1.4,0.75
3102,22.0,20.818181818181817,164.87603305785123,24.818181818181817,893.1487603305787,6.909090909090909,2.272727272727273,0.5365853658536586
3103,18.0,21.444444444444443,144.80246913580248,43.833333333333336,1304.138888888889,6.722222222222222,2.111111111111111,0.45
3104,11.0,20.727272727272727,188.92561983471072,35.81818181818182,1661.603305785124,7.0,1.5454545454545454,0.28205128205128205
3105,8.0,19.75,285.1875,60.0,1005.0,6.625,1.875,0.2
3106,26.0,18.0,171.6153846153846,44.26923076923077,924.9659763313609,7.538461538461538,2.1923076923076925,0.6341463414634146
3107,22.0,23.681818181818183,125.48966942148759,40.22727272727273,1306.448347107438,7.363636363636363,2.409090909090909,0.6285714285714286
3108,10.0,19.3,161.81,46.8,1488.16,6.4,2.0,0.2564102564102564
3109,22.0,21.181818181818183,149.96694214876038,25.318181818181817,1180.3078512396694,7.318181818181818,1.9090909090909092,0.5641025641025641
3110,16.0,15.6875,64.83984375,20.875,826.484375,6.5625,2.125,0.47058823529411764
3111,6.0,21.0,120.33333333333333,29.666666666666668,972.2222222222221,7.166666666666667,2.6666666666666665,0.1875
3112,21.0,17.80952380952381,125.4875283446712,28.047619047619047,1002.0453514739228,6.809523809523809,2.0476190476190474,0.5384615384615384
3113,7.0,17.428571428571427,160.81632653061226,32.42857142857143,712.8163265306122,8.0,1.5714285714285714,0.20588235294117646
3114,16.0,20.375,104.984375,29.25,1277.8125,6.625,2.3125,0.45714285714285713
3115,19.0,22.736842105263158,152.40443213296402,32.10526315789474,1150.9362880886426,7.421052631578948,2.210526315789474,0.5588235294117647
3116,7.0,19.428571428571427,38.53061224489796,18.285714285714285,95.06122448979593,7.714285714285714,2.5714285714285716,0.30434782608695654
3117,5.0,23.2,51.75999999999999,47.6,1578.64,7.6,1.8,0.2631578947368421
3118,19.0,21.842105263157894,120.97506925207755,24.842105263157894,977.9224376731302,6.842105263157895,2.0526315789473686,0.5135135135135135
3119,23.0,22.17391304347826,150.66540642722117,43.0,1136.3478260869565,7.391304347826087,2.1739130434782608,0.5897435897435898
3120,20.0,19.55,133.1475,24.65,746.3274999999999,7.35,1.85,0.5128205128205128
3121,12.0,18.083333333333332,193.57638888888889,18.25,432.3541666666667,6.916666666666667,1.6666666666666667,0.3
3122,26.0,21.53846153846154,157.40236686390534,31.153846153846153,1084.2840236686388,7.269230769230769,2.1538461538461537,0.6341463414634146
3123,25.0,21.12,136.34560000000002,46.76,1472.5824,7.2,2.08,0.6578947368421053
3124,9.0,20.555555555555557,153.58024691358023,43.666666666666664,1158.666666666667,6.666666666666667,2.111111111111111,0.24324324324324326
3125,12.0,22.083333333333332,143.57638888888889,31.5,601.75,6.916666666666667,1.9166666666666667,0.3076923076923077
3126,27.0,22.925925925925927,149.0315500685871,28.444444444444443,1033.4320987654316,6.7407407407407405,1.8518518518518519,0.7105263157894737
3127,8.0,19.0,144.0,52.25,1248.4375,6.625,2.625,0.22857142857142856
3128,25.0,18.56,102.08639999999995,27.68,822.0575999999998,6.96,2.28,0.6410256410256411
3129,22.0,22.318181818181817,118.03512396694214,25.045454545454547,655.9524793388431,6.818181818181818,2.1363636363636362,0.6111111111111112
3130,20.0,20.35,107.82749999999999,23.15,790.1274999999999,7.35,1.75,0.5714285714285714
3131,28.0,20.392857142857142,140.38137755102042,29.5,1126.5357142857142,6.642857142857143,1.6785714285714286,0.6829268292682927
3132,24.0,19.458333333333332,132.58159722222223,37.166666666666664,1012.2222222222218,7.208333333333333,1.9583333333333333,0.6666666666666666
3133,28.0,14.428571428571429,131.1734693877551,29.785714285714285,956.5255102040817,6.321428571428571,1.6428571428571428,0.7368421052631579
3134,5.0,21.0,98.4,48.6,754.24,6.8,2.2,0.16666666666666666
3135,12.0,18.166666666666668,140.13888888888889,31.583333333333332,1025.076388888889,6.416666666666667,2.25,0.35294117647058826
3136,8.0,18.875,77.609375,37.25,974.9375,6.75,1.875,0.24242424242424243
3137,19.0,22.894736842105264,138.30470914127426,41.05263157894737,1265.7340720221607,6.842105263157895,2.1052631578947367,0.5
3138,19.0,19.94736842105263,142.57617728531858,32.10526315789474,1176.9362880886426,6.2105263157894735,1.5789473684210527,0.5
3139,6.0,26.0,154.66666666666666,47.0,1064.6666666666667,6.166666666666667,1.8333333333333333,0.16666666666666666
3140,24.0,17.916666666666668,133.24305555555554,23.75,757.4375,6.958333333333333,1.7916666666666667,0.6153846153846154
3141,20.0,17.7,122.51000000000002,35.6,1225.3399999999997,7.15,1.65,0.5263157894736842
3142,16.0,15.875,145.109375,33.6875,1489.96484375,7.0,2.8125,0.3902439024390244
3143,13.0,26.307692307692307,113.44378698224851,27.076923076923077,780.8402366863904,7.153846153846154,2.076923076923077,0.38235294117647056
3144,17.0,18.11764705882353,149.28027681660902,34.1764705882353,1237.3217993079584,7.705882352941177,2.4705882352941178,0.4146341463414634
3145,14.0,22.285714285714285,150.48979591836732,38.285714285714285,1236.204081632653,7.5,2.357142857142857,0.3684210526315789
3146,14.0,14.071428571428571,42.35204081632654,43.714285714285715,1144.7755102040817,7.5,2.2142857142857144,0.6086956521739131
3147,19.0,15.368421052631579,106.96952908587258,30.894736842105264,981.0415512465378,7.105263157894737,2.3684210526315788,0.5277777777777778
3148,8.0,27.375,107.984375,19.875,518.109375,7.125,3.0,0.25
3149,24.0,20.291666666666668,146.53993055555557,20.583333333333332,731.1597222222223,6.166666666666667,2.625,0.6
3150,11.0,18.181818181818183,106.51239669421489,30.90909090909091,1163.1735537190086,6.818181818181818,1.3636363636363635,0.2972972972972973
3151,17.0,23.0,102.82352941176471,47.88235294117647,1275.98615916955,7.117647058823529,2.0588235294117645,0.4473684210526316
3152,9.0,21.555555555555557,91.1358024691358,25.666666666666668,1136.222222222222,6.111111111111111,0.8888888888888888,0.28125
3153,10.0,23.9,157.69,47.9,1195.6899999999998,7.2,1.8,0.2702702702702703
3154,8.0,15.625,196.984375,27.625,450.234375,6.5,2.0,0.2
3155,13.0,26.076923076923077,138.07100591715977,31.46153846153846,1365.0177514792902,7.846153846153846,1.5384615384615385,0.37142857142857144
3156,26.0,18.923076923076923,127.37869822485207,41.46153846153846,1023.3254437869824,7.269230769230769,2.3461538461538463,0.7027027027027027
3157,16.0,19.9375,151.68359375,32.4375,1026.37109375,7.0,2.3125,0.3902439024390244
3158,16.0,23.8125,99.52734375,32.5625,1491.74609375,6.5625,1.5,0.5333333333333333
3159,14.0,23.142857142857142,144.97959183673467,29.857142857142858,937.5510204081631,6.214285714285714,1.6428571428571428,0.358974358974359
3160,16.0,18.25,148.4375,38.25,778.4375,7.375,1.75,0.41025641025641024
3161,23.0,21.608695652173914,132.75992438563327,41.869565217391305,1134.8090737240077,7.608695652173913,1.7826086956521738,0.6052631578947368
3162,22.0,21.90909090909091,126.90082644628097,38.31818181818182,1461.5805785123966,6.2272727272727275,2.1363636363636362,0.6111111111111112
3163,13.0,17.615384615384617,137.46745562130175,33.92307692307692,692.0710059171598,6.923076923076923,2.076923076923077,0.3333333333333333
3164,29.0,18.724137931034484,128.54458977407847,37.86206896551724,1201.498216409037,6.896551724137931,1.8620689655172413,0.7435897435897436
3165,5.0,19.2,128.56,40.6,2012.2400000000002,7.0,1.4,0.14705882352941177
3166,26.0,19.307692307692307,134.82840236686388,33.34615384615385,1019.7647928994081,6.961538461538462,2.3846153846153846,0.7222222222222222
3167,21.0,20.047619047619047,132.61678004535148,24.333333333333332,884.4126984126984,6.714285714285714,1.4761904761904763,0.5384615384615384
3168,29.0,19.275862068965516,148.19976218787158,27.896551724137932,1140.8513674197382,7.275862068965517,1.8620689655172413,0.7073170731707317
3169,6.0,14.833333333333334,75.80555555555556,9.833333333333334,82.47222222222223,6.166666666666667,2.6666666666666665,0.20689655172413793
3170,6.0,22.833333333333332,95.13888888888887,49.0,1333.3333333333333,6.666666666666667,2.5,0.1875
3171,10.0,21.7,134.20999999999998,34.2,1162.7599999999998,7.4,1.5,0.2564102564102564
3172,5.0,26.0,62.4,26.8,152.56,6.6,2.4,0.25
3173,12.0,24.083333333333332,96.90972222222223,35.333333333333336,954.388888888889,8.0,2.75,0.3076923076923077
3174,27.0,21.703703703703702,168.2825788751715,45.111111111111114,1587.3580246913582,6.222222222222222,1.7407407407407407,0.6585365853658537
3175,5.0,11.2,152.56,52.8,708.16,8.0,1.6,0.1388888888888889
3176,17.0,24.764705882352942,127.70934256055364,44.35294117647059,1443.8754325259515,6.588235294117647,1.8823529411764706,0.5
3177,12.0,19.25,138.1875,39.166666666666664,1773.638888888889,6.416666666666667,2.25,0.3157894736842105
3178,14.0,21.0,111.57142857142857,40.285714285714285,1145.4897959183675,7.214285714285714,1.5714285714285714,0.42424242424242425
3179,18.0,19.5,152.58333333333334,22.666666666666668,501.9999999999999,7.611111111111111,1.9444444444444444,0.47368421052631576
3180,25.0,19.68,139.4176,35.88,1158.9855999999997,6.92,2.12,0.6578947368421053
3181,15.0,20.4,103.57333333333335,31.133333333333333,1060.1155555555556,6.466666666666667,2.7333333333333334,0.4411764705882353
3182,7.0,20.571428571428573,43.38775510204082,16.285714285714285,273.6326530612245,6.428571428571429,2.5714285714285716,0.30434782608695654
3183,18.0,18.055555555555557,112.16358024691357,18.72222222222222,496.42283950617286,6.666666666666667,2.0,0.4864864864864865
3184,18.0,23.0,141.55555555555554,24.555555555555557,1111.6913580246912,7.166666666666667,2.2222222222222223,0.5
3185,30.0,19.833333333333332,142.20555555555558,31.066666666666666,1138.5955555555556,7.366666666666666,2.066666666666667,0.75
3186,8.0,15.625,169.484375,26.875,1109.609375,6.625,1.75,0.25
3187,25.0,19.68,162.93759999999997,33.8,1096.88,7.2,2.2,0.6097560975609756
3188,11.0,24.09090909090909,113.17355371900823,44.90909090909091,1185.9008264462811,7.0,1.7272727272727273,0.275
3189,7.0,27.285714285714285,167.91836734693877,29.428571428571427,1432.2448979591838,8.0,2.7142857142857144,0.1891891891891892
3190,21.0,18.333333333333332,186.03174603174605,40.142857142857146,1352.9795918367347,6.904761904761905,1.5238095238095237,0.525
3191,12.0,20.75,148.02083333333334,25.166666666666668,872.4722222222223,7.083333333333333,2.0,0.3157894736842105
3192,23.0,16.565217391304348,147.63705103969755,31.304347826086957,1171.950850661626,7.260869565217392,2.0434782608695654,0.6052631578947368
3193,9.0,15.11111111111111,163.65432098765433,52.888888888888886,1059.8765432098764,7.222222222222222,1.6666666666666667,0.2571428571428571
3194,26.0,22.846153846153847,142.89940828402365,24.5,779.4807692307693,6.884615384615385,2.0384615384615383,0.65
3195,14.0,19.142857142857142,168.40816326530611,28.071428571428573,865.3520408163265,6.285714285714286,2.0714285714285716,0.3684210526315789
3196,9.0,25.666666666666668,155.33333333333334,45.333333333333336,1106.4444444444443,5.444444444444445,2.0,0.2571428571428571
3197,21.0,19.523809523809526,131.96371882086166,18.047619047619047,574.0453514739229,7.0,1.9523809523809523,0.5526315789473685
3198,26.0,18.423076923076923,139.85946745562129,35.19230769230769,1018.0784023668638,7.038461538461538,1.7692307692307692,0.6666666666666666
3199,30.0,18.366666666666667,146.76555555555555,30.466666666666665,1336.048888888889,6.833333333333333,1.8666666666666667,0.7317073170731707
3200,6.0,18.833333333333332,115.47222222222223,37.0,1215.3333333333333,6.5,2.6666666666666665,0.17647058823529413
3201,30.0,17.9,157.69,32.5,980.05,6.8,1.8,0.7317073170731707
3202,26.0,23.23076923076923,125.40828402366868,32.11538461538461,1228.3328402366863,6.923076923076923,2.0,0.65
3203,7.0,15.142857142857142,102.12244897959184,38.285714285714285,1293.6326530612246,7.285714285714286,1.5714285714285714,0.21875
3204,16.0,20.625,102.984375,25.75,712.4375,7.8125,2.125,0.48484848484848486
3205,5.0,19.6,177.44,8.2,98.16,6.0,2.2,0.15151515151515152
3206,13.0,16.307692307692307,71.44378698224851,54.0,1471.3846153846155,7.153846153846154,1.8461538461538463,0.4482758620689655
3207,12.0,24.333333333333332,74.38888888888887,34.166666666666664,704.3055555555557,8.083333333333334,2.0,0.42857142857142855
3208,13.0,13.76923076923077,120.94674556213019,40.23076923076923,1607.8698224852076,7.153846153846154,2.5384615384615383,0.37142857142857144
3209,26.0,19.576923076923077,137.01331360946745,42.42307692307692,1320.7825443786983,6.961538461538462,1.8076923076923077,0.65
3210,27.0,17.59259259259259,161.20438957475992,29.14814814814815,982.2743484224965,6.62962962962963,1.8148148148148149,0.675
3211,14.0,16.5,130.53571428571428,24.5,751.9642857142857,6.214285714285714,1.7857142857142858,0.4375
3212,18.0,16.88888888888889,151.2098765432099,29.5,1073.5833333333333,7.5,1.7777777777777777,0.4864864864864865
3213,22.0,20.454545454545453,167.61157024793386,27.045454545454547,997.1342975206612,6.681818181818182,2.3181818181818183,0.5365853658536586
3214,18.0,17.27777777777778,128.64506172839506,14.11111111111111,630.2098765432099,6.444444444444445,1.7777777777777777,0.5
3215,23.0,17.565217391304348,113.72400756143668,37.21739130434783,1248.6918714555768,7.304347826086956,1.7391304347826086,0.6571428571428571
3216,27.0,20.88888888888889,158.17283950617286,26.22222222222222,776.0246913580247,6.777777777777778,2.185185185185185,0.6585365853658537
3217,21.0,15.095238095238095,184.94331065759636,26.904761904761905,859.3242630385487,6.476190476190476,1.9047619047619047,0.5121951219512195
3218,30.0,23.333333333333332,102.42222222222225,26.066666666666666,790.1955555555558,6.1,2.033333333333333,0.7894736842105263
3219,16.0,23.125,112.859375,40.875,1391.234375,6.75,2.125,0.47058823529411764
3220,8.0,19.875,130.109375,40.875,1112.109375,6.5,1.75,0.21052631578947367
3221,22.0,20.727272727272727,137.83471074380165,37.0,1175.8181818181818,6.863636363636363,2.090909090909091,0.5365853658536586
3222,19.0,21.105263157894736,138.51523545706374,31.0,929.3684210526316,6.631578947368421,2.1052631578947367,0.475
3223,10.0,20.9,191.49,15.2,731.76,6.9,2.2,0.24390243902439024
3224,22.0,18.136363636363637,107.75413223140498,37.04545454545455,1137.6797520661157,7.045454545454546,2.0,0.5789473684210527
3225,5.0,26.2,94.96,7.6,85.43999999999998,8.0,1.8,0.2
3226,23.0,20.73913043478261,170.71455576559546,32.130434782608695,1026.8090737240077,8.130434782608695,1.9130434782608696,0.5609756097560976
3227,22.0,19.09090909090909,149.62809917355378,43.45454545454545,1363.1570247933885,6.590909090909091,1.9090909090909092,0.55
3228,7.0,14.0,120.85714285714286,32.0,458.85714285714283,8.0,2.142857142857143,0.18421052631578946
3229,6.0,22.0,110.0,45.166666666666664,1436.8055555555557,7.0,1.6666666666666667,0.17647058823529413
3230,17.0,21.058823529411764,111.58477508650519,38.64705882352941,1129.8754325259517,7.411764705882353,1.8823529411764706,0.4473684210526316
3231,25.0,19.0,176.8,32.8,878.6399999999999,7.32,1.76,0.6410256410256411
3232,12.0,21.916666666666668,90.07638888888887,18.25,748.8541666666666,7.583333333333333,1.5833333333333333,0.34285714285714286
3233,6.0,13.0,126.66666666666667,31.666666666666668,1219.5555555555554,7.166666666666667,1.5,0.20689655172413793
3234,15.0,23.2,94.16000000000001,40.4,1257.5733333333333,7.866666666666666,1.9333333333333333,0.4838709677419355
3235,7.0,23.857142857142858,77.55102040816325,64.71428571428571,1577.9183673469386,7.285714285714286,2.857142857142857,0.25925925925925924
3236,11.0,15.454545454545455,46.79338842975207,20.727272727272727,980.5619834710747,7.363636363636363,2.272727272727273,0.4230769230769231
3237,22.0,18.636363636363637,93.68595041322314,30.454545454545453,948.2479338842975,7.454545454545454,1.6363636363636365,0.6111111111111112
3238,14.0,20.357142857142858,128.94387755102042,31.714285714285715,1042.6326530612243,6.928571428571429,2.2142857142857144,0.4
3239,16.0,19.75,135.5625,40.9375,871.43359375,7.375,2.3125,0.43243243243243246
3240,19.0,18.0,130.8421052631579,29.263157894736842,1132.8254847645426,7.947368421052632,2.1578947368421053,0.5135135135135135
3241,20.0,22.0,104.6,28.5,1214.45,6.85,2.1,0.5714285714285714
3242,12.0,22.833333333333332,134.80555555555557,50.833333333333336,1312.9722222222224,6.75,1.5833333333333333,0.3157894736842105
3243,13.0,22.692307692307693,91.1360946745562,25.53846153846154,1394.248520710059,7.384615384615385,1.3846153846153846,0.3611111111111111
3244,26.0,18.884615384615383,132.6405325443787,27.53846153846154,1103.6331360946742,7.076923076923077,2.0384615384615383,0.6666666666666666
3245,5.0,19.8,128.56,28.4,655.44,7.6,1.0,0.14285714285714285
3246,6.0,18.0,158.0,37.166666666666664,535.1388888888888,6.0,1.8333333333333333,0.15789473684210525
3247,25.0,17.56,164.56640000000004,27.28,1252.6015999999997,7.36,2.16,0.6410256410256411
3248,12.0,20.916666666666668,124.5763888888889,15.666666666666666,219.05555555555557,6.666666666666667,2.4166666666666665,0.35294117647058826
3249,24.0,18.5,92.75,21.291666666666668,890.7065972222218,7.083333333333333,2.3333333333333335,0.6666666666666666
3250,18.0,20.88888888888889,134.09876543209873,21.27777777777778,697.7561728395063,6.555555555555555,2.2222222222222223,0.46153846153846156
3251,10.0,22.2,168.96,16.4,479.03999999999996,6.2,2.8,0.2702702702702703
3252,24.0,22.791666666666668,129.83159722222226,27.916666666666668,923.4930555555555,7.125,1.75,0.5853658536585366
3253,26.0,23.03846153846154,144.4215976331361,33.84615384615385,1045.0532544378702,6.730769230769231,2.0384615384615383,0.6341463414634146
3254,24.0,21.833333333333332,178.38888888888883,27.291666666666668,970.5399305555552,6.958333333333333,2.1666666666666665,0.5853658536585366
3255,20.0,23.35,169.5275,37.75,1149.4875,7.6,2.0,0.5
3256,13.0,20.384615384615383,141.92899408284023,35.0,1267.8461538461538,7.846153846153846,1.9230769230769231,0.325
3257,18.0,16.22222222222222,135.72839506172838,45.5,1384.5833333333333,7.222222222222222,1.8333333333333333,0.43902439024390244
3258,30.0,17.966666666666665,175.43222222222218,38.53333333333333,1167.1155555555556,6.3,1.7333333333333334,0.7692307692307693
3259,12.0,20.833333333333332,160.63888888888889,26.666666666666668,589.3888888888887,7.0,1.75,0.32432432432432434
3260,20.0,20.95,153.1475,29.2,1167.86,7.2,1.65,0.5128205128205128
3261,25.0,17.96,95.15840000000001,30.2,959.68,7.0,2.04,0.6578947368421053
3262,7.0,25.142857142857142,46.9795918367347,47.57142857142857,1475.9591836734692,6.714285714285714,1.7142857142857142,0.28
3263,21.0,23.19047619047619,102.43990929705217,29.333333333333332,1101.5555555555554,6.523809523809524,2.3333333333333335,0.6176470588235294
3264,17.0,21.88235294117647,131.04498269896195,34.294117647058826,1063.0311418685121,6.705882352941177,2.0,0.4594594594594595
3265,28.0,20.392857142857142,115.30994897959184,43.0,1441.7142857142858,7.178571428571429,2.3214285714285716,0.6829268292682927
3266,23.0,20.695652173913043,127.77693761814744,31.565217391304348,1304.5066162570893,6.869565217391305,1.6521739130434783,0.6052631578947368
3267,6.0,14.0,140.33333333333334,21.333333333333332,956.2222222222223,7.0,2.1666666666666665,0.16666666666666666
3268,16.0,16.125,114.484375,33.9375,1159.43359375,6.3125,2.0625,0.47058823529411764
3269,14.0,20.857142857142858,84.97959183673468,36.285714285714285,1329.9183673469386,6.571428571428571,2.0,0.4117647058823529
3270,27.0,19.074074074074073,144.7352537722908,26.37037037037037,1057.714677640604,7.111111111111111,2.2962962962962963,0.675
3271,8.0,19.25,159.1875,20.75,530.6875,7.625,1.625,0.21621621621621623
3272,9.0,26.22222222222222,40.172839506172835,28.77777777777778,865.7283950617284,6.888888888888889,3.111111111111111,0.36
3273,22.0,20.318181818181817,114.85330578512395,36.54545454545455,1412.5206611570245,6.909090909090909,1.5909090909090908,0.55
3274,6.0,25.166666666666668,113.80555555555554,6.833333333333333,75.13888888888889,8.5,3.0,0.1875
3275,22.0,19.181818181818183,182.87603305785126,24.636363636363637,721.6859504132232,6.7272727272727275,2.0,0.5365853658536586
3276,14.0,20.142857142857142,166.12244897959184,26.5,817.5357142857143,6.428571428571429,1.8571428571428572,0.3684210526315789
3277,29.0,18.93103448275862,112.20214030915577,23.862068965517242,938.8775267538646,7.620689655172414,2.0,0.7837837837837838
3278,22.0,19.40909090909091,129.60537190082644,41.27272727272727,1247.01652892562,7.454545454545454,2.0454545454545454,0.5641025641025641
3279,22.0,17.545454545454547,155.97520661157026,24.227272727272727,1005.9028925619837,6.681818181818182,1.3636363636363635,0.55
3280,12.0,17.5,173.91666666666666,32.25,538.1875,7.166666666666667,2.75,0.3076923076923077
3281,5.0,17.0,165.2,25.6,830.6400000000001,5.4,1.6,0.1282051282051282
3282,23.0,18.08695652173913,111.0359168241966,35.17391304347826,1353.0132325141774,6.695652173913044,1.9565217391304348,0.6052631578947368
3283,13.0,25.923076923076923,93.9171597633136,17.153846153846153,456.8994082840236,6.3076923076923075,2.0,0.38235294117647056
3284,24.0,17.666666666666668,79.8888888888889,28.125,1014.9427083333334,7.666666666666667,2.0833333333333335,0.7741935483870968
3285,9.0,26.666666666666668,80.22222222222221,15.11111111111111,190.98765432098764,7.777777777777778,2.2222222222222223,0.3
3286,16.0,22.125,145.359375,27.75,1130.6875,6.625,1.625,0.4
3287,20.0,20.05,164.74750000000003,36.8,1462.9600000000005,8.35,1.9,0.5
3288,24.0,15.625,112.56770833333333,31.625,1095.0677083333333,6.791666666666667,1.4166666666666667,0.6857142857142857
3289,17.0,20.176470588235293,110.73356401384082,28.0,1053.764705882353,7.647058823529412,2.823529411764706,0.53125
3290,14.0,20.928571428571427,102.20918367346938,38.5,880.6785714285714,6.714285714285714,2.2857142857142856,0.42424242424242425
3291,21.0,19.523809523809526,81.77324263038548,27.952380952380953,1188.4263038548754,7.190476190476191,1.380952380952381,0.6176470588235294
3292,10.0,22.1,155.09,22.5,496.45,6.5,1.3,0.24390243902439024
3293,10.0,22.4,174.64000000000001,34.8,602.3599999999999,7.2,2.1,0.2564102564102564
3294,27.0,23.962962962962962,130.480109739369,25.48148148148148,954.4718792866944,7.2592592592592595,2.185185185185185,0.6923076923076923
3295,24.0,17.791666666666668,138.08159722222226,37.875,1426.609375,7.541666666666667,2.1666666666666665,0.631578947368421
3296,14.0,23.428571428571427,82.53061224489795,23.5,710.1071428571429,6.785714285714286,2.0714285714285716,0.42424242424242425
3297,26.0,19.423076923076923,133.70562130177512,37.61538461538461,1265.4674556213017,6.346153846153846,1.8076923076923077,0.65
3298,15.0,20.933333333333334,122.32888888888891,32.6,783.5733333333333,7.933333333333334,2.066666666666667,0.40540540540540543
3299,9.0,30.333333333333332,80.66666666666666,39.888888888888886,1309.6543209876543,7.111111111111111,2.5555555555555554,0.2903225806451613
3300,27.0,17.14814814814815,125.82990397805216,46.666666666666664,1525.8518518518515,6.925925925925926,2.2962962962962963,0.7105263157894737
3301,18.0,24.333333333333332,131.77777777777777,31.61111111111111,1170.2376543209875,7.666666666666667,2.0,0.46153846153846156
3302,8.0,16.125,135.859375,27.125,902.859375,6.75,0.875,0.21621621621621623
3303,9.0,15.777777777777779,163.28395061728395,50.55555555555556,1133.5802469135804,7.333333333333333,1.2222222222222223,0.23684210526315788
3304,18.0,22.055555555555557,173.16358024691357,36.166666666666664,1134.8055555555557,8.0,2.1666666666666665,0.43902439024390244
3305,25.0,20.64,166.63039999999998,35.56,1298.2463999999998,6.92,2.0,0.6097560975609756
3306,28.0,21.25,129.33035714285714,22.714285714285715,676.561224489796,6.214285714285714,2.0,0.7368421052631579
3307,19.0,21.473684210526315,125.5124653739612,35.36842105263158,1037.2853185595568,7.578947368421052,2.263157894736842,0.48717948717948717
3308,8.0,27.25,61.9375,44.375,1249.484375,7.625,2.125,0.27586206896551724
3309,10.0,21.2,150.16,43.3,1139.01,6.8,2.9,0.2564102564102564
3310,15.0,13.0,73.6,40.666666666666664,1233.5555555555557,7.066666666666666,1.8,0.42857142857142855
3311,21.0,16.047619047619047,130.71201814058958,21.19047619047619,768.2494331065762,6.809523809523809,2.142857142857143,0.5526315789473685
3312,6.0,12.666666666666666,107.55555555555554,33.166666666666664,830.4722222222222,8.5,2.0,0.2222222222222222
3313,30.0,21.066666666666666,137.19555555555553,16.866666666666667,827.848888888889,6.7,2.1333333333333333,0.7894736842105263
3314,8.0,22.125,131.609375,26.125,1228.359375,7.75,1.625,0.21621621621621623
3315,30.0,22.2,175.35999999999999,36.53333333333333,1150.0488888888888,6.6,2.466666666666667,0.7317073170731707
3316,29.0,18.310344827586206,125.86920332936974,43.275862068965516,1414.4066587395955,8.0,2.0,0.8055555555555556
3317,25.0,19.2,99.92,25.52,840.5696,6.8,2.0,0.7142857142857143
3318,28.0,18.035714285714285,138.24872448979593,32.107142857142854,1205.2385204081631,7.392857142857143,1.8571428571428572,0.7
3319,30.0,18.3,128.27666666666667,35.666666666666664,1319.688888888889,7.233333333333333,2.1666666666666665,0.7692307692307693
3320,25.0,21.0,98.16,41.92,1499.9936000000002,6.84,1.84,0.6578947368421053
3321,17.0,21.058823529411764,120.87889273356404,19.41176470588235,352.9480968858132,6.705882352941177,2.1176470588235294,0.5151515151515151
3322,27.0,20.666666666666668,144.3703703703704,37.888888888888886,1338.7654320987656,6.444444444444445,1.962962962962963,0.675
3323,21.0,19.80952380952381,148.82086167800458,28.19047619047619,1053.6780045351475,7.571428571428571,1.9047619047619047,0.525
3324,6.0,21.833333333333332,168.4722222222222,3.3333333333333335,1.8888888888888886,8.333333333333334,1.1666666666666667,0.18181818181818182
3325,6.0,26.166666666666668,59.138888888888886,52.333333333333336,1231.888888888889,8.666666666666666,1.1666666666666667,0.2608695652173913
3326,20.0,20.9,133.29000000000002,26.1,1049.19,7.15,1.7,0.5128205128205128
3327,28.0,21.178571428571427,158.36096938775512,26.607142857142858,1109.8813775510205,7.535714285714286,2.107142857142857,0.7
3328,24.0,18.625,163.484375,25.791666666666668,910.6649305555553,6.958333333333333,1.6666666666666667,0.6153846153846154
3329,29.0,23.17241379310345,127.2461355529132,22.344827586206897,729.0535077288941,6.827586206896552,1.5517241379310345,0.725
3330,6.0,24.833333333333332,62.805555555555564,54.166666666666664,1183.8055555555554,7.833333333333333,0.8333333333333334,0.25
3331,16.0,20.4375,90.37109375,18.4375,448.62109375,7.4375,1.5625,0.5
3332,12.0,17.75,152.1875,59.916666666666664,1022.0763888888888,7.75,2.4166666666666665,0.3157894736842105
3333,19.0,16.894736842105264,101.0415512465374,39.0,992.9473684210526,6.894736842105263,1.8421052631578947,0.5
3334,22.0,22.227272727272727,113.99380165289254,32.18181818181818,1033.6942148760331,7.136363636363637,1.8636363636363635,0.5789473684210527
3335,19.0,26.894736842105264,108.7257617728532,33.0,1371.7894736842106,6.894736842105263,1.5789473684210527,0.48717948717948717
3336,9.0,22.11111111111111,143.20987654320987,34.111111111111114,1039.8765432098764,7.444444444444445,1.7777777777777777,0.24324324324324326
3337,20.0,24.1,129.29,30.25,680.0875,6.5,1.5,0.5128205128205128
3338,16.0,18.75,145.1875,33.4375,860.24609375,7.6875,1.875,0.4444444444444444
3339,7.0,27.0,56.57142857142857,26.285714285714285,623.3469387755102,5.428571428571429,1.0,0.3181818181818182
3340,10.0,23.6,128.24,39.6,1496.6399999999999,6.2,2.1,0.3125
3341,14.0,17.214285714285715,128.73979591836735,22.214285714285715,739.0255102040818,7.142857142857143,1.9285714285714286,0.358974358974359
3342,21.0,21.19047619047619,139.58276643990928,38.76190476190476,1719.609977324263,7.761904761904762,2.6666666666666665,0.525
3343,24.0,20.875,94.109375,31.791666666666668,1241.8315972222222,7.125,2.0416666666666665,0.6153846153846154
3344,10.0,24.5,161.85,22.9,821.8899999999998,7.1,2.4,0.2777777777777778
3345,7.0,23.714285714285715,108.48979591836735,28.285714285714285,771.9183673469387,6.571428571428571,2.5714285714285716,0.20588235294117646
3346,8.0,23.25,89.1875,40.25,1229.6875,6.875,2.75,0.23529411764705882
3347,27.0,21.333333333333332,130.66666666666666,16.333333333333332,740.4444444444445,7.074074074074074,1.5925925925925926,0.675
3348,14.0,23.071428571428573,111.2091836734694,42.0,1450.142857142857,6.857142857142857,1.3571428571428572,0.3888888888888889
3349,27.0,15.555555555555555,77.0617283950617,34.925925925925924,1050.883401920439,6.888888888888889,2.5185185185185186,0.7941176470588235
3350,14.0,21.142857142857142,151.1224489795918,43.42857142857143,1539.5306122448976,7.0,1.5,0.34146341463414637
3351,25.0,19.08,142.5536,26.72,1196.3616,7.12,2.12,0.6578947368421053
3352,25.0,20.52,152.8896,29.56,880.0064,7.56,1.8,0.6097560975609756
3353,14.0,18.5,114.53571428571429,28.357142857142858,1158.2295918367345,5.928571428571429,1.7857142857142858,0.35
3354,21.0,19.428571428571427,134.91156462585033,32.142857142857146,1037.455782312925,6.428571428571429,2.0952380952380953,0.5526315789473685
3355,5.0,13.8,137.35999999999999,42.0,1655.6,6.2,2.2,0.15625
3356,12.0,18.666666666666668,119.22222222222221,16.75,516.1875,6.583333333333333,2.8333333333333335,0.36363636363636365
3357,13.0,18.76923076923077,150.63905325443787,33.84615384615385,1097.976331360947,7.076923076923077,2.076923076923077,0.3333333333333333
3358,30.0,21.233333333333334,112.44555555555556,28.0,1109.2,6.766666666666667,2.1666666666666665,0.8108108108108109
3359,10.0,11.5,56.65,16.9,754.4899999999999,7.0,1.9,0.4166666666666667
3360,27.0,20.037037037037038,137.7393689986283,33.77777777777778,1372.2469135802469,6.518518518518518,2.3703703703703702,0.675
3361,24.0,20.625,144.984375,29.208333333333332,1031.6649305555554,6.958333333333333,2.2916666666666665,0.631578947368421
3362,11.0,22.09090909090909,116.62809917355371,28.181818181818183,1056.6942148760331,8.272727272727273,1.7272727272727273,0.3142857142857143
3363,27.0,19.555555555555557,163.358024691358,39.666666666666664,1040.2222222222222,6.777777777777778,1.6666666666666667,0.6585365853658537
3364,24.0,22.875,153.109375,27.833333333333332,1004.5555555555557,7.166666666666667,2.1666666666666665,0.6
3365,27.0,22.85185185185185,130.27434842249656,44.851851851851855,1517.0891632373116,6.7407407407407405,2.259259259259259,0.7105263157894737
3366,20.0,19.95,144.7475,27.95,804.4475,7.1,2.25,0.5263157894736842
3367,10.0,15.9,155.69,32.9,546.29,6.6,2.6,0.2702702702702703
3368,13.0,20.384615384615383,131.15976331360946,11.153846153846153,555.9763313609466,7.0,1.9230769230769231,0.34210526315789475
3369,21.0,22.80952380952381,164.05895691609982,27.476190476190474,552.6303854875283,7.142857142857143,1.9047619047619047,0.5384615384615384
3370,16.0,15.25,130.4375,39.8125,1799.90234375,6.625,2.9375,0.42105263157894735
3371,12.0,20.75,83.6875,41.833333333333336,1251.4722222222222,6.416666666666667,1.9166666666666667,0.46153846153846156
3372,17.0,19.294117647058822,146.2076124567474,33.35294117647059,1165.5224913494808,6.470588235294118,1.7647058823529411,0.4358974358974359
3373,10.0,16.0,113.8,40.5,1046.05,7.4,1.8,0.30303030303030304
3374,28.0,19.214285714285715,129.0969387755102,23.535714285714285,1079.3201530612248,7.035714285714286,1.3928571428571428,0.7
3375,6.0,10.0,47.333333333333336,27.333333333333332,1074.2222222222222,6.0,2.0,0.3
3376,16.0,21.625,116.609375,38.25,1264.8125,6.875,2.0625,0.3902439024390244
3377,20.0,21.05,118.04750000000001,26.8,701.96,7.7,2.3,0.5263157894736842
3378,6.0,19.166666666666668,123.47222222222223,27.166666666666668,1141.8055555555554,7.166666666666667,2.0,0.17142857142857143
3379,24.0,22.541666666666668,145.41493055555557,25.375,1045.3177083333333,6.166666666666667,2.0,0.5853658536585366
3380,9.0,19.77777777777778,176.8395061728395,40.333333333333336,1289.7777777777778,7.333333333333333,2.4444444444444446,0.24324324324324326
3381,14.0,15.071428571428571,153.78061224489798,33.214285714285715,1225.168367346939,7.571428571428571,2.142857142857143,0.3684210526315789
3382,21.0,14.523809523809524,97.58276643990928,27.761904761904763,1041.8956916099773,6.428571428571429,1.9047619047619047,0.6
3383,9.0,19.22222222222222,146.17283950617283,42.55555555555556,1206.469135802469,7.555555555555555,1.2222222222222223,0.24324324324324326
3384,22.0,21.0,163.63636363636363,32.04545454545455,999.9524793388431,6.818181818181818,2.8636363636363638,0.5641025641025641
3385,12.0,20.5,97.75,23.416666666666668,1063.5763888888887,6.416666666666667,2.0,0.3333333333333333
3386,27.0,25.25925925925926,142.85871056241427,23.59259259259259,702.167352537723,6.518518518518518,1.7037037037037037,0.675
3387,21.0,22.523809523809526,151.48752834467123,32.76190476190476,1162.9433106575964,7.523809523809524,2.4285714285714284,0.5121951219512195
3388,13.0,18.692307692307693,169.59763313609466,15.923076923076923,225.6094674556213,7.076923076923077,1.6923076923076923,0.325
3389,10.0,23.7,161.60999999999999,33.9,875.49,7.0,2.1,0.2564102564102564
3390,12.0,20.166666666666668,198.13888888888889,25.916666666666668,506.4097222222221,6.5,2.0,0.3
3391,17.0,21.235294117647058,145.35640138408303,20.0,444.3529411764706,7.352941176470588,1.9411764705882353,0.425
3392,11.0,21.636363636363637,143.32231404958677,52.54545454545455,1054.6115702479337,6.636363636363637,2.3636363636363638,0.28205128205128205
3393,9.0,21.0,95.11111111111111,36.0,1358.2222222222222,7.444444444444445,2.0,0.32142857142857145
3394,14.0,18.142857142857142,106.83673469387756,24.571428571428573,704.6734693877552,8.285714285714286,1.9285714285714286,0.4
3395,11.0,17.727272727272727,142.92561983471074,36.54545454545455,1322.0661157024795,8.090909090909092,1.8181818181818181,0.2972972972972973
3396,17.0,18.470588235294116,179.5432525951557,36.76470588235294,1169.121107266436,7.647058823529412,2.235294117647059,0.4146341463414634
3397,8.0,21.0,180.25,40.75,1080.4375,5.625,2.625,0.21052631578947367
3398,21.0,19.142857142857142,178.8843537414966,36.142857142857146,1234.979591836735,7.0476190476190474,1.9523809523809523,0.5121951219512195
3399,29.0,21.103448275862068,125.12722948870393,38.6551724137931,1369.3293697978597,6.896551724137931,1.7241379310344827,0.7631578947368421
3400,6.0,28.333333333333332,80.55555555555556,50.833333333333336,978.4722222222223,7.166666666666667,1.8333333333333333,0.2222222222222222
3401,8.0,18.25,185.9375,22.375,705.484375,6.375,1.875,0.1951219512195122
3402,26.0,24.96153846153846,137.57544378698225,32.15384615384615,1150.284023668639,6.8076923076923075,2.269230769230769,0.6341463414634146
3403,19.0,21.842105263157894,123.92243767313018,41.68421052631579,1396.8476454293625,6.7368421052631575,1.736842105263158,0.5
3404,8.0,9.0,106.25,16.25,512.1875,7.375,3.125,0.22857142857142856
3405,19.0,17.31578947368421,111.7950138504155,27.05263157894737,756.0498614958448,6.473684210526316,2.8421052631578947,0.4634146341463415
3406,20.0,21.15,128.42749999999998,33.65,1252.8274999999999,7.45,1.85,0.4878048780487805
3407,6.0,12.166666666666666,171.47222222222226,36.5,1428.5833333333333,6.166666666666667,1.3333333333333333,0.14634146341463414
3408,8.0,22.75,52.9375,35.5,902.0,7.0,2.5,0.3076923076923077
3409,20.0,17.05,127.04749999999999,34.7,1385.8100000000004,6.0,2.05,0.5
3410,6.0,21.333333333333332,88.22222222222223,3.1666666666666665,1.1388888888888888,7.333333333333333,1.6666666666666667,0.21428571428571427
3411,19.0,16.94736842105263,176.26038781163436,30.263157894736842,1057.141274238227,7.315789473684211,1.894736842105263,0.4634146341463415
3412,16.0,22.875,146.484375,35.9375,1317.05859375,6.8125,1.625,0.43243243243243246
3413,19.0,20.157894736842106,123.9224376731302,33.68421052631579,1421.795013850416,6.526315789473684,1.368421052631579,0.5277777777777778
3414,17.0,18.705882352941178,113.7370242214533,29.176470588235293,952.2629757785464,8.411764705882353,1.9411764705882353,0.4722222222222222
3415,16.0,14.6875,168.71484375,33.8125,1309.02734375,6.9375,2.0,0.4
3416,24.0,18.666666666666668,183.13888888888894,48.958333333333336,1404.7899305555554,6.75,2.1666666666666665,0.5853658536585366
3417,22.0,16.09090909090909,151.44628099173553,39.31818181818182,1408.3987603305786,7.136363636363637,2.1363636363636362,0.5365853658536586
3418,19.0,20.05263157894737,134.57617728531855,30.736842105263158,958.0886426592798,7.7894736842105265,2.1578947368421053,0.48717948717948717
3419,23.0,18.130434782608695,168.8960302457467,28.695652173913043,976.8204158790168,7.086956521739131,2.4782608695652173,0.575
3420,19.0,24.736842105263158,127.14127423822715,33.1578947368421,935.3961218836565,6.526315789473684,1.9473684210526316,0.5135135135135135
3421,19.0,17.894736842105264,144.409972299169,39.73684210526316,1141.3518005540166,6.894736842105263,1.4736842105263157,0.4634146341463415
3422,8.0,16.25,239.4375,26.75,1111.1875,7.125,2.0,0.21052631578947367
3423,25.0,15.48,132.3296,35.48,1115.6896000000002,7.44,2.24,0.6944444444444444
3424,8.0,26.5,154.25,33.625,1582.484375,6.75,1.875,0.21052631578947367
3425,18.0,21.38888888888889,148.57098765432102,19.055555555555557,860.9413580246915,6.0,2.888888888888889,0.46153846153846156
3426,10.0,13.2,113.16,32.7,1208.41,5.8,2.3,0.25
3427,29.0,17.586206896551722,189.4149821640904,27.655172413793103,949.4673008323427,6.827586206896552,2.1379310344827585,0.7073170731707317
3428,19.0,19.42105263157895,92.5595567867036,23.0,948.421052631579,7.0,2.0,0.5428571428571428
3429,19.0,16.63157894736842,126.54847645429359,31.94736842105263,1386.365650969529,6.368421052631579,1.9473684210526316,0.48717948717948717
3430,5.0,10.2,34.96,26.2,628.1599999999999,8.0,2.4,0.2631578947368421
3431,5.0,20.2,170.16000000000003,7.4,117.04,7.0,1.8,0.14705882352941177
3432,15.0,25.333333333333332,89.55555555555557,26.866666666666667,1019.5822222222222,7.066666666666666,2.533333333333333,0.4411764705882353
3433,6.0,23.0,149.33333333333334,19.333333333333332,1303.2222222222224,6.833333333333333,1.6666666666666667,0.16216216216216217
3434,29.0,21.17241379310345,141.935790725327,26.862068965517242,996.9464922711059,7.206896551724138,1.9310344827586208,0.725
3435,8.0,22.125,149.609375,26.75,519.1875,7.875,1.25,0.24242424242424243
3436,10.0,19.3,188.21,51.2,1272.9599999999998,7.1,2.0,0.24390243902439024
3437,23.0,19.73913043478261,105.14933837429113,19.08695652173913,815.2967863894138,6.956521739130435,2.6956521739130435,0.575
3438,30.0,20.066666666666666,138.32888888888888,32.5,1338.25,6.7,1.9666666666666666,0.7692307692307693
3439,28.0,16.035714285714285,139.74872448979588,32.357142857142854,1211.9438775510203,6.714285714285714,1.5714285714285714,0.7567567567567568
3440,8.0,21.875,80.609375,33.25,538.9375,7.125,1.875,0.2962962962962963
3441,14.0,20.0,196.28571428571428,42.57142857142857,1455.2448979591834,6.857142857142857,2.0,0.34146341463414637
3442,20.0,20.5,192.15,34.2,1243.56,6.15,1.75,0.4878048780487805
3443,25.0,18.12,98.66560000000001,33.68,1221.6575999999998,7.44,2.2,0.6756756756756757
3444,21.0,15.619047619047619,123.37868480725625,31.571428571428573,961.2925170068027,7.523809523809524,2.0952380952380953,0.5526315789473685
3445,29.0,22.896551724137932,122.23067776456601,29.310344827586206,974.1450653983354,7.758620689655173,1.8275862068965518,0.7837837837837838
3446,12.0,21.666666666666668,199.88888888888889,34.75,1335.3541666666667,7.666666666666667,1.75,0.3157894736842105
3447,24.0,20.75,139.52083333333334,35.833333333333336,1194.138888888889,7.458333333333333,2.25,0.6
3448,15.0,15.533333333333333,112.38222222222224,37.333333333333336,1286.3555555555552,7.533333333333333,1.2,0.375
3449,16.0,13.5625,116.12109375,22.9375,500.93359375,6.625,1.6875,0.4444444444444444
3450,12.0,19.5,116.91666666666667,23.833333333333332,846.1388888888891,7.25,1.5833333333333333,0.32432432432432434
3451,5.0,16.8,63.36,13.4,207.44,5.8,1.8,0.2
3452,6.0,20.666666666666668,205.88888888888889,56.666666666666664,1552.5555555555557,5.666666666666667,2.3333333333333335,0.15384615384615385
3453,20.0,18.45,156.54749999999999,33.6,1096.64,7.2,1.7,0.4878048780487805
3454,18.0,20.666666666666668,122.33333333333333,36.94444444444444,1086.496913580247,7.444444444444445,2.5,0.47368421052631576
3455,18.0,22.444444444444443,119.02469135802471,37.0,1039.7777777777778,6.222222222222222,2.0555555555555554,0.47368421052631576
3456,16.0,11.5,102.0,25.5625,998.62109375,6.6875,2.0,0.43243243243243246
3457,14.0,18.5,106.39285714285714,39.714285714285715,1264.4897959183675,7.428571428571429,2.4285714285714284,0.4
3458,28.0,21.428571428571427,140.24489795918367,26.5,879.4642857142857,7.142857142857143,1.75,0.6829268292682927
3459,14.0,22.642857142857142,98.08673469387756,12.928571428571429,195.20918367346934,7.0,1.5714285714285714,0.42424242424242425
3460,29.0,23.20689655172414,166.50891795481576,28.517241379310345,809.3531510107016,6.689655172413793,1.6896551724137931,0.725
3461,23.0,20.304347826086957,132.55954631379961,25.652173913043477,822.8355387523633,6.608695652173913,1.6521739130434783,0.575
3462,28.0,18.428571428571427,119.95918367346938,29.642857142857142,1022.5153061224491,7.357142857142857,1.8928571428571428,0.7368421052631579
3463,27.0,19.74074074074074,171.9698216735254,36.851851851851855,1442.9410150891636,7.37037037037037,1.5555555555555556,0.675
3464,9.0,23.22222222222222,67.28395061728395,26.555555555555557,1201.5802469135801,6.666666666666667,2.3333333333333335,0.4090909090909091
3465,27.0,22.77777777777778,99.80246913580247,49.51851851851852,1295.286694101509,7.333333333333333,1.6666666666666667,0.75
3466,25.0,21.24,135.62240000000003,27.76,1197.7824000000003,6.92,1.72,0.6410256410256411
3467,22.0,20.5,122.43181818181819,36.31818181818182,983.6714876033056,6.318181818181818,1.7727272727272727,0.5789473684210527
3468,17.0,23.470588235294116,83.5432525951557,29.58823529411765,1168.8304498269893,7.294117647058823,2.176470588235294,0.4473684210526316
3469,15.0,20.4,137.44,37.6,1556.9066666666668,7.066666666666666,1.7333333333333334,0.38461538461538464
3470,7.0,25.714285714285715,111.34693877551021,22.0,1083.4285714285713,7.285714285714286,2.2857142857142856,0.22580645161290322
3471,23.0,20.869565217391305,140.0264650283554,24.73913043478261,854.3667296786391,7.130434782608695,2.0,0.575
3472,8.0,19.5,97.5,21.125,944.859375,6.375,2.0,0.25
3473,13.0,20.692307692307693,127.75147928994085,30.384615384615383,1143.3136094674555,7.153846153846154,1.6153846153846154,0.34210526315789475
3474,17.0,27.352941176470587,138.1107266435986,33.294117647058826,1217.3840830449826,7.411764705882353,1.588235294117647,0.4857142857142857
3475,13.0,22.384615384615383,157.62130177514794,34.07692307692308,680.8402366863904,7.153846153846154,2.3076923076923075,0.34210526315789475
3476,13.0,17.153846153846153,100.89940828402368,26.76923076923077,924.0236686390532,6.384615384615385,1.8461538461538463,0.34210526315789475
3477,28.0,16.285714285714285,108.56122448979592,34.285714285714285,1282.4183673469383,7.107142857142857,2.0,0.8
3478,20.0,18.8,152.26,27.5,948.65,7.2,1.65,0.5263157894736842
3479,23.0,19.869565217391305,119.67863894139889,29.391304347826086,901.0207939508508,7.521739130434782,1.826086956521739,0.6052631578947368
3480,27.0,25.296296296296298,132.65294924554186,32.666666666666664,1113.0370370370367,7.222222222222222,1.8518518518518519,0.7105263157894737
3481,16.0,18.625,175.234375,36.4375,1014.37109375,6.5625,1.9375,0.41025641025641024
3482,10.0,17.4,86.04,27.3,894.0100000000002,7.4,2.5,0.3333333333333333
3483,28.0,20.464285714285715,150.96301020408163,29.642857142857142,1197.8724489795918,6.964285714285714,1.5714285714285714,0.717948717948718
3484,22.0,16.454545454545453,141.70247933884298,26.181818181818183,1174.3305785123969,7.090909090909091,2.1818181818181817,0.5365853658536586
3485,20.0,15.05,114.24749999999999,24.35,739.2274999999998,7.1,2.4,0.5128205128205128
3486,15.0,13.4,75.70666666666668,18.266666666666666,608.0622222222224,6.733333333333333,2.066666666666667,0.39473684210526316
3487,17.0,17.11764705882353,122.33910034602074,18.41176470588235,460.35986159169556,5.9411764705882355,2.176470588235294,0.4473684210526316
3488,21.0,25.571428571428573,95.29251700680273,24.857142857142858,847.2653061224489,7.142857142857143,2.0476190476190474,0.5675675675675675
3489,17.0,24.764705882352942,112.88581314878891,28.352941176470587,853.287197231834,6.294117647058823,2.411764705882353,0.4594594594594595
3490,8.0,19.75,193.9375,39.25,963.1875,7.375,1.875,0.21052631578947367
3491,11.0,23.636363636363637,162.59504132231407,35.0,1142.5454545454545,8.0,2.6363636363636362,0.2972972972972973
3492,28.0,20.357142857142858,124.15816326530617,39.607142857142854,1484.3099489795916,6.535714285714286,1.8571428571428572,0.717948717948718
3493,20.0,18.55,181.8475,31.45,930.5475,7.3,2.6,0.5
3494,28.0,22.0,122.92857142857143,29.964285714285715,1065.5344387755104,6.964285714285714,1.9285714285714286,0.7368421052631579
3495,19.0,24.105263157894736,107.0415512465374,30.36842105263158,1181.4958448753464,6.7368421052631575,1.6842105263157894,0.48717948717948717
3496,15.0,19.066666666666666,131.5288888888889,13.333333333333334,190.48888888888888,6.866666666666666,2.3333333333333335,0.38461538461538464
3497,10.0,18.0,107.2,17.1,828.0899999999999,5.5,1.6,0.2702702702702703
3498,21.0,23.666666666666668,69.17460317460318,28.238095238095237,1215.609977324263,7.0,1.8095238095238095,0.6774193548387096
3499,24.0,19.666666666666668,167.47222222222226,27.25,1084.1875,6.708333333333333,2.1666666666666665,0.5853658536585366
3500,16.0,17.5625,75.49609375,35.5,954.875,7.0625,2.0625,0.5333333333333333
3501,22.0,3.9545454545454546,6.8615702479338845,22.5,25.795454545454547,5.363636363636363,7.409090909090909,2.2
3502,23.0,5.304347826086956,12.907372400756143,22.391304347826086,17.368620037807183,5.608695652173913,7.826086956521739,2.090909090909091
3503,15.0,5.0,13.066666666666666,20.933333333333334,17.39555555555556,5.2,7.8,1.3636363636363635
3504,29.0,4.931034482758621,8.753864447086801,21.482758620689655,19.491082045184307,5.482758620689655,7.448275862068965,2.6363636363636362
3505,30.0,3.8666666666666667,9.648888888888887,22.066666666666666,18.395555555555557,5.466666666666667,7.7,2.727272727272727
3506,23.0,6.217391304347826,8.69187145557656,24.0,16.608695652173914,5.521739130434782,7.304347826086956,2.090909090909091
3507,7.0,5.857142857142857,9.83673469387755,20.714285714285715,26.204081632653065,5.714285714285714,7.142857142857143,0.7
3508,26.0,5.576923076923077,8.090236686390535,21.076923076923077,17.14792899408284,5.6923076923076925,7.230769230769231,2.3636363636363638
3509,17.0,5.647058823529412,11.522491349480967,22.352941176470587,21.404844290657444,5.647058823529412,7.411764705882353,1.5454545454545454
3510,6.0,5.0,16.666666666666668,24.833333333333332,24.805555555555554,5.666666666666667,7.166666666666667,0.5454545454545454
3511,20.0,3.85,6.9275,22.85,15.3275,5.5,7.2,2.0
3512,15.0,4.8,15.226666666666665,22.4,34.10666666666667,5.466666666666667,7.6,1.3636363636363635
3513,14.0,5.5,7.821428571428571,24.142857142857142,18.836734693877553,5.142857142857143,7.5,1.4
3514,14.0,4.714285714285714,6.632653061224489,22.785714285714285,9.882653061224488,5.714285714285714,7.5,1.4
3515,19.0,5.052631578947368,11.418282548476455,22.210526315789473,19.42936288088643,5.473684210526316,6.947368421052632,1.7272727272727273
3516,28.0,5.357142857142857,10.301020408163266,22.392857142857142,18.809948979591834,5.25,8.071428571428571,2.5454545454545454
3517,20.0,5.7,7.709999999999999,24.1,22.389999999999993,5.55,7.5,2.0
3518,7.0,4.142857142857143,2.122448979591837,20.0,10.0,5.571428571428571,7.714285714285714,1.4
3519,17.0,5.176470588235294,5.204152249134949,21.470588235294116,23.425605536332178,5.411764705882353,7.294117647058823,1.8888888888888888
3520,25.0,5.4,6.480000000000001,22.56,27.286400000000004,5.12,7.2,2.7777777777777777
3521,11.0,5.181818181818182,16.694214876033058,24.454545454545453,18.247933884297517,5.818181818181818,6.818181818181818,1.0
3522,9.0,3.7777777777777777,5.28395061728395,23.333333333333332,26.888888888888893,5.777777777777778,7.333333333333333,1.125
3523,18.0,4.944444444444445,11.163580246913579,23.11111111111111,21.20987654320988,5.111111111111111,7.111111111111111,1.6363636363636365
3524,9.0,4.555555555555555,13.135802469135804,24.88888888888889,12.987654320987652,6.111111111111111,7.333333333333333,0.8181818181818182
3525,5.0,5.4,5.04,24.8,6.959999999999999,5.2,8.8,0.7142857142857143
3526,19.0,5.052631578947368,10.786703601108035,22.36842105263158,20.127423822714686,5.368421052631579,6.684210526315789,1.7272727272727273
3527,20.0,4.95,11.447499999999998,22.15,16.327500000000004,5.65,7.7,1.8181818181818181
3528,27.0,5.185185185185185,11.336076817558299,22.0,21.555555555555557,5.444444444444445,7.444444444444445,2.4545454545454546
3529,9.0,6.222222222222222,10.617283950617285,22.88888888888889,25.432098765432098,5.444444444444445,7.333333333333333,0.8181818181818182
3530,16.0,4.5,9.75,25.3125,17.96484375,5.25,7.9375,1.4545454545454546
3531,5.0,5.6,18.639999999999997,24.0,13.2,5.4,6.6,0.45454545454545453
3532,7.0,5.714285714285714,6.204081632653062,24.428571428571427,24.81632653061224,5.857142857142857,7.571428571428571,0.875
3533,12.0,4.666666666666667,9.722222222222223,19.333333333333332,15.555555555555557,4.666666666666667,6.916666666666667,1.0909090909090908
3534,9.0,5.111111111111111,10.987654320987653,20.0,20.22222222222222,5.444444444444445,7.111111111111111,0.8181818181818182
3535,5.0,3.0,1.2,23.0,22.4,4.4,6.4,1.25
3536,19.0,4.2105263157894735,9.324099722991688,24.31578947368421,16.952908587257618,5.368421052631579,7.315789473684211,1.7272727272727273
3537,27.0,4.7407407407407405,11.599451303155004,23.40740740740741,12.834019204389575,5.7407407407407405,7.185185185185185,2.4545454545454546
3538,9.0,5.444444444444445,7.358024691358025,22.22222222222222,13.283950617283947,6.0,7.111111111111111,1.0
3539,14.0,5.214285714285714,5.596938775510203,23.285714285714285,23.34693877551021,5.714285714285714,7.357142857142857,1.5555555555555556
3540,27.0,5.185185185185185,8.521262002743484,23.0,16.074074074074073,5.518518518518518,7.222222222222222,2.4545454545454546
3541,21.0,5.571428571428571,9.387755102040817,22.38095238095238,23.854875283446713,5.619047619047619,7.904761904761905,1.9090909090909092
3542,19.0,4.894736842105263,10.515235457063712,19.42105263157895,18.454293628808866,5.052631578947368,7.105263157894737,1.9
3543,12.0,6.25,9.6875,21.75,26.1875,5.75,7.25,1.0909090909090908
3544,14.0,5.214285714285714,8.311224489795917,22.571428571428573,21.530612244897956,5.857142857142857,7.928571428571429,1.4
3545,6.0,7.666666666666667,4.555555555555555,25.0,32.666666666666664,5.333333333333333,8.5,0.8571428571428571
3546,24.0,4.875,12.276041666666666,21.416666666666668,21.993055555555554,5.666666666666667,7.541666666666667,2.1818181818181817
3547,19.0,4.842105263157895,7.185595567867035,22.0,19.68421052631579,5.421052631578948,7.2631578947368425,1.7272727272727273
3548,24.0,5.083333333333333,9.576388888888891,23.75,21.104166666666668,5.708333333333333,7.166666666666667,2.1818181818181817
3549,7.0,4.571428571428571,11.673469387755102,24.0,13.142857142857142,5.285714285714286,7.142857142857143,0.6363636363636364
3550,23.0,5.434782608695652,8.071833648393195,23.0,19.130434782608695,5.869565217391305,6.913043478260869,2.3
3551,26.0,3.6923076923076925,9.75147928994083,20.73076923076923,18.735207100591715,5.730769230769231,7.5,2.3636363636363638
3552,24.0,3.9166666666666665,10.326388888888891,21.958333333333332,18.623263888888886,5.625,7.25,2.1818181818181817
3553,8.0,4.625,11.234375,21.875,24.609375,6.125,7.75,0.8
3554,17.0,5.0,11.882352941176471,22.647058823529413,21.640138408304498,5.9411764705882355,7.294117647058823,1.5454545454545454
3555,19.0,5.578947368421052,7.612188365650969,20.94736842105263,17.313019390581726,5.526315789473684,6.894736842105263,1.9
3556,16.0,5.375,11.359375,23.6875,18.08984375,5.25,7.8125,1.4545454545454546
3557,15.0,5.333333333333333,10.755555555555558,23.2,23.893333333333334,5.466666666666667,7.066666666666666,1.3636363636363635
3558,10.0,4.3,11.81,21.9,15.689999999999998,5.4,7.8,0.9090909090909091
3559,9.0,4.555555555555555,8.691358024691358,22.11111111111111,24.543209876543212,5.777777777777778,7.777777777777778,0.9
3560,22.0,5.954545454545454,11.043388429752065,23.363636363636363,25.32231404958678,5.7272727272727275,7.2727272727272725,2.0
3561,20.0,4.8,12.66,20.9,22.690000000000005,5.3,7.1,1.8181818181818181
3562,16.0,4.75,8.5625,21.75,19.6875,5.1875,7.125,1.6
3563,13.0,4.461538461538462,10.248520710059172,22.076923076923077,14.378698224852075,5.615384615384615,7.0,1.1818181818181819
3564,18.0,5.111111111111111,8.320987654320989,21.166666666666668,21.91666666666666,5.388888888888889,7.722222222222222,1.8
3565,18.0,4.777777777777778,12.506172839506174,22.77777777777778,24.172839506172835,5.555555555555555,7.277777777777778,1.6363636363636365
3566,28.0,5.035714285714286,13.105867346938776,23.392857142857142,21.1670918367347,5.607142857142857,7.285714285714286,2.5454545454545454
3567,18.0,4.944444444444445,7.830246913580246,22.27777777777778,21.422839506172835,5.277777777777778,7.5,1.6363636363636365
3568,15.0,5.733333333333333,4.862222222222223,22.8,17.493333333333332,5.2,8.466666666666667,1.6666666666666667
3569,13.0,6.846153846153846,2.2840236686390534,22.692307692307693,21.597633136094675,5.0,7.230769230769231,2.1666666666666665
3570,17.0,4.764705882352941,11.003460207612457,23.823529411764707,20.498269896193772,5.411764705882353,6.764705882352941,1.5454545454545454
3571,25.0,4.24,5.462399999999999,21.48,20.2496,5.08,7.28,2.272727272727273
3572,14.0,5.071428571428571,12.066326530612246,21.785714285714285,24.168367346938783,5.071428571428571,7.928571428571429,1.2727272727272727
3573,16.0,4.8125,8.15234375,22.125,18.984375,5.875,7.125,1.6
3574,24.0,5.875,11.276041666666666,22.958333333333332,15.539930555555559,5.583333333333333,7.5,2.1818181818181817
3575,10.0,4.1,7.69,20.3,23.810000000000002,5.4,7.6,1.0
3576,12.0,4.75,11.520833333333334,23.666666666666668,17.222222222222225,4.666666666666667,7.833333333333333,1.2
3577,28.0,5.285714285714286,14.418367346938776,25.107142857142858,16.66709183673469,5.428571428571429,7.75,2.5454545454545454
3578,5.0,4.4,14.64,23.4,5.840000000000002,5.0,8.2,0.5
3579,20.0,6.35,6.527500000000001,22.0,11.5,5.25,7.05,2.5
3580,9.0,3.0,8.444444444444445,23.555555555555557,21.135802469135804,5.888888888888889,7.666666666666667,0.9
3581,27.0,5.074074074074074,10.66117969821674,24.14814814814815,22.64471879286694,5.592592592592593,7.481481481481482,2.4545454545454546
3582,22.0,3.772727272727273,11.630165289256198,22.59090909090909,19.514462809917354,5.2727272727272725,7.7727272727272725,2.2
3583,26.0,5.576923076923077,6.244082840236686,21.46153846153846,31.325443786982248,5.346153846153846,7.076923076923077,2.888888888888889
3584,13.0,5.153846153846154,9.36094674556213,22.615384615384617,21.775147928994084,5.615384615384615,7.384615384615385,1.3
3585,16.0,4.6875,12.71484375,23.4375,18.24609375,5.0625,6.8125,1.4545454545454546
3586,23.0,4.565217391304348,11.897920604914937,22.26086956521739,25.931947069943288,5.608695652173913,6.869565217391305,2.090909090909091
3587,16.0,5.5,8.625,22.6875,21.58984375,5.3125,7.4375,1.4545454545454546
3588,17.0,4.9411764705882355,8.643598615916957,21.941176470588236,21.584775086505193,5.588235294117647,7.352941176470588,1.5454545454545454
3589,27.0,5.185185185185185,12.002743484224961,22.59259259259259,17.27846364883402,5.481481481481482,7.592592592592593,2.4545454545454546
3590,23.0,5.260869565217392,9.410207939508506,23.08695652173913,23.818525519848773,5.086956521739131,7.565217391304348,2.3
3591,20.0,4.2,8.66,20.5,25.45,5.55,7.45,1.8181818181818181
3592,18.0,5.0,7.111111111111111,22.38888888888889,24.34876543209877,6.166666666666667,8.277777777777779,1.6363636363636365
3593,27.0,4.407407407407407,12.315500685871056,23.14814814814815,26.866941015089164,5.666666666666667,7.851851851851852,2.4545454545454546
3594,25.0,5.2,10.8,22.8,19.040000000000003,5.28,7.24,2.272727272727273
3595,23.0,5.391304347826087,7.542533081285444,23.695652173913043,15.168241965973536,5.304347826086956,7.565217391304348,2.3
3596,24.0,4.291666666666667,11.956597222222223,22.25,16.354166666666668,5.291666666666667,7.625,2.1818181818181817
3597,22.0,4.636363636363637,10.504132231404958,23.363636363636363,21.86776859504132,5.909090909090909,7.318181818181818,2.0
3598,10.0,3.3,11.61,22.4,21.240000000000002,5.6,6.7,1.0
3599,15.0,4.666666666666667,7.955555555555555,22.6,13.573333333333332,5.466666666666667,7.6,1.5
3600,23.0,4.304347826086956,12.646502835538755,21.391304347826086,22.32514177693762,6.0,7.478260869565218,2.090909090909091
3601,7.0,5.285714285714286,14.204081632653061,23.571428571428573,9.102040816326532,6.285714285714286,8.857142857142858,0.6363636363636364
3602,7.0,4.285714285714286,4.4897959183673475,21.857142857142858,20.69387755102041,5.571428571428571,8.428571428571429,0.875
3603,30.0,5.1,9.156666666666666,22.933333333333334,26.528888888888893,5.133333333333334,7.933333333333334,2.727272727272727
3604,26.0,4.384615384615385,7.159763313609469,22.307692307692307,18.28994082840236,5.384615384615385,7.8076923076923075,2.6
3605,24.0,5.125,9.692708333333334,21.458333333333332,18.498263888888896,5.75,6.958333333333333,2.1818181818181817
3606,9.0,3.2222222222222223,5.728395061728396,22.22222222222222,14.172839506172838,5.777777777777778,7.666666666666667,1.125
3607,16.0,4.1875,6.52734375,22.5625,21.12109375,5.25,6.9375,1.4545454545454546
3608,25.0,5.28,11.881599999999999,22.32,16.2176,5.6,8.04,2.272727272727273
3609,28.0,5.0,9.857142857142858,23.071428571428573,19.566326530612248,5.75,7.178571428571429,2.5454545454545454
3610,13.0,3.6923076923076925,4.828402366863905,22.692307692307693,19.28994082840237,6.0,7.3076923076923075,1.625
3611,14.0,6.571428571428571,9.816326530612244,21.428571428571427,20.959183673469386,5.285714285714286,7.642857142857143,1.2727272727272727
3612,15.0,4.466666666666667,7.7155555555555555,22.4,21.706666666666663,5.2,8.2,1.5
3613,25.0,5.2,11.04,22.92,22.073600000000003,5.6,7.08,2.272727272727273
3614,10.0,4.9,9.49,24.7,20.81,5.5,6.7,0.9090909090909091
3615,11.0,4.0,8.545454545454545,22.90909090909091,20.264462809917358,5.7272727272727275,7.7272727272727275,1.1
3616,21.0,3.9523809523809526,8.521541950113381,23.333333333333332,20.79365079365079,5.523809523809524,7.809523809523809,1.9090909090909092
3617,14.0,4.642857142857143,9.801020408163266,21.071428571428573,16.494897959183678,6.0,8.142857142857142,1.4
3618,21.0,4.714285714285714,11.442176870748302,22.047619047619047,21.950113378684808,5.428571428571429,7.428571428571429,1.9090909090909092
3619,20.0,4.35,11.527499999999998,22.6,20.64,5.5,7.35,1.8181818181818181
3620,23.0,4.608695652173913,12.586011342155013,21.130434782608695,21.330812854442343,5.913043478260869,7.130434782608695,2.090909090909091
3621,19.0,5.2631578947368425,11.562326869806094,22.526315789473685,13.30193905817174,5.526315789473684,7.105263157894737,1.7272727272727273
3622,23.0,5.608695652173913,9.368620037807181,24.043478260869566,17.6937618147448,5.739130434782608,7.260869565217392,2.090909090909091
3623,27.0,4.777777777777778,9.358024691358024,22.185185185185187,21.780521262002747,5.555555555555555,7.37037037037037,2.4545454545454546
3624,15.0,4.6,13.44,24.6,17.44,5.4,7.266666666666667,1.3636363636363635
3625,16.0,5.0625,6.93359375,23.6875,16.58984375,5.5,7.5625,1.4545454545454546
3626,30.0,5.7,11.743333333333334,22.266666666666666,15.395555555555555,5.966666666666667,7.533333333333333,2.727272727272727
3627,8.0,5.0,11.5,24.75,17.6875,4.75,7.125,0.8
3628,20.0,4.75,10.5875,22.15,19.827499999999997,5.05,7.85,1.8181818181818181
3629,10.0,4.6,4.4399999999999995,24.1,20.890000000000004,4.5,7.0,1.25
3630,24.0,4.833333333333333,8.055555555555557,21.875,14.692708333333334,5.458333333333333,7.75,2.4
3631,25.0,6.2,10.079999999999998,20.8,25.040000000000006,5.44,7.76,2.272727272727273
3632,10.0,4.7,10.010000000000002,22.0,22.4,5.2,7.4,0.9090909090909091
3633,15.0,5.333333333333333,5.955555555555555,25.6,23.973333333333343,5.133333333333334,7.133333333333334,1.6666666666666667
3634,19.0,5.894736842105263,8.094182825484765,21.05263157894737,19.83933518005541,6.157894736842105,7.2105263157894735,1.7272727272727273
3635,25.0,5.44,8.9664,23.44,19.926399999999997,5.44,7.64,2.272727272727273
3636,15.0,4.533333333333333,13.04888888888889,22.666666666666668,20.22222222222222,5.733333333333333,8.066666666666666,1.3636363636363635
3637,5.0,1.8,3.3600000000000003,24.4,7.040000000000001,6.0,7.0,0.8333333333333334
3638,20.0,5.8,8.16,22.8,22.059999999999995,5.1,7.7,1.8181818181818181
3639,27.0,5.037037037037037,8.109739368998627,22.703703703703702,15.912208504801098,5.148148148148148,8.0,2.4545454545454546
3640,8.0,7.125,4.359375,21.125,23.859375,5.625,7.125,1.1428571428571428
3641,10.0,4.3,9.610000000000001,21.0,22.6,5.5,7.4,1.0
3642,11.0,5.909090909090909,11.173553719008265,22.0,10.909090909090908,5.181818181818182,8.363636363636363,1.0
3643,11.0,6.454545454545454,8.24793388429752,22.363636363636363,16.776859504132233,5.090909090909091,8.090909090909092,1.0
3644,10.0,5.0,10.0,23.5,26.25,5.7,7.2,0.9090909090909091
3645,29.0,5.344827586206897,7.674197384066587,21.586206896551722,15.552913198573131,5.793103448275862,7.275862068965517,2.6363636363636362
3646,20.0,5.05,11.347499999999998,20.7,18.21,5.65,7.2,1.8181818181818181
3647,15.0,5.0,12.8,20.666666666666668,11.422222222222222,5.666666666666667,7.8,1.3636363636363635
3648,20.0,4.95,6.4475,23.1,25.089999999999996,5.15,8.0,1.8181818181818181
3649,26.0,4.076923076923077,7.532544378698224,21.307692307692307,26.90532544378698,5.538461538461538,7.346153846153846,2.6
3650,21.0,4.619047619047619,8.23582766439909,23.095238095238095,22.3718820861678,5.619047619047619,6.9523809523809526,1.9090909090909092
3651,26.0,5.3076923076923075,12.520710059171599,23.153846153846153,22.130177514792894,5.346153846153846,8.192307692307692,2.3636363636363638
3652,7.0,5.0,10.285714285714286,23.428571428571427,22.81632653061224,4.857142857142857,6.857142857142857,0.7
3653,26.0,4.769230769230769,11.254437869822484,22.26923076923077,16.273668639053252,5.461538461538462,7.346153846153846,2.3636363636363638
3654,20.0,5.7,11.51,22.65,24.527499999999996,5.55,7.55,1.8181818181818181
3655,18.0,5.333333333333333,8.777777777777779,22.444444444444443,22.580246913580243,5.666666666666667,7.5,1.6363636363636365
3656,6.0,5.833333333333333,15.138888888888891,23.333333333333332,20.88888888888889,5.666666666666667,7.5,0.6
3657,20.0,4.95,10.2475,20.9,14.290000000000003,5.7,7.45,1.8181818181818181
3658,15.0,5.266666666666667,8.862222222222222,26.466666666666665,13.448888888888888,5.6,7.866666666666666,1.5
3659,15.0,5.466666666666667,8.115555555555554,21.866666666666667,15.315555555555557,5.866666666666666,7.666666666666667,1.5
3660,10.0,4.6,10.040000000000001,19.1,12.690000000000001,5.8,7.7,1.0
3661,20.0,3.7,9.51,22.4,16.04,5.15,7.3,1.8181818181818181
3662,20.0,4.85,13.8275,20.9,23.29,5.6,7.2,1.8181818181818181
3663,14.0,3.7142857142857144,10.346938775510205,22.214285714285715,12.025510204081636,6.428571428571429,6.428571428571429,1.2727272727272727
3664,27.0,4.62962962962963,8.603566529492454,22.074074074074073,25.698216735253762,5.222222222222222,7.518518518518518,2.4545454545454546
3665,8.0,4.75,9.1875,23.5,15.75,6.0,7.0,0.7272727272727273
3666,21.0,5.571428571428571,9.197278911564624,23.714285714285715,18.680272108843543,5.380952380952381,7.142857142857143,2.1
3667,24.0,5.791666666666667,9.498263888888891,20.5,23.333333333333332,5.458333333333333,7.5,2.4
3668,18.0,5.166666666666667,8.13888888888889,24.666666666666668,18.666666666666668,5.388888888888889,7.777777777777778,1.8
3669,13.0,4.384615384615385,4.544378698224852,23.076923076923077,16.224852071005916,5.615384615384615,7.923076923076923,1.8571428571428572
3670,27.0,5.37037037037037,9.862825788751714,20.77777777777778,19.06172839506173,5.62962962962963,8.222222222222221,2.7
3671,16.0,5.8125,8.77734375,22.5625,24.12109375,5.625,7.25,1.4545454545454546
3672,14.0,6.214285714285714,13.45408163265306,23.285714285714285,15.775510204081636,6.0,7.642857142857143,1.2727272727272727
3673,23.0,5.695652173913044,8.907372400756143,24.82608695652174,13.013232514177696,5.3478260869565215,7.565217391304348,2.090909090909091
3674,26.0,3.8461538461538463,8.437869822485206,24.153846153846153,22.28402366863905,5.576923076923077,7.538461538461538,2.3636363636363638
3675,16.0,4.6875,10.83984375,23.3125,20.96484375,5.3125,7.0625,1.6
3676,19.0,4.947368421052632,7.839335180055402,22.263157894736842,22.720221606648202,5.684210526315789,7.684210526315789,1.7272727272727273
3677,11.0,3.5454545454545454,9.15702479338843,22.636363636363637,16.958677685950413,5.545454545454546,7.454545454545454,1.1
3678,11.0,4.636363636363637,5.322314049586779,21.90909090909091,16.446280991735534,5.818181818181818,6.909090909090909,1.375
3679,17.0,4.470588235294118,11.543252595155712,23.705882352941178,19.61937716262976,5.9411764705882355,7.294117647058823,1.5454545454545454
3680,12.0,6.666666666666667,8.722222222222223,22.666666666666668,27.888888888888886,4.833333333333333,7.416666666666667,1.0909090909090908
3681,19.0,5.368421052631579,11.180055401662052,20.842105263157894,22.975069252077564,5.631578947368421,7.105263157894737,1.7272727272727273
3682,9.0,4.111111111111111,6.765432098765434,22.88888888888889,11.209876543209878,5.333333333333333,7.333333333333333,0.9
3683,6.0,5.0,12.333333333333334,20.833333333333332,21.805555555555557,6.0,8.0,0.6
3684,30.0,5.0,8.4,22.0,19.533333333333335,5.366666666666666,7.8,2.727272727272727
3685,8.0,4.375,13.234375,23.0,24.0,5.375,7.75,0.7272727272727273
3686,21.0,5.0,6.476190476190476,24.142857142857142,20.7891156462585,5.619047619047619,7.714285714285714,1.9090909090909092
3687,22.0,5.136363636363637,12.845041322314051,23.272727272727273,18.834710743801654,5.454545454545454,8.090909090909092,2.0
3688,26.0,5.461538461538462,10.710059171597635,22.46153846153846,18.863905325443785,5.423076923076923,7.538461538461538,2.3636363636363638
3689,16.0,5.6875,8.21484375,24.125,17.359375,5.4375,7.125,1.4545454545454546
3690,18.0,4.333333333333333,7.0,22.88888888888889,20.098765432098762,5.333333333333333,7.333333333333333,2.0
3691,24.0,4.041666666666667,6.7899305555555545,22.666666666666668,31.472222222222225,5.583333333333333,7.416666666666667,2.4
3692,14.0,6.071428571428571,10.066326530612246,22.357142857142858,20.658163265306126,5.071428571428571,7.428571428571429,1.2727272727272727
3693,25.0,4.36,8.8704,23.52,24.489599999999992,5.8,7.88,2.272727272727273
3694,7.0,6.571428571428571,9.387755102040817,22.714285714285715,9.918367346938776,5.428571428571429,7.428571428571429,0.7
3695,5.0,4.8,10.160000000000002,20.4,24.24,5.6,6.6,0.5555555555555556
3696,30.0,4.933333333333334,5.995555555555554,21.566666666666666,22.845555555555553,5.633333333333334,7.8,3.0
3697,8.0,4.125,15.109375,25.25,17.1875,5.625,8.75,0.7272727272727273
3698,6.0,3.6666666666666665,5.555555555555556,23.0,28.333333333333332,5.5,7.5,1.0
3699,14.0,4.928571428571429,8.494897959183673,22.785714285714285,10.454081632653061,5.785714285714286,7.714285714285714,1.2727272727272727
3700,15.0,6.4,10.506666666666668,20.8,14.693333333333333,5.266666666666667,7.133333333333334,1.5
3701,22.0,4.681818181818182,12.398760330578513,23.227272727272727,26.448347107438018,5.681818181818182,7.5,2.0
3702,6.0,4.0,15.666666666666666,21.166666666666668,22.805555555555554,5.666666666666667,6.166666666666667,0.5454545454545454
3703,22.0,5.045454545454546,6.225206611570249,22.0,20.09090909090909,5.2727272727272725,7.545454545454546,2.2
3704,19.0,5.526315789473684,7.512465373961217,20.105263157894736,16.831024930747922,5.473684210526316,7.894736842105263,1.9
3705,25.0,5.12,10.7456,22.68,17.8176,5.36,7.36,2.272727272727273
3706,22.0,5.5,11.977272727272727,22.954545454545453,20.77066115702479,5.454545454545454,7.2272727272727275,2.0
3707,20.0,5.7,10.21,22.95,25.747499999999995,5.4,7.9,1.8181818181818181
3708,27.0,5.62962962962963,9.492455418381345,22.0,15.555555555555555,5.37037037037037,6.888888888888889,2.4545454545454546
3709,18.0,5.166666666666667,11.583333333333334,24.555555555555557,20.469135802469133,5.388888888888889,6.611111111111111,1.6363636363636365
3710,24.0,5.166666666666667,8.472222222222223,22.041666666666668,22.956597222222225,5.708333333333333,7.166666666666667,2.4
3711,24.0,6.208333333333333,10.081597222222225,23.541666666666668,21.664930555555557,5.666666666666667,7.583333333333333,2.1818181818181817
3712,22.0,5.0,9.909090909090908,19.5,18.15909090909091,5.454545454545454,7.318181818181818,2.0
3713,21.0,4.476190476190476,8.725623582766438,22.761904761904763,20.562358276643995,5.523809523809524,7.428571428571429,1.9090909090909092
3714,26.0,5.615384615384615,8.698224852071005,24.153846153846153,19.207100591715975,5.423076923076923,7.6923076923076925,2.3636363636363638
3715,30.0,5.066666666666666,8.795555555555554,20.633333333333333,18.565555555555555,5.6,7.966666666666667,2.727272727272727
3716,5.0,4.8,7.760000000000001,25.0,11.2,6.0,8.6,0.5555555555555556
3717,11.0,4.181818181818182,12.876033057851238,24.727272727272727,27.47107438016529,5.454545454545454,7.363636363636363,1.1
3718,26.0,4.269230769230769,8.042899408284022,22.653846153846153,20.22633136094674,5.1923076923076925,7.230769230769231,2.6
3719,25.0,4.92,10.633600000000001,22.36,15.990400000000005,5.68,6.96,2.272727272727273
3720,19.0,5.2105263157894735,7.850415512465374,23.105263157894736,24.1994459833795,5.684210526315789,7.473684210526316,1.9
3721,30.0,4.6,7.44,21.3,19.143333333333334,5.4,7.433333333333334,2.727272727272727
3722,8.0,4.125,10.609375,21.625,12.234375,5.0,6.5,0.7272727272727273
3723,12.0,7.416666666666667,7.7430555555555545,21.166666666666668,15.638888888888891,5.666666666666667,7.583333333333333,1.2
3724,24.0,5.041666666666667,11.373263888888891,23.916666666666668,25.993055555555557,5.208333333333333,7.125,2.1818181818181817
3725,30.0,4.633333333333334,10.898888888888887,25.233333333333334,20.245555555555562,5.3,7.633333333333334,2.727272727272727
3726,27.0,5.62962962962963,7.788751714677638,23.074074074074073,25.3278463648834,5.666666666666667,7.185185185185185,2.4545454545454546
3727,17.0,4.588235294117647,9.301038062283737,23.764705882352942,19.474048442906575,5.529411764705882,7.294117647058823,1.5454545454545454
3728,19.0,4.105263157894737,8.936288088642659,21.157894736842106,23.185595567867033,5.157894736842105,7.2631578947368425,1.9
3729,23.0,6.173913043478261,13.708884688090734,20.869565217391305,28.46124763705104,5.6521739130434785,7.608695652173913,2.090909090909091
3730,20.0,4.65,12.7275,21.0,17.6,5.35,7.9,1.8181818181818181
3731,6.0,4.0,6.666666666666667,17.0,5.0,4.666666666666667,7.5,0.6666666666666666
3732,23.0,5.3478260869565215,11.357277882797733,22.47826086956522,25.46691871455576,5.130434782608695,7.869565217391305,2.090909090909091
3733,10.0,5.8,13.16,23.8,12.360000000000003,4.9,7.2,0.9090909090909091
3734,17.0,4.529411764705882,7.896193771626298,23.88235294117647,18.69204152249135,5.294117647058823,7.411764705882353,1.7
3735,11.0,4.7272727272727275,9.834710743801653,23.545454545454547,18.61157024793388,5.454545454545454,6.2727272727272725,1.0
3736,16.0,5.5625,8.49609375,22.0,22.25,5.5,7.75,1.4545454545454546
3737,17.0,5.117647058823529,6.574394463667819,21.705882352941178,13.737024221453288,5.823529411764706,7.705882352941177,1.7
3738,26.0,4.769230769230769,6.8698224852070995,22.884615384615383,19.794378698224854,5.461538461538462,7.6923076923076925,2.3636363636363638
3739,22.0,5.181818181818182,9.05785123966942,21.954545454545453,24.6797520661157,5.090909090909091,7.045454545454546,2.2
3740,26.0,5.923076923076923,9.532544378698226,21.115384615384617,18.409763313609467,5.423076923076923,7.038461538461538,2.6
3741,17.0,4.9411764705882355,10.055363321799307,20.58823529411765,23.536332179930795,5.588235294117647,6.9411764705882355,1.5454545454545454
3742,16.0,3.8125,8.65234375,22.75,22.9375,5.75,7.9375,1.4545454545454546
3743,7.0,4.714285714285714,6.204081632653062,21.571428571428573,28.816326530612248,5.285714285714286,7.142857142857143,0.7777777777777778
3744,28.0,5.0,7.785714285714286,21.857142857142858,19.693877551020403,5.857142857142857,8.25,2.8
3745,17.0,4.529411764705882,7.190311418685121,22.058823529411764,15.114186851211073,5.705882352941177,6.882352941176471,1.7
3746,18.0,5.444444444444445,9.469135802469134,21.333333333333332,17.222222222222218,5.388888888888889,7.944444444444445,1.6363636363636365
3747,15.0,5.2,9.759999999999998,24.0,18.4,5.333333333333333,8.133333333333333,1.3636363636363635
3748,9.0,6.777777777777778,4.839506172839506,22.11111111111111,23.4320987654321,5.0,7.333333333333333,1.2857142857142858
3749,30.0,5.4,11.106666666666664,22.6,18.306666666666665,4.933333333333334,7.5,2.727272727272727
3750,21.0,4.904761904761905,14.276643990929708,21.38095238095238,21.188208616780045,5.619047619047619,7.380952380952381,1.9090909090909092
3751,16.0,6.125,10.484375,23.5625,11.87109375,5.4375,6.9375,1.4545454545454546
3752,30.0,4.4,6.773333333333334,21.833333333333332,16.538888888888888,5.666666666666667,7.533333333333333,3.3333333333333335
3753,22.0,4.681818181818182,10.035123966942148,23.136363636363637,24.11776859504132,5.818181818181818,7.7727272727272725,2.0
3754,25.0,5.16,10.454400000000003,22.76,20.902400000000004,5.64,7.88,2.272727272727273
3755,26.0,4.1923076923076925,6.078402366863906,22.23076923076923,22.17751479289941,5.153846153846154,7.269230769230769,2.3636363636363638
3756,8.0,4.875,7.109375,22.875,31.359375,5.25,6.625,0.8888888888888888
3757,21.0,5.0476190476190474,8.426303854875286,22.095238095238095,16.181405895691615,5.476190476190476,7.666666666666667,1.9090909090909092
3758,17.0,4.882352941176471,16.221453287197235,21.058823529411764,19.93771626297578,5.0588235294117645,7.176470588235294,1.5454545454545454
3759,23.0,5.217391304347826,7.996219281663515,24.08695652173913,21.38374291115312,5.391304347826087,7.521739130434782,2.3
3760,27.0,4.37037037037037,6.973936899862825,24.037037037037038,14.109739368998635,5.62962962962963,7.518518518518518,2.7
3761,25.0,5.0,10.56,22.28,18.201599999999992,5.64,7.16,2.272727272727273
3762,26.0,5.3076923076923075,12.059171597633135,22.23076923076923,19.71597633136095,5.461538461538462,7.653846153846154,2.3636363636363638
3763,18.0,4.5,8.805555555555555,24.38888888888889,13.015432098765434,5.833333333333333,7.111111111111111,1.6363636363636365
3764,10.0,6.0,9.0,22.0,13.2,5.8,8.2,0.9090909090909091
3765,10.0,3.7,8.209999999999999,20.9,13.289999999999997,5.3,8.1,1.1111111111111112
3766,26.0,3.9615384615384617,8.652366863905327,23.73076923076923,27.658284023668635,5.5,7.461538461538462,2.3636363636363638
3767,17.0,5.176470588235294,9.439446366782008,21.470588235294116,25.543252595155703,5.470588235294118,7.352941176470588,1.5454545454545454
3768,9.0,3.888888888888889,8.987654320987653,23.333333333333332,14.222222222222221,5.444444444444445,7.0,0.9
3769,30.0,4.966666666666667,12.032222222222224,23.0,20.0,5.8,7.633333333333334,2.727272727272727
3770,14.0,5.714285714285714,10.061224489795919,22.714285714285715,27.204081632653065,5.928571428571429,7.857142857142857,1.2727272727272727
3771,25.0,5.84,7.9744,23.32,18.4576,5.48,7.6,2.272727272727273
3772,15.0,5.4,11.706666666666669,22.6,20.639999999999997,5.533333333333333,7.333333333333333,1.3636363636363635
3773,6.0,3.3333333333333335,7.222222222222221,24.0,22.333333333333332,6.0,6.333333333333333,0.6666666666666666
3774,24.0,4.833333333333333,9.222222222222223,24.166666666666668,18.555555555555554,5.625,7.5,2.1818181818181817
3775,7.0,7.428571428571429,5.673469387755103,20.857142857142858,24.122448979591837,6.142857142857143,7.285714285714286,1.0
3776,10.0,5.8,9.56,22.7,16.009999999999998,5.3,7.9,0.9090909090909091
3777,26.0,4.3076923076923075,7.136094674556214,24.0,20.384615384615383,5.615384615384615,7.269230769230769,2.6
3778,19.0,5.0,7.157894736842105,21.42105263157895,13.191135734072022,5.526315789473684,6.7368421052631575,1.7272727272727273
3779,6.0,4.666666666666667,3.5555555555555554,20.833333333333332,17.472222222222225,6.0,7.333333333333333,0.8571428571428571
3780,20.0,5.45,8.3475,22.55,10.747499999999999,5.7,7.25,2.0
3781,5.0,3.6,9.840000000000002,21.0,9.2,6.0,7.6,0.5555555555555556
3782,6.0,4.666666666666667,11.222222222222221,22.166666666666668,4.472222222222222,5.166666666666667,6.666666666666667,0.6
3783,9.0,4.555555555555555,3.3580246913580254,21.11111111111111,27.4320987654321,5.444444444444445,8.222222222222221,1.2857142857142858
3784,28.0,5.678571428571429,8.218112244897961,22.107142857142858,27.952806122448973,5.535714285714286,7.607142857142857,2.5454545454545454
3785,29.0,5.413793103448276,11.759809750297263,22.517241379310345,19.146254458977413,5.206896551724138,7.793103448275862,2.6363636363636362
3786,24.0,5.583333333333333,10.243055555555555,24.166666666666668,22.38888888888889,5.583333333333333,7.25,2.1818181818181817
3787,16.0,5.875,12.359375,21.5,23.875,5.8125,8.75,1.4545454545454546
3788,21.0,5.238095238095238,9.133786848072562,23.333333333333332,18.22222222222222,5.666666666666667,8.0,2.1
3789,20.0,5.05,10.3475,23.75,25.3875,5.55,7.05,1.8181818181818181
3790,10.0,5.0,9.2,22.1,24.089999999999996,5.1,7.7,1.0
3791,12.0,5.0,10.166666666666666,23.583333333333332,16.743055555555554,5.416666666666667,6.5,1.2
3792,22.0,5.181818181818182,10.05785123966942,20.636363636363637,23.776859504132236,5.636363636363637,7.5,2.0
3793,6.0,2.8333333333333335,11.138888888888888,20.166666666666668,11.805555555555557,5.666666666666667,6.333333333333333,0.5454545454545454
3794,5.0,4.0,7.6,24.0,24.0,6.0,6.6,0.5555555555555556
3795,11.0,4.7272727272727275,4.016528925619834,22.454545454545453,19.52066115702479,6.090909090909091,7.090909090909091,1.375
3796,18.0,4.611111111111111,10.126543209876543,22.666666666666668,24.55555555555555,5.777777777777778,6.666666666666667,1.8
3797,20.0,4.65,9.827499999999999,24.0,22.1,6.1,8.1,2.0
3798,6.0,5.666666666666667,3.8888888888888897,22.166666666666668,39.80555555555556,5.666666666666667,7.333333333333333,0.8571428571428571
3799,19.0,5.947368421052632,9.62880886426593,21.894736842105264,19.25207756232687,5.631578947368421,7.526315789473684,1.7272727272727273
3800,14.0,5.071428571428571,15.066326530612246,23.142857142857142,15.551020408163268,5.928571428571429,7.071428571428571,1.2727272727272727
3801,5.0,2.6,3.44,25.6,12.24,5.6,8.2,0.8333333333333334
3802,23.0,4.913043478260869,10.862003780718336,22.47826086956522,17.901701323251412,5.478260869565218,7.739130434782608,2.090909090909091
3803,8.0,5.375,10.984375,24.125,11.609375,5.875,7.75,0.8888888888888888
3804,21.0,4.0,11.714285714285714,23.80952380952381,29.96371882086168,5.619047619047619,7.0476190476190474,1.9090909090909092
3805,13.0,3.6153846153846154,6.390532544378699,23.76923076923077,10.485207100591717,5.615384615384615,7.384615384615385,1.4444444444444444
3806,29.0,6.689655172413793,6.420927467300835,22.103448275862068,20.920332936979786,6.068965517241379,7.137931034482759,3.2222222222222223
3807,28.0,4.392857142857143,10.309948979591836,22.25,18.258928571428573,5.464285714285714,6.928571428571429,2.5454545454545454
3808,10.0,4.0,9.0,21.4,17.240000000000002,5.5,8.0,1.1111111111111112
3809,19.0,4.7894736842105265,8.376731301939058,22.789473684210527,21.53462603878117,5.7894736842105265,7.7368421052631575,1.7272727272727273
3810,26.0,5.230769230769231,8.023668639053254,22.03846153846154,26.7292899408284,5.6923076923076925,7.0,2.6
3811,23.0,5.478260869565218,11.901701323251414,22.347826086956523,18.052930056710778,5.913043478260869,7.217391304347826,2.090909090909091
3812,9.0,5.0,9.777777777777779,23.666666666666668,6.666666666666665,5.444444444444445,6.0,0.9
3813,11.0,3.8181818181818183,8.87603305785124,20.727272727272727,20.74380165289256,6.0,8.818181818181818,1.0
3814,19.0,6.526315789473684,9.301939058171746,24.36842105263158,16.232686980609415,5.473684210526316,7.7894736842105265,1.7272727272727273
3815,13.0,4.153846153846154,9.976331360946745,23.153846153846153,19.360946745562128,5.538461538461538,7.153846153846154,1.1818181818181819
3816,30.0,4.366666666666666,9.43222222222222,22.8,20.026666666666664,5.5,7.5,2.727272727272727
3817,15.0,4.733333333333333,12.862222222222222,24.866666666666667,14.782222222222222,6.2,6.8,1.3636363636363635
3818,23.0,4.260869565217392,12.97542533081285,22.130434782608695,21.330812854442346,5.521739130434782,7.043478260869565,2.090909090909091
3819,30.0,4.6,10.906666666666666,23.366666666666667,20.49888888888889,5.733333333333333,7.666666666666667,2.727272727272727
3820,17.0,5.176470588235294,12.262975778546712,23.0,18.235294117647058,5.705882352941177,7.176470588235294,1.5454545454545454
3821,15.0,4.933333333333334,10.328888888888889,22.466666666666665,15.582222222222223,5.4,7.866666666666666,1.3636363636363635
3822,23.0,5.478260869565218,9.119092627599242,23.565217391304348,18.680529300567105,5.391304347826087,7.521739130434782,2.090909090909091
3823,21.0,4.142857142857143,8.979591836734695,24.142857142857142,21.170068027210885,5.380952380952381,7.142857142857143,2.1
3824,28.0,6.035714285714286,11.534438775510202,21.678571428571427,15.218112244897958,5.535714285714286,7.571428571428571,2.5454545454545454
3825,25.0,4.44,12.806399999999998,23.0,21.28,5.72,7.36,2.272727272727273
3826,29.0,5.0344827586206895,8.585017835909632,22.79310344827586,18.233055885850177,5.482758620689655,7.413793103448276,3.2222222222222223
3827,18.0,5.333333333333333,5.888888888888889,23.944444444444443,17.719135802469136,5.166666666666667,7.333333333333333,1.6363636363636365
3828,30.0,4.933333333333334,10.595555555555551,22.166666666666668,15.005555555555556,5.666666666666667,7.6,2.727272727272727
3829,22.0,5.590909090909091,7.0599173553719,23.09090909090909,20.537190082644624,5.954545454545454,7.409090909090909,2.0
3830,24.0,5.5,11.083333333333334,22.5,15.083333333333334,5.5,7.333333333333333,2.1818181818181817
3831,7.0,4.571428571428571,9.387755102040815,25.142857142857142,8.408163265306124,5.571428571428571,8.0,0.7
3832,15.0,4.933333333333334,9.528888888888885,21.733333333333334,11.795555555555556,6.066666666666666,6.666666666666667,1.3636363636363635
3833,24.0,4.916666666666667,10.659722222222223,22.0,23.416666666666668,5.708333333333333,7.208333333333333,2.1818181818181817
3834,29.0,4.482758620689655,7.766944114149823,21.655172413793103,30.01902497027348,5.482758620689655,7.137931034482759,2.6363636363636362
3835,22.0,4.2727272727272725,7.016528925619837,23.136363636363637,22.117768595041323,5.363636363636363,7.590909090909091,2.0
3836,22.0,5.136363636363637,11.845041322314051,22.545454545454547,28.702479338842977,5.681818181818182,7.2272727272727275,2.0
3837,28.0,5.642857142857143,10.943877551020408,22.714285714285715,21.489795918367353,5.392857142857143,7.678571428571429,2.5454545454545454
3838,20.0,6.2,11.360000000000001,23.1,24.29,5.35,8.05,1.8181818181818181
3839,20.0,5.05,9.1475,21.85,19.3275,5.45,8.2,1.8181818181818181
3840,13.0,7.384615384615385,7.005917159763313,23.0,20.46153846153846,5.076923076923077,7.461538461538462,1.1818181818181819
3841,19.0,3.736842105263158,12.825484764542939,21.57894736842105,18.98060941828255,5.631578947368421,6.947368421052632,1.7272727272727273
3842,10.0,3.1,4.890000000000001,21.2,8.16,5.7,8.4,1.25
3843,5.0,3.4,3.44,23.0,43.6,5.8,6.2,0.8333333333333334
3844,12.0,4.75,11.020833333333334,21.25,11.354166666666666,6.333333333333333,8.5,1.2
3845,22.0,4.954545454545454,10.49793388429752,24.0,26.363636363636363,5.181818181818182,7.590909090909091,2.2
3846,17.0,5.117647058823529,14.103806228373703,21.41176470588235,17.301038062283737,5.588235294117647,7.529411764705882,1.5454545454545454
3847,25.0,4.44,6.566399999999999,21.36,22.7104,5.2,7.36,2.272727272727273
3848,25.0,5.84,8.8544,21.64,15.110400000000002,5.16,7.88,2.272727272727273
3849,15.0,4.866666666666666,12.915555555555557,23.133333333333333,13.18222222222222,5.4,7.666666666666667,1.3636363636363635
3850,28.0,4.321428571428571,9.360969387755102,22.821428571428573,22.3609693877551,5.428571428571429,7.392857142857143,2.5454545454545454
3851,16.0,5.4375,9.87109375,23.625,21.984375,5.25,7.5625,1.6
3852,10.0,5.1,8.89,21.9,27.889999999999997,5.7,7.8,1.1111111111111112
3853,5.0,5.2,12.559999999999999,21.6,25.839999999999996,4.2,7.2,0.45454545454545453
3854,11.0,4.636363636363637,9.867768595041325,21.272727272727273,25.652892561983467,5.7272727272727275,6.818181818181818,1.1
3855,9.0,3.3333333333333335,6.666666666666666,22.77777777777778,12.39506172839506,5.666666666666667,7.666666666666667,0.9
3856,16.0,6.125,8.609375,24.3125,18.21484375,6.0,6.75,1.6
3857,22.0,4.181818181818182,9.785123966942148,21.272727272727273,23.561983471074385,5.318181818181818,7.954545454545454,2.2
3858,23.0,5.217391304347826,10.257088846880904,22.304347826086957,14.733459357277884,5.304347826086956,7.739130434782608,2.090909090909091
3859,19.0,5.157894736842105,8.554016620498615,21.894736842105264,21.88365650969529,5.421052631578948,7.2105263157894735,1.7272727272727273
3860,8.0,6.375,5.484375,23.25,18.1875,5.25,7.625,0.8
3861,6.0,9.0,0.6666666666666666,24.0,21.333333333333332,6.5,6.666666666666667,2.0
3862,22.0,4.863636363636363,9.572314049586778,21.636363636363637,25.595041322314046,5.590909090909091,7.7272727272727275,2.2
3863,17.0,5.470588235294118,10.955017301038062,22.823529411764707,17.910034602076124,5.823529411764706,7.176470588235294,1.5454545454545454
3864,8.0,7.125,5.359375,23.375,9.984375,5.875,8.25,0.8888888888888888
3865,18.0,4.555555555555555,13.469135802469134,23.27777777777778,21.645061728395056,5.333333333333333,7.222222222222222,1.6363636363636365
3866,30.0,4.2,7.693333333333333,23.266666666666666,23.52888888888889,5.533333333333333,7.766666666666667,3.0
3867,11.0,4.2727272727272725,12.925619834710744,21.181818181818183,22.512396694214875,5.0,6.636363636363637,1.0
3868,24.0,6.166666666666667,8.138888888888888,24.041666666666668,21.53993055555556,5.5,7.541666666666667,2.4
3869,9.0,4.888888888888889,10.320987654320986,22.0,16.0,5.444444444444445,6.888888888888889,0.8181818181818182
3870,19.0,4.842105263157895,11.817174515235456,23.263157894736842,19.24653739612189,5.631578947368421,8.473684210526315,1.7272727272727273
3871,21.0,5.476190476190476,8.249433106575966,23.38095238095238,19.569160997732432,5.571428571428571,7.333333333333333,1.9090909090909092
3872,14.0,4.214285714285714,7.1683673469387745,23.642857142857142,13.65816326530612,5.928571428571429,8.071428571428571,1.4
3873,24.0,4.333333333333333,12.472222222222221,21.958333333333332,18.623263888888893,5.458333333333333,7.125,2.1818181818181817
3874,18.0,6.555555555555555,7.6913580246913575,24.333333333333332,21.444444444444443,5.111111111111111,7.777777777777778,2.0
3875,9.0,5.888888888888889,6.098765432098765,23.555555555555557,37.80246913580247,5.888888888888889,7.222222222222222,1.125
3876,21.0,5.285714285714286,6.108843537414965,23.857142857142858,13.931972789115648,5.333333333333333,8.238095238095237,2.3333333333333335
3877,23.0,4.6521739130434785,9.792060491493384,22.52173913043478,23.293005671077506,5.3478260869565215,7.304347826086956,2.090909090909091
3878,14.0,5.071428571428571,13.066326530612248,22.0,22.857142857142858,5.285714285714286,7.5,1.4
3879,19.0,5.052631578947368,8.997229916897508,22.105263157894736,14.831024930747922,5.421052631578948,6.842105263157895,1.7272727272727273
3880,9.0,4.555555555555555,9.580246913580247,21.77777777777778,14.839506172839505,6.333333333333333,7.666666666666667,0.9
3881,10.0,5.3,9.41,22.0,4.6,5.4,7.7,1.0
3882,13.0,6.3076923076923075,8.828402366863905,22.384615384615383,8.08284023668639,5.538461538461538,7.230769230769231,1.3
3883,17.0,4.9411764705882355,8.878892733564017,22.529411764705884,14.60207612456747,5.294117647058823,8.235294117647058,1.7
3884,24.0,5.416666666666667,11.326388888888888,23.583333333333332,17.57638888888889,5.416666666666667,7.083333333333333,2.1818181818181817
3885,19.0,5.2105263157894735,8.587257617728532,22.210526315789473,20.27146814404432,5.473684210526316,7.7894736842105265,1.7272727272727273
3886,11.0,3.909090909090909,10.991735537190083,21.636363636363637,32.23140495867768,5.636363636363637,8.454545454545455,1.0
3887,16.0,5.4375,11.12109375,24.375,17.109375,5.5,7.75,1.4545454545454546
3888,22.0,5.2272727272727275,9.6301652892562,24.227272727272727,19.99380165289256,5.454545454545454,8.181818181818182,2.0
3889,27.0,5.148148148148148,9.459533607681758,22.14814814814815,18.27434842249657,5.592592592592593,7.444444444444445,2.4545454545454546
3890,10.0,5.2,7.159999999999999,21.6,10.239999999999998,6.0,7.3,0.9090909090909091
3891,15.0,4.8,13.360000000000001,20.066666666666666,23.66222222222222,5.266666666666667,6.8,1.3636363636363635
3892,22.0,5.409090909090909,8.332644628099173,22.545454545454547,17.79338842975207,5.181818181818182,7.681818181818182,2.0
3893,12.0,5.083333333333333,5.243055555555555,23.083333333333332,16.243055555555554,5.666666666666667,7.666666666666667,1.5
3894,17.0,5.705882352941177,9.501730103806228,20.11764705882353,15.868512110726646,5.294117647058823,7.352941176470588,1.5454545454545454
3895,19.0,6.894736842105263,5.88365650969529,22.842105263157894,17.92243767313019,5.421052631578948,7.157894736842105,2.375
3896,18.0,6.388888888888889,8.015432098765434,22.5,21.583333333333332,5.555555555555555,7.0,1.8
3897,29.0,5.068965517241379,9.236623067776456,22.24137931034483,26.66587395957194,5.689655172413793,7.620689655172414,2.6363636363636362
3898,18.0,5.444444444444445,9.246913580246913,23.61111111111111,23.348765432098766,5.611111111111111,7.222222222222222,1.6363636363636365
3899,8.0,6.375,6.734375,22.625,23.984375,5.0,6.75,0.8888888888888888
3900,24.0,4.333333333333333,11.472222222222221,23.375,14.651041666666666,5.375,7.083333333333333,2.1818181818181817
3901,30.0,5.266666666666667,9.862222222222224,22.133333333333333,25.04888888888889,5.7,7.566666666666666,2.727272727272727
3902,15.0,5.4,9.173333333333336,22.066666666666666,23.395555555555557,5.666666666666667,7.666666666666667,1.3636363636363635
3903,11.0,5.0,7.090909090909091,22.0,24.545454545454547,6.0,6.818181818181818,1.1
3904,26.0,4.923076923076923,9.994082840236684,21.115384615384617,21.794378698224854,5.653846153846154,7.538461538461538,2.3636363636363638
3905,12.0,5.75,8.854166666666666,22.25,14.020833333333334,5.333333333333333,7.75,1.2
3906,21.0,4.095238095238095,8.75283446712018,23.61904761904762,21.569160997732432,5.571428571428571,8.428571428571429,1.9090909090909092
3907,27.0,4.0,12.0,21.74074074074074,21.525377229080938,5.37037037037037,7.888888888888889,2.4545454545454546
3908,24.0,5.041666666666667,9.873263888888888,22.583333333333332,19.659722222222218,5.666666666666667,7.75,2.1818181818181817
3909,19.0,5.052631578947368,12.786703601108035,21.263157894736842,21.878116343490305,5.368421052631579,7.473684210526316,1.7272727272727273
3910,8.0,6.25,7.1875,21.25,16.4375,5.375,7.625,0.8888888888888888
3911,22.0,4.7272727272727275,10.834710743801654,21.636363636363637,17.867768595041323,5.545454545454546,7.7727272727272725,2.2
3912,14.0,4.785714285714286,6.311224489795918,21.5,19.392857142857142,5.857142857142857,6.571428571428571,1.4
3913,26.0,3.8076923076923075,11.693786982248522,22.307692307692307,24.05917159763313,5.576923076923077,7.884615384615385,2.3636363636363638
3914,28.0,5.357142857142857,9.729591836734695,23.392857142857142,25.309948979591834,5.678571428571429,7.214285714285714,2.5454545454545454
3915,22.0,6.0,9.727272727272727,22.863636363636363,22.117768595041312,5.181818181818182,7.318181818181818,2.2
3916,16.0,4.0625,11.18359375,24.3125,15.83984375,5.25,7.8125,1.4545454545454546
3917,11.0,4.363636363636363,9.68595041322314,20.818181818181817,23.05785123966942,5.181818181818182,7.7272727272727275,1.0
3918,19.0,5.7368421052631575,9.246537396121886,23.473684210526315,26.144044321329638,5.631578947368421,7.105263157894737,1.7272727272727273
3919,25.0,4.48,11.529599999999999,21.8,17.04,5.6,7.56,2.272727272727273
3920,8.0,4.75,14.9375,21.0,12.5,5.75,7.375,0.7272727272727273
3921,18.0,5.166666666666667,8.694444444444445,24.88888888888889,14.987654320987653,5.611111111111111,7.111111111111111,1.6363636363636365
3922,25.0,5.08,8.4736,23.8,12.48,5.44,7.28,2.5
3923,22.0,4.363636363636363,10.50413223140496,22.818181818181817,28.876033057851238,5.454545454545454,6.7272727272727275,2.0
3924,24.0,6.583333333333333,6.076388888888889,23.541666666666668,32.414930555555564,5.791666666666667,7.541666666666667,2.4
3925,14.0,5.5,12.25,21.071428571428573,15.780612244897958,6.0,8.0,1.2727272727272727
3926,22.0,4.636363636363637,7.231404958677683,21.727272727272727,14.925619834710744,5.5,6.818181818181818,2.2
3927,29.0,5.655172413793103,10.915576694411415,22.103448275862068,20.713436385255644,5.241379310344827,7.793103448275862,2.6363636363636362
3928,15.0,4.733333333333333,11.262222222222222,23.133333333333333,21.448888888888895,5.333333333333333,7.666666666666667,1.3636363636363635
3929,10.0,6.3,8.21,22.3,24.810000000000002,6.4,7.8,1.1111111111111112
3930,17.0,5.0588235294117645,10.761245674740488,21.88235294117647,25.515570934256054,5.235294117647059,7.9411764705882355,1.5454545454545454
3931,24.0,5.166666666666667,9.722222222222223,21.958333333333332,20.289930555555557,5.333333333333333,7.583333333333333,2.1818181818181817
3932,20.0,5.1,9.190000000000001,22.7,15.809999999999999,5.7,7.85,1.8181818181818181
3933,23.0,4.956521739130435,10.128544423440456,21.47826086956522,19.293005671077502,5.782608695652174,7.043478260869565,2.090909090909091
3934,14.0,4.714285714285714,11.346938775510202,23.714285714285715,18.63265306122449,5.357142857142857,7.214285714285714,1.2727272727272727
3935,13.0,4.846153846153846,11.514792899408283,22.615384615384617,11.159763313609467,5.461538461538462,7.0,1.1818181818181819
3936,12.0,5.916666666666667,9.243055555555555,23.666666666666668,34.38888888888889,5.833333333333333,7.666666666666667,1.0909090909090908
3937,29.0,5.241379310344827,11.56242568370987,22.82758620689655,24.07372175980975,5.517241379310345,7.551724137931035,2.6363636363636362
3938,7.0,5.142857142857143,7.2653061224489806,22.0,21.142857142857142,6.142857142857143,7.571428571428571,0.875
3939,23.0,3.9565217391304346,8.389413988657846,22.73913043478261,21.410207939508506,5.217391304347826,7.173913043478261,2.090909090909091
3940,22.0,4.090909090909091,8.71900826446281,22.045454545454547,18.043388429752063,5.7727272727272725,7.7272727272727275,2.0
3941,14.0,5.357142857142857,12.08673469387755,20.928571428571427,10.637755102040815,5.357142857142857,7.285714285714286,1.2727272727272727
3942,9.0,5.666666666666667,8.0,22.555555555555557,31.135802469135797,5.0,6.888888888888889,0.9
3943,12.0,5.083333333333333,8.57638888888889,21.416666666666668,14.743055555555555,5.75,7.75,1.3333333333333333
3944,23.0,5.043478260869565,8.215500945179581,21.347826086956523,27.444234404536864,5.739130434782608,6.869565217391305,2.090909090909091
3945,9.0,4.777777777777778,5.061728395061728,21.333333333333332,17.333333333333332,5.333333333333333,8.666666666666666,1.0
3946,7.0,6.142857142857143,13.26530612244898,20.571428571428573,18.816326530612248,5.142857142857143,8.285714285714286,0.6363636363636364
3947,24.0,6.541666666666667,8.081597222222223,22.333333333333332,23.555555555555557,5.625,7.375,2.4
3948,21.0,4.095238095238095,5.800453514739227,23.666666666666668,22.126984126984123,5.333333333333333,7.714285714285714,1.9090909090909092
3949,11.0,3.909090909090909,3.3553719008264467,20.636363636363637,19.140495867768593,5.2727272727272725,6.818181818181818,1.5714285714285714
3950,22.0,4.681818181818182,10.671487603305785,21.40909090909091,19.878099173553718,5.590909090909091,7.409090909090909,2.0
3951,8.0,5.0,11.5,23.125,17.109375,5.5,7.375,0.7272727272727273
3952,10.0,5.3,11.610000000000001,22.8,23.360000000000003,4.9,6.7,0.9090909090909091
3953,25.0,4.56,11.926400000000001,23.08,15.273599999999998,5.24,7.48,2.272727272727273
3954,9.0,4.666666666666667,8.222222222222221,24.88888888888889,9.876543209876544,5.666666666666667,7.555555555555555,0.9
3955,28.0,4.5,8.25,21.714285714285715,17.132653061224488,5.5,7.142857142857143,2.8
3956,30.0,4.933333333333334,11.595555555555553,22.7,20.54333333333334,5.8,7.6,2.727272727272727
3957,22.0,4.954545454545454,8.770661157024795,24.59090909090909,24.696280991735534,5.7272727272727275,7.909090909090909,2.0
3958,14.0,4.857142857142857,7.836734693877551,23.928571428571427,14.780612244897965,5.714285714285714,7.142857142857143,1.4
3959,12.0,5.666666666666667,8.222222222222221,25.0,11.333333333333334,5.25,7.166666666666667,1.2
3960,7.0,6.285714285714286,7.346938775510204,22.857142857142858,18.408163265306126,6.142857142857143,7.714285714285714,0.7
3961,20.0,5.6,9.440000000000001,23.45,27.747499999999995,5.1,7.8,2.0
3962,12.0,4.583333333333333,6.576388888888888,25.083333333333332,14.076388888888891,5.25,7.916666666666667,1.2
3963,25.0,4.96,8.1984,21.76,20.022399999999998,5.28,7.44,2.272727272727273
3964,8.0,5.375,7.484375,24.75,20.4375,4.875,7.0,0.8888888888888888
3965,8.0,5.125,7.609375,22.125,25.109375,5.0,7.25,1.0
3966,12.0,6.166666666666667,11.138888888888888,22.083333333333332,10.07638888888889,5.5,7.083333333333333,1.0909090909090908
3967,14.0,4.5,9.535714285714286,23.928571428571427,17.9234693877551,5.785714285714286,7.428571428571429,1.2727272727272727
3968,26.0,5.538461538461538,10.710059171597633,22.384615384615383,19.005917159763314,5.6923076923076925,8.192307692307692,2.3636363636363638
3969,8.0,5.25,9.9375,22.25,26.9375,5.5,6.25,0.8
3970,30.0,4.433333333333334,6.978888888888888,23.266666666666666,16.862222222222226,5.366666666666666,7.2,3.0
3971,25.0,4.2,10.159999999999998,23.44,22.086399999999998,5.48,8.04,2.272727272727273
3972,10.0,4.9,7.090000000000001,22.0,18.6,5.2,7.6,1.25
3973,11.0,5.363636363636363,10.049586776859506,21.363636363636363,10.958677685950413,5.909090909090909,7.545454545454546,1.0
3974,25.0,3.92,5.033600000000001,22.64,17.590400000000002,5.68,7.8,2.7777777777777777
3975,14.0,3.0,4.571428571428571,22.142857142857142,12.836734693877549,5.285714285714286,7.857142857142857,1.5555555555555556
3976,24.0,4.75,11.104166666666666,23.666666666666668,16.305555555555557,5.041666666666667,7.291666666666667,2.1818181818181817
3977,25.0,4.0,6.96,22.52,14.569599999999998,5.68,6.96,2.5
3978,23.0,6.043478260869565,12.650283553875234,21.73913043478261,16.018903591682424,5.6521739130434785,7.478260869565218,2.090909090909091
3979,17.0,5.117647058823529,8.809688581314877,21.647058823529413,21.993079584775085,5.235294117647059,7.235294117647059,1.7
3980,14.0,4.642857142857143,8.08673469387755,21.5,23.964285714285715,5.642857142857143,8.642857142857142,1.2727272727272727
3981,14.0,4.785714285714286,9.596938775510205,23.357142857142858,13.65816326530612,5.642857142857143,7.857142857142857,1.2727272727272727
3982,7.0,3.0,5.142857142857143,24.285714285714285,21.918367346938776,5.142857142857143,6.857142857142857,0.875
3983,30.0,4.833333333333333,7.3388888888888895,23.4,17.773333333333333,5.533333333333333,7.366666666666666,2.727272727272727
3984,16.0,5.6875,5.71484375,20.4375,24.49609375,5.5625,7.75,1.7777777777777777
3985,12.0,5.0,5.166666666666667,21.666666666666668,23.055555555555557,5.416666666666667,7.25,1.3333333333333333
3986,14.0,4.785714285714286,8.311224489795917,20.642857142857142,15.658163265306126,5.857142857142857,7.785714285714286,1.4
3987,12.0,4.166666666666667,13.638888888888891,22.083333333333332,27.409722222222218,5.666666666666667,8.166666666666666,1.2
3988,25.0,5.04,10.278400000000001,21.56,23.0464,5.12,8.16,2.5
3989,8.0,4.375,7.984375,20.0,17.25,5.25,7.375,0.8888888888888888
3990,27.0,5.111111111111111,13.28395061728395,22.703703703703702,19.3196159122085,5.555555555555555,7.7407407407407405,2.4545454545454546
3991,16.0,5.125,7.609375,24.375,20.859375,5.3125,7.1875,1.7777777777777777
3992,25.0,5.24,9.7024,22.36,18.630399999999998,5.68,7.56,2.272727272727273
3993,6.0,7.666666666666667,6.222222222222222,17.666666666666668,7.888888888888888,4.833333333333333,7.5,0.75
3994,29.0,3.586206896551724,11.277051129607612,23.482758620689655,16.594530321046378,5.620689655172414,7.482758620689655,2.6363636363636362
3995,5.0,3.8,3.3599999999999994,26.8,12.559999999999999,5.2,7.0,0.8333333333333334
3996,18.0,3.2222222222222223,9.283950617283951,22.11111111111111,20.4320987654321,5.388888888888889,7.444444444444445,1.6363636363636365
3997,15.0,5.6,8.240000000000002,21.666666666666668,23.022222222222222,5.666666666666667,6.866666666666666,1.3636363636363635
3998,23.0,5.608695652173913,11.455576559546317,20.304347826086957,17.60302457466919,5.956521739130435,7.391304347826087,2.090909090909091
3999,30.0,5.2,8.759999999999998,22.4,22.37333333333334,5.566666666666666,7.633333333333334,3.0
4000,18.0,4.111111111111111,7.987654320987654,24.5,19.47222222222222,5.277777777777778,7.444444444444445,1.6363636363636365
4001,10.0,9.6,49.64,76.6,132.04000000000002,7.3,1.1,0.5263157894736842
4002,24.0,8.625,34.651041666666664,76.79166666666667,116.41493055555556,7.166666666666667,0.875,1.1428571428571428
4003,6.0,6.666666666666667,14.888888888888891,82.0,141.66666666666666,8.333333333333334,1.6666666666666667,0.5
4004,16.0,9.25,37.8125,84.6875,137.33984375,7.4375,0.9375,0.8421052631578947
4005,14.0,9.857142857142858,37.836734693877546,77.42857142857143,98.10204081632652,7.857142857142857,0.9285714285714286,0.7
4006,27.0,9.0,29.925925925925927,79.85185185185185,131.38545953360767,6.703703703703703,1.1851851851851851,1.2857142857142858
4007,24.0,10.583333333333334,35.65972222222222,78.125,161.359375,6.875,0.9583333333333334,1.1428571428571428
4008,16.0,9.5625,45.49609375,82.875,149.359375,6.8125,1.0625,0.7619047619047619
4009,26.0,11.576923076923077,31.39792899408284,81.53846153846153,155.094674556213,6.6923076923076925,0.9615384615384616,1.3
4010,20.0,10.8,53.86,82.35,137.62749999999997,6.4,0.95,0.9523809523809523
4011,12.0,8.166666666666666,32.47222222222222,76.83333333333333,155.80555555555554,7.083333333333333,0.75,0.631578947368421
4012,16.0,9.6875,45.21484375,78.5,118.25,6.5625,1.1875,0.8
4013,30.0,9.9,30.089999999999993,77.66666666666667,183.0222222222222,6.333333333333333,0.8666666666666667,1.4285714285714286
4014,27.0,8.555555555555555,33.20987654320988,83.4074074074074,135.0562414266118,6.888888888888889,1.037037037037037,1.35
4015,19.0,8.947368421052632,37.31301939058171,79.05263157894737,120.57617728531855,6.526315789473684,0.7368421052631579,0.95
4016,26.0,9.576923076923077,48.01331360946745,80.96153846153847,141.7292899408284,6.576923076923077,1.0769230769230769,1.2380952380952381
4017,18.0,10.777777777777779,29.50617283950617,80.77777777777777,96.72839506172836,6.944444444444445,0.8333333333333334,0.9473684210526315
4018,11.0,11.636363636363637,37.50413223140495,78.45454545454545,145.15702479338842,8.0,1.0,0.6111111111111112
4019,9.0,13.444444444444445,15.802469135802466,74.44444444444444,176.02469135802468,7.0,0.8888888888888888,0.6923076923076923
4020,25.0,11.2,40.88,81.32,87.65760000000002,7.6,1.16,1.25
4021,6.0,11.166666666666666,73.47222222222221,73.5,162.58333333333334,7.333333333333333,1.0,0.2857142857142857
4022,18.0,10.11111111111111,33.20987654320989,72.88888888888889,103.09876543209877,6.666666666666667,1.2777777777777777,0.9
4023,20.0,11.3,28.609999999999996,85.35,102.32750000000001,7.5,1.1,0.9523809523809523
4024,18.0,10.666666666666666,42.88888888888889,79.66666666666667,190.44444444444446,6.166666666666667,0.8888888888888888,0.8571428571428571
4025,16.0,13.0,45.5,79.25,200.5625,7.25,0.875,0.7619047619047619
4026,26.0,9.923076923076923,38.301775147929,77.73076923076923,121.042899408284,6.615384615384615,1.0,1.3
4027,9.0,11.555555555555555,27.580246913580247,80.0,110.44444444444444,7.888888888888889,0.5555555555555556,0.5625
4028,5.0,8.6,13.440000000000001,81.6,238.64000000000001,7.6,0.6,0.4166666666666667
4029,26.0,8.653846153846153,40.0724852071006,81.88461538461539,164.48668639053255,7.538461538461538,1.1153846153846154,1.2380952380952381
4030,11.0,5.818181818181818,41.785123966942145,81.0909090909091,176.80991735537188,6.363636363636363,1.1818181818181819,0.6111111111111112
4031,18.0,9.38888888888889,46.015432098765444,80.05555555555556,129.71913580246914,6.555555555555555,0.9444444444444444,0.8571428571428571
4032,27.0,10.555555555555555,38.24691358024692,80.55555555555556,141.20987654320984,7.555555555555555,1.037037037037037,1.2857142857142858
4033,18.0,8.61111111111111,40.6820987654321,86.33333333333333,118.77777777777777,6.722222222222222,0.8333333333333334,0.8571428571428571
4034,21.0,9.428571428571429,36.72108843537415,83.61904761904762,96.80725623582767,6.095238095238095,1.1904761904761905,1.105263157894737
4035,9.0,10.666666666666666,34.888888888888886,84.44444444444444,94.0246913580247,7.444444444444445,0.8888888888888888,0.5
4036,18.0,10.88888888888889,35.876543209876544,79.88888888888889,202.32098765432102,7.722222222222222,1.2222222222222223,0.8571428571428571
4037,10.0,11.6,37.239999999999995,78.2,159.56,7.3,1.1,0.5263157894736842
4038,13.0,9.615384615384615,39.467455621301774,80.6923076923077,111.1360946745562,6.615384615384615,0.7692307692307693,0.6842105263157895
4039,15.0,9.733333333333333,38.32888888888889,78.06666666666666,120.59555555555555,7.133333333333334,1.0,0.75
4040,22.0,10.681818181818182,35.035123966942145,81.81818181818181,130.69421487603307,6.7727272727272725,0.7727272727272727,1.1
4041,23.0,8.652173913043478,34.835538752362936,78.08695652173913,105.3837429111531,7.130434782608695,0.8260869565217391,1.0952380952380953
4042,26.0,8.961538461538462,45.80621301775148,81.88461538461539,149.10207100591717,7.076923076923077,1.2307692307692308,1.2380952380952381
4043,14.0,11.428571428571429,22.6734693877551,81.28571428571429,154.3469387755102,7.142857142857143,1.0,0.9333333333333333
4044,11.0,11.363636363636363,36.0495867768595,75.72727272727273,157.28925619834712,8.090909090909092,1.3636363636363635,0.6111111111111112
4045,5.0,11.8,24.96,84.0,86.8,7.2,0.4,0.35714285714285715
4046,26.0,6.884615384615385,21.332840236686383,80.3076923076923,159.82840236686386,6.115384615384615,1.1153846153846154,1.625
4047,27.0,10.333333333333334,32.14814814814816,81.25925925925925,169.37722908093278,6.62962962962963,1.1111111111111112,1.4210526315789473
4048,30.0,10.4,36.97333333333334,86.86666666666666,78.51555555555555,6.8,1.0666666666666667,1.4285714285714286
4049,19.0,9.789473684210526,49.6398891966759,77.84210526315789,140.55401662049863,6.894736842105263,0.9473684210526315,0.9047619047619048
4050,26.0,11.076923076923077,35.84023668639054,74.6923076923077,114.75147928994082,6.653846153846154,0.9230769230769231,1.2380952380952381
4051,10.0,10.4,34.64,72.1,89.09,7.5,0.5,0.5555555555555556
4052,29.0,9.03448275862069,47.550535077288934,81.06896551724138,150.54696789536263,7.0,0.8620689655172413,1.380952380952381
4053,16.0,12.125,41.609375,79.0625,148.05859375,6.8125,1.125,0.7619047619047619
4054,7.0,8.285714285714286,49.346938775510196,78.71428571428571,90.20408163265304,8.142857142857142,1.1428571428571428,0.3333333333333333
4055,16.0,8.5,23.875,85.4375,114.24609375,6.8125,1.1875,0.7619047619047619
4056,20.0,8.35,38.9275,82.55,154.14750000000004,7.4,0.95,0.9523809523809523
4057,24.0,9.041666666666666,33.62326388888889,75.54166666666667,126.9982638888889,7.041666666666667,1.2083333333333333,1.2
4058,23.0,8.782608695652174,42.257088846880904,77.8695652173913,172.0264650283554,6.695652173913044,0.9130434782608695,1.0952380952380953
4059,17.0,8.235294117647058,29.003460207612456,80.82352941176471,122.26297577854672,7.0,1.0,0.85
4060,12.0,12.5,43.25,82.41666666666667,172.74305555555554,7.166666666666667,0.75,0.6666666666666666
4061,20.0,9.35,53.02750000000001,78.2,83.16,6.85,1.1,0.9523809523809523
4062,27.0,10.851851851851851,45.459533607681756,80.0,110.66666666666667,6.555555555555555,1.1851851851851851,1.2857142857142858
4063,23.0,11.434782608695652,32.59357277882798,86.1304347826087,157.41776937618144,6.913043478260869,1.0434782608695652,1.0952380952380953
4064,27.0,10.444444444444445,31.135802469135797,77.22222222222223,129.358024691358,7.333333333333333,1.0,1.2857142857142858
4065,24.0,8.5,38.666666666666664,75.33333333333333,107.88888888888886,7.625,1.0416666666666667,1.1428571428571428
4066,15.0,8.933333333333334,31.39555555555555,82.13333333333334,115.18222222222221,7.0,0.8,0.7894736842105263
4067,17.0,10.588235294117647,48.12456747404843,80.47058823529412,196.95501730103803,6.294117647058823,1.0588235294117647,0.8095238095238095
4068,11.0,11.818181818181818,31.057851239669425,79.18181818181819,160.1487603305785,7.090909090909091,1.0909090909090908,0.6111111111111112
4069,9.0,11.0,32.888888888888886,81.11111111111111,147.6543209876543,7.666666666666667,1.3333333333333333,0.5294117647058824
4070,26.0,9.692307692307692,33.21301775147929,82.76923076923077,149.33136094674558,6.6923076923076925,1.1538461538461537,1.368421052631579
4071,29.0,9.0,32.689655172413794,80.06896551724138,90.4780023781213,6.896551724137931,0.896551724137931,1.380952380952381
4072,28.0,10.214285714285714,41.382653061224495,80.78571428571429,122.45408163265303,7.0,0.8928571428571429,1.3333333333333333
4073,16.0,6.0625,38.05859375,85.375,91.734375,7.75,0.625,0.8888888888888888
4074,22.0,10.454545454545455,35.70247933884297,80.13636363636364,119.84504132231406,6.909090909090909,1.0909090909090908,1.1
4075,28.0,11.035714285714286,27.74872448979591,84.96428571428571,150.96301020408166,7.714285714285714,0.8571428571428571,1.4736842105263157
4076,8.0,7.75,23.4375,78.5,169.0,6.0,0.875,0.5714285714285714
4077,6.0,10.166666666666666,22.13888888888889,82.66666666666667,130.55555555555554,7.0,1.3333333333333333,0.42857142857142855
4078,6.0,9.166666666666666,29.138888888888886,74.5,113.58333333333333,9.333333333333334,1.0,0.4
4079,25.0,9.8,20.72,80.0,172.0,6.96,0.68,1.3157894736842106
4080,5.0,7.6,50.239999999999995,78.6,43.04,7.2,0.4,0.2777777777777778
4081,28.0,9.392857142857142,39.09566326530611,81.17857142857143,139.1466836734694,7.25,0.9642857142857143,1.3333333333333333
4082,26.0,9.76923076923077,39.408284023668635,80.03846153846153,86.80621301775146,7.076923076923077,0.9615384615384616,1.3
4083,26.0,11.038461538461538,26.88313609467455,79.3076923076923,95.05917159763315,6.8076923076923075,1.1923076923076923,1.368421052631579
4084,22.0,11.409090909090908,46.514462809917354,78.0,114.63636363636364,7.363636363636363,1.1363636363636365,1.0476190476190477
4085,6.0,9.666666666666666,23.555555555555557,81.16666666666667,129.13888888888889,6.666666666666667,1.0,0.35294117647058826
4086,19.0,8.736842105263158,47.66759002770084,82.21052631578948,145.11357340720218,6.7368421052631575,1.0,0.9047619047619048
4087,6.0,11.5,22.25,86.0,52.666666666666664,6.166666666666667,0.5,0.4
4088,13.0,8.692307692307692,36.366863905325445,79.07692307692308,99.91715976331362,6.846153846153846,1.3076923076923077,0.65
4089,6.0,10.5,22.916666666666668,79.0,241.66666666666666,7.666666666666667,0.8333333333333334,0.4
4090,27.0,11.666666666666666,23.851851851851865,78.03703703703704,160.48010973936903,6.185185185185185,0.7407407407407407,1.2857142857142858
4091,19.0,11.157894736842104,34.44875346260388,77.47368421052632,100.45983379501384,7.842105263157895,1.2105263157894737,0.9047619047619048
4092,11.0,8.272727272727273,45.4710743801653,77.18181818181819,133.42148760330576,7.0,1.1818181818181819,0.5238095238095238
4093,21.0,11.904761904761905,36.18140589569161,80.57142857142857,115.19727891156461,6.857142857142857,1.2380952380952381,1.05
4094,25.0,9.12,28.345599999999994,79.0,135.84,7.12,0.96,1.3157894736842106
4095,6.0,9.833333333333334,10.472222222222223,86.33333333333333,152.55555555555554,8.833333333333334,1.0,0.6
4096,21.0,10.19047619047619,35.20181405895692,82.28571428571429,159.06122448979588,7.428571428571429,1.0952380952380953,1.05
4097,10.0,11.7,32.41000000000001,76.7,142.01,6.0,1.0,0.47619047619047616
4098,20.0,10.65,45.32750000000001,79.25,134.2875,7.15,0.75,0.9523809523809523
4099,29.0,9.758620689655173,38.87277051129608,81.96551724137932,189.96432818073723,7.137931034482759,0.8275862068965517,1.380952380952381
4100,5.0,8.6,42.64,90.6,45.44,6.6,1.4,0.3125
4101,9.0,10.222222222222221,29.7283950617284,78.44444444444444,151.80246913580248,7.111111111111111,0.6666666666666666,0.5625
4102,29.0,10.206896551724139,34.85374554102259,81.55172413793103,164.45422116527945,7.413793103448276,1.103448275862069,1.380952380952381
4103,12.0,9.166666666666666,46.97222222222221,78.83333333333333,133.47222222222223,7.166666666666667,1.0,0.5714285714285714
4104,29.0,9.0,43.44827586206897,80.48275862068965,154.5945303210464,7.482758620689655,1.0344827586206897,1.380952380952381
4105,20.0,7.0,31.3,82.5,120.65,7.45,0.9,0.9523809523809523
4106,30.0,8.733333333333333,48.128888888888895,80.83333333333333,136.80555555555554,6.666666666666667,0.9,1.4285714285714286
4107,15.0,7.466666666666667,23.048888888888886,83.26666666666667,78.99555555555555,6.466666666666667,1.2,0.7894736842105263
4108,12.0,7.25,49.020833333333336,80.83333333333333,81.47222222222221,6.333333333333333,0.9166666666666666,0.6
4109,8.0,10.875,40.609375,75.125,114.359375,6.25,1.375,0.4
4110,8.0,10.375,14.984375,82.0,176.25,7.125,0.625,0.5714285714285714
4111,15.0,9.266666666666667,32.59555555555555,78.86666666666666,113.9822222222222,6.933333333333334,1.4,0.8333333333333334
4112,7.0,7.857142857142857,33.26530612244897,80.71428571428571,113.34693877551021,7.285714285714286,1.2857142857142858,0.3684210526315789
4113,6.0,8.666666666666666,57.22222222222223,84.16666666666667,92.80555555555556,6.0,1.0,0.2857142857142857
4114,7.0,13.428571428571429,33.10204081632653,80.57142857142857,206.24489795918365,6.0,0.8571428571428571,0.35
4115,14.0,10.785714285714286,44.59693877551019,80.28571428571429,129.77551020408163,6.642857142857143,1.0714285714285714,0.7
4116,30.0,9.733333333333333,20.99555555555555,82.43333333333334,138.9788888888889,6.133333333333334,0.9666666666666667,1.6666666666666667
4117,17.0,9.117647058823529,26.45674740484429,75.88235294117646,141.28027681660902,6.588235294117647,1.0,0.9444444444444444
4118,14.0,11.928571428571429,36.06632653061224,80.21428571428571,119.3112244897959,7.0,1.3571428571428572,0.7
4119,18.0,8.666666666666666,30.22222222222222,81.94444444444444,118.83024691358024,6.833333333333333,0.8888888888888888,1.0
4120,27.0,8.851851851851851,26.941015089163237,82.81481481481481,134.29903978052127,6.148148148148148,1.037037037037037,1.35
4121,20.0,7.95,26.247500000000002,75.6,144.44,6.35,0.45,1.1111111111111112
4122,19.0,11.578947368421053,38.24376731301939,75.89473684210526,115.46260387811634,6.947368421052632,0.8421052631578947,0.9047619047619048
4123,23.0,12.91304347826087,34.34026465028355,82.65217391304348,108.40075614366727,6.434782608695652,1.2608695652173914,1.2105263157894737
4124,30.0,8.433333333333334,30.312222222222218,79.2,123.29333333333335,7.133333333333334,1.1666666666666667,1.4285714285714286
4125,25.0,8.16,35.0144,81.24,131.7024,7.16,1.0,1.3157894736842106
4126,24.0,9.5,32.25,84.04166666666667,127.12326388888887,7.333333333333333,0.9583333333333334,1.263157894736842
4127,10.0,10.5,32.25,81.8,116.16,7.2,1.0,0.5555555555555556
4128,11.0,10.727272727272727,34.925619834710744,84.45454545454545,84.61157024793388,7.0,1.0,0.6111111111111112
4129,11.0,11.545454545454545,42.429752066115704,79.36363636363636,146.95867768595042,7.454545454545454,0.6363636363636364,0.5789473684210527
4130,14.0,10.285714285714286,36.204081632653065,80.28571428571429,82.48979591836736,7.0,0.9285714285714286,0.6666666666666666
4131,27.0,10.37037037037037,40.67764060356652,79.07407407407408,161.8463648834019,7.2592592592592595,1.0740740740740742,1.2857142857142858
4132,22.0,9.045454545454545,38.134297520661164,79.81818181818181,174.3305785123967,7.2727272727272725,1.2272727272727273,1.1
4133,17.0,10.588235294117647,44.24221453287197,82.29411764705883,131.97231833910038,6.647058823529412,0.8823529411764706,0.85
4134,20.0,10.5,39.85,78.9,136.89000000000004,7.7,1.1,1.0
4135,18.0,10.61111111111111,46.45987654320989,78.16666666666667,109.25,7.111111111111111,1.0555555555555556,0.8571428571428571
4136,30.0,9.233333333333333,38.04555555555555,81.5,153.98333333333332,7.233333333333333,0.7333333333333333,1.4285714285714286
4137,29.0,11.03448275862069,37.89536266349584,86.44827586206897,147.00594530321044,7.137931034482759,0.8275862068965517,1.380952380952381
4138,25.0,8.8,37.28,76.88,126.42560000000002,6.92,1.12,1.25
4139,15.0,14.133333333333333,16.115555555555552,83.0,131.06666666666666,7.6,0.8666666666666667,1.0
4140,10.0,9.4,41.040000000000006,81.1,133.69,6.5,1.0,0.5555555555555556
4141,23.0,11.304347826086957,36.29867674858223,81.95652173913044,188.73724007561435,6.956521739130435,1.1304347826086956,1.2105263157894737
4142,9.0,9.222222222222221,21.06172839506173,79.88888888888889,145.65432098765433,8.222222222222221,0.7777777777777778,0.6428571428571429
4143,19.0,10.578947368421053,31.085872576177287,84.0,134.6315789473684,7.157894736842105,0.9473684210526315,0.9047619047619048
4144,12.0,9.916666666666666,30.243055555555554,76.16666666666667,185.30555555555554,6.833333333333333,1.3333333333333333,0.7058823529411765
4145,23.0,11.869565217391305,41.243856332703224,82.6086956521739,131.3686200378072,7.478260869565218,1.0434782608695652,1.15
4146,10.0,10.2,38.559999999999995,83.0,127.2,8.5,1.0,0.5263157894736842
4147,20.0,11.05,30.347500000000004,78.7,163.41,6.6,0.95,1.0
4148,5.0,9.0,53.2,70.8,75.36,7.2,1.4,0.2631578947368421
4149,20.0,8.75,39.1875,76.3,159.20999999999998,7.3,1.1,1.0
4150,23.0,11.695652173913043,27.168241965973532,77.34782608695652,105.70510396975423,7.260869565217392,0.9130434782608695,1.15
4151,29.0,8.10344827586207,31.403091557669438,79.72413793103448,116.8894173602854,7.0344827586206895,1.0689655172413792,1.380952380952381
4152,11.0,9.090909090909092,34.628099173553714,80.9090909090909,113.53719008264464,6.7272727272727275,1.0909090909090908,0.6111111111111112
4153,28.0,11.928571428571429,26.709183673469386,77.82142857142857,135.2895408163265,8.107142857142858,1.1428571428571428,1.4736842105263157
4154,9.0,9.88888888888889,51.20987654320988,86.22222222222223,162.17283950617286,6.666666666666667,1.1111111111111112,0.42857142857142855
4155,23.0,9.217391304347826,31.300567107750474,82.1304347826087,129.4177693761815,6.869565217391305,0.9130434782608695,1.0952380952380953
4156,15.0,7.466666666666667,40.11555555555555,78.33333333333333,162.62222222222223,6.933333333333334,0.7333333333333333,0.7894736842105263
4157,11.0,9.363636363636363,28.231404958677683,79.54545454545455,137.3388429752066,7.7272727272727275,0.6363636363636364,0.5789473684210527
4158,22.0,8.681818181818182,27.398760330578515,86.31818181818181,92.76239669421487,7.045454545454546,0.7727272727272727,1.1578947368421053
4159,15.0,7.2,28.16,77.53333333333333,145.84888888888887,6.533333333333333,1.2,0.75
4160,22.0,9.363636363636363,44.23140495867769,78.27272727272727,148.5619834710744,7.409090909090909,0.9545454545454546,1.1
4161,19.0,10.631578947368421,47.81163434903048,80.0,110.84210526315789,7.315789473684211,1.0526315789473684,0.9047619047619048
4162,23.0,11.478260869565217,35.64083175803403,79.69565217391305,148.90737240075615,6.695652173913044,1.2608695652173914,1.15
4163,25.0,9.6,29.2,78.96,155.87839999999997,6.92,1.16,1.1904761904761905
4164,28.0,10.0,40.357142857142854,79.64285714285714,222.08673469387756,7.071428571428571,1.0,1.3333333333333333
4165,27.0,10.333333333333334,30.222222222222225,79.03703703703704,118.48010973936897,6.7407407407407405,0.8518518518518519,1.5
4166,30.0,9.933333333333334,30.728888888888882,79.9,112.02333333333334,7.333333333333333,1.1333333333333333,1.5
4167,6.0,10.0,52.333333333333336,75.66666666666667,93.22222222222221,6.5,1.1666666666666667,0.3
4168,16.0,9.25,52.4375,80.125,141.734375,6.5,1.0625,0.8
4169,15.0,9.2,34.82666666666667,80.13333333333334,53.84888888888889,7.0,1.0666666666666667,0.75
4170,29.0,10.793103448275861,31.12960760998811,81.75862068965517,129.6313912009512,7.0,1.1379310344827587,1.380952380952381
4171,30.0,8.9,46.09,81.06666666666666,136.26222222222222,6.666666666666667,0.9333333333333333,1.4285714285714286
4172,20.0,10.75,26.4875,75.5,156.45,6.55,1.0,1.0
4173,19.0,11.473684210526315,24.249307479224374,78.42105263157895,92.55955678670358,6.894736842105263,0.8421052631578947,0.95
4174,28.0,11.107142857142858,30.095663265306126,79.92857142857143,109.85204081632655,6.857142857142857,0.8928571428571429,1.3333333333333333
4175,21.0,11.333333333333334,42.22222222222222,75.85714285714286,148.9795918367347,7.142857142857143,1.1904761904761905,1.05
4176,8.0,9.125,33.109375,79.0,132.0,6.875,1.375,0.38095238095238093
4177,28.0,11.107142857142858,27.167091836734695,78.14285714285714,139.1224489795918,6.571428571428571,1.2857142857142858,1.4736842105263157
4178,27.0,8.518518518518519,36.84224965706448,77.14814814814815,121.97805212620031,7.481481481481482,1.1481481481481481,1.2857142857142858
4179,7.0,11.857142857142858,29.836734693877553,74.57142857142857,137.95918367346937,8.142857142857142,1.7142857142857142,0.4666666666666667
4180,29.0,9.931034482758621,40.47800237812128,79.34482758620689,122.6397146254459,6.103448275862069,1.0,1.380952380952381
4181,23.0,8.217391304347826,24.5179584120983,77.82608695652173,162.14366729678642,6.913043478260869,0.9130434782608695,1.2105263157894737
4182,20.0,7.75,50.6875,79.8,148.86,7.0,1.2,0.9523809523809523
4183,29.0,10.10344827586207,41.88585017835909,80.55172413793103,106.52318668252082,6.517241379310345,0.9655172413793104,1.380952380952381
4184,22.0,9.363636363636363,37.685950413223146,76.36363636363636,134.95867768595042,7.318181818181818,1.0909090909090908,1.1578947368421053
4185,25.0,8.24,40.5824,79.08,135.7536,7.44,0.88,1.1904761904761905
4186,13.0,13.461538461538462,26.86390532544378,88.92307692307692,97.30177514792899,7.769230769230769,0.9230769230769231,0.8125
4187,29.0,9.241379310344827,29.493460166468495,77.6896551724138,112.14506539833533,6.551724137931035,1.0344827586206897,1.6111111111111112
4188,25.0,11.72,32.361599999999996,81.8,120.80000000000001,6.96,1.28,1.3157894736842106
4189,16.0,11.5,34.125,78.5625,161.74609375,6.625,0.875,0.8421052631578947
4190,6.0,9.833333333333334,30.805555555555554,81.33333333333333,97.8888888888889,8.333333333333334,1.0,0.4
4191,24.0,9.25,34.354166666666664,77.83333333333333,140.30555555555554,6.666666666666667,0.7083333333333334,1.3333333333333333
4192,12.0,10.666666666666666,31.555555555555554,82.16666666666667,176.80555555555554,6.75,1.25,0.6666666666666666
4193,5.0,9.0,30.4,82.6,108.23999999999998,7.0,0.8,0.3333333333333333
4194,15.0,11.8,39.49333333333333,78.86666666666666,155.71555555555554,7.4,1.2,0.7894736842105263
4195,23.0,8.478260869565217,49.20604914933838,77.3913043478261,148.32514177693764,6.608695652173913,0.8260869565217391,1.0952380952380953
4196,6.0,12.0,36.0,72.66666666666667,95.22222222222223,8.0,0.0,0.3333333333333333
4197,13.0,10.538461538461538,29.633136094674555,80.0,180.76923076923077,7.230769230769231,0.46153846153846156,0.65
4198,12.0,8.833333333333334,32.80555555555555,88.75,100.35416666666667,6.666666666666667,0.9166666666666666,0.7058823529411765
4199,23.0,11.521739130434783,46.4234404536862,80.65217391304348,140.92249527410212,7.086956521739131,0.782608695652174,1.2105263157894737
4200,8.0,6.875,34.859375,81.625,142.984375,8.0,0.875,0.38095238095238093
4201,19.0,10.368421052631579,33.18005540166205,78.6842105263158,211.26869806094183,6.947368421052632,0.8421052631578947,0.95
4202,26.0,9.76923076923077,41.33136094674557,82.5,169.40384615384616,7.0,1.1538461538461537,1.2380952380952381
4203,7.0,12.428571428571429,32.244897959183675,81.0,86.0,7.0,1.2857142857142858,0.3684210526315789
4204,29.0,9.862068965517242,37.08442330558859,77.0,137.79310344827587,7.206896551724138,1.2758620689655173,1.380952380952381
4205,21.0,10.666666666666666,37.36507936507936,82.38095238095238,154.90249433106572,6.333333333333333,0.8095238095238095,1.0
4206,8.0,8.125,34.109375,78.25,118.4375,7.375,0.75,0.4
4207,27.0,11.74074074074074,31.37722908093279,79.11111111111111,106.54320987654322,6.222222222222222,0.9629629629629629,1.35
4208,10.0,9.2,27.56000000000001,81.5,173.25,6.8,1.2,0.5263157894736842
4209,26.0,10.153846153846153,39.899408284023664,81.53846153846153,150.5562130177515,7.038461538461538,0.8846153846153846,1.2380952380952381
4210,29.0,10.862068965517242,29.980975029726512,82.03448275862068,132.653983353151,7.275862068965517,1.0,1.45
4211,25.0,9.4,36.88,78.72,122.7616,6.88,1.0,1.3157894736842106
4212,29.0,9.551724137931034,40.523186682520794,82.03448275862068,148.44708680142688,7.241379310344827,1.0689655172413792,1.45
4213,12.0,12.666666666666666,24.38888888888889,73.0,172.16666666666666,7.166666666666667,0.9166666666666666,0.8
4214,6.0,8.5,57.25,78.66666666666667,164.8888888888889,7.0,1.1666666666666667,0.3157894736842105
4215,26.0,9.0,31.153846153846153,78.8076923076923,119.84763313609469,7.653846153846154,1.2307692307692308,1.2380952380952381
4216,21.0,7.428571428571429,29.482993197278915,80.42857142857143,167.4829931972789,7.571428571428571,1.3333333333333333,1.0
4217,10.0,7.2,26.96,81.4,147.64000000000001,8.4,1.3,0.5
4218,5.0,11.8,32.16000000000001,77.2,113.35999999999999,7.6,0.4,0.29411764705882354
4219,9.0,12.11111111111111,21.209876543209877,77.88888888888889,82.32098765432099,5.777777777777778,0.8888888888888888,0.6
4220,5.0,7.4,3.04,84.4,143.04000000000002,6.2,0.4,0.8333333333333334
4221,23.0,11.521739130434783,31.119092627599233,80.26086956521739,106.97542533081288,6.956521739130435,0.9130434782608695,1.0952380952380953
4222,10.0,7.0,43.6,76.3,106.80999999999999,7.4,1.3,0.5
4223,12.0,13.666666666666666,20.055555555555557,80.08333333333333,140.40972222222226,5.75,1.1666666666666667,0.8
4224,5.0,11.8,26.96,88.6,31.439999999999998,8.8,1.4,0.3333333333333333
4225,13.0,8.153846153846153,44.437869822485204,74.15384615384616,140.1301775147929,6.230769230769231,1.1538461538461537,0.65
4226,14.0,6.0,23.285714285714285,83.85714285714286,125.6938775510204,6.928571428571429,1.2857142857142858,0.875
4227,25.0,10.52,37.60959999999999,80.96,117.55839999999996,6.68,0.96,1.25
4228,12.0,11.166666666666666,26.30555555555556,78.58333333333333,141.24305555555554,8.0,1.0,0.6
4229,5.0,7.2,19.360000000000003,76.0,57.2,7.6,0.8,0.45454545454545453
4230,26.0,9.615384615384615,28.08284023668639,75.07692307692308,160.07100591715982,6.576923076923077,1.1923076923076923,1.2380952380952381
4231,7.0,8.714285714285714,25.061224489795915,81.42857142857143,201.67346938775512,6.571428571428571,1.0,0.4666666666666667
4232,13.0,10.076923076923077,27.6094674556213,77.0,188.46153846153845,7.0,0.6923076923076923,0.6190476190476191
4233,29.0,9.689655172413794,44.97265160523186,79.20689655172414,172.09512485136744,6.586206896551724,1.0344827586206897,1.380952380952381
4234,24.0,8.25,42.270833333333336,80.5,144.58333333333334,7.0,1.25,1.1428571428571428
4235,11.0,9.727272727272727,37.65289256198348,81.81818181818181,116.51239669421489,5.909090909090909,0.5454545454545454,0.5789473684210527
4236,18.0,11.166666666666666,25.472222222222218,77.05555555555556,153.27469135802468,6.944444444444445,0.8888888888888888,0.9473684210526315
4237,15.0,10.733333333333333,30.595555555555553,78.06666666666666,117.92888888888889,6.6,0.6,0.7894736842105263
4238,27.0,10.777777777777779,38.09876543209876,77.62962962962963,148.23319615912212,6.333333333333333,1.0,1.2857142857142858
4239,26.0,10.76923076923077,33.63905325443787,77.84615384615384,125.74556213017753,6.923076923076923,0.9230769230769231,1.2380952380952381
4240,15.0,10.333333333333334,24.222222222222225,77.26666666666667,150.59555555555553,7.6,1.3333333333333333,0.75
4241,21.0,12.428571428571429,39.57823129251701,77.71428571428571,148.29931972789115,7.0476190476190474,1.0952380952380953,1.05
4242,6.0,12.833333333333334,27.472222222222218,83.66666666666667,184.55555555555557,6.833333333333333,1.8333333333333333,0.46153846153846156
4243,15.0,11.733333333333333,40.59555555555555,71.4,52.64,6.733333333333333,1.1333333333333333,0.7142857142857143
4244,16.0,6.4375,21.24609375,76.875,158.984375,6.75,0.8125,1.0666666666666667
4245,11.0,9.0,36.18181818181818,78.81818181818181,136.33057851239667,7.0,1.0,0.55
4246,8.0,11.875,8.359375,80.375,145.984375,6.75,1.125,0.8
4247,15.0,12.666666666666666,35.422222222222224,85.46666666666667,76.11555555555557,7.133333333333334,0.9333333333333333,0.7894736842105263
4248,24.0,11.833333333333334,37.138888888888886,79.95833333333333,170.62326388888889,7.25,0.875,1.1428571428571428
4249,20.0,9.25,34.4875,82.8,136.26,7.45,0.9,0.9523809523809523
4250,30.0,8.866666666666667,28.915555555555557,78.7,99.67666666666666,7.333333333333333,1.0333333333333334,1.5
4251,13.0,9.461538461538462,46.094674556213015,80.0,133.07692307692307,6.153846153846154,1.2307692307692308,0.6190476190476191
4252,8.0,9.75,27.4375,72.5,29.75,7.25,1.0,0.42105263157894735
4253,21.0,11.095238095238095,34.56235827664399,80.66666666666667,113.55555555555554,6.666666666666667,0.5714285714285714,1.105263157894737
4254,5.0,8.0,32.8,83.0,117.6,6.6,0.8,0.3125
4255,27.0,11.481481481481481,40.027434842249654,78.4074074074074,136.315500685871,7.555555555555555,1.2962962962962963,1.35
4256,6.0,7.833333333333333,16.47222222222222,79.5,88.91666666666667,7.333333333333333,0.8333333333333334,0.42857142857142855
4257,29.0,9.310344827586206,40.55885850178358,82.48275862068965,114.87039239001189,6.931034482758621,0.896551724137931,1.380952380952381
4258,26.0,9.26923076923077,40.50443786982248,80.73076923076923,189.58136094674552,6.384615384615385,0.8076923076923077,1.2380952380952381
4259,30.0,11.433333333333334,30.578888888888894,79.16666666666667,155.40555555555557,6.9,1.1333333333333333,1.5
4260,12.0,9.583333333333334,24.576388888888896,79.0,158.0,7.083333333333333,0.9166666666666666,0.75
4261,11.0,11.090909090909092,46.264462809917354,81.9090909090909,134.6280991735537,7.090909090909091,0.9090909090909091,0.55
4262,7.0,7.142857142857143,15.26530612244898,73.28571428571429,145.06122448979593,7.142857142857143,1.0,0.5
4263,25.0,8.12,20.1856,78.6,122.55999999999999,7.16,1.0,1.3888888888888888
4264,10.0,12.1,39.29,77.4,101.64,7.5,0.9,0.5
4265,25.0,10.6,46.56,78.0,105.84,7.08,1.12,1.1904761904761905
4266,9.0,12.222222222222221,40.617283950617285,79.66666666666667,128.66666666666663,6.777777777777778,1.2222222222222223,0.45
4267,21.0,10.523809523809524,37.77324263038548,76.0,100.76190476190476,7.095238095238095,1.0476190476190477,1.0
4268,5.0,8.0,45.2,68.2,88.96000000000001,7.0,0.8,0.29411764705882354
4269,15.0,10.533333333333333,38.11555555555556,82.06666666666666,148.4622222222222,7.066666666666666,1.0666666666666667,0.75
4270,14.0,12.357142857142858,38.943877551020414,78.21428571428571,128.02551020408166,6.857142857142857,0.8571428571428571,0.7777777777777778
4271,17.0,8.764705882352942,47.82698961937716,81.82352941176471,96.26297577854669,6.882352941176471,1.2941176470588236,0.85
4272,6.0,8.166666666666666,21.805555555555557,79.5,142.58333333333334,5.5,1.1666666666666667,0.4
4273,11.0,9.272727272727273,53.4710743801653,70.45454545454545,31.702479338842974,6.181818181818182,1.1818181818181819,0.5238095238095238
4274,22.0,9.181818181818182,49.421487603305785,79.9090909090909,91.17355371900825,7.090909090909091,0.8181818181818182,1.0476190476190477
4275,13.0,11.615384615384615,30.698224852071007,80.61538461538461,102.3905325443787,7.0,1.0769230769230769,0.7222222222222222
4276,7.0,12.428571428571429,40.53061224489796,78.42857142857143,148.53061224489798,6.428571428571429,0.8571428571428571,0.4117647058823529
4277,14.0,11.428571428571429,39.38775510204082,77.5,129.82142857142858,7.214285714285714,1.4285714285714286,0.7
4278,24.0,7.833333333333333,22.305555555555554,83.5,156.75,6.916666666666667,0.7916666666666666,1.3333333333333333
4279,29.0,10.586206896551724,37.82877526753864,78.62068965517241,132.58026159334128,6.620689655172414,1.1724137931034482,1.45
4280,22.0,9.818181818181818,41.785123966942145,82.4090909090909,112.51446280991735,7.090909090909091,1.0,1.0476190476190477
4281,26.0,9.307692307692308,30.44378698224852,80.73076923076923,137.27366863905326,6.8076923076923075,1.1153846153846154,1.368421052631579
4282,15.0,10.8,36.026666666666664,73.8,94.96,7.666666666666667,1.1333333333333333,0.75
4283,24.0,11.041666666666666,35.70659722222222,81.75,153.1875,6.833333333333333,0.9166666666666666,1.2
4284,18.0,9.777777777777779,23.839506172839506,79.55555555555556,187.58024691358025,7.111111111111111,1.2222222222222223,0.9473684210526315
4285,13.0,11.0,32.61538461538461,78.0,129.07692307692307,7.3076923076923075,1.0769230769230769,0.6842105263157895
4286,30.0,12.133333333333333,30.448888888888895,80.1,196.22333333333336,6.966666666666667,1.0333333333333334,1.5789473684210527
4287,13.0,11.307692307692308,40.05917159763313,77.61538461538461,89.62130177514794,6.6923076923076925,1.1538461538461537,0.65
4288,24.0,10.541666666666666,37.331597222222236,82.04166666666667,112.8732638888889,7.25,1.0833333333333333,1.2
4289,18.0,7.388888888888889,37.01543209876543,81.88888888888889,118.54320987654322,6.555555555555555,1.0,0.9
4290,19.0,9.210526315789474,28.16620498614959,84.6842105263158,97.47922437673128,7.105263157894737,1.0526315789473684,0.95
4291,17.0,9.823529411764707,31.439446366782008,75.58823529411765,127.30103806228374,8.352941176470589,1.1764705882352942,0.85
4292,9.0,10.88888888888889,32.76543209876543,81.55555555555556,84.24691358024691,6.555555555555555,1.4444444444444444,0.45
4293,21.0,11.095238095238095,42.37188208616781,82.71428571428571,111.53741496598639,6.857142857142857,1.0,1.105263157894737
4294,5.0,10.2,16.160000000000004,82.6,169.04000000000002,6.4,0.8,0.4166666666666667
4295,14.0,9.285714285714286,33.3469387755102,80.42857142857143,126.67346938775509,7.5,1.1428571428571428,0.7368421052631579
4296,8.0,9.5,17.0,79.625,118.984375,6.25,1.0,0.5714285714285714
4297,30.0,11.1,40.22333333333333,75.26666666666667,93.39555555555553,6.833333333333333,0.9666666666666667,1.4285714285714286
4298,24.0,9.666666666666666,44.22222222222222,81.66666666666667,128.13888888888889,7.0,1.0416666666666667,1.1428571428571428
4299,7.0,10.285714285714286,13.63265306122449,70.57142857142857,56.244897959183675,7.571428571428571,1.4285714285714286,0.5
4300,22.0,10.863636363636363,41.20867768595041,77.9090909090909,118.26446280991736,7.0,1.2727272727272727,1.0476190476190477
4301,17.0,9.294117647058824,40.207612456747405,85.70588235294117,101.50173010380622,7.0,1.2352941176470589,0.8095238095238095
4302,20.0,11.2,46.16000000000001,83.9,116.29000000000003,6.95,0.95,0.9523809523809523
4303,23.0,10.652173913043478,35.87901701323251,81.26086956521739,141.41020793950852,6.956521739130435,0.9565217391304348,1.15
4304,19.0,9.052631578947368,46.470914127423825,82.26315789473684,96.19390581717452,7.157894736842105,1.0526315789473684,0.9047619047619048
4305,5.0,8.0,36.8,82.4,176.64000000000001,6.8,1.6,0.2777777777777778
4306,10.0,11.4,16.04,76.1,50.88999999999999,6.1,1.2,0.7692307692307693
4307,19.0,10.210526315789474,37.95567867036013,76.47368421052632,97.61772853185596,7.315789473684211,0.9473684210526315,0.95
4308,19.0,12.210526315789474,36.06094182825485,79.57894736842105,129.40166204986147,7.315789473684211,0.8421052631578947,0.9047619047619048
4309,5.0,6.0,16.4,75.2,164.16,6.8,0.8,0.4166666666666667
4310,15.0,11.0,21.066666666666666,82.93333333333334,93.52888888888889,6.4,0.8666666666666667,0.8333333333333334
4311,14.0,9.0,37.57142857142857,78.5,132.39285714285714,6.357142857142857,0.8571428571428571,0.7
4312,17.0,9.176470588235293,22.498269896193772,79.70588235294117,122.20761245674743,6.235294117647059,1.0588235294117647,1.0625
4313,19.0,8.631578947368421,30.127423822714672,80.84210526315789,118.97506925207756,6.894736842105263,0.8947368421052632,0.95
4314,30.0,9.733333333333333,29.128888888888888,79.93333333333334,98.86222222222224,6.866666666666666,0.8666666666666667,1.4285714285714286
4315,26.0,7.653846153846154,30.072485207100595,80.03846153846153,165.42159763313612,7.076923076923077,1.0384615384615385,1.3
4316,21.0,8.0,28.0,80.9047619047619,158.94331065759638,7.571428571428571,1.0952380952380953,1.105263157894737
4317,20.0,11.6,37.04,80.6,119.64000000000001,6.65,1.0,1.0
4318,18.0,9.944444444444445,38.385802469135804,82.05555555555556,157.05246913580243,7.388888888888889,1.1111111111111112,0.8571428571428571
4319,13.0,10.923076923076923,30.532544378698223,77.07692307692308,165.91715976331363,6.923076923076923,1.2307692307692308,0.6190476190476191
4320,10.0,10.0,34.8,79.6,182.64,6.6,1.2,0.5
4321,7.0,9.428571428571429,22.244897959183675,71.42857142857143,89.10204081632652,5.285714285714286,1.5714285714285714,0.4117647058823529
4322,28.0,8.428571428571429,35.38775510204082,82.42857142857143,126.31632653061226,7.214285714285714,1.0714285714285714,1.4
4323,15.0,10.866666666666667,39.98222222222221,77.6,117.83999999999997,7.333333333333333,1.0,0.75
4324,15.0,11.333333333333334,32.888888888888886,83.06666666666666,138.19555555555556,6.533333333333333,0.9333333333333333,0.7894736842105263
4325,11.0,8.090909090909092,22.628099173553714,78.27272727272727,139.10743801652893,6.7272727272727275,0.8181818181818182,0.55
4326,8.0,10.875,21.859375,84.375,126.484375,7.625,1.375,0.5333333333333333
4327,18.0,10.722222222222221,28.978395061728392,76.94444444444444,82.16358024691355,6.888888888888889,0.8333333333333334,0.9473684210526315
4328,25.0,9.8,40.56,79.16,144.7744,6.92,1.04,1.25
4329,14.0,9.071428571428571,35.35204081632653,77.85714285714286,140.40816326530611,7.714285714285714,1.2142857142857142,0.7
4330,12.0,11.166666666666666,24.805555555555557,78.41666666666667,114.0763888888889,6.916666666666667,1.0833333333333333,0.7058823529411765
4331,11.0,12.090909090909092,40.264462809917354,83.63636363636364,154.95867768595042,7.454545454545454,1.1818181818181819,0.55
4332,6.0,12.5,13.583333333333334,74.16666666666667,88.47222222222223,7.666666666666667,1.0,0.6
4333,26.0,11.884615384615385,27.486686390532547,79.84615384615384,141.74556213017746,6.961538461538462,1.1538461538461537,1.2380952380952381
4334,29.0,11.413793103448276,29.34601664684899,81.24137931034483,176.45897740784784,7.0,1.1379310344827587,1.6111111111111112
4335,22.0,9.772727272727273,40.72107438016529,78.95454545454545,155.95247933884298,7.318181818181818,1.0909090909090908,1.0476190476190477
4336,15.0,6.8,33.89333333333333,77.26666666666667,161.39555555555555,7.6,1.0,0.7142857142857143
4337,12.0,14.166666666666666,25.805555555555546,80.83333333333333,97.30555555555556,6.916666666666667,1.5,0.631578947368421
4338,24.0,11.041666666666666,42.289930555555564,82.375,148.56770833333334,7.375,0.7083333333333334,1.1428571428571428
4339,30.0,9.4,36.84,83.33333333333333,146.0222222222222,8.1,1.1,1.4285714285714286
4340,18.0,7.777777777777778,29.17283950617284,83.77777777777777,122.17283950617285,7.5,0.6111111111111112,0.9473684210526315
4341,7.0,12.571428571428571,40.53061224489796,72.42857142857143,181.10204081632654,7.0,1.1428571428571428,0.3888888888888889
4342,8.0,6.5,35.0,84.875,84.609375,7.625,0.875,0.42105263157894735
4343,27.0,9.185185185185185,33.85459533607681,79.70370370370371,129.98628257887518,6.962962962962963,0.8518518518518519,1.2857142857142858
4344,18.0,12.555555555555555,28.1358024691358,82.16666666666667,148.25,7.222222222222222,1.3333333333333333,1.125
4345,25.0,10.56,32.6464,80.16,171.81440000000003,6.44,1.08,1.25
4346,23.0,11.08695652173913,36.16635160680529,79.69565217391305,176.29867674858224,7.304347826086956,1.0,1.15
4347,7.0,11.142857142857142,39.836734693877546,82.14285714285714,126.97959183673471,6.285714285714286,1.4285714285714286,0.3684210526315789
4348,10.0,7.6,26.439999999999998,82.9,103.09,5.9,1.3,0.5882352941176471
4349,29.0,9.206896551724139,37.612366230677765,77.96551724137932,173.96432818073723,7.517241379310345,0.8275862068965517,1.380952380952381
4350,26.0,8.5,28.634615384615383,83.57692307692308,96.7825443786982,7.961538461538462,0.6538461538461539,1.368421052631579
4351,22.0,8.363636363636363,36.1404958677686,80.81818181818181,101.8760330578512,7.409090909090909,1.2272727272727273,1.1
4352,9.0,7.555555555555555,27.358024691358025,77.0,114.0,6.666666666666667,1.2222222222222223,0.5
4353,21.0,9.428571428571429,34.721088435374156,83.52380952380952,154.1541950113379,7.333333333333333,0.8095238095238095,1.0
4354,30.0,8.833333333333334,37.5388888888889,82.46666666666667,154.91555555555553,7.133333333333334,1.1,1.4285714285714286
4355,21.0,10.857142857142858,42.027210884353735,82.38095238095238,88.140589569161,7.476190476190476,0.9523809523809523,1.0
4356,9.0,8.444444444444445,30.469135802469136,84.11111111111111,169.87654320987653,6.666666666666667,1.4444444444444444,0.47368421052631576
4357,18.0,9.944444444444445,33.49691358024691,78.5,178.13888888888889,7.333333333333333,0.6666666666666666,0.9
4358,30.0,11.633333333333333,29.232222222222227,79.73333333333333,113.06222222222219,6.5,1.0333333333333334,1.6666666666666667
4359,9.0,9.333333333333334,45.77777777777778,79.11111111111111,100.76543209876543,7.777777777777778,1.1111111111111112,0.47368421052631576
4360,7.0,9.857142857142858,27.836734693877553,78.85714285714286,42.97959183673469,6.142857142857143,0.5714285714285714,0.4117647058823529
4361,20.0,8.9,39.69,78.55,170.14750000000004,7.65,0.85,0.9523809523809523
4362,24.0,9.083333333333334,38.82638888888889,76.79166666666667,138.8315972222222,6.875,0.8333333333333334,1.1428571428571428
4363,13.0,11.76923076923077,34.33136094674556,80.46153846153847,141.1715976331361,7.0,1.0769230769230769,0.7222222222222222
4364,12.0,9.583333333333334,18.57638888888889,78.33333333333333,69.72222222222223,6.583333333333333,1.25,0.75
4365,21.0,9.0,35.904761904761905,83.80952380952381,113.96371882086166,7.142857142857143,1.0476190476190477,1.05
4366,26.0,10.384615384615385,30.467455621301784,80.3076923076923,122.90532544378696,6.384615384615385,1.1538461538461537,1.368421052631579
4367,10.0,10.3,35.010000000000005,74.1,128.29,7.2,1.4,0.5555555555555556
4368,24.0,9.708333333333334,35.12326388888889,81.58333333333333,136.57638888888889,7.666666666666667,1.1666666666666667,1.2
4369,6.0,13.5,35.583333333333336,79.0,59.0,8.333333333333334,0.5,0.35294117647058826
4370,7.0,8.714285714285714,36.204081632653065,87.57142857142857,168.53061224489798,7.571428571428571,1.0,0.3684210526315789
4371,7.0,8.714285714285714,19.632653061224488,91.57142857142857,79.10204081632654,5.142857142857143,1.2857142857142858,0.5
4372,5.0,10.8,30.96,86.8,180.16,7.6,1.2,0.3125
4373,21.0,9.428571428571429,32.91156462585033,77.71428571428571,87.06122448979593,7.0476190476190474,1.0,1.05
4374,19.0,13.105263157894736,20.304709141274238,81.6842105263158,123.58448753462604,6.526315789473684,1.4210526315789473,1.1176470588235294
4375,19.0,11.894736842105264,27.98891966759003,74.36842105263158,125.81163434903048,8.0,0.7894736842105263,1.1176470588235294
4376,24.0,7.791666666666667,34.91493055555555,79.45833333333333,155.16493055555557,6.916666666666667,0.625,1.2
4377,12.0,8.5,43.583333333333336,77.58333333333333,98.74305555555556,6.75,1.25,0.6666666666666666
4378,6.0,9.0,26.0,84.66666666666667,138.88888888888889,6.333333333333333,1.3333333333333333,0.4
4379,29.0,8.862068965517242,46.394768133174786,81.41379310344827,179.2080856123662,7.0,0.9655172413793104,1.380952380952381
4380,27.0,11.407407407407407,37.0562414266118,80.33333333333333,65.55555555555556,6.7407407407407405,1.0,1.35
4381,30.0,9.633333333333333,39.432222222222215,80.06666666666666,142.72888888888892,7.533333333333333,0.9333333333333333,1.5
4382,8.0,5.875,34.859375,74.375,125.984375,5.75,1.25,0.4
4383,26.0,10.23076923076923,33.869822485207095,81.5,107.32692307692308,7.115384615384615,0.8846153846153846,1.2380952380952381
4384,25.0,10.44,23.8464,76.76,137.30239999999998,6.6,0.76,1.25
4385,25.0,11.8,21.36,78.44,181.68640000000002,6.84,0.68,1.3157894736842106
4386,29.0,10.827586206896552,35.38406658739596,82.44827586206897,133.76456599286564,7.103448275862069,0.7241379310344828,1.5263157894736843
4387,13.0,10.0,47.38461538461539,76.23076923076923,72.79289940828401,6.384615384615385,1.0,0.65
4388,22.0,9.136363636363637,37.935950413223146,77.18181818181819,115.05785123966943,6.636363636363637,1.1363636363636365,1.0476190476190477
4389,14.0,10.357142857142858,35.37244897959184,77.71428571428571,139.20408163265304,7.285714285714286,0.7857142857142857,0.7
4390,19.0,10.473684210526315,28.03878116343491,82.84210526315789,120.55401662049861,7.0,1.0,0.95
4391,7.0,7.857142857142857,42.69387755102041,85.0,78.28571428571429,7.571428571428571,0.42857142857142855,0.3888888888888889
4392,26.0,9.73076923076923,37.196745562130175,79.15384615384616,160.05325443786984,6.923076923076923,1.0,1.2380952380952381
4393,30.0,10.066666666666666,36.26222222222223,77.83333333333333,143.93888888888884,7.2,0.8,1.4285714285714286
4394,12.0,12.75,26.1875,80.08333333333333,120.24305555555556,7.75,0.8333333333333334,0.6
4395,9.0,13.777777777777779,31.506172839506178,88.55555555555556,79.13580246913581,6.333333333333333,0.8888888888888888,0.5
4396,15.0,11.066666666666666,48.062222222222225,80.33333333333333,145.15555555555554,6.866666666666666,1.3333333333333333,0.7142857142857143
4397,25.0,12.4,30.56,81.76,184.18240000000003,7.52,1.12,1.3157894736842106
4398,20.0,9.6,25.54,84.35,146.9275,6.25,0.9,1.1111111111111112
4399,23.0,9.826086956521738,34.14366729678639,79.43478260869566,139.6370510396975,7.434782608695652,1.0869565217391304,1.15
4400,17.0,11.882352941176471,43.51557093425607,80.52941176470588,114.83737024221452,6.9411764705882355,1.0,0.8095238095238095
4401,26.0,9.038461538461538,32.72928994082841,75.38461538461539,122.92899408284023,6.846153846153846,1.3846153846153846,1.3
4402,14.0,11.214285714285714,52.882653061224495,87.0,113.14285714285714,7.428571428571429,1.0,0.7
4403,20.0,9.5,29.75,82.9,145.09000000000006,7.25,0.65,1.0
4404,18.0,11.88888888888889,22.20987654320988,80.27777777777777,164.86728395061732,7.388888888888889,1.0555555555555556,1.125
4405,23.0,9.304347826086957,34.64650283553875,77.3913043478261,87.62948960302455,7.304347826086956,0.9565217391304348,1.0952380952380953
4406,11.0,10.818181818181818,51.78512396694216,79.45454545454545,146.97520661157026,7.0,0.7272727272727273,0.5238095238095238
4407,25.0,9.84,33.8944,81.4,99.04000000000002,6.64,0.84,1.3157894736842106
4408,21.0,11.095238095238095,44.56235827664399,86.47619047619048,113.48752834467116,7.285714285714286,0.7619047619047619,1.0
4409,22.0,9.636363636363637,39.867768595041326,79.68181818181819,119.58057851239664,6.863636363636363,0.9090909090909091,1.0476190476190477
4410,21.0,11.380952380952381,27.188208616780045,78.04761904761905,162.99773242630386,7.619047619047619,1.1428571428571428,1.105263157894737
4411,6.0,8.333333333333334,60.22222222222221,84.16666666666667,53.47222222222222,7.333333333333333,1.0,0.2857142857142857
4412,12.0,8.0,31.666666666666668,77.25,152.85416666666666,7.083333333333333,1.0,0.7058823529411765
4413,19.0,10.736842105263158,37.772853185595565,80.57894736842105,94.77008310249307,7.157894736842105,0.8421052631578947,0.95
4414,6.0,9.833333333333334,19.472222222222225,78.5,140.91666666666666,9.166666666666666,1.0,0.46153846153846156
4415,13.0,9.0,31.384615384615383,82.92307692307692,122.2248520710059,7.769230769230769,0.8461538461538461,0.6842105263157895
4416,30.0,11.133333333333333,40.04888888888889,78.96666666666667,151.8988888888889,7.5,1.1333333333333333,1.4285714285714286
4417,8.0,11.5,26.0,83.25,173.9375,8.125,0.875,0.4444444444444444
4418,21.0,10.19047619047619,34.058956916099774,75.14285714285714,176.1224489795918,7.190476190476191,1.0,1.05
4419,28.0,10.0,28.0,75.92857142857143,125.78061224489797,7.392857142857143,0.8928571428571429,1.4
4420,18.0,9.88888888888889,40.876543209876544,80.27777777777777,123.53395061728396,6.444444444444445,0.9444444444444444,0.9473684210526315
4421,26.0,10.73076923076923,28.119822485207102,79.34615384615384,157.3801775147929,6.730769230769231,1.0,1.2380952380952381
4422,6.0,10.5,25.583333333333332,88.16666666666667,43.47222222222222,6.333333333333333,1.1666666666666667,0.375
4423,30.0,9.0,36.8,79.46666666666667,115.4488888888889,7.366666666666666,1.0333333333333334,1.4285714285714286
4424,22.0,10.363636363636363,42.68595041322315,84.5,117.52272727272727,6.590909090909091,0.8636363636363636,1.0476190476190477
4425,27.0,9.703703703703704,33.838134430727024,75.96296296296296,94.40603566529495,7.111111111111111,0.9629629629629629,1.35
4426,26.0,9.23076923076923,42.1775147928994,81.1923076923077,109.6937869822485,6.846153846153846,0.7307692307692307,1.2380952380952381
4427,14.0,13.714285714285714,32.632653061224495,80.14285714285714,134.5510204081633,6.714285714285714,1.0,0.7
4428,27.0,10.37037037037037,44.45541838134431,79.66666666666667,124.22222222222224,7.333333333333333,1.0,1.2857142857142858
4429,30.0,10.133333333333333,32.648888888888884,80.4,132.97333333333333,6.666666666666667,1.2333333333333334,1.4285714285714286
4430,24.0,10.041666666666666,30.289930555555557,78.79166666666667,169.66493055555557,7.291666666666667,1.0416666666666667,1.1428571428571428
4431,22.0,10.727272727272727,34.107438016528924,76.18181818181819,145.1487603305785,7.136363636363637,1.1818181818181819,1.1
4432,6.0,8.166666666666666,19.805555555555554,82.5,95.58333333333333,8.0,1.5,0.42857142857142855
4433,17.0,9.647058823529411,19.640138408304498,75.3529411764706,145.52249134948093,6.117647058823529,1.1764705882352942,1.0
4434,5.0,6.8,52.55999999999999,80.0,65.2,7.0,1.4,0.23809523809523808
4435,29.0,10.172413793103448,31.728894173602853,80.24137931034483,172.11414982164095,7.0,0.5862068965517241,1.380952380952381
4436,23.0,11.130434782608695,31.67863894139887,83.69565217391305,93.25519848771265,6.826086956521739,1.5217391304347827,1.15
4437,18.0,12.38888888888889,32.01543209876544,79.27777777777777,175.53395061728395,6.388888888888889,0.7777777777777778,0.9473684210526315
4438,18.0,11.88888888888889,27.209876543209873,84.33333333333333,86.55555555555556,6.722222222222222,1.1111111111111112,0.9
4439,18.0,11.0,24.666666666666668,84.05555555555556,151.27469135802468,6.5,0.9444444444444444,0.9473684210526315
4440,10.0,8.3,42.61,77.9,167.69,6.7,1.2,0.5263157894736842
4441,15.0,10.2,42.026666666666664,77.13333333333334,183.04888888888888,6.8,1.2,0.7142857142857143
4442,22.0,10.818181818181818,44.78512396694216,80.0909090909091,158.26446280991738,7.2727272727272725,0.9090909090909091,1.0476190476190477
4443,27.0,9.444444444444445,46.09876543209876,80.07407407407408,178.58710562414268,7.148148148148148,1.2592592592592593,1.2857142857142858
4444,13.0,8.538461538461538,39.786982248520715,84.23076923076923,155.10059171597635,7.076923076923077,1.2307692307692308,0.6190476190476191
4445,9.0,11.222222222222221,43.72839506172839,84.44444444444444,62.02469135802468,6.888888888888889,1.1111111111111112,0.42857142857142855
4446,12.0,11.083333333333334,44.40972222222222,77.75,195.02083333333334,6.75,1.3333333333333333,0.6
4447,7.0,11.428571428571429,50.81632653061224,74.42857142857143,100.81632653061224,8.571428571428571,1.1428571428571428,0.3333333333333333
4448,21.0,12.095238095238095,27.51473922902494,80.80952380952381,152.72562358276645,7.190476190476191,1.1904761904761905,1.105263157894737
4449,14.0,9.785714285714286,20.882653061224488,82.21428571428571,117.02551020408164,6.571428571428571,1.0714285714285714,0.7777777777777778
4450,29.0,8.689655172413794,44.14506539833532,82.10344827586206,166.50653983353152,6.862068965517241,1.0,1.380952380952381
4451,20.0,8.9,45.09,77.7,133.01000000000005,7.15,1.2,1.0
4452,15.0,10.4,36.239999999999995,79.26666666666667,174.06222222222223,6.266666666666667,1.0666666666666667,0.75
4453,24.0,8.875,34.526041666666664,79.79166666666667,169.41493055555551,7.666666666666667,1.2083333333333333,1.1428571428571428
4454,22.0,11.181818181818182,36.69421487603305,84.36363636363636,116.8677685950413,6.409090909090909,0.9545454545454546,1.0476190476190477
4455,10.0,9.3,24.01,85.5,128.45,6.5,1.1,0.5555555555555556
4456,30.0,10.0,42.266666666666666,79.4,118.24000000000001,6.966666666666667,1.1666666666666667,1.5
4457,24.0,10.5,28.25,76.5,129.33333333333334,6.541666666666667,1.125,1.3333333333333333
4458,6.0,10.166666666666666,42.13888888888889,80.33333333333333,137.22222222222223,7.833333333333333,0.8333333333333334,0.3157894736842105
4459,23.0,10.73913043478261,22.88846880907372,79.95652173913044,123.51984877126654,7.478260869565218,1.0434782608695652,1.4375
4460,10.0,8.6,26.04,81.8,105.35999999999999,5.6,0.9,0.5
4461,17.0,10.058823529411764,26.643598615916957,81.17647058823529,118.26297577854672,6.0588235294117645,1.0,0.85
4462,22.0,10.045454545454545,41.31611570247934,80.77272727272727,131.35743801652896,7.090909090909091,1.2272727272727273,1.0476190476190477
4463,24.0,8.458333333333334,35.58159722222222,81.04166666666667,115.28993055555553,6.708333333333333,1.0416666666666667,1.3333333333333333
4464,16.0,11.125,26.859375,79.75,123.8125,6.625,0.875,0.8888888888888888
4465,13.0,9.923076923076923,43.301775147928986,80.0,171.07692307692307,7.846153846153846,0.8461538461538461,0.6842105263157895
4466,5.0,14.8,28.560000000000002,82.0,39.2,7.4,1.2,0.3125
4467,26.0,10.576923076923077,45.47485207100591,84.15384615384616,102.4378698224852,7.153846153846154,0.9230769230769231,1.2380952380952381
4468,7.0,13.857142857142858,10.693877551020408,80.0,135.71428571428572,7.285714285714286,0.8571428571428571,0.6363636363636364
4469,28.0,8.892857142857142,40.45280612244898,76.42857142857143,142.45918367346937,6.5,0.8928571428571429,1.3333333333333333
4470,22.0,9.863636363636363,28.572314049586772,79.45454545454545,126.70247933884296,6.7272727272727275,0.8636363636363636,1.0476190476190477
4471,17.0,8.941176470588236,36.29065743944636,82.6470588235294,143.52249134948096,7.0,0.7647058823529411,0.8095238095238095
4472,5.0,3.2,11.360000000000003,79.2,182.95999999999998,8.0,1.0,0.5
4473,14.0,6.785714285714286,24.311224489795915,81.21428571428571,107.16836734693878,7.714285714285714,0.8571428571428571,0.7
4474,14.0,9.5,33.964285714285715,82.64285714285714,166.08673469387756,7.357142857142857,1.0714285714285714,0.7368421052631579
4475,13.0,11.76923076923077,33.869822485207095,80.6923076923077,142.05917159763314,7.153846153846154,1.1538461538461537,0.7222222222222222
4476,11.0,8.0,33.81818181818182,81.54545454545455,76.42975206611571,6.818181818181818,1.4545454545454546,0.6111111111111112
4477,18.0,9.722222222222221,31.64506172839506,83.05555555555556,124.05246913580248,7.444444444444445,1.1111111111111112,0.8571428571428571
4478,14.0,8.142857142857142,35.83673469387755,78.07142857142857,133.3520408163265,6.714285714285714,0.9285714285714286,0.7777777777777778
4479,26.0,11.26923076923077,42.27366863905325,82.42307692307692,94.32100591715978,6.884615384615385,0.6538461538461539,1.3
4480,14.0,9.357142857142858,27.801020408163264,82.64285714285714,158.2295918367347,5.928571428571429,1.2142857142857142,0.7368421052631579
4481,15.0,9.866666666666667,32.51555555555556,80.13333333333334,154.91555555555553,6.4,0.7333333333333333,0.75
4482,16.0,10.75,23.9375,82.0625,172.30859375,6.625,1.25,0.8888888888888888
4483,20.0,7.9,22.29,79.75,99.0875,7.35,0.6,1.0526315789473684
4484,11.0,12.363636363636363,26.41322314049587,85.18181818181819,107.42148760330575,7.2727272727272725,0.9090909090909091,0.6470588235294118
4485,6.0,12.5,25.916666666666668,82.0,192.33333333333334,6.5,1.1666666666666667,0.42857142857142855
4486,18.0,10.833333333333334,23.916666666666668,79.27777777777777,150.42283950617283,7.277777777777778,1.0,0.8571428571428571
4487,25.0,11.76,41.062400000000004,79.64,136.71040000000002,6.44,1.24,1.1904761904761905
4488,22.0,10.954545454545455,20.588842975206614,82.4090909090909,113.9690082644628,7.590909090909091,0.6818181818181818,1.375
4489,15.0,11.266666666666667,35.66222222222222,80.66666666666667,118.75555555555555,6.8,0.7333333333333333,0.8333333333333334
4490,29.0,8.10344827586207,39.403091557669434,77.55172413793103,126.79904875148635,6.862068965517241,1.1724137931034482,1.380952380952381
4491,11.0,9.363636363636363,26.0495867768595,79.63636363636364,121.1404958677686,6.454545454545454,0.8181818181818182,0.6111111111111112
4492,17.0,11.823529411764707,29.674740484429066,82.70588235294117,114.56055363321798,6.647058823529412,1.0588235294117647,0.8947368421052632
4493,17.0,11.529411764705882,25.072664359861594,82.17647058823529,164.96885813148793,7.0588235294117645,0.9411764705882353,0.9444444444444444
4494,29.0,8.89655172413793,37.81688466111771,81.34482758620689,126.98454221165281,7.0,1.0,1.5263157894736843
4495,29.0,10.931034482758621,34.546967895362656,80.58620689655173,178.3804994054697,7.310344827586207,1.1379310344827587,1.45
4496,11.0,7.181818181818182,41.239669421487605,69.36363636363636,33.14049586776859,7.2727272727272725,1.4545454545454546,0.6111111111111112
4497,12.0,8.916666666666666,38.076388888888886,77.33333333333333,121.22222222222224,6.916666666666667,0.8333333333333334,0.631578947368421
4498,16.0,8.5,40.5,79.3125,156.71484375,8.125,0.9375,0.8
4499,19.0,9.736842105263158,40.088642659279785,81.10526315789474,206.30470914127423,6.2631578947368425,1.0526315789473684,1.0
4500,29.0,9.724137931034482,46.475624256837094,85.06896551724138,100.4780023781213,6.586206896551724,0.8620689655172413,1.45
4501,27.0,44.629629629629626,590.7517146776406,6.333333333333333,7.925925925925926,5.296296296296297,8.37037037037037,0.32142857142857145
4502,6.0,55.5,249.58333333333334,5.833333333333333,12.472222222222223,6.666666666666667,8.166666666666666,0.14285714285714285
4503,21.0,44.80952380952381,657.3922902494332,5.0476190476190474,8.331065759637186,5.571428571428571,8.761904761904763,0.23333333333333334
4504,6.0,47.333333333333336,1186.5555555555557,5.166666666666667,10.805555555555555,4.5,8.833333333333334,0.06451612903225806
4505,18.0,52.44444444444444,1108.5802469135801,5.166666666666667,11.361111111111112,6.388888888888889,8.944444444444445,0.1935483870967742
4506,26.0,48.46153846153846,586.3254437869822,4.884615384615385,9.255917159763312,5.384615384615385,8.615384615384615,0.2765957446808511
4507,16.0,39.375,554.734375,6.9375,7.18359375,4.625,8.375,0.21621621621621623
4508,19.0,40.73684210526316,855.8781163434902,6.947368421052632,7.313019390581719,6.421052631578948,8.157894736842104,0.21348314606741572
4509,17.0,52.94117647058823,1060.1730103806228,5.0588235294117645,6.290657439446369,5.764705882352941,8.764705882352942,0.17708333333333334
4510,25.0,54.6,968.3999999999997,5.44,7.686399999999999,5.08,8.48,0.25252525252525254
4511,29.0,50.310344827586206,706.2829964328181,5.551724137931035,6.661117717003567,5.931034482758621,8.517241379310345,0.30851063829787234
4512,20.0,47.4,580.74,5.45,7.7475000000000005,4.85,8.3,0.2564102564102564
4513,11.0,53.63636363636363,1325.8677685950413,5.636363636363637,9.867768595041323,3.090909090909091,8.727272727272727,0.1134020618556701
4514,27.0,58.111111111111114,686.3209876543209,6.925925925925926,5.031550068587105,5.666666666666667,8.814814814814815,0.2872340425531915
4515,30.0,50.43333333333333,677.6455555555553,4.466666666666667,5.982222222222221,5.133333333333334,8.633333333333333,0.30303030303030304
4516,28.0,52.964285714285715,873.9630102040817,6.142857142857143,7.693877551020407,5.571428571428571,8.821428571428571,0.2857142857142857
4517,11.0,41.45454545454545,856.6115702479339,5.636363636363637,6.231404958677687,5.454545454545454,8.818181818181818,0.13095238095238096
4518,27.0,52.81481481481482,832.2249657064473,5.074074074074074,7.846364883401919,4.62962962962963,8.703703703703704,0.2872340425531915
4519,12.0,42.75,724.6875,5.333333333333333,10.38888888888889,6.083333333333333,8.916666666666666,0.16216216216216217
4520,12.0,29.833333333333332,877.9722222222223,6.416666666666667,8.409722222222223,4.916666666666667,8.666666666666666,0.13333333333333333
4521,22.0,48.63636363636363,1277.595041322314,5.318181818181818,7.035123966942148,4.590909090909091,8.5,0.22
4522,20.0,62.95,847.9475,5.7,8.71,4.85,8.4,0.21739130434782608
4523,24.0,56.75,696.6041666666666,5.291666666666667,7.206597222222221,5.25,8.291666666666666,0.27586206896551724
4524,10.0,42.6,683.64,4.5,9.05,5.4,8.3,0.1388888888888889
4525,12.0,59.166666666666664,730.9722222222223,6.666666666666667,7.222222222222221,6.166666666666667,8.833333333333334,0.12371134020618557
4526,25.0,44.8,643.2,4.48,6.4096,6.08,8.56,0.2840909090909091
4527,13.0,44.69230769230769,420.6745562130178,5.153846153846154,9.976331360946745,5.6923076923076925,8.384615384615385,0.19117647058823528
4528,7.0,59.42857142857143,563.1020408163266,4.142857142857143,5.836734693877552,8.0,9.0,0.10294117647058823
4529,16.0,53.5625,666.62109375,6.125,9.609375,4.125,8.8125,0.16326530612244897
4530,19.0,46.36842105263158,516.02216066482,4.842105263157895,9.290858725761773,5.947368421052632,8.052631578947368,0.25
4531,9.0,63.333333333333336,682.6666666666666,7.0,5.777777777777778,7.0,8.0,0.1125
4532,6.0,58.166666666666664,609.8055555555555,5.166666666666667,3.4722222222222228,6.666666666666667,8.5,0.09090909090909091
4533,18.0,57.55555555555556,1037.358024691358,5.944444444444445,9.608024691358027,5.111111111111111,8.722222222222221,0.18
4534,11.0,56.27272727272727,939.1074380165287,6.818181818181818,2.876033057851239,4.818181818181818,8.363636363636363,0.12643678160919541
4535,9.0,33.666666666666664,807.1111111111112,5.888888888888889,11.654320987654321,5.222222222222222,9.0,0.1267605633802817
4536,10.0,53.3,504.01000000000005,4.4,4.24,4.3,9.0,0.15384615384615385
4537,20.0,57.9,890.39,6.45,10.247499999999999,5.65,8.7,0.20618556701030927
4538,26.0,38.76923076923077,1007.3313609467455,5.3076923076923075,8.520710059171599,4.884615384615385,8.73076923076923,0.25742574257425743
4539,20.0,49.05,1104.5475000000001,6.1,9.79,5.4,8.1,0.21978021978021978
4540,10.0,51.0,820.6,6.4,7.040000000000001,5.0,8.5,0.11764705882352941
4541,22.0,43.18181818181818,1019.1487603305785,5.863636363636363,9.117768595041323,5.181818181818182,8.454545454545455,0.21782178217821782
4542,24.0,45.833333333333336,793.3888888888888,5.333333333333333,7.888888888888888,5.625,8.375,0.26373626373626374
4543,23.0,49.47826086956522,969.9017013232515,5.913043478260869,7.992438563327031,6.173913043478261,8.217391304347826,0.23958333333333334
4544,14.0,53.142857142857146,552.6938775510204,6.357142857142857,9.372448979591837,6.428571428571429,8.642857142857142,0.16091954022988506
4545,7.0,38.57142857142857,987.3877551020408,6.0,3.142857142857143,6.285714285714286,9.0,0.07526881720430108
4546,19.0,50.89473684210526,657.7783933518006,4.315789473684211,7.900277008310248,5.2631578947368425,8.473684210526315,0.25
4547,13.0,55.38461538461539,911.0059171597634,4.230769230769231,5.100591715976331,5.538461538461538,8.384615384615385,0.14130434782608695
4548,24.0,45.75,730.9375,5.625,10.484375,5.625,8.416666666666666,0.2553191489361702
4549,28.0,54.42857142857143,713.9591836734692,6.571428571428571,7.6734693877551,6.0,8.535714285714286,0.3146067415730337
4550,18.0,56.72222222222222,646.5339506172838,4.388888888888889,7.015432098765431,6.5,8.5,0.1978021978021978
4551,5.0,60.2,773.76,4.2,2.96,7.8,9.0,0.0641025641025641
4552,29.0,42.96551724137931,864.9988109393577,5.931034482758621,6.5469678953626635,5.482758620689655,8.241379310344827,0.29
4553,9.0,48.0,913.1111111111111,4.666666666666667,4.666666666666667,6.555555555555555,8.222222222222221,0.1
4554,17.0,53.588235294117645,966.1245674740484,5.9411764705882355,8.173010380622838,5.764705882352941,8.823529411764707,0.17894736842105263
4555,13.0,47.38461538461539,848.0828402366863,5.538461538461538,6.094674556213017,6.769230769230769,8.461538461538462,0.13829787234042554
4556,5.0,54.8,727.36,5.0,6.0,5.0,9.4,0.07936507936507936
4557,29.0,37.37931034482759,652.9940546967894,5.9655172413793105,7.5505350772889415,4.758620689655173,8.448275862068966,0.3493975903614458
4558,12.0,38.583333333333336,882.4097222222223,5.416666666666667,5.909722222222222,6.666666666666667,8.25,0.12903225806451613
4559,21.0,51.714285714285715,590.204081632653,4.904761904761905,8.848072562358277,5.428571428571429,8.666666666666666,0.25925925925925924
4560,30.0,58.86666666666667,990.2488888888888,5.833333333333333,8.872222222222224,6.133333333333334,8.666666666666666,0.30612244897959184
4561,27.0,53.96296296296296,786.4060356652949,6.703703703703703,5.5418381344307255,5.222222222222222,8.518518518518519,0.29347826086956524
4562,27.0,45.666666666666664,926.9629629629628,5.37037037037037,9.64060356652949,5.296296296296297,8.333333333333334,0.29347826086956524
4563,22.0,57.18181818181818,648.7851239669421,5.409090909090909,5.969008264462811,5.681818181818182,8.863636363636363,0.24444444444444444
4564,24.0,37.416666666666664,842.2430555555555,5.541666666666667,6.998263888888888,5.666666666666667,8.75,0.25263157894736843
4565,14.0,51.714285714285715,656.9183673469388,5.642857142857143,5.801020408163266,6.357142857142857,8.785714285714286,0.14736842105263157
4566,11.0,41.36363636363637,616.595041322314,6.363636363636363,2.958677685950413,5.2727272727272725,8.363636363636363,0.14285714285714285
4567,8.0,45.0,605.75,6.0,10.0,5.0,8.125,0.10126582278481013
4568,20.0,41.2,937.1600000000002,5.55,7.547500000000001,5.3,8.4,0.2
4569,10.0,51.6,1058.44,6.5,7.45,5.6,8.6,0.10416666666666667
4570,16.0,40.5,810.0,6.0,8.125,4.9375,8.4375,0.17777777777777778
4571,10.0,57.9,819.89,5.5,3.85,7.3,8.5,0.10526315789473684
4572,15.0,55.13333333333333,1231.048888888889,5.066666666666666,6.195555555555556,6.466666666666667,8.133333333333333,0.15
4573,17.0,33.529411764705884,925.8961937716263,4.882352941176471,8.574394463667819,5.117647058823529,8.470588235294118,0.17346938775510204
4574,22.0,47.40909090909091,957.9690082644628,5.7272727272727275,8.925619834710742,5.818181818181818,8.409090909090908,0.22
4575,24.0,51.166666666666664,578.2222222222223,6.291666666666667,10.039930555555555,5.0,8.708333333333334,0.3
4576,24.0,53.583333333333336,977.2430555555555,5.916666666666667,7.659722222222225,5.166666666666667,8.375,0.24
4577,27.0,53.96296296296296,709.8875171467765,5.666666666666667,6.962962962962964,5.592592592592593,8.555555555555555,0.2755102040816326
4578,15.0,47.86666666666667,391.31555555555553,5.733333333333333,9.395555555555557,4.933333333333334,8.466666666666667,0.23076923076923078
4579,7.0,46.0,1261.4285714285713,4.142857142857143,4.408163265306122,3.857142857142857,8.0,0.08045977011494253
4580,27.0,46.2962962962963,705.0973936899863,5.185185185185185,8.22496570644719,5.777777777777778,8.444444444444445,0.2727272727272727
4581,10.0,48.7,818.2099999999999,5.3,3.21,4.6,9.0,0.11235955056179775
4582,12.0,48.333333333333336,1208.7222222222222,5.666666666666667,8.555555555555555,6.166666666666667,8.5,0.12121212121212122
4583,16.0,40.5,676.125,5.875,7.359375,5.125,8.5,0.1702127659574468
4584,20.0,54.1,892.0899999999999,5.25,6.4875,5.65,8.4,0.20618556701030927
4585,7.0,55.142857142857146,600.9795918367347,5.142857142857143,8.40816326530612,5.142857142857143,8.571428571428571,0.109375
4586,7.0,61.57142857142857,587.6734693877551,5.857142857142857,2.9795918367346945,6.428571428571429,8.571428571428571,0.09333333333333334
4587,12.0,43.916666666666664,637.5763888888889,5.083333333333333,11.243055555555555,5.5,8.333333333333334,0.14634146341463414
4588,6.0,35.0,1085.6666666666667,4.833333333333333,6.472222222222221,2.5,8.666666666666666,0.06060606060606061
4589,18.0,69.38888888888889,722.3487654320988,6.333333333333333,9.666666666666664,5.888888888888889,8.5,0.1875
4590,19.0,49.8421052631579,666.4487534626039,5.421052631578948,7.822714681440444,6.2105263157894735,8.31578947368421,0.2235294117647059
4591,9.0,54.77777777777778,806.172839506173,6.0,6.444444444444445,5.333333333333333,8.777777777777779,0.10112359550561797
4592,17.0,45.76470588235294,592.6505190311418,4.764705882352941,9.94463667820069,6.294117647058823,8.882352941176471,0.20481927710843373
4593,7.0,54.285714285714285,269.6326530612245,5.571428571428571,9.387755102040817,6.428571428571429,9.0,0.15217391304347827
4594,7.0,45.285714285714285,853.9183673469388,5.142857142857143,5.551020408163266,5.714285714285714,8.857142857142858,0.08045977011494253
4595,7.0,67.85714285714286,444.97959183673476,6.571428571428571,1.673469387755102,5.571428571428571,9.0,0.12962962962962962
4596,26.0,46.11538461538461,1032.1789940828405,5.846153846153846,7.360946745562131,5.8076923076923075,8.461538461538462,0.26804123711340205
4597,9.0,47.44444444444444,417.13580246913585,6.0,5.555555555555555,5.555555555555555,8.11111111111111,0.1111111111111111
4598,29.0,49.241379310344826,877.2865636147443,6.344827586206897,8.984542211652792,5.793103448275862,8.482758620689655,0.3118279569892473
4599,25.0,60.32,722.1376000000001,5.2,6.799999999999999,5.36,8.2,0.2604166666666667
4600,17.0,46.05882352941177,1254.6435986159172,5.882352941176471,10.221453287197232,6.235294117647059,8.117647058823529,0.17525773195876287
4601,27.0,39.7037037037037,757.6899862825788,4.7407407407407405,7.525377229080932,4.62962962962963,8.518518518518519,0.28125
4602,16.0,47.0,436.375,4.875,9.859375,5.5,8.6875,0.19047619047619047
4603,28.0,48.42857142857143,646.1020408163265,5.392857142857143,6.309948979591837,5.642857142857143,8.535714285714286,0.29473684210526313
4604,26.0,47.34615384615385,732.8417159763316,5.461538461538462,7.402366863905325,5.076923076923077,8.307692307692308,0.25742574257425743
4605,29.0,40.6551724137931,649.8121284185495,6.482758620689655,7.353151010701548,5.0,8.448275862068966,0.3333333333333333
4606,9.0,55.0,917.3333333333334,5.0,10.0,6.0,8.666666666666666,0.10227272727272728
4607,30.0,45.53333333333333,695.4488888888886,5.766666666666667,7.312222222222221,5.866666666666666,8.366666666666667,0.3125
4608,9.0,58.44444444444444,1045.8024691358025,5.222222222222222,5.950617283950617,5.888888888888889,8.88888888888889,0.10227272727272728
4609,28.0,51.642857142857146,994.1581632653063,5.857142857142857,7.479591836734693,5.214285714285714,7.928571428571429,0.28865979381443296
4610,8.0,41.25,764.6875,5.875,3.859375,6.75,8.25,0.08421052631578947
4611,23.0,50.69565217391305,909.1682419659734,4.913043478260869,6.688090737240073,5.521739130434782,8.347826086956522,0.23958333333333334
4612,12.0,64.75,835.5208333333334,5.833333333333333,6.638888888888888,5.583333333333333,8.25,0.13636363636363635
4613,14.0,43.92857142857143,831.4948979591837,4.214285714285714,6.596938775510203,6.357142857142857,8.142857142857142,0.15384615384615385
4614,20.0,43.9,567.99,6.15,5.4275,4.25,8.45,0.23809523809523808
4615,8.0,44.0,620.0,5.0,4.75,6.5,8.75,0.10256410256410256
4616,21.0,50.76190476190476,775.7052154195011,5.476190476190476,6.5351473922902485,5.380952380952381,8.238095238095237,0.22105263157894736
4617,13.0,51.69230769230769,581.2899408284025,6.076923076923077,7.1479289940828385,5.153846153846154,8.461538461538462,0.1566265060240964
4618,11.0,50.63636363636363,1138.7768595041323,3.4545454545454546,6.975206611570249,5.636363636363637,8.636363636363637,0.1134020618556701
4619,28.0,55.214285714285715,707.2397959183672,5.0,8.285714285714286,4.535714285714286,8.571428571428571,0.29473684210526313
4620,15.0,38.733333333333334,674.4622222222223,3.7333333333333334,3.3955555555555557,6.533333333333333,7.933333333333334,0.16129032258064516
4621,21.0,45.333333333333336,568.031746031746,5.0476190476190474,7.664399092970523,5.666666666666667,8.238095238095237,0.23333333333333334
4622,19.0,55.89473684210526,879.1468144044323,6.105263157894737,7.988919667590028,5.157894736842105,8.789473684210526,0.19791666666666666
4623,10.0,44.3,830.4100000000001,4.7,8.41,5.6,8.8,0.1111111111111111
4624,17.0,44.8235294117647,1312.0276816608996,6.764705882352941,7.826989619377163,5.588235294117647,8.529411764705882,0.16831683168316833
4625,11.0,35.63636363636363,815.8677685950414,5.0,5.454545454545454,6.0,8.363636363636363,0.1134020618556701
4626,10.0,63.4,657.0400000000001,4.3,8.21,4.1,7.9,0.136986301369863
4627,18.0,46.77777777777778,847.2839506172837,5.5,6.472222222222222,5.0,9.055555555555555,0.1956521739130435
4628,13.0,52.38461538461539,901.1597633136096,4.846153846153846,11.668639053254434,6.0,8.0,0.13
4629,6.0,44.666666666666664,1090.888888888889,6.333333333333333,8.888888888888888,5.0,8.666666666666666,0.07228915662650602
4630,8.0,57.5,349.0,4.625,5.484375,4.375,8.0,0.125
4631,20.0,53.5,661.55,5.4,8.940000000000001,5.1,8.3,0.21505376344086022
4632,7.0,55.857142857142854,929.265306122449,6.142857142857143,6.408163265306124,5.428571428571429,9.0,0.0875
4633,30.0,57.63333333333333,709.8322222222222,5.3,10.209999999999999,6.033333333333333,8.6,0.32608695652173914
4634,22.0,56.09090909090909,922.809917355372,5.681818181818182,8.944214876033058,6.5,8.454545454545455,0.22448979591836735
4635,5.0,37.2,199.36,4.4,9.040000000000001,5.8,8.8,0.13513513513513514
4636,7.0,62.0,1311.7142857142858,6.857142857142857,9.83673469387755,3.4285714285714284,8.428571428571429,0.07608695652173914
4637,24.0,46.25,852.1041666666666,5.333333333333333,6.055555555555556,5.708333333333333,8.666666666666666,0.25
4638,12.0,58.833333333333336,484.3055555555556,6.25,5.020833333333333,5.75,8.333333333333334,0.18461538461538463
4639,14.0,48.785714285714285,704.8826530612243,4.357142857142857,9.658163265306124,5.214285714285714,8.785714285714286,0.1590909090909091
4640,23.0,35.91304347826087,783.8185255198489,5.565217391304348,7.11531190926276,6.086956521739131,8.434782608695652,0.23958333333333334
4641,13.0,47.30769230769231,1028.3668639053253,7.076923076923077,7.147928994082841,6.538461538461538,8.846153846153847,0.1326530612244898
4642,27.0,51.2962962962963,783.6159122085047,5.777777777777778,10.098765432098764,5.296296296296297,8.851851851851851,0.2727272727272727
4643,10.0,40.3,794.01,5.2,7.760000000000001,6.3,7.5,0.10101010101010101
4644,17.0,51.76470588235294,871.2387543252596,4.705882352941177,10.207612456747405,4.9411764705882355,8.411764705882353,0.18888888888888888
4645,30.0,48.7,826.4766666666668,4.5,8.85,5.966666666666667,8.6,0.3191489361702128
4646,22.0,57.77272727272727,509.72107438016525,5.590909090909091,8.514462809917356,4.909090909090909,8.272727272727273,0.24719101123595505
4647,22.0,47.90909090909091,903.99173553719,5.363636363636363,10.50413223140496,4.5,8.409090909090908,0.21782178217821782
4648,5.0,66.6,1141.84,2.8,4.56,5.4,8.2,0.06097560975609756
4649,19.0,45.89473684210526,1125.3573407202216,6.105263157894737,8.515235457063712,4.947368421052632,8.157894736842104,0.19387755102040816
4650,9.0,66.77777777777777,308.17283950617286,6.444444444444445,8.691358024691358,4.333333333333333,8.666666666666666,0.16981132075471697
4651,15.0,37.86666666666667,657.8488888888891,4.466666666666667,9.182222222222224,5.533333333333333,8.733333333333333,0.16666666666666666
4652,29.0,46.689655172413794,646.0071343638526,5.758620689655173,7.907253269916768,4.9655172413793105,8.862068965517242,0.3372093023255814
4653,7.0,61.714285714285715,1188.2040816326532,4.285714285714286,6.204081632653062,5.0,9.0,0.07692307692307693
4654,21.0,44.285714285714285,608.2040816326532,4.761904761904762,5.705215419501134,5.0,8.428571428571429,0.23333333333333334
4655,12.0,28.083333333333332,484.74305555555566,5.666666666666667,6.888888888888889,5.833333333333333,8.416666666666666,0.14814814814814814
4656,5.0,53.6,861.04,7.6,5.04,7.2,8.6,0.06944444444444445
4657,15.0,60.6,592.9066666666664,5.733333333333333,7.128888888888889,4.466666666666667,8.8,0.16666666666666666
4658,26.0,42.19230769230769,818.5399408284023,5.884615384615385,10.640532544378697,6.230769230769231,8.384615384615385,0.2857142857142857
4659,21.0,58.714285714285715,770.6802721088436,4.9523809523809526,7.378684807256237,6.142857142857143,8.476190476190476,0.22105263157894736
4660,22.0,44.95454545454545,658.5888429752066,6.363636363636363,9.231404958677683,5.363636363636363,8.863636363636363,0.22916666666666666
4661,8.0,50.75,854.4375,6.0,10.5,5.625,8.5,0.1
4662,29.0,49.96551724137931,960.1712247324613,5.103448275862069,7.058263971462544,4.9655172413793105,8.724137931034482,0.3020833333333333
4663,7.0,52.714285714285715,786.2040816326532,3.5714285714285716,5.387755102040818,5.428571428571429,8.428571428571429,0.08641975308641975
4664,25.0,55.16,1083.6544000000001,5.24,8.1024,5.48,8.44,0.25510204081632654
4665,9.0,42.888888888888886,702.5432098765432,7.0,5.111111111111111,5.888888888888889,8.555555555555555,0.1232876712328767
4666,19.0,45.89473684210526,801.7783933518007,3.210526315789474,3.6398891966759006,6.0,8.421052631578947,0.2087912087912088
4667,24.0,39.791666666666664,690.9149305555557,5.416666666666667,8.409722222222223,5.541666666666667,8.5,0.2696629213483146
4668,18.0,49.77777777777778,829.8395061728396,4.888888888888889,7.654320987654322,5.111111111111111,8.11111111111111,0.20224719101123595
4669,29.0,50.206896551724135,863.1296076099883,4.655172413793103,8.984542211652794,5.758620689655173,8.89655172413793,0.3020833333333333
4670,16.0,53.625,701.609375,5.4375,9.24609375,6.5,8.75,0.17391304347826086
4671,26.0,45.80769230769231,882.4630177514792,5.230769230769231,10.254437869822485,5.3076923076923075,8.76923076923077,0.26
4672,7.0,21.857142857142858,148.40816326530611,6.857142857142857,4.6938775510204085,4.571428571428571,8.571428571428571,0.19444444444444445
4673,15.0,48.2,903.4933333333335,6.133333333333334,8.648888888888887,4.933333333333334,8.2,0.15151515151515152
4674,9.0,41.333333333333336,529.9999999999999,5.111111111111111,6.987654320987655,5.555555555555555,8.555555555555555,0.12
4675,21.0,44.76190476190476,787.3242630385489,5.619047619047619,8.807256235827666,5.809523809523809,7.904761904761905,0.22826086956521738
4676,24.0,59.666666666666664,689.5555555555557,5.125,8.192708333333334,4.833333333333333,8.833333333333334,0.25263157894736843
4677,21.0,60.04761904761905,830.2358276643992,4.761904761904762,5.800453514739231,4.9523809523809526,8.476190476190476,0.21428571428571427
4678,16.0,56.9375,801.30859375,6.125,7.984375,6.75,8.5,0.17582417582417584
4679,16.0,40.0,869.75,5.4375,6.49609375,5.75,8.4375,0.17204301075268819
4680,25.0,51.08,775.9135999999999,5.04,9.4784,5.6,8.64,0.2717391304347826
4681,19.0,45.89473684210526,869.6731301939058,4.157894736842105,8.02770083102493,4.157894736842105,8.473684210526315,0.19
4682,25.0,50.44,799.0464000000002,3.96,8.038399999999998,5.0,8.68,0.26881720430107525
4683,15.0,56.333333333333336,539.6888888888888,5.666666666666667,6.088888888888888,6.266666666666667,9.133333333333333,0.16304347826086957
4684,11.0,60.09090909090909,628.8099173553718,5.2727272727272725,6.925619834710743,5.545454545454546,8.636363636363637,0.14285714285714285
4685,20.0,52.55,1010.9474999999999,5.2,7.859999999999998,4.1,8.75,0.21052631578947367
4686,25.0,50.56,801.4463999999998,6.68,6.377600000000001,5.28,9.08,0.27472527472527475
4687,14.0,42.857142857142854,535.1224489795919,3.9285714285714284,2.7806122448979593,5.785714285714286,8.571428571428571,0.17721518987341772
4688,27.0,46.18518518518518,1056.965706447188,5.888888888888889,9.358024691358024,6.2592592592592595,8.666666666666666,0.27835051546391754
4689,6.0,58.0,733.0,3.6666666666666665,8.222222222222223,5.166666666666667,8.833333333333334,0.07407407407407407
4690,29.0,51.3448275862069,761.191438763377,6.0344827586206895,7.826397146254459,5.689655172413793,8.551724137931034,0.3020833333333333
4691,26.0,43.46153846153846,698.7100591715977,5.115384615384615,8.486686390532546,6.076923076923077,8.307692307692308,0.26262626262626265
4692,25.0,56.64,630.2304,5.76,7.222399999999998,5.36,8.48,0.2631578947368421
4693,13.0,49.15384615384615,894.2840236686391,5.076923076923077,5.3017751479289945,5.3076923076923075,8.615384615384615,0.13829787234042554
4694,24.0,59.041666666666664,745.123263888889,5.458333333333333,4.331597222222221,4.75,8.875,0.2553191489361702
4695,23.0,47.30434782608695,762.211720226843,5.173913043478261,6.056710775047259,5.608695652173913,8.304347826086957,0.24210526315789474
4696,25.0,47.4,802.4799999999997,5.88,11.385600000000002,4.96,8.68,0.25
4697,8.0,57.375,459.984375,5.125,10.109375,5.25,8.125,0.13114754098360656
4698,26.0,47.88461538461539,903.3328402366867,4.923076923076923,8.147928994082838,4.6923076923076925,8.384615384615385,0.26804123711340205
4699,6.0,59.666666666666664,999.2222222222222,4.0,8.333333333333334,3.8333333333333335,9.0,0.07317073170731707
4700,18.0,60.77777777777778,759.0617283950618,5.555555555555555,6.91358024691358,4.722222222222222,8.333333333333334,0.18
4701,8.0,62.0,910.25,6.125,4.359375,7.375,8.375,0.09302325581395349
4702,5.0,53.2,119.35999999999999,6.6,9.84,4.4,8.2,0.14705882352941177
4703,6.0,48.333333333333336,739.2222222222223,7.166666666666667,4.472222222222222,6.5,8.166666666666666,0.07792207792207792
4704,19.0,45.89473684210526,983.5678670360111,6.157894736842105,6.554016620498615,6.105263157894737,8.368421052631579,0.19387755102040816
4705,27.0,47.2962962962963,755.2455418381344,6.0,8.814814814814815,5.666666666666667,8.481481481481481,0.27
4706,24.0,51.5,1088.25,5.708333333333333,7.456597222222221,5.375,8.416666666666666,0.24489795918367346
4707,27.0,49.888888888888886,690.0987654320987,5.407407407407407,6.9080932784636495,4.777777777777778,8.185185185185185,0.3103448275862069
4708,23.0,51.17391304347826,885.3610586011342,4.304347826086956,6.994328922495272,5.869565217391305,9.0,0.23
4709,23.0,53.30434782608695,881.8638941398865,5.521739130434782,8.68431001890359,5.695652173913044,8.565217391304348,0.24731182795698925
4710,15.0,42.666666666666664,767.0222222222221,6.0,6.0,4.866666666666666,7.933333333333334,0.15463917525773196
4711,16.0,52.5625,673.37109375,5.125,6.234375,6.4375,8.1875,0.19047619047619047
4712,17.0,61.64705882352941,702.4636678200693,6.411764705882353,8.359861591695502,5.588235294117647,8.764705882352942,0.1827956989247312
4713,20.0,56.95,963.4474999999999,6.55,9.247499999999999,6.5,8.5,0.21052631578947367
4714,23.0,45.608695652173914,726.4120982986768,5.608695652173913,10.151228733459357,5.913043478260869,8.782608695652174,0.23232323232323232
4715,9.0,52.666666666666664,1130.6666666666667,5.555555555555555,8.691358024691358,3.888888888888889,8.444444444444445,0.0989010989010989
4716,14.0,49.142857142857146,741.2653061224488,6.0,7.714285714285714,5.857142857142857,8.5,0.17721518987341772
4717,7.0,54.142857142857146,498.97959183673476,4.857142857142857,9.83673469387755,4.142857142857143,8.142857142857142,0.0945945945945946
4718,10.0,48.5,1031.65,4.9,11.29,5.3,8.9,0.10752688172043011
4719,28.0,57.107142857142854,873.8813775510205,5.357142857142857,5.515306122448979,4.892857142857143,8.5,0.30434782608695654
4720,24.0,57.75,922.4375,5.458333333333333,8.414930555555557,5.25,8.375,0.25
4721,7.0,49.714285714285715,667.0612244897959,6.0,9.714285714285714,4.857142857142857,8.142857142857142,0.08641975308641975
4722,10.0,48.2,791.76,6.2,4.76,5.7,7.9,0.10101010101010101
4723,29.0,48.0,880.0689655172414,5.793103448275862,8.026159334126042,6.0344827586206895,8.482758620689655,0.30526315789473685
4724,15.0,48.333333333333336,701.5555555555555,6.4,8.106666666666666,5.6,8.533333333333333,0.15789473684210525
4725,7.0,63.142857142857146,895.5510204081633,6.571428571428571,3.673469387755102,5.0,8.571428571428571,0.08045977011494253
4726,30.0,49.96666666666667,917.098888888889,5.7,8.543333333333333,5.5,8.633333333333333,0.30927835051546393
4727,20.0,46.1,412.89,5.45,8.8475,6.55,8.65,0.2631578947368421
4728,23.0,55.391304347826086,818.4990548204158,5.826086956521739,7.969754253308126,5.0,8.217391304347826,0.25842696629213485
4729,17.0,48.0,1287.8823529411766,6.176470588235294,10.027681660899654,5.352941176470588,7.9411764705882355,0.1717171717171717
4730,5.0,36.4,709.8399999999999,5.2,9.76,4.4,8.2,0.06578947368421052
4731,30.0,45.333333333333336,940.2888888888889,5.133333333333334,8.982222222222221,5.066666666666666,8.466666666666667,0.30303030303030304
4732,28.0,55.714285714285715,1139.418367346939,4.928571428571429,8.637755102040817,5.464285714285714,8.928571428571429,0.28865979381443296
4733,30.0,55.06666666666667,859.8622222222223,5.066666666666666,9.995555555555557,6.433333333333334,8.133333333333333,0.297029702970297
4734,9.0,54.22222222222222,514.6172839506173,5.666666666666667,3.3333333333333335,6.888888888888889,8.555555555555555,0.11688311688311688
4735,15.0,51.666666666666664,930.7555555555556,5.333333333333333,8.488888888888887,4.6,8.066666666666666,0.16304347826086957
4736,8.0,65.125,912.359375,5.0,8.75,3.5,7.75,0.10666666666666667
4737,24.0,39.541666666666664,670.248263888889,6.75,6.520833333333333,6.083333333333333,8.791666666666666,0.2823529411764706
4738,20.0,58.2,982.4599999999998,5.45,8.9475,6.55,8.25,0.20408163265306123
4739,24.0,55.75,881.0208333333334,5.916666666666667,6.326388888888888,6.166666666666667,8.541666666666666,0.24489795918367346
4740,5.0,46.2,382.96,2.2,0.5599999999999999,5.8,8.2,0.08771929824561403
4741,6.0,71.16666666666667,727.138888888889,4.5,4.25,6.666666666666667,7.833333333333333,0.08823529411764706
4742,7.0,40.142857142857146,252.12244897959187,5.285714285714286,6.4897959183673475,5.571428571428571,8.857142857142858,0.1320754716981132
4743,30.0,40.06666666666667,857.928888888889,5.366666666666666,8.032222222222222,5.0,8.366666666666667,0.30303030303030304
4744,7.0,41.714285714285715,601.9183673469388,5.285714285714286,6.204081632653062,3.7142857142857144,8.714285714285714,0.09722222222222222
4745,8.0,50.0,1018.25,5.625,9.484375,4.125,8.25,0.09195402298850575
4746,19.0,51.26315789473684,1254.1939058171747,4.631578947368421,9.285318559556787,5.368421052631579,8.263157894736842,0.1919191919191919
4747,26.0,47.65384615384615,662.3801775147929,4.923076923076923,9.994082840236683,4.730769230769231,8.576923076923077,0.2736842105263158
4748,19.0,43.94736842105263,809.1024930747923,5.526315789473684,7.722991689750691,6.157894736842105,8.210526315789474,0.2
4749,11.0,48.63636363636363,652.2314049586777,4.090909090909091,4.991735537190082,6.818181818181818,8.909090909090908,0.13253012048192772
4750,30.0,45.266666666666666,747.9955555555556,5.466666666666667,7.78222222222222,5.333333333333333,8.266666666666667,0.3191489361702128
4751,29.0,50.89655172413793,822.3686087990487,5.758620689655173,7.907253269916766,5.241379310344827,8.793103448275861,0.3020833333333333
4752,6.0,58.166666666666664,302.47222222222223,2.5,2.25,2.6666666666666665,9.166666666666666,0.12244897959183673
4753,17.0,55.35294117647059,693.993079584775,4.529411764705882,7.072664359861592,4.823529411764706,8.705882352941176,0.17708333333333334
4754,21.0,49.95238095238095,740.9024943310658,5.0476190476190474,8.426303854875284,5.190476190476191,8.619047619047619,0.23595505617977527
4755,8.0,41.0,1092.25,6.875,7.859375,4.75,8.0,0.09302325581395349
4756,11.0,52.36363636363637,1340.7768595041323,4.818181818181818,13.603305785123966,4.2727272727272725,9.363636363636363,0.11224489795918367
4757,10.0,45.8,455.16,3.6,4.4399999999999995,5.5,8.9,0.1388888888888889
4758,10.0,62.0,953.6,5.3,5.8100000000000005,6.2,8.6,0.10416666666666667
4759,18.0,57.833333333333336,1041.138888888889,5.722222222222222,8.64506172839506,6.444444444444445,8.222222222222221,0.1875
4760,5.0,47.2,720.5600000000001,5.2,3.7600000000000002,5.8,8.2,0.06666666666666667
4761,13.0,53.76923076923077,1156.1775147928995,5.538461538461538,3.6331360946745557,4.384615384615385,8.461538461538462,0.13541666666666666
4762,29.0,52.758620689655174,581.7003567181924,5.620689655172414,6.925089179548159,5.172413793103448,8.482758620689655,0.30526315789473685
4763,19.0,51.94736842105263,767.4182825484763,4.526315789473684,5.7229916897506925,5.368421052631579,8.157894736842104,0.19791666666666666
4764,6.0,37.166666666666664,722.4722222222223,5.0,4.0,5.833333333333333,8.166666666666666,0.07228915662650602
4765,9.0,53.22222222222222,547.5061728395062,5.555555555555555,6.913580246913579,4.888888888888889,8.333333333333334,0.1125
4766,28.0,53.0,931.0714285714286,6.178571428571429,9.8609693877551,5.571428571428571,8.571428571428571,0.2978723404255319
4767,15.0,56.4,593.5733333333333,5.066666666666666,8.195555555555556,5.6,8.4,0.18072289156626506
4768,21.0,42.04761904761905,512.7120181405896,5.761904761904762,7.324263038548752,5.285714285714286,8.714285714285714,0.24705882352941178
4769,9.0,48.77777777777778,1130.395061728395,5.666666666666667,7.333333333333333,5.555555555555555,8.0,0.09375
4770,6.0,39.166666666666664,525.4722222222223,4.166666666666667,2.472222222222222,7.0,9.166666666666666,0.08955223880597014
4771,8.0,33.625,421.984375,6.875,8.859375,5.625,9.0,0.14285714285714285
4772,14.0,47.785714285714285,558.454081632653,5.5,7.392857142857143,4.785714285714286,8.357142857142858,0.2
4773,29.0,48.0,882.4137931034483,6.172413793103448,6.0737217598097475,5.275862068965517,8.689655172413794,0.3020833333333333
4774,14.0,52.357142857142854,1059.5153061224487,5.0,8.0,5.357142857142857,8.928571428571429,0.14285714285714285
4775,12.0,54.583333333333336,209.57638888888883,4.333333333333333,7.5555555555555545,6.5,8.583333333333334,0.2033898305084746
4776,20.0,52.6,975.2400000000001,4.9,9.39,4.8,8.25,0.2
4777,8.0,45.625,919.234375,4.5,3.25,4.75,8.5,0.08602150537634409
4778,18.0,57.72222222222222,1026.6450617283951,6.722222222222222,5.867283950617284,5.0,8.444444444444445,0.18181818181818182
4779,22.0,37.90909090909091,666.1735537190082,5.2727272727272725,9.47107438016529,5.7727272727272725,8.727272727272727,0.2391304347826087
4780,12.0,43.5,676.25,5.25,7.6875,3.5,9.166666666666666,0.12903225806451613
4781,26.0,47.61538461538461,1110.3136094674558,5.576923076923077,5.859467455621301,4.923076923076923,8.192307692307692,0.26
4782,26.0,60.03846153846154,679.6523668639054,3.923076923076923,8.686390532544376,4.923076923076923,8.538461538461538,0.2653061224489796
4783,14.0,38.714285714285715,682.4897959183673,6.0,7.428571428571429,6.142857142857143,8.285714285714286,0.17721518987341772
4784,9.0,38.666666666666664,662.4444444444446,5.222222222222222,9.950617283950615,5.222222222222222,8.333333333333334,0.1267605633802817
4785,26.0,50.84615384615385,877.8994082840237,5.115384615384615,7.717455621301776,5.384615384615385,8.73076923076923,0.2653061224489796
4786,16.0,44.8125,741.40234375,7.75,7.0625,6.25,8.75,0.17582417582417584
4787,16.0,55.1875,808.77734375,4.9375,7.55859375,6.25,8.375,0.17391304347826086
4788,17.0,56.64705882352941,721.2871972318339,4.882352941176471,5.162629757785467,6.705882352941177,8.764705882352942,0.17346938775510204
4789,21.0,53.476190476190474,855.2018140589571,6.476190476190476,7.487528344671203,5.714285714285714,8.428571428571429,0.21428571428571427
4790,26.0,47.38461538461539,925.2366863905326,4.730769230769231,4.812130177514792,6.384615384615385,8.23076923076923,0.27956989247311825
4791,27.0,50.592592592592595,871.9451303155006,5.333333333333333,8.518518518518519,5.074074074074074,8.11111111111111,0.27835051546391754
4792,5.0,30.8,1065.3600000000001,5.8,0.96,3.4,9.2,0.05555555555555555
4793,17.0,40.23529411764706,981.3564013840831,5.176470588235294,7.557093425605537,6.9411764705882355,8.529411764705882,0.18085106382978725
4794,13.0,41.69230769230769,1023.905325443787,5.461538461538462,5.325443786982248,7.3076923076923075,8.076923076923077,0.13402061855670103
4795,28.0,39.0,683.1428571428571,6.5,6.464285714285714,5.285714285714286,8.714285714285714,0.3146067415730337
4796,5.0,36.0,151.6,6.4,7.44,7.8,9.2,0.1388888888888889
4797,14.0,42.5,379.82142857142856,6.428571428571429,5.959183673469389,5.214285714285714,8.785714285714286,0.208955223880597
4798,11.0,50.27272727272727,872.01652892562,4.909090909090909,8.082644628099173,6.181818181818182,8.818181818181818,0.12941176470588237
4799,6.0,51.833333333333336,1087.138888888889,6.666666666666667,6.222222222222222,6.166666666666667,8.666666666666666,0.075
4800,29.0,50.689655172413794,1030.0071343638526,6.0,7.724137931034483,5.655172413793103,8.620689655172415,0.29591836734693877
4801,12.0,58.0,789.8333333333334,5.75,9.854166666666666,5.416666666666667,8.5,0.14457831325301204
4802,14.0,54.57142857142857,776.530612244898,5.642857142857143,10.658163265306124,5.5,7.928571428571429,0.14285714285714285
4803,23.0,54.82608695652174,912.4045368620039,5.695652173913044,7.86389413988658,5.173913043478261,8.304347826086957,0.23232323232323232
4804,17.0,47.88235294117647,813.3979238754325,6.9411764705882355,4.525951557093426,5.0588235294117645,8.294117647058824,0.17708333333333334
4805,9.0,35.55555555555556,480.46913580246905,5.666666666666667,11.555555555555555,5.555555555555555,8.88888888888889,0.1323529411764706
4806,19.0,44.89473684210526,703.3573407202214,6.368421052631579,8.022160664819946,5.842105263157895,8.368421052631579,0.2159090909090909
4807,19.0,56.26315789473684,732.825484764543,5.052631578947368,4.470914127423823,5.631578947368421,8.631578947368421,0.20652173913043478
4808,26.0,42.76923076923077,1004.6390532544378,5.5,5.711538461538462,5.576923076923077,8.461538461538462,0.2857142857142857
4809,28.0,46.607142857142854,593.8813775510204,5.0,7.428571428571429,5.857142857142857,8.178571428571429,0.3076923076923077
4810,28.0,53.32142857142857,799.5038265306123,5.0,7.142857142857143,6.071428571428571,8.357142857142858,0.2978723404255319
4811,25.0,46.72,920.2015999999998,5.32,7.577599999999999,6.4,8.4,0.2604166666666667
4812,16.0,46.25,515.0625,5.0625,7.43359375,5.8125,7.9375,0.21052631578947367
4813,9.0,42.55555555555556,1157.1358024691358,5.777777777777778,5.28395061728395,5.444444444444445,8.88888888888889,0.09183673469387756
4814,27.0,54.370370370370374,801.1961591220851,5.962962962962963,8.924554183813443,6.185185185185185,8.222222222222221,0.2755102040816326
4815,29.0,45.172413793103445,822.6254458977409,6.172413793103448,5.177170035671819,5.379310344827586,8.206896551724139,0.2871287128712871
4816,22.0,50.81818181818182,589.7851239669423,6.454545454545454,9.884297520661157,4.7727272727272725,8.0,0.24444444444444444
4817,18.0,55.166666666666664,759.5833333333334,3.888888888888889,3.65432098765432,6.111111111111111,8.833333333333334,0.18181818181818182
4818,24.0,57.25,685.0208333333334,6.125,7.109375,5.083333333333333,8.5,0.2727272727272727
4819,29.0,50.89655172413793,934.2996432818079,5.517241379310345,5.9738406658739605,5.482758620689655,8.689655172413794,0.31521739130434784
4820,23.0,43.17391304347826,693.3610586011342,7.0,6.434782608695652,4.956521739130435,8.565217391304348,0.25555555555555554
4821,10.0,52.1,739.6899999999999,4.9,8.290000000000003,6.4,8.4,0.11904761904761904
4822,30.0,39.233333333333334,948.9788888888891,5.633333333333334,7.83222222222222,5.3,8.4,0.3191489361702128
4823,29.0,44.96551724137931,1021.0677764565994,6.310344827586207,6.765755053507731,4.689655172413793,8.517241379310345,0.29591836734693877
4824,25.0,36.76,781.5424,6.24,9.6224,6.24,8.28,0.26881720430107525
4825,13.0,29.0,489.84615384615387,5.3076923076923075,5.75147928994083,4.230769230769231,8.307692307692308,0.18309859154929578
4826,12.0,57.583333333333336,966.0763888888887,4.083333333333333,3.7430555555555554,6.083333333333333,8.333333333333334,0.13186813186813187
4827,18.0,57.44444444444444,1205.1358024691356,5.777777777777778,7.950617283950619,5.5,8.833333333333334,0.18556701030927836
4828,8.0,47.875,633.109375,8.125,2.609375,5.375,7.625,0.10810810810810811
4829,21.0,41.904761904761905,961.609977324263,5.190476190476191,8.439909297052154,5.809523809523809,8.333333333333334,0.22340425531914893
4830,22.0,43.77272727272727,987.9938016528922,5.318181818181818,9.489669421487605,5.2272727272727275,8.136363636363637,0.25
4831,12.0,51.083333333333336,926.5763888888888,4.833333333333333,5.638888888888889,4.75,8.166666666666666,0.1348314606741573
4832,23.0,59.26086956521739,755.8449905482041,4.0,7.565217391304348,6.130434782608695,8.217391304347826,0.23
4833,26.0,41.96153846153846,694.9600591715977,4.615384615384615,6.08284023668639,6.384615384615385,8.576923076923077,0.26262626262626265
4834,19.0,44.73684210526316,595.2465373961219,5.526315789473684,8.986149584487535,5.7894736842105265,8.68421052631579,0.25
4835,22.0,47.36363636363637,802.0495867768594,5.2272727272727275,8.448347107438018,5.863636363636363,8.454545454545455,0.23655913978494625
4836,13.0,46.53846153846154,686.4023668639052,4.6923076923076925,7.751479289940828,4.153846153846154,8.692307692307692,0.1566265060240964
4837,12.0,69.16666666666667,686.9722222222223,5.0,11.5,5.25,8.666666666666666,0.13186813186813187
4838,8.0,52.75,747.4375,5.25,7.4375,5.625,9.0,0.08791208791208792
4839,29.0,54.86206896551724,743.0154577883472,4.793103448275862,8.784780023781213,5.448275862068965,8.517241379310345,0.3258426966292135
4840,26.0,45.88461538461539,870.5636094674558,5.038461538461538,9.113905325443787,4.769230769230769,8.423076923076923,0.26262626262626265
4841,14.0,40.0,918.2857142857143,6.071428571428571,14.352040816326532,5.714285714285714,8.5,0.15217391304347827
4842,20.0,52.7,1077.0100000000002,4.6,8.74,4.55,8.15,0.20408163265306123
4843,22.0,62.18181818181818,693.3305785123968,5.636363636363637,6.140495867768595,6.090909090909091,8.181818181818182,0.2558139534883721
4844,23.0,59.56521739130435,689.5500945179584,5.739130434782608,6.0189035916824185,5.826086956521739,8.521739130434783,0.23711340206185566
4845,17.0,59.411764705882355,816.0069204152251,6.294117647058823,7.14878892733564,7.117647058823529,8.705882352941176,0.17894736842105263
4846,25.0,46.2,981.68,6.04,7.958399999999999,5.6,8.72,0.25773195876288657
4847,22.0,51.40909090909091,1002.9690082644628,5.636363636363637,7.322314049586776,5.454545454545454,8.545454545454545,0.23655913978494625
4848,17.0,43.294117647058826,862.2076124567473,5.764705882352941,7.003460207612456,4.9411764705882355,8.588235294117647,0.18888888888888888
4849,17.0,41.94117647058823,1101.937716262976,4.882352941176471,9.397923875432523,4.529411764705882,8.352941176470589,0.17
4850,20.0,58.95,823.3474999999999,6.0,9.9,4.95,8.4,0.2
4851,17.0,56.94117647058823,550.878892733564,4.882352941176471,7.633217993079582,4.0,8.352941176470589,0.17525773195876287
4852,13.0,45.23076923076923,749.4082840236687,5.3076923076923075,4.520710059171598,6.0,7.769230769230769,0.14942528735632185
4853,14.0,52.357142857142854,687.0867346938775,5.0,10.142857142857142,5.928571428571429,8.428571428571429,0.18666666666666668
4854,25.0,41.32,584.2976,6.2,9.76,5.68,8.84,0.2604166666666667
4855,24.0,47.958333333333336,821.7899305555555,5.125,8.942708333333334,4.791666666666667,8.708333333333334,0.24742268041237114
4856,28.0,56.17857142857143,713.0038265306121,5.214285714285714,10.096938775510205,6.107142857142857,8.607142857142858,0.3333333333333333
4857,29.0,51.51724137931034,785.2152199762189,6.241379310344827,6.458977407847801,5.482758620689655,8.482758620689655,0.3020833333333333
4858,17.0,44.294117647058826,1053.3840830449826,5.0588235294117645,10.525951557093425,7.0588235294117645,8.352941176470589,0.17
4859,7.0,47.57142857142857,912.5306122448981,3.2857142857142856,1.9183673469387752,5.142857142857143,9.0,0.08045977011494253
4860,16.0,53.0,993.125,5.1875,7.65234375,5.6875,8.6875,0.17204301075268819
4861,23.0,41.608695652173914,632.586011342155,4.826086956521739,6.752362948960304,5.434782608695652,8.173913043478262,0.27058823529411763
4862,14.0,39.42857142857143,674.2448979591837,6.142857142857143,5.408163265306123,5.928571428571429,8.0,0.1891891891891892
4863,6.0,48.0,97.66666666666667,6.0,9.0,3.8333333333333335,9.0,0.2
4864,16.0,48.875,789.859375,5.875,10.734375,4.9375,7.75,0.17391304347826086
4865,5.0,37.8,605.36,6.4,5.84,6.6,8.2,0.06944444444444445
4866,12.0,56.666666666666664,563.2222222222223,6.0,11.666666666666666,3.8333333333333335,8.5,0.16
4867,23.0,53.30434782608695,925.6899810964081,5.869565217391305,5.504725897920603,5.695652173913044,8.173913043478262,0.23232323232323232
4868,9.0,55.77777777777778,1265.506172839506,6.0,5.333333333333333,5.0,7.888888888888889,0.09183673469387756
4869,5.0,23.8,250.56,5.6,5.04,5.2,8.2,0.10416666666666667
4870,26.0,44.57692307692308,850.244082840237,6.0,6.076923076923077,5.461538461538462,8.346153846153847,0.2765957446808511
4871,29.0,49.689655172413794,594.0071343638526,4.896551724137931,9.678953626634957,4.862068965517241,8.482758620689655,0.34523809523809523
4872,12.0,46.833333333333336,829.6388888888888,4.5,8.416666666666666,5.666666666666667,8.666666666666666,0.13793103448275862
4873,20.0,42.65,534.6274999999999,4.9,6.790000000000001,5.05,8.6,0.20833333333333334
4874,16.0,44.8125,732.52734375,5.25,5.8125,5.0,8.1875,0.17391304347826086
4875,9.0,46.888888888888886,747.2098765432098,5.222222222222222,8.172839506172838,4.444444444444445,8.555555555555555,0.10843373493975904
4876,12.0,56.583333333333336,778.9097222222222,4.0,5.5,4.333333333333333,8.75,0.14457831325301204
4877,15.0,36.733333333333334,608.4622222222222,6.266666666666667,11.52888888888889,5.933333333333334,8.133333333333333,0.19230769230769232
4878,17.0,59.8235294117647,753.7923875432525,5.647058823529412,6.228373702422146,7.176470588235294,8.647058823529411,0.21794871794871795
4879,7.0,47.285714285714285,323.91836734693885,6.285714285714286,13.346938775510205,5.714285714285714,8.571428571428571,0.11666666666666667
4880,26.0,49.30769230769231,500.4437869822484,5.461538461538462,7.171597633136093,6.153846153846154,8.923076923076923,0.3333333333333333
4881,18.0,44.111111111111114,985.654320987654,4.166666666666667,8.916666666666666,5.444444444444445,8.38888888888889,0.1875
4882,5.0,54.6,626.64,4.4,14.24,6.2,9.4,0.08333333333333333
4883,16.0,50.9375,488.43359375,6.75,7.4375,5.625,8.8125,0.21052631578947367
4884,13.0,56.38461538461539,847.4674556213018,5.615384615384615,5.313609467455621,4.923076923076923,8.538461538461538,0.14772727272727273
4885,14.0,55.857142857142854,873.4081632653061,5.357142857142857,7.943877551020408,4.785714285714286,8.785714285714286,0.14736842105263157
4886,5.0,46.6,341.84000000000003,4.6,13.439999999999998,5.2,8.4,0.1
4887,22.0,46.72727272727273,681.2892561983471,5.909090909090909,7.628099173553719,5.636363636363637,8.5,0.23404255319148937
4888,20.0,42.3,774.31,5.6,9.14,5.55,8.6,0.21505376344086022
4889,11.0,44.72727272727273,375.1074380165288,4.363636363636363,7.68595041322314,6.363636363636363,8.090909090909092,0.16923076923076924
4890,9.0,55.888888888888886,864.3209876543209,3.6666666666666665,5.111111111111112,5.333333333333333,8.555555555555555,0.1125
4891,10.0,60.8,409.56000000000006,4.9,6.090000000000002,5.2,8.4,0.1724137931034483
4892,13.0,55.15384615384615,865.360946745562,4.461538461538462,6.094674556213018,5.769230769230769,8.461538461538462,0.13829787234042554
4893,27.0,44.44444444444444,668.7654320987655,5.481481481481482,9.657064471879282,5.592592592592593,8.666666666666666,0.27
4894,22.0,49.36363636363637,1072.413223140496,5.545454545454546,8.975206611570249,5.5,8.772727272727273,0.2391304347826087
4895,29.0,42.51724137931034,884.1117717003566,5.172413793103448,6.832342449464922,5.448275862068965,8.379310344827585,0.2871287128712871
4896,17.0,51.705882352941174,1141.2664359861592,5.9411764705882355,6.173010380622838,6.588235294117647,7.882352941176471,0.1717171717171717
4897,17.0,42.05882352941177,740.1730103806229,6.529411764705882,6.719723183391004,5.0588235294117645,8.529411764705882,0.20481927710843373
4898,16.0,44.4375,907.74609375,5.5625,7.74609375,5.3125,8.75,0.16161616161616163
4899,22.0,52.86363636363637,723.935950413223,5.7727272727272725,10.6301652892562,5.818181818181818,8.454545454545455,0.22
4900,19.0,40.78947368421053,616.376731301939,6.2631578947368425,6.930747922437672,7.421052631578948,7.842105263157895,0.2087912087912088
4901,15.0,52.06666666666667,892.8622222222223,5.733333333333333,6.595555555555555,5.866666666666666,8.866666666666667,0.15789473684210525
4902,17.0,53.470588235294116,879.3079584775088,4.352941176470588,8.228373702422145,6.0,8.352941176470589,0.19540229885057472
4903,10.0,47.6,386.23999999999995,4.6,7.840000000000001,5.6,8.6,0.1694915254237288
4904,7.0,52.285714285714285,1281.3469387755101,4.714285714285714,7.346938775510203,5.142857142857143,8.142857142857142,0.07368421052631578
4905,10.0,52.7,1102.01,7.0,3.2,6.2,8.7,0.11235955056179775
4906,20.0,45.75,851.2875,5.45,5.2475,6.2,9.2,0.21739130434782608
4907,23.0,48.69565217391305,956.7334593572779,4.478260869565218,7.640831758034024,5.043478260869565,9.0,0.24468085106382978
4908,16.0,48.375,1144.109375,6.9375,7.43359375,4.875,8.75,0.15841584158415842
4909,10.0,45.8,761.16,6.4,6.4399999999999995,5.3,9.0,0.10752688172043011
4910,5.0,46.2,1484.56,3.6,1.8400000000000003,6.8,8.6,0.05434782608695652
4911,18.0,50.72222222222222,850.9783950617284,3.9444444444444446,6.496913580246915,4.944444444444445,9.0,0.20930232558139536
4912,6.0,61.333333333333336,537.5555555555555,6.333333333333333,10.555555555555555,1.6666666666666667,9.0,0.09090909090909091
4913,19.0,50.78947368421053,575.1135734072022,5.2631578947368425,7.246537396121885,6.7368421052631575,8.210526315789474,0.2375
4914,23.0,37.0,863.4782608695652,4.869565217391305,6.026465028355385,4.782608695652174,8.73913043478261,0.23
4915,22.0,39.68181818181818,686.1260330578511,5.181818181818182,4.78512396694215,5.5,8.318181818181818,0.24175824175824176
4916,6.0,35.666666666666664,1048.888888888889,6.5,8.583333333333334,5.666666666666667,8.333333333333334,0.06060606060606061
4917,6.0,54.0,1192.6666666666667,6.0,10.333333333333334,5.833333333333333,9.166666666666666,0.06666666666666667
4918,30.0,50.96666666666667,1186.698888888889,5.6,6.6400000000000015,5.333333333333333,8.433333333333334,0.30612244897959184
4919,23.0,39.30434782608695,748.0378071833647,5.565217391304348,7.550094517958413,5.956521739130435,8.695652173913043,0.25
4920,25.0,51.88,756.5856000000002,5.36,6.150400000000001,5.8,8.88,0.26595744680851063
4921,10.0,29.3,413.60999999999996,5.2,5.360000000000001,5.4,8.2,0.18867924528301888
4922,7.0,37.0,367.42857142857144,5.0,4.0,5.857142857142857,8.857142857142858,0.1076923076923077
4923,11.0,52.18181818181818,650.694214876033,5.636363636363637,8.776859504132231,5.7272727272727275,8.0,0.1375
4924,29.0,49.310344827586206,660.6967895362664,5.586206896551724,7.001189060642094,5.517241379310345,8.379310344827585,0.31868131868131866
4925,15.0,58.333333333333336,705.9555555555556,4.8,5.093333333333334,6.066666666666666,9.066666666666666,0.17647058823529413
4926,23.0,53.0,873.2173913043479,6.3478260869565215,7.879017013232516,5.173913043478261,8.695652173913043,0.24210526315789474
4927,23.0,52.95652173913044,785.9546313799623,5.130434782608695,7.591682419659735,4.869565217391305,8.826086956521738,0.25
4928,16.0,49.3125,915.71484375,5.9375,5.93359375,5.4375,8.6875,0.16666666666666666
4929,26.0,52.34615384615385,743.0724852071005,4.730769230769231,6.965976331360948,5.346153846153846,8.384615384615385,0.27956989247311825
4930,11.0,58.90909090909091,868.4462809917354,5.454545454545454,10.429752066115704,5.909090909090909,8.545454545454545,0.12643678160919541
4931,23.0,46.21739130434783,612.7788279773158,5.391304347826087,10.933837429111534,5.434782608695652,8.434782608695652,0.26136363636363635
4932,14.0,55.0,1027.0,5.5,10.107142857142858,5.857142857142857,8.428571428571429,0.14736842105263157
4933,25.0,35.08,840.3136000000003,6.04,11.318400000000002,4.36,8.36,0.2604166666666667
4934,13.0,43.69230769230769,530.2130177514792,6.153846153846154,7.822485207100592,6.076923076923077,8.538461538461538,0.16666666666666666
4935,30.0,58.96666666666667,1086.6322222222223,5.3,10.143333333333334,5.533333333333333,8.7,0.3157894736842105
4936,14.0,43.785714285714285,837.7397959183673,6.214285714285714,6.025510204081633,6.928571428571429,8.142857142857142,0.15384615384615385
4937,22.0,50.72727272727273,1088.4710743801652,5.7272727272727275,10.471074380165293,5.545454545454546,8.227272727272727,0.23404255319148937
4938,21.0,49.285714285714285,691.7278911564625,6.0,8.380952380952381,5.904761904761905,8.238095238095237,0.23076923076923078
4939,7.0,50.714285714285715,473.6326530612245,6.428571428571429,8.244897959183673,8.857142857142858,8.571428571428571,0.1111111111111111
4940,7.0,55.42857142857143,762.2448979591837,6.142857142857143,7.551020408163266,6.857142857142857,9.0,0.08139534883720931
4941,12.0,56.583333333333336,943.5763888888888,5.916666666666667,3.576388888888889,5.25,8.25,0.125
4942,10.0,53.0,1242.2,6.9,7.290000000000001,6.5,8.9,0.10309278350515463
4943,27.0,45.888888888888886,953.4320987654323,4.703703703703703,7.764060356652949,5.7407407407407405,8.666666666666666,0.2755102040816326
4944,23.0,43.30434782608695,630.2117202268431,5.173913043478261,7.013232514177693,5.304347826086956,8.782608695652174,0.24731182795698925
4945,7.0,37.0,924.5714285714286,4.0,5.428571428571429,5.714285714285714,8.714285714285714,0.07368421052631578
4946,13.0,38.15384615384615,758.5917159763314,4.3076923076923075,6.059171597633135,5.615384615384615,8.153846153846153,0.1368421052631579
4947,29.0,51.06896551724138,674.271105826397,5.724137931034483,6.682520808561237,5.758620689655173,8.586206896551724,0.3118279569892473
4948,22.0,48.31818181818182,1137.6714876033056,6.454545454545454,5.884297520661156,5.590909090909091,9.090909090909092,0.21782178217821782
4949,10.0,37.6,731.8399999999999,6.0,8.0,4.4,8.5,0.10989010989010989
4950,23.0,44.73913043478261,766.366729678639,5.739130434782608,9.062381852551987,4.260869565217392,8.0,0.23958333333333334
4951,11.0,56.36363636363637,716.9586776859504,7.181818181818182,7.603305785123967,6.090909090909091,8.727272727272727,0.13253012048192772
4952,8.0,34.125,700.609375,3.25,5.4375,6.125,8.25,0.1111111111111111
4953,19.0,55.578947368421055,1029.0858725761773,4.7894736842105265,4.271468144044322,4.947368421052632,8.31578947368421,0.19387755102040816
4954,25.0,47.72,1002.5215999999999,4.76,6.742399999999999,4.36,8.64,0.2604166666666667
4955,19.0,57.63157894736842,742.5484764542934,5.157894736842105,9.290858725761774,5.526315789473684,8.473684210526315,0.2261904761904762
4956,7.0,62.42857142857143,819.6734693877552,3.857142857142857,7.83673469387755,5.428571428571429,8.857142857142858,0.08333333333333333
4957,18.0,53.666666666666664,684.888888888889,6.0,7.111111111111111,5.666666666666667,7.833333333333333,0.20454545454545456
4958,23.0,42.608695652173914,701.8034026465028,5.3478260869565215,7.879017013232515,6.043478260869565,8.391304347826088,0.24468085106382978
4959,23.0,39.69565217391305,868.4725897920604,5.391304347826087,8.325141776937619,5.913043478260869,8.521739130434783,0.23
4960,20.0,50.9,717.1899999999999,4.7,4.01,6.15,8.3,0.21052631578947367
4961,26.0,51.69230769230769,902.9822485207098,4.961538461538462,8.652366863905325,5.538461538461538,8.961538461538462,0.25742574257425743
4962,7.0,52.42857142857143,605.3877551020407,5.571428571428571,11.959183673469385,3.7142857142857144,8.428571428571429,0.08536585365853659
4963,16.0,55.4375,772.99609375,5.375,8.484375,5.75,8.6875,0.17204301075268819
4964,7.0,48.142857142857146,584.1224489795919,7.571428571428571,6.530612244897959,4.714285714285714,8.571428571428571,0.09090909090909091
4965,28.0,51.035714285714285,682.3915816326532,5.178571428571429,6.575255102040815,6.035714285714286,8.464285714285714,0.3111111111111111
4966,11.0,59.90909090909091,746.2644628099173,5.2727272727272725,7.47107438016529,5.545454545454546,8.454545454545455,0.12790697674418605
4967,20.0,37.55,734.4474999999999,5.5,7.25,5.85,8.7,0.22988505747126436
4968,21.0,54.523809523809526,846.8208616780046,6.523809523809524,9.201814058956916,5.666666666666667,8.428571428571429,0.23863636363636365
4969,21.0,41.38095238095238,1059.7596371882087,5.380952380952381,8.235827664399093,5.142857142857143,8.80952380952381,0.21
4970,23.0,43.04347826086956,790.9111531190927,4.391304347826087,7.455576559546317,4.913043478260869,8.043478260869565,0.27058823529411763
4971,30.0,51.96666666666667,819.5655555555555,6.3,7.409999999999999,6.666666666666667,8.366666666666667,0.3
4972,20.0,45.95,1030.7475,6.4,8.340000000000002,3.65,8.65,0.2247191011235955
4973,5.0,31.6,386.64,3.8,8.559999999999999,5.8,8.2,0.08620689655172414
4974,11.0,50.63636363636363,559.3223140495868,6.090909090909091,8.082644628099173,5.545454545454546,8.636363636363637,0.1375
4975,13.0,32.23076923076923,589.4082840236686,6.461538461538462,5.479289940828402,5.923076923076923,8.615384615384615,0.17105263157894737
4976,27.0,57.7037037037037,801.764060356653,6.37037037037037,8.159122085048011,4.703703703703703,8.074074074074074,0.27835051546391754
4977,22.0,49.0,644.1818181818181,5.454545454545454,11.33884297520661,4.909090909090909,8.5,0.23157894736842105
4978,6.0,54.666666666666664,919.5555555555555,6.5,3.5833333333333335,5.833333333333333,8.833333333333334,0.06976744186046512
4979,8.0,60.25,612.1875,5.125,5.859375,5.25,7.875,0.10810810810810811
4980,16.0,52.4375,856.49609375,5.0,9.0,4.25,9.375,0.18181818181818182
4981,14.0,43.785714285714285,999.1683673469388,5.071428571428571,6.209183673469388,4.428571428571429,8.5,0.13861386138613863
4982,16.0,62.0,536.625,6.75,6.5625,6.8125,8.0625,0.1797752808988764
4983,10.0,54.8,931.5600000000001,6.7,7.8100000000000005,6.2,8.0,0.10752688172043011
4984,24.0,31.125,570.859375,6.375,4.401041666666667,6.041666666666667,8.541666666666666,0.2696629213483146
4985,24.0,35.708333333333336,903.8732638888887,6.125,6.609375,4.791666666666667,8.416666666666666,0.2608695652173913
4986,26.0,56.69230769230769,788.2899408284023,4.461538461538462,7.248520710059172,4.730769230769231,8.346153846153847,0.28888888888888886
4987,15.0,46.13333333333333,1059.7155555555557,4.733333333333333,8.195555555555556,5.0,8.066666666666666,0.15306122448979592
4988,17.0,63.470588235294116,607.3079584775088,5.529411764705882,7.072664359861591,5.0,9.058823529411764,0.17525773195876287
4989,14.0,47.214285714285715,1071.7397959183672,5.571428571428571,5.387755102040816,5.714285714285714,8.714285714285714,0.14285714285714285
4990,30.0,45.06666666666667,993.5288888888889,6.733333333333333,7.062222222222223,6.066666666666666,8.566666666666666,0.30927835051546393
4991,24.0,44.5,877.0833333333334,6.166666666666667,7.055555555555557,5.791666666666667,8.208333333333334,0.2608695652173913
4992,13.0,47.23076923076923,357.2544378698225,6.0,10.307692307692308,6.153846153846154,8.615384615384615,0.18571428571428572
4993,5.0,40.2,691.76,7.2,4.5600000000000005,5.6,9.0,0.06756756756756757
4994,5.0,48.6,489.0400000000001,7.2,4.160000000000001,5.2,8.2,0.08064516129032258
4995,14.0,47.142857142857146,521.4081632653061,4.785714285714286,5.45408163265306,6.428571428571429,8.428571428571429,0.18181818181818182
4996,29.0,48.55172413793103,759.7645659928654,4.758620689655173,8.4589774078478,5.896551724137931,8.448275862068966,0.29292929292929293
4997,8.0,43.625,876.984375,5.875,14.609375,5.125,8.75,0.10256410256410256
4998,23.0,49.65217391304348,1005.9659735349717,5.826086956521739,7.621928166351605,5.3478260869565215,8.695652173913043,0.23
4999,14.0,50.142857142857146,857.9795918367346,5.071428571428571,8.209183673469386,3.7142857142857144,8.928571428571429,0.14736842105263157
5000,15.0,56.2,1135.8933333333334,5.6,10.639999999999999,4.4,8.333333333333334,0.15789473684210525
