workload_id,num_processes,avg_arrival_time,arrival_time_variance,avg_burst_time,burst_time_variance,avg_priority,avg_io_frequency,arrival_rate
1,8.0,3.875,10.359375,18.875,17.859375,5.75,6.375,0.7272727272727273
2,16.0,11.6875,38.46484375,76.5,97.375,7.1875,1.0,0.8
3,11.0,14.636363636363637,70.77685950413223,37.72727272727273,100.74380165289259,6.636363636363637,2.272727272727273,0.4230769230769231
4,22.0,46.86363636363637,1115.3904958677683,5.863636363636363,6.481404958677687,4.7727272727272725,8.636363636363637,0.22
5,18.0,40.333333333333336,782.6666666666666,5.333333333333333,5.555555555555555,5.277777777777778,8.5,0.1875
6,29.0,13.793103448275861,82.92271105826396,30.517241379310345,108.45659928656364,5.793103448275862,2.206896551724138,0.9666666666666667
7,26.0,16.115384615384617,61.3328402366864,34.07692307692308,83.84023668639053,5.5,2.423076923076923,0.9285714285714286
8,12.0,22.166666666666668,117.30555555555556,16.166666666666668,528.6388888888888,6.583333333333333,1.9166666666666667,0.3076923076923077
9,24.0,39.291666666666664,801.7899305555555,36.625,224.734375,6.041666666666667,5.166666666666667,0.3380281690140845
10,20.0,12.7,39.910000000000004,31.6,95.24000000000002,4.7,1.6,0.9523809523809523
11,19.0,4.684210526315789,12.531855955678674,22.894736842105264,25.25207756232687,5.894736842105263,7.631578947368421,1.7272727272727273
12,6.0,29.666666666666668,93.88888888888887,18.333333333333332,1087.2222222222224,6.333333333333333,0.8333333333333334,0.20689655172413793
13,27.0,22.74074074074074,107.15500685871058,29.59259259259259,1081.9451303155006,6.62962962962963,2.1481481481481484,0.6923076923076923
14,13.0,5.230769230769231,5.254437869822484,21.76923076923077,19.562130177514796,5.3076923076923075,7.461538461538462,1.4444444444444444
15,7.0,19.428571428571427,94.81632653061224,27.0,556.2857142857143,7.285714285714286,1.2857142857142858,0.22580645161290322
16,20.0,16.15,75.5275,34.0,85.7,5.65,2.3,0.7142857142857143
17,27.0,23.37037037037037,154.30727023319616,28.962962962962962,1131.59122085048,6.592592592592593,2.074074074074074,0.7297297297297297
18,14.0,8.785714285714286,37.88265306122448,79.78571428571429,114.3112244897959,7.214285714285714,1.0714285714285714,0.7
19,19.0,32.0,578.6315789473684,40.21052631578947,145.95567867036007,5.368421052631579,5.7368421052631575,0.2753623188405797
20,25.0,43.96,762.4384,37.24,226.2624,5.4,5.48,0.31645569620253167
21,22.0,55.0,648.3636363636364,4.909090909090909,8.082644628099175,5.0,8.181818181818182,0.2619047619047619
22,5.0,27.6,78.64,21.0,220.4,7.4,1.2,0.2
23,12.0,15.166666666666666,71.80555555555556,32.416666666666664,111.0763888888889,5.0,2.25,0.5
24,7.0,11.285714285714286,17.346938775510203,84.0,108.28571428571429,7.285714285714286,1.1428571428571428,0.4666666666666667
25,24.0,52.75,943.8541666666666,5.5,6.583333333333333,4.791666666666667,8.625,0.24742268041237114
26,9.0,33.44444444444444,556.0246913580247,33.55555555555556,185.58024691358025,5.111111111111111,5.444444444444445,0.15789473684210525
27,22.0,5.181818181818182,7.148760330578512,23.09090909090909,14.90082644628099,5.636363636363637,7.454545454545454,2.0
28,26.0,37.38461538461539,317.0828402366863,39.11538461538461,211.94822485207106,5.769230769230769,5.3076923076923075,0.5098039215686274
29,27.0,17.48148148148148,64.54595336076818,32.074074074074076,96.43895747599453,5.814814814814815,1.7777777777777777,0.9642857142857143
30,14.0,20.571428571428573,117.53061224489795,39.857142857142854,1453.1224489795918,7.071428571428571,1.7142857142857142,0.4117647058823529
31,7.0,3.7142857142857144,9.918367346938776,25.142857142857142,13.551020408163264,5.428571428571429,6.857142857142857,0.7777777777777778
32,26.0,18.23076923076923,147.792899408284,35.0,1393.4615384615386,6.6923076923076925,2.1153846153846154,0.6666666666666666
33,16.0,16.75,61.1875,32.625,102.609375,4.625,2.0625,0.5925925925925926
34,30.0,14.166666666666666,75.53888888888888,30.8,106.35999999999997,4.766666666666667,1.9,0.967741935483871
35,17.0,43.294117647058826,586.560553633218,41.1764705882353,292.26297577854666,6.588235294117647,5.647058823529412,0.26153846153846155
36,16.0,5.375,14.234375,23.3125,23.21484375,5.625,7.625,1.4545454545454546
37,25.0,20.0,139.44,29.96,972.3584000000001,7.0,2.2,0.6097560975609756
38,8.0,25.375,130.734375,45.125,1185.859375,7.375,1.5,0.25806451612903225
39,9.0,28.333333333333332,134.66666666666666,47.0,1302.0,6.777777777777778,2.4444444444444446,0.24324324324324326
40,8.0,8.75,51.1875,75.125,51.359375,6.25,1.25,0.38095238095238093
41,8.0,4.125,10.109375,22.375,34.984375,5.0,7.25,0.8
42,23.0,42.43478260869565,1240.9413988657845,31.434782608695652,265.89792060491493,5.3478260869565215,5.434782608695652,0.27710843373493976
43,14.0,8.285714285714286,37.3469387755102,75.57142857142857,119.95918367346938,7.0,1.0714285714285714,0.7368421052631579
44,12.0,6.083333333333333,32.90972222222222,80.25,88.02083333333333,6.75,0.9166666666666666,0.7058823529411765
45,24.0,4.5,9.75,22.125,20.942708333333332,5.708333333333333,7.125,2.1818181818181817
46,19.0,18.157894736842106,177.18559556786704,26.157894736842106,889.5013850415512,7.842105263157895,2.1578947368421053,0.4634146341463415
47,8.0,55.625,1029.734375,5.875,7.359375,6.5,8.25,0.08791208791208792
48,24.0,40.041666666666664,943.7899305555557,5.708333333333333,5.789930555555557,5.375,8.666666666666666,0.24
49,14.0,7.5,31.535714285714285,78.78571428571429,147.02551020408166,7.0,0.9285714285714286,0.7
50,5.0,8.4,38.64,82.2,74.16,7.0,1.0,0.2631578947368421
51,10.0,11.8,43.760000000000005,30.7,143.20999999999998,5.4,1.6,0.38461538461538464
52,17.0,46.64705882352941,412.8166089965398,29.11764705882353,238.57439446366783,5.235294117647059,5.470588235294118,0.29310344827586204
53,7.0,61.0,692.8571428571429,3.857142857142857,7.836734693877552,4.428571428571429,8.714285714285714,0.08433734939759036
54,19.0,45.89473684210526,918.5152354570637,35.578947368421055,159.29639889196676,6.2105263157894735,5.684210526315789,0.24050632911392406
55,9.0,4.777777777777778,9.28395061728395,23.555555555555557,9.358024691358025,5.333333333333333,7.555555555555555,0.8181818181818182
56,8.0,27.5,204.25,27.25,1206.6875,7.0,1.5,0.21052631578947367
57,30.0,18.966666666666665,157.96555555555557,22.966666666666665,556.4322222222222,6.433333333333334,1.3,0.7317073170731707
58,19.0,15.842105263157896,81.92243767313022,31.736842105263158,111.98337950138507,5.7368421052631575,2.0526315789473686,0.6551724137931034
59,11.0,50.0,425.09090909090907,35.90909090909091,229.900826446281,4.454545454545454,5.0,0.19298245614035087
60,6.0,29.666666666666668,121.8888888888889,62.833333333333336,713.1388888888888,7.666666666666667,2.3333333333333335,0.17647058823529413
61,17.0,50.529411764705884,373.54325259515576,39.470588235294116,110.71972318339101,4.176470588235294,5.588235294117647,0.288135593220339
62,12.0,48.916666666666664,481.0763888888889,43.75,115.35416666666667,4.5,4.666666666666667,0.21428571428571427
63,6.0,53.5,1146.9166666666667,8.0,3.6666666666666665,5.5,8.5,0.06382978723404255
64,11.0,59.18181818181818,441.6033057851239,5.363636363636363,9.685950413223141,6.363636363636363,7.909090909090909,0.15714285714285714
65,25.0,4.2,11.440000000000003,22.8,26.96,5.28,7.56,2.272727272727273
66,14.0,12.357142857142858,31.08673469387755,78.64285714285714,69.80102040816328,7.142857142857143,1.0714285714285714,0.7777777777777778
67,17.0,44.1764705882353,264.2629757785467,31.647058823529413,262.4636678200692,5.9411764705882355,5.176470588235294,0.3617021276595745
68,20.0,11.9,71.78999999999999,30.05,104.6475,5.85,2.3,0.6896551724137931
69,24.0,13.208333333333334,71.91493055555554,38.208333333333336,71.16493055555556,6.125,2.25,0.8275862068965517
70,21.0,11.285714285714286,26.87074829931973,79.57142857142857,119.19727891156465,6.666666666666667,1.0,1.105263157894737
71,10.0,22.5,115.85,31.6,1172.84,6.4,2.4,0.29411764705882354
72,23.0,49.391304347826086,803.3686200378073,5.6521739130434785,6.661625708884686,6.304347826086956,8.73913043478261,0.24468085106382978
73,12.0,3.6666666666666665,10.055555555555557,21.25,14.6875,5.75,8.666666666666666,1.0909090909090908
74,25.0,43.56,340.8864,35.08,264.0736,4.68,4.88,0.44642857142857145
75,10.0,14.3,79.41,32.3,592.21,6.4,1.8,0.3448275862068966
76,12.0,10.416666666666666,53.40972222222222,78.58333333333333,100.90972222222223,7.083333333333333,1.1666666666666667,0.6
77,21.0,10.80952380952381,36.34467120181406,77.38095238095238,142.90249433106575,6.761904761904762,1.0952380952380953,1.0
78,11.0,10.090909090909092,30.62809917355372,87.9090909090909,114.9917355371901,6.818181818181818,1.3636363636363635,0.6875
79,24.0,14.333333333333334,79.6388888888889,31.375,92.90104166666667,5.083333333333333,2.3333333333333335,0.7741935483870968
80,26.0,9.384615384615385,34.69822485207101,80.73076923076923,145.81213017751477,6.846153846153846,1.0,1.2380952380952381
81,17.0,19.764705882352942,139.2387543252595,46.05882352941177,1186.878892733564,6.647058823529412,2.235294117647059,0.425
82,12.0,58.5,1008.0833333333334,4.583333333333333,5.909722222222222,5.75,8.75,0.12371134020618557
83,21.0,52.23809523809524,697.7052154195012,6.0476190476190474,10.045351473922903,5.333333333333333,8.428571428571429,0.22105263157894736
84,22.0,23.863636363636363,182.57231404958682,27.59090909090909,816.0599173553718,7.636363636363637,2.090909090909091,0.5365853658536586
85,22.0,12.363636363636363,64.77685950413223,35.40909090909091,113.51446280991735,6.409090909090909,1.6363636363636365,0.8461538461538461
86,29.0,34.93103448275862,903.5124851367422,38.93103448275862,241.37455410225922,5.931034482758621,5.0,0.3815789473684211
87,18.0,46.77777777777778,534.5061728395062,35.611111111111114,247.01543209876542,5.611111111111111,5.111111111111111,0.2857142857142857
88,27.0,12.88888888888889,66.76543209876543,35.44444444444444,107.06172839506172,5.7407407407407405,1.8518518518518519,0.9
89,28.0,42.892857142857146,760.4528061224489,30.214285714285715,269.3826530612245,4.928571428571429,4.535714285714286,0.3684210526315789
90,24.0,45.166666666666664,1142.4722222222224,5.958333333333333,8.206597222222223,4.833333333333333,8.333333333333334,0.24
91,5.0,5.8,14.160000000000002,18.8,10.16,4.8,7.4,0.45454545454545453
92,30.0,8.6,29.040000000000003,79.93333333333334,180.92888888888893,6.933333333333334,0.7666666666666667,1.6666666666666667
93,12.0,9.916666666666666,23.743055555555557,79.33333333333333,116.3888888888889,6.583333333333333,0.6666666666666666,0.75
94,18.0,23.88888888888889,142.2098765432099,24.0,684.2222222222222,7.444444444444445,2.111111111111111,0.5
95,15.0,49.93333333333333,748.0622222222222,30.8,208.69333333333333,7.0,3.6666666666666665,0.2
96,21.0,46.80952380952381,863.4875283446712,6.714285714285714,4.680272108843537,4.714285714285714,8.523809523809524,0.22580645161290322
97,22.0,5.409090909090909,10.787190082644626,22.318181818181817,21.30785123966942,5.909090909090909,7.363636363636363,2.0
98,14.0,19.857142857142858,165.83673469387756,34.785714285714285,1206.4540816326532,6.142857142857143,1.8571428571428572,0.3684210526315789
99,15.0,35.46666666666667,663.9822222222222,36.8,298.82666666666665,5.133333333333334,4.933333333333334,0.23076923076923078
100,7.0,5.571428571428571,31.95918367346939,78.14285714285714,186.69387755102045,6.714285714285714,0.8571428571428571,0.4375
101,5.0,17.2,139.76000000000002,35.6,51.84000000000001,7.4,1.8,0.1724137931034483
102,20.0,4.8,7.960000000000001,23.9,20.18999999999999,5.45,8.2,2.0
103,13.0,26.692307692307693,619.2899408284023,38.61538461538461,206.39053254437871,6.230769230769231,5.153846153846154,0.2
104,10.0,5.9,7.290000000000001,25.3,19.409999999999997,5.2,6.9,1.0
105,25.0,44.0,834.0,6.16,6.054399999999999,6.04,8.88,0.2840909090909091
106,25.0,9.68,31.017599999999998,75.32,127.49760000000002,7.72,0.88,1.1904761904761905
107,30.0,17.366666666666667,85.0988888888889,33.333333333333336,88.62222222222223,5.233333333333333,2.0,0.967741935483871
108,11.0,3.909090909090909,9.173553719008265,22.636363636363637,25.140495867768596,5.7272727272727275,7.0,1.1
109,24.0,17.708333333333332,77.87326388888887,32.375,122.90104166666667,5.125,1.7916666666666667,0.8
110,17.0,23.941176470588236,140.64359861591697,32.94117647058823,1309.5847750865053,6.9411764705882355,2.1176470588235294,0.4358974358974359
111,17.0,11.058823529411764,39.70242214532872,74.41176470588235,133.0657439446367,6.705882352941177,1.0588235294117647,0.8095238095238095
112,28.0,45.857142857142854,179.62244897959187,34.607142857142854,248.452806122449,4.928571428571429,5.571428571428571,0.5833333333333334
113,25.0,50.52,975.5296000000001,5.76,4.982399999999999,4.96,8.52,0.25252525252525254
114,28.0,13.928571428571429,72.06632653061224,32.892857142857146,99.73852040816327,6.214285714285714,2.392857142857143,0.9032258064516129
115,5.0,8.2,4.959999999999999,18.6,4.24,4.8,7.6,0.7142857142857143
116,7.0,26.714285714285715,137.6326530612245,16.142857142857142,566.4081632653061,6.571428571428571,1.2857142857142858,0.1891891891891892
117,8.0,15.625,61.734375,14.5,246.0,6.75,2.625,0.3333333333333333
118,30.0,48.5,758.9833333333333,5.6,7.106666666666667,5.3,8.233333333333333,0.297029702970297
119,12.0,50.833333333333336,364.3055555555555,30.416666666666668,196.74305555555557,4.5,4.333333333333333,0.22641509433962265
120,23.0,9.956521739130435,42.91115311909262,77.65217391304348,172.1398865784499,7.434782608695652,1.0,1.15
121,30.0,49.06666666666667,829.0622222222223,5.766666666666667,7.978888888888887,4.8,8.233333333333333,0.30303030303030304
122,22.0,48.95454545454545,726.3161157024792,6.909090909090909,6.264462809917355,5.909090909090909,9.045454545454545,0.23655913978494625
123,13.0,49.0,850.6153846153846,4.384615384615385,4.544378698224852,5.615384615384615,8.846153846153847,0.14130434782608695
124,18.0,51.77777777777778,871.0617283950618,6.388888888888889,9.015432098765434,5.722222222222222,8.166666666666666,0.1836734693877551
125,18.0,13.5,88.02777777777777,34.666666666666664,99.55555555555559,5.833333333333333,1.7777777777777777,0.6206896551724138
126,8.0,17.25,56.4375,34.25,139.4375,4.125,2.125,0.3076923076923077
127,6.0,15.333333333333334,164.55555555555554,4.833333333333333,59.13888888888889,8.833333333333334,1.6666666666666667,0.15384615384615385
128,22.0,11.409090909090908,65.87809917355375,30.954545454545453,82.40702479338844,6.2272727272727275,1.5909090909090908,0.7096774193548387
129,30.0,36.53333333333333,557.5822222222222,29.366666666666667,223.03222222222217,5.366666666666666,5.5,0.40540540540540543
130,25.0,8.52,29.0496,78.84,145.65439999999998,6.4,1.08,1.1904761904761905
131,27.0,21.88888888888889,160.98765432098767,40.074074074074076,1301.846364883402,7.518518518518518,2.1481481481481484,0.6585365853658537
132,17.0,9.705882352941176,33.384083044982695,78.94117647058823,124.40830449826993,7.470588235294118,1.0588235294117647,0.85
133,14.0,4.928571428571429,10.209183673469388,21.928571428571427,21.637755102040817,5.714285714285714,7.357142857142857,1.2727272727272727
134,21.0,5.333333333333333,10.412698412698413,20.761904761904763,19.038548752834465,5.238095238095238,7.238095238095238,1.9090909090909092
135,10.0,4.8,8.559999999999999,23.2,17.160000000000004,5.0,6.5,1.0
136,30.0,10.8,35.42666666666667,82.3,104.01,7.0,1.1666666666666667,1.5
137,21.0,41.57142857142857,586.7210884353742,5.571428571428571,9.387755102040815,5.190476190476191,8.571428571428571,0.21212121212121213
138,28.0,16.535714285714285,116.46301020408164,25.428571428571427,862.9591836734697,6.0,2.0,0.7777777777777778
139,28.0,17.071428571428573,80.63775510204083,34.892857142857146,122.80994897959185,7.142857142857143,1.8928571428571428,0.9655172413793104
140,17.0,51.529411764705884,1012.9550173010381,3.588235294117647,9.183391003460207,5.352941176470588,8.117647058823529,0.19101123595505617
141,14.0,4.5,10.678571428571429,22.071428571428573,15.494897959183675,5.571428571428571,7.142857142857143,1.4
142,15.0,17.8,55.76,41.6,77.83999999999999,3.933333333333333,1.6,0.5555555555555556
143,29.0,51.724137931034484,1093.9928656361474,6.172413793103448,6.901307966706301,4.551724137931035,8.379310344827585,0.29
144,9.0,53.44444444444444,1042.6913580246912,6.666666666666667,7.777777777777778,5.555555555555555,8.11111111111111,0.10975609756097561
145,19.0,9.0,27.36842105263158,83.3157894736842,117.4792243767313,7.052631578947368,0.8947368421052632,1.0
146,17.0,9.705882352941176,27.854671280276815,79.11764705882354,163.04498269896192,6.705882352941177,0.7647058823529411,0.8947368421052632
147,27.0,44.77777777777778,677.4320987654323,33.2962962962963,223.83813443072705,5.62962962962963,5.222222222222222,0.375
148,18.0,14.777777777777779,103.61728395061728,47.27777777777778,1416.9783950617284,6.222222222222222,1.6111111111111112,0.5454545454545454
149,8.0,8.125,29.109375,77.25,117.6875,6.25,1.0,0.47058823529411764
150,5.0,18.4,56.24000000000001,31.4,106.64000000000001,7.6,0.8,0.20833333333333334
151,9.0,13.222222222222221,84.61728395061729,38.44444444444444,90.0246913580247,6.0,2.5555555555555554,0.3103448275862069
152,25.0,15.8,97.59999999999998,31.2,77.11999999999999,4.76,1.04,0.8064516129032258
153,15.0,14.666666666666666,72.48888888888888,35.93333333333333,89.79555555555558,6.6,1.4,0.5555555555555556
154,10.0,19.4,133.83999999999997,9.2,143.35999999999999,5.2,2.1,0.2857142857142857
155,17.0,19.294117647058822,145.26643598615917,34.294117647058826,1126.4429065743946,7.0588235294117645,2.0,0.4146341463414634
156,5.0,22.8,69.75999999999999,52.2,799.3599999999999,6.8,2.8,0.20833333333333334
157,11.0,15.181818181818182,60.512396694214864,34.18181818181818,128.3305785123967,4.2727272727272725,1.5454545454545454,0.4230769230769231
158,12.0,19.083333333333332,77.90972222222221,32.75,63.6875,5.083333333333333,2.5,0.42857142857142855
159,26.0,19.153846153846153,171.82248520710058,26.076923076923077,1163.378698224852,6.6923076923076925,2.1923076923076925,0.6666666666666666
160,26.0,46.11538461538461,776.0251479289941,30.346153846153847,214.22633136094677,5.576923076923077,4.615384615384615,0.3333333333333333
161,14.0,47.714285714285715,636.2040816326532,5.5,9.821428571428571,4.928571428571429,8.428571428571429,0.1686746987951807
162,14.0,17.428571428571427,182.9591836734694,26.428571428571427,826.8163265306122,6.5,1.8571428571428572,0.3684210526315789
163,12.0,5.416666666666667,7.409722222222221,21.166666666666668,13.138888888888891,5.416666666666667,7.083333333333333,1.2
164,18.0,5.055555555555555,11.052469135802468,22.555555555555557,18.24691358024691,5.611111111111111,7.277777777777778,1.6363636363636365
165,29.0,13.068965517241379,72.54696789536266,31.0,100.6896551724138,7.344827586206897,2.1724137931034484,1.0740740740740742
166,20.0,3.8,7.06,23.35,24.9275,5.7,7.05,2.2222222222222223
167,9.0,12.88888888888889,81.4320987654321,31.666666666666668,180.0,6.777777777777778,2.111111111111111,0.3333333333333333
168,29.0,5.0344827586206895,11.205707491082043,23.379310344827587,20.787158145065394,5.827586206896552,7.586206896551724,2.6363636363636362
169,28.0,8.964285714285714,33.17729591836734,74.96428571428571,140.39158163265304,7.285714285714286,1.1071428571428572,1.3333333333333333
170,17.0,10.529411764705882,36.719723183391004,81.6470588235294,126.22837370242215,7.411764705882353,1.1764705882352942,0.8947368421052632
171,29.0,45.06896551724138,834.615933412604,6.275862068965517,7.0273483947681346,5.344827586206897,8.241379310344827,0.30526315789473685
172,9.0,11.444444444444445,18.024691358024693,85.77777777777777,28.39506172839506,7.222222222222222,1.3333333333333333,0.6428571428571429
173,22.0,10.318181818181818,28.944214876033058,78.0909090909091,173.7190082644628,7.5,0.9545454545454546,1.0476190476190477
174,15.0,5.333333333333333,13.155555555555559,21.866666666666667,16.782222222222224,4.933333333333334,7.866666666666666,1.3636363636363635
175,10.0,12.8,64.36,33.2,57.15999999999999,3.2,2.7,0.4
176,23.0,4.478260869565218,9.814744801512285,24.043478260869566,17.780718336483933,5.391304347826087,7.782608695652174,2.090909090909091
177,29.0,53.724137931034484,858.8204518430441,5.275862068965517,6.544589774078478,5.413793103448276,8.724137931034482,0.3020833333333333
178,14.0,4.571428571428571,9.959183673469386,22.071428571428573,19.494897959183675,5.357142857142857,7.642857142857143,1.2727272727272727
179,14.0,16.642857142857142,58.80102040816327,30.5,92.67857142857143,5.142857142857143,2.142857142857143,0.5185185185185185
180,29.0,14.517241379310345,59.00832342449465,35.172413793103445,77.8668252080856,6.413793103448276,2.0689655172413794,0.9354838709677419
181,9.0,8.777777777777779,20.395061728395063,78.33333333333333,91.11111111111111,7.444444444444445,1.1111111111111112,0.5625
182,5.0,15.0,54.8,34.2,40.56,6.4,2.4,0.22727272727272727
183,13.0,13.307692307692308,23.28994082840237,81.07692307692308,117.14792899408283,6.6923076923076925,1.2307692307692308,0.7647058823529411
184,17.0,10.764705882352942,39.5916955017301,76.05882352941177,122.29065743944636,6.764705882352941,0.9411764705882353,0.85
185,28.0,12.892857142857142,29.309948979591837,79.85714285714286,125.55102040816328,7.071428571428571,1.0714285714285714,1.3333333333333333
186,25.0,14.36,66.6304,32.48,97.92960000000001,6.12,2.24,0.9259259259259259
187,15.0,5.466666666666667,10.782222222222222,21.933333333333334,16.46222222222222,5.066666666666666,7.0,1.3636363636363635
188,17.0,47.11764705882353,797.7508650519031,5.588235294117647,6.47750865051903,5.0,8.058823529411764,0.1827956989247312
189,18.0,30.72222222222222,586.4228395061729,26.944444444444443,256.16358024691357,6.055555555555555,4.388888888888889,0.2727272727272727
190,14.0,6.428571428571429,6.816326530612245,20.642857142857142,22.943877551020403,6.0,7.642857142857143,1.5555555555555556
191,5.0,4.2,7.760000000000001,21.0,11.2,5.8,7.8,0.625
192,29.0,54.37931034482759,866.3043995243759,5.620689655172414,7.959571938168847,5.0,8.620689655172415,0.29591836734693877
193,8.0,6.375,5.984375,22.625,28.984375,5.875,7.125,1.1428571428571428
194,16.0,68.75,547.5625,4.625,7.734375,5.8125,8.625,0.16666666666666666
195,27.0,14.814814814814815,68.59533607681755,31.14814814814815,98.27434842249657,4.7407407407407405,2.2222222222222223,0.8709677419354839
196,29.0,54.172413793103445,1186.4875148632582,5.068965517241379,5.236623067776455,5.068965517241379,8.379310344827585,0.29
197,22.0,4.954545454545454,10.770661157024792,24.818181818181817,19.694214876033058,5.045454545454546,7.136363636363637,2.0
198,15.0,5.133333333333334,9.715555555555556,23.266666666666666,22.728888888888893,5.333333333333333,7.066666666666666,1.3636363636363635
199,20.0,8.7,35.91,76.0,98.4,6.9,0.9,1.0526315789473684
200,17.0,11.176470588235293,64.38062283737024,86.47058823529412,74.36678200692042,6.352941176470588,1.0588235294117647,0.8095238095238095
201,19.0,22.36842105263158,77.39058171745152,30.63157894736842,1401.601108033241,6.578947368421052,1.894736842105263,0.59375
202,18.0,52.333333333333336,752.4444444444445,6.222222222222222,10.39506172839506,4.888888888888889,8.722222222222221,0.23076923076923078
203,6.0,18.5,32.25,26.833333333333332,153.13888888888889,5.666666666666667,2.3333333333333335,0.35294117647058826
204,20.0,35.0,793.5,4.45,10.8475,4.9,8.2,0.20833333333333334
205,25.0,45.64,604.7104,34.8,186.96,4.64,4.72,0.352112676056338
206,15.0,10.866666666666667,31.848888888888887,85.26666666666667,132.32888888888888,6.466666666666667,1.3333333333333333,0.7142857142857143
207,12.0,49.666666666666664,738.5555555555557,5.916666666666667,7.076388888888888,5.5,8.416666666666666,0.12631578947368421
208,18.0,17.0,134.88888888888889,16.72222222222222,201.97839506172838,6.166666666666667,1.9444444444444444,0.43902439024390244
209,6.0,8.5,48.583333333333336,77.16666666666667,66.1388888888889,7.666666666666667,1.3333333333333333,0.3
210,18.0,4.388888888888889,10.682098765432098,22.833333333333332,11.805555555555552,5.333333333333333,7.333333333333333,1.8
211,29.0,28.620689655172413,942.5112960760999,32.13793103448276,258.4637336504162,4.9655172413793105,5.379310344827586,0.37662337662337664
212,22.0,5.7272727272727275,8.743801652892564,22.272727272727273,18.198347107438018,5.136363636363637,7.090909090909091,2.0
213,24.0,24.291666666666668,165.70659722222226,21.125,682.109375,7.0,2.0416666666666665,0.6
214,18.0,16.27777777777778,93.97839506172839,31.833333333333332,130.02777777777777,4.333333333333333,1.8888888888888888,0.6206896551724138
215,12.0,54.666666666666664,962.5555555555555,33.25,214.52083333333334,8.416666666666666,5.25,0.1518987341772152
216,25.0,46.76,1021.0624000000003,34.68,169.49760000000003,5.88,4.48,0.30120481927710846
217,11.0,16.818181818181817,161.42148760330576,26.272727272727273,1039.6528925619837,6.545454545454546,1.7272727272727273,0.275
218,19.0,20.68421052631579,112.11080332409972,33.421052631578945,1147.1911357340718,6.631578947368421,1.5789473684210527,0.48717948717948717
219,18.0,48.333333333333336,1022.6666666666669,5.166666666666667,8.694444444444445,4.722222222222222,8.333333333333334,0.18947368421052632
220,14.0,15.5,6.678571428571429,80.0,122.71428571428571,6.142857142857143,0.8571428571428571,1.4
221,13.0,21.53846153846154,110.09467455621302,32.61538461538461,1384.0828402366863,6.461538461538462,2.5384615384615383,0.34210526315789475
222,29.0,18.586206896551722,152.7253269916766,39.310344827586206,1195.8692033293696,6.724137931034483,2.0,0.7073170731707317
223,30.0,7.366666666666666,43.8988888888889,80.7,141.34333333333333,6.866666666666666,1.1333333333333333,1.4285714285714286
224,17.0,44.1764705882353,807.6747404844291,4.9411764705882355,6.996539792387543,5.470588235294118,8.705882352941176,0.17525773195876287
225,25.0,39.64,755.9904000000001,32.2,220.48,4.24,5.64,0.3246753246753247
226,16.0,7.75,32.0625,81.75,130.0625,8.1875,0.875,0.8
227,18.0,13.944444444444445,82.83024691358024,32.666666666666664,122.88888888888886,5.111111111111111,1.3888888888888888,0.6428571428571429
228,8.0,29.625,927.234375,41.5,292.75,6.0,4.625,0.1038961038961039
229,21.0,47.904761904761905,613.4195011337868,4.619047619047619,8.616780045351472,4.666666666666667,8.761904761904763,0.23076923076923078
230,14.0,10.285714285714286,34.3469387755102,77.71428571428571,75.34693877551021,6.928571428571429,1.0,0.6666666666666666
231,30.0,17.3,84.47666666666666,33.7,88.60999999999999,5.633333333333334,1.5333333333333334,0.967741935483871
232,7.0,6.571428571428571,17.95918367346939,85.57142857142857,111.38775510204083,7.428571428571429,1.1428571428571428,0.5833333333333334
233,13.0,20.923076923076923,126.07100591715974,53.0,1001.0769230769231,6.6923076923076925,1.6923076923076923,0.34210526315789475
234,28.0,15.714285714285714,180.27551020408168,23.607142857142858,723.5242346938775,7.392857142857143,1.9285714285714286,0.6829268292682927
235,9.0,60.666666666666664,961.3333333333335,5.222222222222222,7.728395061728394,5.333333333333333,8.777777777777779,0.10588235294117647
236,6.0,15.5,61.916666666666664,34.833333333333336,59.138888888888886,8.166666666666666,2.6666666666666665,0.2857142857142857
237,15.0,14.266666666666667,77.2622222222222,30.733333333333334,46.86222222222222,6.666666666666667,1.6,0.5769230769230769
238,27.0,50.03703703703704,816.4801097393689,5.666666666666667,8.666666666666666,5.037037037037037,8.333333333333334,0.2872340425531915
239,23.0,21.26086956521739,140.80151228733456,35.34782608695652,880.9224952741021,6.826086956521739,2.0,0.5609756097560976
240,25.0,10.48,36.329600000000006,82.68,149.57760000000002,7.4,0.84,1.1904761904761905
241,7.0,7.142857142857143,41.265306122448976,82.14285714285714,203.5510204081633,6.857142857142857,1.1428571428571428,0.35
242,18.0,4.833333333333333,10.13888888888889,22.11111111111111,26.209876543209877,5.388888888888889,6.777777777777778,1.6363636363636365
243,20.0,19.3,132.91000000000003,40.05,1162.1475000000003,7.6,2.35,0.5714285714285714
244,30.0,46.46666666666667,948.5155555555555,6.2,10.693333333333335,6.233333333333333,8.866666666666667,0.3
245,25.0,4.8,10.48,22.8,10.4,5.72,7.48,2.272727272727273
246,13.0,32.15384615384615,275.05325443786984,5.384615384615385,6.390532544378699,4.076923076923077,8.615384615384615,0.23636363636363636
247,10.0,23.5,109.05,43.7,1110.0099999999998,6.5,1.1,0.2857142857142857
248,12.0,4.416666666666667,10.909722222222221,22.5,19.416666666666668,6.416666666666667,7.333333333333333,1.2
249,11.0,30.818181818181817,741.0578512396695,27.09090909090909,144.9917355371901,6.0,4.909090909090909,0.18333333333333332
250,23.0,52.30434782608695,978.124763705104,5.478260869565218,9.293005671077504,5.869565217391305,8.695652173913043,0.23958333333333334
251,15.0,11.4,30.506666666666668,74.6,139.17333333333332,8.066666666666666,1.0,0.8823529411764706
252,14.0,15.214285714285714,84.5969387755102,27.571428571428573,67.95918367346938,3.5714285714285716,1.7857142857142858,0.5
253,14.0,10.642857142857142,34.22959183673469,76.42857142857143,155.53061224489798,6.857142857142857,1.3571428571428572,0.6666666666666666
254,16.0,17.5625,435.37109375,29.625,225.859375,4.9375,4.625,0.3137254901960784
255,19.0,5.0,6.526315789473684,20.894736842105264,24.72576177285319,5.157894736842105,6.842105263157895,1.9
256,27.0,9.74074074074074,37.00685871056241,78.92592592592592,142.4389574759945,7.111111111111111,1.2962962962962963,1.35
257,20.0,39.05,496.74750000000006,32.5,310.35,4.8,5.4,0.3076923076923077
258,5.0,34.2,700.1600000000001,36.4,115.83999999999999,6.6,3.8,0.07246376811594203
259,6.0,34.166666666666664,415.1388888888889,32.666666666666664,305.22222222222223,6.333333333333333,5.5,0.10909090909090909
260,28.0,21.5,144.96428571428572,31.392857142857142,1124.8813775510205,7.214285714285714,1.6428571428571428,0.717948717948718
261,8.0,37.75,709.4375,34.875,284.359375,6.875,4.375,0.11764705882352941
262,18.0,16.555555555555557,67.1358024691358,33.77777777777778,93.50617283950619,4.666666666666667,2.388888888888889,0.6428571428571429
263,20.0,17.55,71.94749999999998,30.85,70.32749999999999,4.3,1.65,0.6451612903225806
264,18.0,55.611111111111114,643.7932098765433,5.166666666666667,5.249999999999998,5.555555555555555,8.222222222222221,0.1978021978021978
265,15.0,14.4,61.306666666666665,33.46666666666667,122.6488888888889,5.4,2.933333333333333,0.5769230769230769
266,8.0,14.25,71.1875,30.625,1273.984375,6.625,2.375,0.2962962962962963
267,11.0,20.09090909090909,562.6280991735537,38.36363636363637,272.2314049586777,4.545454545454546,5.2727272727272725,0.1746031746031746
268,18.0,17.166666666666668,66.47222222222223,28.77777777777778,118.28395061728396,5.0,2.2777777777777777,0.72
269,24.0,4.416666666666667,10.409722222222223,23.083333333333332,19.576388888888886,5.5,7.25,2.1818181818181817
270,22.0,48.36363636363637,955.504132231405,4.7272727272727275,10.380165289256196,4.5,8.727272727272727,0.21782178217821782
271,7.0,29.285714285714285,565.9183673469387,37.714285714285715,212.48979591836732,6.0,5.142857142857143,0.11475409836065574
272,28.0,10.821428571428571,25.78954081632653,79.75,159.90178571428572,6.5,0.8214285714285714,1.4
273,15.0,11.4,38.77333333333333,77.53333333333333,169.31555555555556,6.533333333333333,0.8666666666666667,0.75
274,24.0,4.833333333333333,10.222222222222223,22.166666666666668,25.722222222222214,5.708333333333333,7.25,2.1818181818181817
275,12.0,15.083333333333334,91.90972222222223,30.666666666666668,88.3888888888889,3.5,1.1666666666666667,0.3870967741935484
276,30.0,5.6,10.440000000000001,21.933333333333334,22.39555555555555,5.066666666666666,7.233333333333333,2.727272727272727
277,19.0,20.210526315789473,171.00831024930747,31.63157894736842,1085.81163434903,7.315789473684211,1.8421052631578947,0.48717948717948717
278,13.0,63.23076923076923,749.2544378698223,6.384615384615385,11.775147928994084,5.615384615384615,8.307692307692308,0.15476190476190477
279,7.0,10.428571428571429,24.244897959183675,85.85714285714286,36.12244897959183,8.571428571428571,1.0,0.4117647058823529
280,16.0,20.75,105.9375,30.9375,1007.30859375,7.0,1.6875,0.45714285714285713
281,16.0,40.5,494.0,39.0625,259.55859375,5.0,4.4375,0.25
282,26.0,16.96153846153846,133.80621301775147,29.884615384615383,1002.7174556213017,6.961538461538462,2.0,0.65
283,13.0,18.076923076923077,50.68639053254438,30.846153846153847,57.05325443786982,4.6923076923076925,2.076923076923077,0.5416666666666666
284,23.0,12.956521739130435,86.47637051039698,29.91304347826087,124.60113421550098,4.6521739130434785,2.0,0.7666666666666667
285,22.0,16.59090909090909,60.42355371900826,31.045454545454547,89.49793388429752,6.681818181818182,2.3636363636363638,0.7586206896551724
286,20.0,4.8,12.86,22.85,21.2275,5.4,7.65,1.8181818181818181
287,15.0,3.933333333333333,5.795555555555555,21.6,14.373333333333335,5.666666666666667,6.4,1.6666666666666667
288,10.0,55.0,420.8,4.4,7.24,4.2,8.6,0.13513513513513514
289,16.0,18.6875,136.46484375,36.25,1508.1875,7.9375,2.1875,0.4
290,7.0,64.71428571428571,160.77551020408166,29.142857142857142,194.97959183673467,4.285714285714286,3.5714285714285716,0.175
291,27.0,53.407407407407405,874.6117969821674,4.7407407407407405,5.969821673525376,5.888888888888889,8.851851851851851,0.29347826086956524
292,23.0,12.08695652173913,80.42722117202268,30.782608695652176,75.21361058601134,5.869565217391305,2.4347826086956523,0.7666666666666667
293,24.0,7.541666666666667,32.331597222222214,83.79166666666667,159.3315972222222,6.416666666666667,1.0,1.2
294,27.0,41.03703703703704,720.5541838134428,36.111111111111114,239.06172839506166,6.37037037037037,5.7407407407407405,0.39705882352941174
295,9.0,12.777777777777779,25.950617283950617,84.11111111111111,162.98765432098764,7.444444444444445,1.2222222222222223,0.6
296,7.0,14.571428571428571,48.53061224489796,38.57142857142857,139.9591836734694,6.285714285714286,2.7142857142857144,0.28
297,29.0,13.827586206896552,94.83234244946495,35.62068965517241,145.75267538644468,5.9655172413793105,1.7241379310344827,0.9354838709677419
298,14.0,22.928571428571427,88.2091836734694,35.214285714285715,1491.454081632653,7.285714285714286,1.7857142857142858,0.42424242424242425
299,15.0,39.6,508.6400000000001,39.8,265.49333333333334,5.866666666666666,4.866666666666666,0.2112676056338028
300,10.0,43.4,727.04,27.2,166.36,5.5,5.0,0.14925373134328357
301,28.0,11.928571428571429,36.13775510204081,80.67857142857143,143.86096938775512,7.892857142857143,1.1785714285714286,1.3333333333333333
302,15.0,10.533333333333333,23.582222222222224,79.53333333333333,159.71555555555554,7.4,1.0666666666666667,0.9375
303,11.0,47.45454545454545,587.702479338843,29.818181818181817,371.60330578512395,5.7272727272727275,5.363636363636363,0.18032786885245902
304,27.0,34.18518518518518,511.2620027434842,30.11111111111111,181.8024691358025,5.148148148148148,4.518518518518518,0.38571428571428573
305,21.0,48.476190476190474,754.6303854875283,6.428571428571429,7.387755102040816,5.380952380952381,8.476190476190476,0.22105263157894736
306,21.0,37.142857142857146,845.360544217687,5.0476190476190474,8.140589569160998,6.0,8.142857142857142,0.21212121212121213
307,21.0,16.666666666666668,135.2698412698413,23.238095238095237,630.8480725623583,7.190476190476191,1.4761904761904763,0.5384615384615384
308,9.0,11.11111111111111,34.32098765432099,77.0,120.22222222222223,7.0,1.2222222222222223,0.45
309,22.0,42.72727272727273,697.9256198347107,28.818181818181817,258.96694214876027,6.090909090909091,4.7272727272727275,0.3283582089552239
310,15.0,10.066666666666666,90.46222222222222,28.533333333333335,145.0488888888889,5.6,2.1333333333333333,0.5172413793103449
311,9.0,12.11111111111111,108.76543209876542,33.77777777777778,63.95061728395061,4.888888888888889,2.0,0.32142857142857145
312,16.0,40.3125,552.83984375,28.5,311.375,4.8125,4.1875,0.25
313,5.0,64.4,471.03999999999996,5.8,6.16,4.4,9.0,0.0847457627118644
314,25.0,44.84,787.3344000000001,5.68,6.617600000000001,6.08,8.52,0.2604166666666667
315,27.0,5.222222222222222,10.54320987654321,20.703703703703702,17.17146776406036,5.037037037037037,8.037037037037036,2.4545454545454546
316,25.0,13.2,88.88,34.28,142.2016,5.76,1.48,0.8064516129032258
317,23.0,30.782608695652176,666.1701323251417,5.434782608695652,6.593572778827978,5.6521739130434785,8.91304347826087,0.24468085106382978
318,6.0,30.5,530.9166666666666,5.0,8.666666666666666,6.833333333333333,8.333333333333334,0.10714285714285714
319,21.0,46.04761904761905,847.2834467120182,5.809523809523809,6.630385487528345,5.9523809523809526,8.619047619047619,0.21428571428571427
320,15.0,11.8,25.759999999999998,78.06666666666666,117.2622222222222,6.533333333333333,0.9333333333333333,0.75
321,8.0,14.25,36.4375,26.625,78.484375,3.375,1.25,0.4
322,14.0,9.785714285714286,22.88265306122449,81.35714285714286,138.515306122449,6.857142857142857,0.8571428571428571,0.875
323,12.0,20.416666666666668,100.40972222222221,49.083333333333336,1203.2430555555557,6.833333333333333,1.5,0.35294117647058826
324,22.0,10.727272727272727,96.56198347107438,32.77272727272727,76.99380165289257,5.090909090909091,1.9090909090909092,0.7096774193548387
325,30.0,15.366666666666667,132.8322222222222,34.8,993.0933333333335,7.233333333333333,1.8,0.7317073170731707
326,12.0,49.416666666666664,1163.576388888889,4.666666666666667,6.722222222222221,5.083333333333333,8.083333333333334,0.12
327,7.0,7.285714285714286,45.06122448979592,81.28571428571429,118.48979591836734,7.428571428571429,0.5714285714285714,0.3684210526315789
328,21.0,4.285714285714286,8.870748299319725,22.952380952380953,19.378684807256235,5.666666666666667,7.190476190476191,1.9090909090909092
329,13.0,54.53846153846154,697.4792899408284,5.769230769230769,6.485207100591716,5.3076923076923075,8.461538461538462,0.13131313131313133
330,22.0,19.545454545454547,113.79338842975207,41.59090909090909,1195.3326446280992,6.636363636363637,2.3181818181818183,0.5789473684210527
331,11.0,17.545454545454547,54.06611570247935,35.09090909090909,91.7190082644628,7.545454545454546,2.3636363636363638,0.4230769230769231
332,23.0,4.869565217391305,7.3308128544423425,21.782608695652176,21.21361058601134,5.434782608695652,7.391304347826087,2.3
333,6.0,20.333333333333332,245.55555555555554,34.666666666666664,538.5555555555555,8.333333333333334,2.0,0.15
334,23.0,5.6521739130434785,11.618147448015122,21.956521739130434,18.91115311909263,5.304347826086956,7.304347826086956,2.090909090909091
335,29.0,41.689655172413794,843.6623067776457,30.137931034482758,171.22235434007138,6.517241379310345,4.448275862068965,0.3717948717948718
336,28.0,46.214285714285715,1305.4540816326532,34.32142857142857,254.71811224489792,5.5,4.357142857142857,0.3333333333333333
337,28.0,43.785714285714285,293.8826530612244,32.25,278.61607142857144,5.142857142857143,5.214285714285714,0.5490196078431373
338,22.0,43.63636363636363,847.7768595041322,36.13636363636363,295.7541322314049,4.818181818181818,4.636363636363637,0.3013698630136986
339,13.0,18.46153846153846,133.32544378698225,26.76923076923077,1165.2544378698224,6.461538461538462,1.3846153846153846,0.34210526315789475
340,28.0,41.67857142857143,1023.7181122448981,5.964285714285714,8.391581632653065,5.857142857142857,8.785714285714286,0.2978723404255319
341,9.0,4.0,6.222222222222222,20.88888888888889,24.320987654320987,5.777777777777778,6.444444444444445,1.0
342,23.0,53.73913043478261,770.8015122873346,6.521739130434782,6.771266540642719,5.304347826086956,8.73913043478261,0.25555555555555554
343,23.0,40.65217391304348,470.7485822306238,35.43478260869565,231.11531190926274,4.521739130434782,4.6521739130434785,0.42592592592592593
344,15.0,41.46666666666667,757.7155555555556,32.6,384.90666666666675,6.333333333333333,6.266666666666667,0.2
345,30.0,43.733333333333334,1147.528888888889,36.6,214.1066666666667,6.0,5.466666666666667,0.3614457831325301
346,23.0,9.956521739130435,19.25897920604915,78.08695652173913,126.16635160680526,6.695652173913044,0.782608695652174,1.3529411764705883
347,11.0,48.27272727272727,1048.3801652892562,5.545454545454546,11.884297520661157,7.363636363636363,8.545454545454545,0.12359550561797752
348,19.0,12.263157894736842,37.667590027700825,77.84210526315789,160.8698060941828,6.894736842105263,1.263157894736842,0.9047619047619048
349,5.0,66.8,815.36,8.2,2.1599999999999997,5.4,8.2,0.06172839506172839
350,25.0,5.48,8.9696,22.6,22.640000000000008,5.76,7.8,2.272727272727273
351,13.0,49.15384615384615,634.2840236686391,35.69230769230769,219.75147928994082,4.615384615384615,4.846153846153846,0.203125
352,13.0,55.61538461538461,837.0059171597634,7.076923076923077,3.1479289940828403,4.384615384615385,8.538461538461538,0.14942528735632185
353,22.0,32.59090909090909,457.8780991735537,35.27272727272727,255.19834710743797,6.045454545454546,5.2272727272727275,0.3548387096774194
354,12.0,49.0,812.1666666666666,6.25,5.854166666666667,5.666666666666667,8.083333333333334,0.13793103448275862
355,22.0,42.86363636363637,819.0268595041322,30.90909090909091,198.99173553719012,5.045454545454546,4.636363636363637,0.3013698630136986
356,24.0,8.833333333333334,23.138888888888886,82.29166666666667,164.37326388888889,7.208333333333333,0.9166666666666666,1.3333333333333333
357,13.0,9.76923076923077,42.177514792899416,82.23076923076923,107.5621301775148,6.461538461538462,0.6923076923076923,0.6842105263157895
358,8.0,4.0,12.5,24.125,17.609375,5.375,7.125,0.8888888888888888
359,10.0,9.1,35.89,72.7,65.41000000000001,6.2,0.6,0.47619047619047616
360,9.0,27.0,426.22222222222223,3.7777777777777777,9.061728395061728,5.0,8.11111111111111,0.125
361,12.0,46.916666666666664,576.4097222222223,6.583333333333333,7.409722222222222,5.833333333333333,8.75,0.15384615384615385
362,16.0,22.875,120.484375,35.75,1237.5625,6.75,2.25,0.42105263157894735
363,28.0,21.285714285714285,168.77551020408168,35.0,1207.0,6.964285714285714,1.75,0.7
364,30.0,4.7,12.609999999999998,20.766666666666666,16.31222222222223,5.066666666666666,7.566666666666666,2.727272727272727
365,26.0,8.346153846153847,30.149408284023675,82.88461538461539,135.56360946745562,6.884615384615385,0.8076923076923077,1.3
366,25.0,16.72,98.7616,30.24,126.58240000000002,5.88,2.2,0.8064516129032258
367,12.0,44.666666666666664,727.7222222222222,35.0,231.66666666666666,6.166666666666667,5.25,0.16901408450704225
368,30.0,38.53333333333333,204.44888888888892,27.066666666666666,231.46222222222227,5.533333333333333,4.633333333333334,0.6382978723404256
369,9.0,40.77777777777778,874.1728395061729,6.555555555555555,5.802469135802468,3.5555555555555554,8.11111111111111,0.09375
370,26.0,10.576923076923077,54.24408284023669,78.57692307692308,121.32100591715977,7.115384615384615,1.0,1.2380952380952381
371,22.0,47.68181818181818,979.4896694214875,5.590909090909091,7.241735537190084,5.181818181818182,8.727272727272727,0.2558139534883721
372,21.0,39.476190476190474,734.0589569160999,6.380952380952381,3.759637188208618,5.571428571428571,8.571428571428571,0.21649484536082475
373,8.0,45.5,894.25,34.5,247.0,4.375,4.25,0.11764705882352941
374,22.0,19.09090909090909,122.53719008264464,33.31818181818182,1186.3987603305786,6.863636363636363,1.7272727272727273,0.5365853658536586
375,25.0,10.92,57.99360000000001,33.4,120.40000000000002,4.64,2.04,0.8928571428571429
376,20.0,52.25,775.9875,5.6,9.139999999999997,5.0,8.5,0.2222222222222222
377,16.0,24.5,96.75,19.125,670.984375,6.0625,2.625,0.42105263157894735
378,27.0,40.666666666666664,757.1851851851852,30.11111111111111,301.0617283950617,4.888888888888889,5.037037037037037,0.3698630136986301
379,28.0,38.857142857142854,628.9081632653059,33.17857142857143,226.36096938775515,6.107142857142857,5.464285714285714,0.4117647058823529
380,5.0,48.8,572.5600000000001,30.0,65.2,7.2,5.0,0.078125
381,28.0,16.321428571428573,106.93239795918365,34.0,130.0,5.464285714285714,2.3214285714285716,0.9032258064516129
382,12.0,6.583333333333333,6.2430555555555545,23.416666666666668,24.409722222222225,5.583333333333333,7.25,1.3333333333333333
383,5.0,3.2,5.36,23.4,25.04,6.0,8.2,0.625
384,5.0,50.4,127.03999999999999,21.2,218.16000000000003,4.6,3.4,0.18518518518518517
385,13.0,39.38461538461539,736.3905325443785,35.38461538461539,249.1597633136095,5.923076923076923,4.769230769230769,0.17333333333333334
386,16.0,15.5,71.0,34.3125,88.08984375,6.8125,2.0625,0.5517241379310345
387,26.0,9.23076923076923,26.792899408284015,79.34615384615384,161.3801775147929,6.769230769230769,0.9615384615384616,1.3
388,19.0,5.631578947368421,10.969529085872578,21.105263157894736,19.883656509695292,5.578947368421052,6.684210526315789,1.7272727272727273
389,6.0,13.0,120.0,25.0,949.0,7.833333333333333,2.0,0.17142857142857143
390,26.0,32.76923076923077,1039.5621301775145,33.96153846153846,204.72928994082844,5.884615384615385,5.230769230769231,0.3291139240506329
391,7.0,22.285714285714285,36.775510204081634,8.428571428571429,98.24489795918366,7.0,2.0,0.3333333333333333
392,15.0,22.666666666666668,172.2222222222222,37.93333333333333,1548.4622222222226,5.866666666666666,2.6666666666666665,0.39473684210526316
393,14.0,20.714285714285715,184.9183673469388,32.142857142857146,1257.9795918367347,7.071428571428571,2.142857142857143,0.3783783783783784
394,5.0,5.2,4.959999999999999,21.6,9.040000000000001,5.0,8.0,0.7142857142857143
395,6.0,34.0,766.3333333333334,31.333333333333332,92.22222222222221,6.333333333333333,5.5,0.07228915662650602
396,9.0,4.0,6.888888888888889,22.444444444444443,17.580246913580243,5.444444444444445,7.222222222222222,1.0
397,29.0,61.13793103448276,821.1533888228299,5.551724137931035,8.799048751486325,4.379310344827586,8.482758620689655,0.29
398,15.0,8.733333333333333,48.86222222222223,81.66666666666667,136.35555555555555,7.066666666666666,1.0666666666666667,0.7142857142857143
399,9.0,12.555555555555555,64.91358024691357,34.333333333333336,69.77777777777777,6.111111111111111,2.3333333333333335,0.32142857142857145
400,15.0,55.53333333333333,828.9155555555554,6.2,6.96,6.066666666666666,9.266666666666667,0.15463917525773196
401,25.0,4.44,9.766400000000003,23.32,20.377599999999997,5.6,7.56,2.272727272727273
402,29.0,11.379310344827585,33.89060642092747,79.20689655172414,117.40546967895362,6.896551724137931,1.103448275862069,1.380952380952381
403,14.0,18.428571428571427,123.38775510204081,33.92857142857143,1228.2091836734694,6.714285714285714,1.5,0.3684210526315789
404,7.0,16.0,11.142857142857142,76.57142857142857,140.24489795918367,7.142857142857143,1.0,0.7
405,25.0,53.32,509.3375999999998,25.0,187.6,5.32,6.04,0.4166666666666667
406,20.0,16.35,96.72749999999999,34.7,1306.01,6.75,1.85,0.5714285714285714
407,11.0,7.909090909090909,26.99173553719008,74.0909090909091,131.17355371900825,7.363636363636363,1.1818181818181819,0.55
408,30.0,10.133333333333333,50.91555555555555,81.03333333333333,149.89888888888888,6.9,1.0666666666666667,1.4285714285714286
409,9.0,4.666666666666667,13.333333333333336,23.22222222222222,18.395061728395063,5.666666666666667,7.333333333333333,0.8181818181818182
410,18.0,17.38888888888889,49.6820987654321,28.77777777777778,103.72839506172839,6.722222222222222,2.6666666666666665,0.6923076923076923
411,21.0,50.142857142857146,882.0272108843537,6.857142857142857,4.884353741496598,5.619047619047619,8.952380952380953,0.21428571428571427
412,24.0,10.25,44.1875,80.66666666666667,140.9722222222222,7.125,1.0,1.1428571428571428
413,27.0,4.962962962962963,11.07270233196159,23.666666666666668,21.555555555555557,5.592592592592593,7.703703703703703,2.4545454545454546
414,30.0,18.533333333333335,129.98222222222216,25.333333333333332,857.2888888888889,7.4,1.7333333333333334,0.75
415,6.0,7.5,4.25,24.0,22.333333333333332,5.166666666666667,8.666666666666666,0.8571428571428571
416,12.0,5.583333333333333,7.076388888888889,21.75,18.854166666666668,5.333333333333333,8.083333333333334,1.0909090909090908
417,13.0,5.538461538461538,14.863905325443785,22.384615384615383,19.159763313609467,5.230769230769231,7.6923076923076925,1.1818181818181819
418,19.0,15.105263157894736,77.46260387811634,32.73684210526316,138.61495844875347,6.0,2.0,0.6551724137931034
419,14.0,10.857142857142858,35.55102040816327,82.57142857142857,116.3877551020408,7.428571428571429,1.0714285714285714,0.7777777777777778
420,24.0,4.708333333333333,9.87326388888889,21.666666666666668,16.805555555555554,5.291666666666667,7.583333333333333,2.1818181818181817
421,6.0,49.5,443.5833333333333,3.8333333333333335,4.138888888888888,5.5,9.0,0.08955223880597014
422,29.0,10.793103448275861,33.750297265160526,79.62068965517241,129.89060642092747,7.172413793103448,1.1724137931034482,1.380952380952381
423,18.0,12.333333333333334,35.000000000000014,83.22222222222223,126.50617283950618,6.666666666666667,0.7222222222222222,0.9
424,17.0,18.470588235294116,95.5432525951557,32.8235294117647,89.7923875432526,4.529411764705882,1.4705882352941178,0.5483870967741935
425,17.0,46.35294117647059,655.2871972318338,22.41176470588235,206.477508650519,4.235294117647059,4.882352941176471,0.2463768115942029
426,19.0,50.8421052631579,998.6592797783933,6.0,7.2631578947368425,5.526315789473684,8.052631578947368,0.19387755102040816
427,28.0,30.607142857142858,363.88137755102036,33.892857142857146,192.1670918367347,5.857142857142857,4.857142857142857,0.4444444444444444
428,12.0,19.5,88.25,43.916666666666664,1738.409722222222,6.916666666666667,2.25,0.3870967741935484
429,23.0,58.21739130434783,810.6918714555763,4.956521739130435,8.911153119092626,5.608695652173913,8.434782608695652,0.23232323232323232
430,13.0,36.15384615384615,547.8224852071006,5.230769230769231,7.56213017751479,3.8461538461538463,8.461538461538462,0.16049382716049382
431,14.0,18.071428571428573,156.49489795918365,50.857142857142854,955.5510204081631,7.142857142857143,1.6428571428571428,0.3684210526315789
432,7.0,15.714285714285714,133.3469387755102,34.857142857142854,436.97959183673464,6.714285714285714,0.7142857142857143,0.1891891891891892
433,11.0,6.454545454545454,7.884297520661158,22.90909090909091,22.809917355371905,6.0,7.090909090909091,1.2222222222222223
434,22.0,4.863636363636363,10.208677685950414,24.545454545454547,17.884297520661157,5.363636363636363,7.454545454545454,2.0
435,30.0,40.03333333333333,537.098888888889,30.733333333333334,165.32888888888888,4.666666666666667,5.1,0.46875
436,23.0,51.17391304347826,613.1001890359167,5.130434782608695,6.026465028355386,4.695652173913044,8.173913043478262,0.24210526315789474
437,22.0,8.818181818181818,40.51239669421487,78.18181818181819,108.51239669421489,7.0,1.0454545454545454,1.0476190476190477
438,17.0,8.529411764705882,35.8961937716263,76.94117647058823,122.0553633217993,7.529411764705882,0.8235294117647058,0.8095238095238095
439,19.0,10.473684210526315,39.82825484764544,77.26315789473684,119.45706371191136,7.105263157894737,1.0,0.95
440,28.0,57.892857142857146,747.7385204081631,6.0,7.714285714285714,6.178571428571429,8.25,0.32941176470588235
441,26.0,9.307692307692308,47.05917159763313,82.0,140.23076923076923,6.615384615384615,1.0769230769230769,1.2380952380952381
442,18.0,18.22222222222222,143.50617283950618,26.27777777777778,1151.9783950617284,7.611111111111111,2.0,0.43902439024390244
443,18.0,9.055555555555555,34.60802469135803,85.5,112.80555555555556,6.444444444444445,0.7777777777777778,0.9
444,16.0,10.875,38.609375,81.0625,128.68359375,6.0625,1.125,0.8
445,24.0,48.75,1144.7708333333333,4.125,5.442708333333333,5.916666666666667,8.416666666666666,0.24742268041237114
446,14.0,16.642857142857142,154.51530612244898,29.857142857142858,722.1224489795917,7.571428571428571,1.5714285714285714,0.3684210526315789
447,19.0,20.894736842105264,155.67313019390585,29.736842105263158,1156.404432132964,7.157894736842105,1.736842105263158,0.5135135135135135
448,26.0,64.23076923076923,734.9467455621306,6.461538461538462,7.55621301775148,5.923076923076923,8.846153846153847,0.26804123711340205
449,18.0,15.5,72.02777777777777,32.27777777777778,131.2006172839506,5.111111111111111,1.7777777777777777,0.6
450,7.0,17.0,90.57142857142857,31.857142857142858,76.97959183673468,5.857142857142857,1.7142857142857142,0.2916666666666667
451,14.0,15.357142857142858,73.08673469387756,35.42857142857143,109.10204081632655,4.785714285714286,1.3571428571428572,0.45161290322580644
452,11.0,11.545454545454545,34.24793388429753,78.45454545454545,162.79338842975207,7.0,0.45454545454545453,0.5789473684210527
453,9.0,55.888888888888886,511.4320987654321,7.0,7.111111111111111,4.555555555555555,8.555555555555555,0.1232876712328767
454,21.0,17.523809523809526,83.29705215419501,36.333333333333336,109.93650793650792,6.095238095238095,2.0,0.6774193548387096
455,30.0,18.566666666666666,193.24555555555554,27.3,800.9433333333337,7.166666666666667,2.2,0.75
456,14.0,46.57142857142857,422.3877551020408,26.857142857142858,182.83673469387756,6.0,4.714285714285714,0.22950819672131148
457,26.0,10.192307692307692,37.616863905325445,80.1923076923077,134.0784023668639,7.230769230769231,1.1153846153846154,1.2380952380952381
458,5.0,25.2,80.16,40.4,1505.0400000000002,7.8,2.4,0.17857142857142858
459,28.0,17.071428571428573,122.56632653061226,26.642857142857142,1067.3010204081634,7.571428571428571,1.9285714285714286,0.717948717948718
460,18.0,53.44444444444444,968.2469135802468,5.611111111111111,5.570987654320989,5.5,8.444444444444445,0.18
461,21.0,24.047619047619047,134.61678004535148,35.0,1258.7619047619048,6.333333333333333,2.0,0.5384615384615384
462,11.0,46.09090909090909,586.4462809917355,6.909090909090909,6.082644628099175,7.7272727272727275,8.454545454545455,0.13414634146341464
463,21.0,18.38095238095238,88.90249433106575,31.761904761904763,94.84807256235828,4.761904761904762,1.5714285714285714,0.7241379310344828
464,30.0,12.933333333333334,61.79555555555555,30.8,139.22666666666663,5.2,2.1,1.1111111111111112
465,5.0,8.8,40.56,78.0,203.2,6.6,0.2,0.29411764705882354
466,30.0,11.9,28.62333333333333,81.7,138.67666666666665,6.6,0.8666666666666667,1.4285714285714286
467,11.0,3.6363636363636362,7.504132231404958,22.0,16.545454545454547,6.181818181818182,7.363636363636363,1.2222222222222223
468,23.0,12.652173913043478,98.13988657844992,33.34782608695652,110.22684310018904,6.086956521739131,1.9565217391304348,0.7419354838709677
469,21.0,5.619047619047619,14.616780045351474,22.904761904761905,15.229024943310657,5.380952380952381,7.190476190476191,1.9090909090909092
470,19.0,46.421052631578945,484.2437673130195,31.263157894736842,296.50969529085876,6.368421052631579,5.2105263157894735,0.31666666666666665
471,23.0,5.043478260869565,11.432892249527411,25.391304347826086,14.672967863894137,5.391304347826087,7.260869565217392,2.090909090909091
472,18.0,11.5,30.916666666666668,77.55555555555556,114.58024691358027,7.833333333333333,0.8888888888888888,1.0
473,14.0,37.92857142857143,676.6377551020407,34.07142857142857,204.6377551020408,6.0,5.571428571428571,0.20588235294117646
474,10.0,5.0,9.8,23.4,17.84,5.1,7.2,0.9090909090909091
475,18.0,25.444444444444443,100.9135802469136,29.88888888888889,1098.320987654321,6.444444444444445,1.7222222222222223,0.46153846153846156
476,13.0,17.923076923076923,231.14792899408286,37.30769230769231,1442.0591715976334,7.384615384615385,2.1538461538461537,0.3333333333333333
477,20.0,19.35,82.72749999999999,38.15,105.12750000000001,3.85,1.85,0.6666666666666666
478,29.0,10.413793103448276,38.380499405469685,77.03448275862068,155.0677764565993,7.344827586206897,1.0,1.380952380952381
479,12.0,32.833333333333336,496.63888888888897,26.916666666666668,203.5763888888889,4.75,3.9166666666666665,0.20689655172413793
480,28.0,5.428571428571429,11.030612244897958,20.464285714285715,20.60586734693877,5.75,7.821428571428571,2.5454545454545454
481,24.0,10.208333333333334,33.49826388888889,81.16666666666667,147.38888888888889,6.583333333333333,0.875,1.1428571428571428
482,29.0,14.275862068965518,87.57907253269919,29.655172413793103,100.36385255648038,5.137931034482759,2.1724137931034484,0.9354838709677419
483,24.0,14.916666666666666,95.65972222222223,29.833333333333332,71.63888888888887,6.166666666666667,2.25,0.8
484,12.0,9.333333333333334,28.88888888888889,79.0,140.16666666666666,7.5,1.0833333333333333,0.6666666666666666
485,29.0,4.9655172413793105,8.79191438763377,22.344827586206897,19.398335315101072,5.862068965517241,7.0344827586206895,2.6363636363636362
486,14.0,9.214285714285714,39.5969387755102,82.14285714285714,194.9795918367347,6.928571428571429,0.6428571428571429,0.7
487,12.0,14.5,61.916666666666664,34.333333333333336,96.3888888888889,7.666666666666667,2.3333333333333335,0.42857142857142855
488,6.0,18.5,72.25,27.5,976.25,8.166666666666666,1.6666666666666667,0.2608695652173913
489,15.0,12.666666666666666,60.75555555555557,34.93333333333333,104.59555555555555,5.266666666666667,1.8666666666666667,0.6
490,11.0,19.454545454545453,60.066115702479344,22.545454545454547,929.1570247933884,7.2727272727272725,2.3636363636363638,0.39285714285714285
491,7.0,19.0,22.285714285714285,43.42857142857143,1186.8163265306123,7.714285714285714,1.5714285714285714,0.4375
492,10.0,36.0,649.8,31.3,233.01000000000005,4.9,5.1,0.16393442622950818
493,19.0,15.0,68.63157894736842,31.842105263157894,112.65927977839338,5.315789473684211,1.5789473684210527,0.6333333333333333
494,22.0,6.909090909090909,34.17355371900826,84.31818181818181,93.21694214876032,7.181818181818182,1.1363636363636365,1.1578947368421053
495,18.0,49.388888888888886,370.57098765432096,39.5,165.91666666666666,5.944444444444445,5.166666666666667,0.32142857142857145
496,6.0,56.166666666666664,64.80555555555554,34.5,269.9166666666667,6.166666666666667,5.833333333333333,0.2857142857142857
497,15.0,49.266666666666666,801.7955555555557,4.533333333333333,4.115555555555556,5.333333333333333,8.733333333333333,0.15306122448979592
498,30.0,13.2,65.49333333333335,31.733333333333334,135.9955555555556,6.3,2.2333333333333334,1.0
499,17.0,6.0588235294117645,10.408304498269896,22.176470588235293,18.6159169550173,6.0588235294117645,7.882352941176471,1.5454545454545454
500,20.0,4.9,6.99,21.35,18.927500000000002,5.5,7.4,1.8181818181818181
501,20.0,5.0,10.7,22.3,23.609999999999996,5.4,6.65,1.8181818181818181
502,16.0,17.875,86.609375,39.0625,1160.18359375,7.375,2.1875,0.5
503,6.0,40.666666666666664,533.2222222222223,6.666666666666667,6.555555555555556,2.3333333333333335,8.0,0.08571428571428572
504,12.0,38.916666666666664,621.0763888888888,27.083333333333332,220.40972222222226,5.0,6.166666666666667,0.1643835616438356
505,16.0,47.0625,306.43359375,34.3125,218.96484375,5.5,4.9375,0.2909090909090909
506,10.0,5.7,15.010000000000002,20.3,27.21,5.0,8.5,0.9090909090909091
507,19.0,43.526315789473685,566.6703601108035,37.473684210526315,352.03878116343486,5.947368421052632,4.894736842105263,0.27941176470588236
508,24.0,46.125,801.0260416666666,34.333333333333336,214.47222222222226,5.791666666666667,5.041666666666667,0.3333333333333333
509,16.0,18.6875,102.83984375,32.125,986.609375,7.25,1.875,0.47058823529411764
510,23.0,16.391304347826086,100.84688090737241,32.47826086956522,99.46691871455577,5.173913043478261,1.565217391304348,0.7419354838709677
511,28.0,35.57142857142857,505.6734693877551,28.285714285714285,247.9183673469388,5.892857142857143,4.821428571428571,0.4745762711864407
512,8.0,7.125,21.109375,80.375,80.234375,7.0,0.625,0.5
513,9.0,9.11111111111111,21.654320987654316,82.33333333333333,162.44444444444446,8.444444444444445,1.2222222222222223,0.5294117647058824
514,7.0,47.857142857142854,796.6938775510205,2.7142857142857144,3.346938775510204,5.428571428571429,8.714285714285714,0.08333333333333333
515,28.0,24.892857142857142,120.8813775510204,24.285714285714285,697.4897959183676,6.75,1.6428571428571428,0.8
516,18.0,52.333333333333336,933.4444444444445,5.833333333333333,7.805555555555555,4.888888888888889,7.833333333333333,0.1875
517,13.0,4.6923076923076925,11.443786982248522,21.923076923076923,24.686390532544372,5.461538461538462,6.076923076923077,1.1818181818181819
518,16.0,15.125,73.234375,39.5625,110.37109375,4.9375,2.1875,0.5333333333333333
519,25.0,37.04,575.7184,39.72,177.08160000000004,4.36,4.64,0.38461538461538464
520,18.0,32.111111111111114,287.8765432098765,36.5,307.9166666666667,5.777777777777778,4.666666666666667,0.32727272727272727
521,10.0,8.4,36.44,78.3,73.21,5.9,0.8,0.5
522,5.0,31.0,494.8,4.6,12.239999999999998,3.8,9.0,0.08064516129032258
523,29.0,5.275862068965517,8.26872770511296,21.79310344827586,19.060642092746736,5.827586206896552,7.793103448275862,2.9
524,5.0,7.6,23.440000000000005,83.0,82.4,5.8,1.2,0.3333333333333333
525,13.0,4.846153846153846,9.053254437869821,21.23076923076923,11.254437869822485,6.0,7.923076923076923,1.1818181818181819
526,27.0,16.40740740740741,100.90809327846362,28.185185185185187,996.8175582990398,7.296296296296297,1.7777777777777777,0.7105263157894737
527,20.0,37.35,662.8274999999999,31.6,264.44,6.25,4.4,0.3225806451612903
528,20.0,21.75,121.6875,31.4,1324.6399999999999,7.6,2.55,0.5
529,10.0,10.6,29.639999999999997,75.8,132.56,7.4,1.0,0.5882352941176471
530,26.0,46.61538461538461,820.0059171597635,5.153846153846154,8.899408284023668,5.730769230769231,8.692307692307692,0.26
531,15.0,4.666666666666667,5.688888888888888,22.266666666666666,17.92888888888889,5.066666666666666,7.933333333333334,1.875
532,14.0,11.857142857142858,27.551020408163264,84.5,58.535714285714285,7.0,1.1428571428571428,0.7368421052631579
533,21.0,46.42857142857143,611.1020408163266,26.857142857142858,335.93197278911566,6.095238095238095,4.428571428571429,0.3181818181818182
534,19.0,46.89473684210526,853.3573407202216,35.421052631578945,169.82271468144046,5.842105263157895,5.315789473684211,0.2638888888888889
535,25.0,13.12,74.42560000000002,31.64,93.03039999999997,5.32,2.08,0.8928571428571429
536,6.0,3.1666666666666665,11.805555555555555,22.0,12.333333333333334,6.0,7.333333333333333,0.5454545454545454
537,24.0,48.125,834.1927083333334,4.666666666666667,6.055555555555557,5.541666666666667,8.5,0.25
538,20.0,11.05,29.647499999999997,79.85,89.62750000000001,7.45,0.9,0.9523809523809523
539,28.0,9.892857142857142,32.66709183673469,80.21428571428571,181.38265306122452,7.321428571428571,1.1785714285714286,1.4
540,10.0,31.8,556.5600000000001,38.9,218.09,5.8,5.5,0.14705882352941177
541,6.0,9.333333333333334,32.88888888888889,81.33333333333333,126.55555555555556,8.666666666666666,1.8333333333333333,0.3333333333333333
542,13.0,58.30769230769231,1052.3668639053253,6.0,7.384615384615385,5.538461538461538,8.076923076923077,0.13541666666666666
543,8.0,41.5,1142.75,4.375,5.984375,5.25,7.875,0.08163265306122448
544,24.0,43.583333333333336,527.4930555555555,27.875,204.609375,4.625,4.958333333333333,0.4067796610169492
545,7.0,40.57142857142857,461.1020408163266,5.571428571428571,5.1020408163265305,4.428571428571429,8.571428571428571,0.11475409836065574
546,8.0,13.5,59.0,28.875,91.859375,3.375,2.375,0.34782608695652173
547,20.0,19.6,149.94000000000003,16.8,667.6600000000001,7.15,2.15,0.5
548,26.0,33.96153846153846,420.49852071005927,34.46153846153846,206.17159763313614,6.230769230769231,5.3076923076923075,0.37681159420289856
549,7.0,33.57142857142857,392.24489795918373,28.285714285714285,302.48979591836735,4.0,4.428571428571429,0.1206896551724138
550,27.0,12.74074074074074,62.26611796982167,32.44444444444444,77.43209876543212,5.62962962962963,2.0,0.9642857142857143
551,25.0,2.76,7.062400000000001,21.96,21.558400000000002,5.8,7.88,2.5
552,25.0,4.72,11.161599999999998,22.8,23.120000000000005,5.68,7.8,2.272727272727273
553,26.0,11.307692307692308,37.44378698224852,78.23076923076923,128.3313609467456,6.5,1.0,1.3
554,14.0,7.928571428571429,32.9234693877551,78.07142857142857,157.20918367346937,6.428571428571429,1.0714285714285714,0.7368421052631579
555,14.0,16.428571428571427,95.10204081632654,28.214285714285715,48.16836734693878,2.5,2.0,0.4666666666666667
556,23.0,49.21739130434783,823.4744801512287,6.869565217391305,8.72211720226843,5.3478260869565215,8.478260869565217,0.23958333333333334
557,14.0,4.928571428571429,12.780612244897961,23.142857142857142,21.69387755102041,5.857142857142857,7.857142857142857,1.2727272727272727
558,18.0,11.38888888888889,30.126543209876544,76.27777777777777,90.86728395061729,7.277777777777778,1.4444444444444444,0.8571428571428571
559,6.0,41.0,624.0,5.5,6.25,5.166666666666667,8.5,0.08
560,27.0,39.888888888888886,764.9876543209875,32.666666666666664,332.66666666666674,5.0,5.111111111111111,0.34177215189873417
561,12.0,5.166666666666667,8.138888888888888,21.583333333333332,16.90972222222222,5.666666666666667,7.333333333333333,1.0909090909090908
562,9.0,17.11111111111111,69.4320987654321,35.55555555555556,133.58024691358025,4.222222222222222,1.8888888888888888,0.34615384615384615
563,14.0,54.07142857142857,461.2091836734694,37.714285714285715,189.06122448979593,5.357142857142857,4.785714285714286,0.22580645161290322
564,6.0,36.833333333333336,495.8055555555556,31.666666666666668,280.55555555555554,6.166666666666667,4.0,0.11764705882352941
565,21.0,14.476190476190476,61.3922902494331,34.714285714285715,96.10884353741498,6.0476190476190474,2.2857142857142856,0.7241379310344828
566,23.0,12.91304347826087,74.4272211720227,29.82608695652174,104.92627599243856,6.434782608695652,2.3043478260869565,0.7419354838709677
567,13.0,18.692307692307693,154.05917159763314,21.076923076923077,482.68639053254435,8.0,1.6923076923076923,0.325
568,18.0,5.166666666666667,8.25,22.555555555555557,19.24691358024692,5.5,7.611111111111111,1.6363636363636365
569,26.0,6.038461538461538,7.729289940828403,21.346153846153847,10.226331360946746,5.615384615384615,7.653846153846154,2.3636363636363638
570,10.0,32.6,659.24,24.5,250.45,5.1,5.8,0.1282051282051282
571,7.0,5.142857142857143,12.122448979591837,21.571428571428573,18.244897959183675,6.0,7.142857142857143,0.6363636363636364
572,24.0,16.791666666666668,150.66493055555554,33.208333333333336,980.2482638888888,6.541666666666667,2.0,0.5853658536585366
573,21.0,8.80952380952381,34.249433106575964,78.57142857142857,127.3877551020408,7.238095238095238,1.0952380952380953,1.05
574,21.0,8.047619047619047,34.52154195011338,78.23809523809524,146.2766439909297,7.476190476190476,0.7142857142857143,1.105263157894737
575,11.0,48.90909090909091,280.8099173553719,32.72727272727273,106.92561983471074,5.545454545454546,4.454545454545454,0.21153846153846154
576,13.0,22.923076923076923,161.45562130177515,28.384615384615383,1024.3905325443784,6.923076923076923,2.0,0.325
577,20.0,17.3,101.91,36.0,106.0,5.6,2.1,0.6666666666666666
578,13.0,14.23076923076923,111.71597633136093,28.846153846153847,96.28402366863905,6.076923076923077,2.230769230769231,0.43333333333333335
579,27.0,4.111111111111111,10.320987654320989,23.925925925925927,24.957475994513032,5.62962962962963,7.481481481481482,2.4545454545454546
580,13.0,49.46153846153846,1221.3254437869823,4.923076923076923,4.378698224852071,5.769230769230769,8.538461538461538,0.13541666666666666
581,16.0,10.9375,57.43359375,33.625,126.359375,4.375,1.9375,0.5925925925925926
582,15.0,6.6,21.839999999999993,83.26666666666667,174.59555555555562,8.4,1.1333333333333333,0.8823529411764706
583,5.0,23.2,779.3599999999999,27.4,394.24,4.0,6.4,0.06944444444444445
584,18.0,4.444444444444445,12.913580246913579,23.22222222222222,15.50617283950617,5.555555555555555,7.555555555555555,1.6363636363636365
585,25.0,14.6,93.12,34.36,95.11040000000003,5.4,1.72,0.8333333333333334
586,23.0,20.347826086956523,173.70510396975422,29.08695652173913,892.0793950850664,8.130434782608695,2.347826086956522,0.5609756097560976
587,14.0,17.714285714285715,51.06122448979592,36.57142857142857,89.67346938775509,5.571428571428571,1.4285714285714286,0.4827586206896552
588,26.0,19.26923076923077,173.19674556213022,33.69230769230769,1126.905325443787,6.923076923076923,2.1538461538461537,0.6341463414634146
589,16.0,58.375,615.109375,5.8125,8.02734375,5.625,8.625,0.20253164556962025
590,27.0,51.333333333333336,1049.6296296296298,6.518518518518518,7.953360768175584,6.0,8.444444444444445,0.29347826086956524
591,16.0,4.875,10.734375,24.5625,14.37109375,5.3125,7.75,1.4545454545454546
592,5.0,58.8,573.36,27.6,139.84,8.0,6.2,0.09615384615384616
593,17.0,14.823529411764707,67.55709342560554,32.76470588235294,119.35640138408306,3.4705882352941178,2.5294117647058822,0.68
594,7.0,22.857142857142858,64.9795918367347,14.714285714285714,213.6326530612245,8.285714285714286,3.142857142857143,0.2692307692307692
595,9.0,47.55555555555556,1414.0246913580245,5.444444444444445,7.135802469135801,6.111111111111111,8.666666666666666,0.09278350515463918
596,11.0,48.90909090909091,828.99173553719,6.7272727272727275,8.561983471074381,6.545454545454546,9.0,0.11827956989247312
597,25.0,47.48,520.5695999999999,32.68,224.21759999999998,6.08,4.76,0.4098360655737705
598,22.0,50.54545454545455,751.4297520661156,5.409090909090909,8.87809917355372,6.409090909090909,8.454545454545455,0.22448979591836735
599,15.0,47.13333333333333,936.6488888888889,4.666666666666667,8.88888888888889,4.6,8.4,0.15151515151515152
600,12.0,47.833333333333336,903.6388888888888,30.083333333333332,267.5763888888889,4.916666666666667,5.333333333333333,0.16
601,30.0,45.06666666666667,660.262222222222,34.06666666666667,218.7288888888889,5.1,5.7,0.4166666666666667
602,22.0,21.545454545454547,130.15702479338844,22.136363636363637,1147.8450413223143,6.454545454545454,2.090909090909091,0.5789473684210527
603,24.0,25.333333333333332,125.55555555555556,37.416666666666664,1308.659722222222,7.333333333333333,1.8333333333333333,0.6486486486486487
604,12.0,39.583333333333336,705.576388888889,5.583333333333333,8.076388888888888,3.9166666666666665,8.833333333333334,0.13636363636363635
605,16.0,18.5625,131.12109375,28.25,1148.1875,6.4375,1.875,0.47058823529411764
606,17.0,51.1764705882353,675.3217993079585,30.823529411764707,317.55709342560556,5.0588235294117645,3.588235294117647,0.22666666666666666
607,10.0,16.4,100.24,20.3,1205.81,6.8,1.9,0.29411764705882354
608,30.0,46.63333333333333,758.098888888889,5.7,7.6099999999999985,5.466666666666667,8.5,0.30612244897959184
609,8.0,13.875,111.359375,35.0,1022.5,6.125,2.0,0.24242424242424243
610,7.0,12.714285714285714,73.63265306122449,30.285714285714285,66.77551020408163,6.0,2.5714285714285716,0.28
611,8.0,14.875,68.109375,35.125,78.109375,5.5,1.25,0.3076923076923077
612,22.0,23.227272727272727,172.8119834710744,32.77272727272727,905.539256198347,6.7272727272727275,2.0454545454545454,0.5365853658536586
613,29.0,8.793103448275861,29.26753864447087,77.13793103448276,108.60166468489892,7.172413793103448,1.2413793103448276,1.45
614,26.0,14.807692307692308,123.53994082840237,42.96153846153846,1328.7292899408287,7.1923076923076925,1.6538461538461537,0.65
615,21.0,5.238095238095238,12.467120181405894,23.952380952380953,21.759637188208618,5.285714285714286,7.285714285714286,1.9090909090909092
616,9.0,21.444444444444443,456.46913580246905,29.0,238.88888888888889,6.0,5.111111111111111,0.13043478260869565
617,28.0,55.357142857142854,821.6581632653058,5.392857142857143,8.381377551020408,4.107142857142857,8.892857142857142,0.2916666666666667
618,11.0,8.363636363636363,43.68595041322314,82.0909090909091,121.35537190082643,6.363636363636363,1.2727272727272727,0.5789473684210527
619,11.0,19.545454545454547,158.4297520661157,13.727272727272727,618.5619834710744,8.090909090909092,2.3636363636363638,0.28205128205128205
620,13.0,5.461538461538462,9.78698224852071,25.153846153846153,21.207100591715975,5.384615384615385,8.076923076923077,1.1818181818181819
621,27.0,11.37037037037037,35.566529492455416,78.96296296296296,147.66529492455416,7.148148148148148,1.0740740740740742,1.2857142857142858
622,19.0,6.2631578947368425,8.299168975069254,22.63157894736842,22.02216066481995,5.947368421052632,7.2105263157894735,1.7272727272727273
623,24.0,17.875,158.109375,38.375,1180.9010416666667,7.083333333333333,1.75,0.6153846153846154
624,10.0,60.8,517.16,7.0,5.4,7.2,8.7,0.14492753623188406
625,17.0,17.88235294117647,138.22145328719725,17.0,482.70588235294116,6.9411764705882355,1.7647058823529411,0.4358974358974359
626,12.0,45.25,1071.8541666666667,4.416666666666667,8.909722222222223,5.583333333333333,8.166666666666666,0.1411764705882353
627,7.0,9.857142857142858,38.12244897959183,84.42857142857143,165.3877551020408,8.571428571428571,1.0,0.3888888888888889
628,21.0,12.904761904761905,72.4671201814059,34.904761904761905,120.75283446712017,6.238095238095238,1.8571428571428572,0.7241379310344828
629,13.0,12.0,27.692307692307693,72.76923076923077,121.56213017751477,7.461538461538462,1.1538461538461537,0.7222222222222222
630,20.0,20.35,169.42749999999998,39.05,1217.4474999999998,6.85,1.85,0.4878048780487805
631,18.0,10.055555555555555,23.941358024691358,80.66666666666667,180.55555555555554,7.388888888888889,0.9444444444444444,1.0
632,27.0,55.333333333333336,815.3333333333334,5.037037037037037,9.517146776406035,5.518518518518518,8.148148148148149,0.29347826086956524
633,28.0,14.107142857142858,103.80994897959185,32.25,102.47321428571429,5.178571428571429,2.0357142857142856,0.9032258064516129
634,18.0,43.27777777777778,619.8672839506173,36.333333333333336,234.22222222222223,5.611111111111111,4.777777777777778,0.2727272727272727
635,14.0,5.142857142857143,14.979591836734695,22.714285714285715,13.918367346938778,5.642857142857143,8.071428571428571,1.2727272727272727
636,22.0,4.863636363636363,8.481404958677688,23.136363636363637,17.935950413223143,5.863636363636363,7.818181818181818,2.0
637,19.0,19.42105263157895,166.45429362880887,26.789473684210527,757.3240997229918,6.526315789473684,2.0,0.48717948717948717
638,14.0,14.785714285714286,107.73979591836735,33.642857142857146,107.51530612244899,4.428571428571429,2.0,0.4666666666666667
639,20.0,15.45,87.0475,34.05,120.54749999999997,6.0,2.35,0.6896551724137931
640,13.0,4.384615384615385,8.54437869822485,23.153846153846153,17.976331360946745,5.3076923076923075,7.6923076923076925,1.3
641,28.0,41.964285714285715,401.6772959183673,30.75,245.33035714285714,6.928571428571429,4.857142857142857,0.5
642,28.0,36.892857142857146,518.5956632653063,32.857142857142854,246.83673469387753,5.5,5.857142857142857,0.4444444444444444
643,11.0,5.454545454545454,10.066115702479339,21.818181818181817,23.05785123966942,5.181818181818182,7.909090909090909,1.0
644,26.0,16.692307692307693,91.44378698224851,23.73076923076923,826.4275147928995,6.961538461538462,2.5,0.8666666666666667
645,21.0,13.571428571428571,15.48299319727891,77.23809523809524,125.51473922902497,7.0,1.0,1.3125
646,8.0,6.125,8.109375,20.875,14.109375,5.5,7.375,0.8
647,8.0,15.625,67.484375,29.875,186.359375,6.625,2.125,0.3076923076923077
648,22.0,9.5,42.79545454545455,82.86363636363636,129.84504132231402,6.909090909090909,0.9090909090909091,1.0476190476190477
649,26.0,34.65384615384615,472.1494082840237,29.53846153846154,215.09467455621308,5.615384615384615,5.3076923076923075,0.40625
650,26.0,45.0,1083.5384615384614,6.6923076923076925,7.674556213017753,5.153846153846154,8.461538461538462,0.2653061224489796
651,21.0,33.095238095238095,479.80045351473916,34.04761904761905,328.9024943310657,5.523809523809524,5.857142857142857,0.3333333333333333
652,26.0,10.192307692307692,34.84763313609467,76.5,131.71153846153845,7.0,0.6923076923076923,1.4444444444444444
653,12.0,8.916666666666666,49.40972222222222,79.08333333333333,208.74305555555557,6.833333333333333,1.1666666666666667,0.5714285714285714
654,28.0,15.071428571428571,82.85204081632652,18.142857142857142,760.1938775510206,7.464285714285714,2.0,0.7777777777777778
655,13.0,12.23076923076923,38.17751479289941,83.0,195.3846153846154,6.6923076923076925,1.1538461538461537,0.7222222222222222
656,15.0,11.866666666666667,102.11555555555556,33.2,69.89333333333335,4.6,1.8666666666666667,0.4838709677419355
657,26.0,12.846153846153847,57.591715976331365,34.30769230769231,104.82840236686388,5.346153846153846,2.076923076923077,0.9629629629629629
658,14.0,12.0,26.0,86.35714285714286,89.65816326530613,6.857142857142857,1.0714285714285714,0.7777777777777778
659,14.0,54.214285714285715,723.8826530612243,4.5,8.535714285714286,5.142857142857143,8.285714285714286,0.14285714285714285
660,17.0,19.235294117647058,71.59169550173011,30.529411764705884,1125.0726643598618,7.411764705882353,1.8823529411764706,0.5
661,11.0,9.181818181818182,45.239669421487605,78.18181818181819,128.51239669421489,7.181818181818182,0.9090909090909091,0.5238095238095238
662,29.0,4.517241379310345,9.629013079667063,22.448275862068964,27.62663495838288,5.482758620689655,7.172413793103448,2.6363636363636362
663,10.0,22.1,113.88999999999999,27.9,739.89,7.3,2.0,0.3125
664,19.0,24.05263157894737,94.89196675900276,43.78947368421053,1325.3240997229918,6.947368421052632,2.0526315789473686,0.5277777777777778
665,6.0,15.833333333333334,42.805555555555564,28.666666666666668,75.55555555555556,4.333333333333333,1.5,0.2857142857142857
666,11.0,19.454545454545453,194.06611570247935,40.36363636363637,1198.595041322314,7.636363636363637,2.090909090909091,0.2682926829268293
667,16.0,12.0625,35.80859375,81.125,137.109375,6.875,1.0,0.8
668,30.0,10.6,32.839999999999996,81.9,109.29,7.166666666666667,1.2333333333333334,1.4285714285714286
669,15.0,51.6,883.8399999999999,5.466666666666667,7.982222222222223,5.8,8.6,0.16304347826086957
670,5.0,14.2,111.36000000000001,35.4,1199.44,8.4,2.0,0.16666666666666666
671,21.0,9.476190476190476,25.011337868480723,82.0952380952381,109.03854875283447,6.761904761904762,0.8571428571428571,1.1666666666666667
672,25.0,13.32,94.7776,33.92,79.67360000000002,4.72,1.96,0.8064516129032258
673,28.0,37.535714285714285,696.1772959183675,29.571428571428573,315.88775510204084,5.857142857142857,5.357142857142857,0.4117647058823529
674,20.0,15.6,66.24000000000001,35.2,103.66,5.9,1.85,0.7142857142857143
675,7.0,20.428571428571427,131.6734693877551,32.0,1689.7142857142858,6.428571428571429,1.7142857142857142,0.19444444444444445
676,30.0,8.133333333333333,25.515555555555554,79.66666666666667,177.42222222222227,7.7,1.2,1.6666666666666667
677,13.0,32.30769230769231,1035.5976331360946,6.230769230769231,3.7159763313609466,4.6923076923076925,8.153846153846153,0.12871287128712872
678,10.0,8.9,23.689999999999998,75.5,125.65,7.4,0.6,0.5882352941176471
679,8.0,18.75,191.6875,34.0,1110.0,6.375,2.625,0.22857142857142856
680,25.0,17.0,164.16,35.84,1044.4543999999999,6.92,2.28,0.625
681,23.0,4.739130434782608,7.6710775047259,23.47826086956522,17.727788279773154,5.6521739130434785,7.3478260869565215,2.090909090909091
682,25.0,45.4,725.8399999999998,5.08,9.513600000000002,5.68,8.52,0.25
683,17.0,36.23529411764706,562.6505190311418,30.941176470588236,409.7024221453288,5.588235294117647,5.588235294117647,0.27419354838709675
684,14.0,50.0,931.4285714285714,37.357142857142854,227.37244897959178,5.642857142857143,4.642857142857143,0.1891891891891892
685,24.0,43.625,768.984375,33.458333333333336,301.8315972222222,5.875,5.083333333333333,0.3333333333333333
686,5.0,7.4,39.440000000000005,79.4,48.239999999999995,7.0,1.0,0.2777777777777778
687,20.0,45.85,583.4275,35.15,268.52750000000003,6.65,4.25,0.30303030303030304
688,25.0,21.36,119.5104,24.08,500.9536,7.24,2.44,0.6097560975609756
689,7.0,4.857142857142857,14.122448979591836,22.857142857142858,28.9795918367347,5.714285714285714,7.857142857142857,0.6363636363636364
690,18.0,49.666666666666664,773.7777777777777,4.777777777777778,5.839506172839506,5.0,8.38888888888889,0.18556701030927836
691,18.0,5.111111111111111,11.098765432098764,22.22222222222222,14.839506172839508,5.5,7.055555555555555,1.6363636363636365
692,21.0,11.0,24.571428571428573,82.76190476190476,158.08616780045355,6.476190476190476,1.380952380952381,1.1666666666666667
693,10.0,30.5,584.25,5.3,11.010000000000002,4.5,8.2,0.11494252873563218
694,29.0,3.793103448275862,9.474435196195005,23.93103448275862,17.0986920332937,5.448275862068965,7.758620689655173,2.6363636363636362
695,11.0,50.81818181818182,999.2396694214875,4.909090909090909,11.355371900826444,4.545454545454546,8.636363636363637,0.12087912087912088
696,24.0,5.375,8.817708333333334,22.625,25.317708333333332,5.541666666666667,7.833333333333333,2.1818181818181817
697,15.0,3.8666666666666667,5.715555555555556,22.8,17.09333333333333,5.0,7.866666666666666,1.5
698,26.0,4.115384615384615,10.255917159763316,20.46153846153846,19.786982248520715,5.346153846153846,6.923076923076923,2.3636363636363638
699,17.0,22.823529411764707,512.8512110726643,27.235294117647058,291.59169550173016,5.705882352941177,5.294117647058823,0.22972972972972974
700,13.0,5.153846153846154,15.514792899408285,22.46153846153846,12.710059171597631,5.923076923076923,7.3076923076923075,1.1818181818181819
701,28.0,10.464285714285714,38.820153061224495,79.42857142857143,133.60204081632656,7.035714285714286,1.0357142857142858,1.3333333333333333
702,6.0,53.5,166.91666666666666,23.5,62.916666666666664,5.333333333333333,3.5,0.1875
703,5.0,18.0,45.2,28.4,117.84,7.8,1.8,0.25
704,27.0,34.074074074074076,873.5500685871057,28.0,250.96296296296296,5.111111111111111,4.851851851851852,0.34177215189873417
705,19.0,4.473684210526316,10.144044321329638,22.894736842105264,15.883656509695294,5.7894736842105265,7.526315789473684,1.7272727272727273
706,10.0,14.2,95.16,31.6,150.23999999999998,7.1,2.2,0.3448275862068966
707,13.0,4.846153846153846,9.976331360946745,22.076923076923077,23.609467455621306,5.230769230769231,7.6923076923076925,1.3
708,29.0,49.689655172413794,832.3519619500596,5.103448275862069,5.265160523186681,5.620689655172414,8.655172413793103,0.30851063829787234
709,20.0,14.45,85.04750000000001,34.6,55.94000000000001,5.55,2.1,0.6896551724137931
710,14.0,14.428571428571429,27.6734693877551,80.21428571428571,90.45408163265306,6.642857142857143,1.0,0.7
711,7.0,61.57142857142857,663.1020408163266,6.142857142857143,7.551020408163266,6.571428571428571,8.571428571428571,0.08235294117647059
712,17.0,24.11764705882353,139.16262975778545,31.529411764705884,1330.955017301038,7.411764705882353,1.5294117647058822,0.4358974358974359
713,12.0,17.833333333333332,106.63888888888887,34.25,67.35416666666667,4.75,1.9166666666666667,0.4
714,19.0,18.736842105263158,206.7202216066482,38.73684210526316,1197.5623268698064,6.631578947368421,1.4736842105263157,0.475
715,8.0,6.625,9.734375,20.75,23.4375,5.75,7.625,0.8
716,5.0,30.8,1303.7600000000002,27.4,73.03999999999999,6.6,3.6,0.06493506493506493
717,18.0,43.166666666666664,795.3611111111112,34.111111111111114,245.32098765432096,5.611111111111111,5.444444444444445,0.24
718,27.0,15.518518518518519,65.50891632373113,34.81481481481482,139.8545953360768,5.888888888888889,1.4814814814814814,0.9
719,27.0,48.370370370370374,602.7517146776406,5.555555555555555,9.135802469135802,5.62962962962963,8.407407407407407,0.29347826086956524
720,17.0,52.588235294117645,960.006920415225,3.4705882352941178,3.5432525951557095,4.588235294117647,9.0,0.17708333333333334
721,23.0,5.304347826086956,7.689981096408316,20.91304347826087,22.51417769376182,5.478260869565218,6.956521739130435,2.090909090909091
722,17.0,55.76470588235294,681.0034602076125,5.0588235294117645,9.349480968858131,5.9411764705882355,8.823529411764707,0.19540229885057472
723,18.0,44.333333333333336,411.1111111111111,36.22222222222222,266.3950617283951,4.277777777777778,5.111111111111111,0.3050847457627119
724,20.0,10.45,26.9475,73.55,107.24750000000002,6.2,1.1,1.1764705882352942
725,22.0,13.863636363636363,91.2995867768595,31.727272727272727,102.01652892561982,6.636363636363637,1.8181818181818181,0.7333333333333333
726,13.0,15.692307692307692,80.05917159763314,32.38461538461539,75.46745562130178,6.461538461538462,1.6923076923076923,0.4482758620689655
727,13.0,4.538461538461538,9.479289940828401,22.384615384615383,21.467455621301774,5.461538461538462,7.615384615384615,1.3
728,10.0,21.5,108.45,10.2,108.35999999999999,5.9,1.5,0.29411764705882354
729,5.0,4.4,10.64,21.2,21.359999999999996,5.4,7.6,0.5
730,23.0,61.04347826086956,783.6068052930056,6.086956521739131,10.427221172022684,5.478260869565218,8.521739130434783,0.2804878048780488
731,7.0,9.428571428571429,32.53061224489796,76.85714285714286,85.83673469387757,7.714285714285714,1.1428571428571428,0.3888888888888889
732,28.0,18.892857142857142,136.3813775510204,29.785714285714285,912.5255102040818,7.142857142857143,1.6785714285714286,0.7368421052631579
733,25.0,5.08,8.1536,22.44,16.4864,5.64,7.44,2.5
734,24.0,51.666666666666664,809.388888888889,5.041666666666667,6.206597222222221,5.833333333333333,8.625,0.26373626373626374
735,12.0,22.916666666666668,76.74305555555554,52.0,1529.8333333333333,7.5,2.4166666666666665,0.42857142857142855
736,27.0,45.51851851851852,697.6570644718793,5.333333333333333,9.185185185185183,4.703703703703703,8.333333333333334,0.28421052631578947
737,27.0,20.40740740740741,114.98216735253773,30.296296296296298,886.6529492455417,7.407407407407407,1.8888888888888888,0.6923076923076923
738,25.0,22.36,189.91040000000004,34.2,1350.3999999999996,7.08,1.68,0.6097560975609756
739,8.0,9.25,44.9375,27.875,60.359375,3.625,2.25,0.4
740,15.0,5.2,7.493333333333333,25.866666666666667,15.315555555555559,5.6,7.6,1.5
741,6.0,19.5,77.91666666666667,33.0,81.66666666666667,5.166666666666667,1.0,0.2222222222222222
742,5.0,40.4,316.24,33.0,266.0,6.2,5.0,0.10638297872340426
743,13.0,18.076923076923077,50.22485207100591,34.0,77.84615384615384,5.153846153846154,2.230769230769231,0.5909090909090909
744,29.0,14.137931034482758,84.60166468489892,33.03448275862069,106.7229488703924,7.103448275862069,1.9310344827586208,0.9666666666666667
745,13.0,54.07692307692308,1030.5325443786983,5.6923076923076925,9.597633136094673,4.846153846153846,8.384615384615385,0.13402061855670103
746,30.0,4.833333333333333,11.472222222222225,22.433333333333334,21.512222222222213,5.266666666666667,7.8,2.727272727272727
747,18.0,13.166666666666666,67.91666666666667,35.72222222222222,93.42283950617283,5.444444444444445,1.6666666666666667,0.5806451612903226
748,6.0,18.0,131.33333333333334,40.666666666666664,1101.5555555555554,7.166666666666667,2.1666666666666665,0.16666666666666666
749,7.0,62.0,899.4285714285714,7.714285714285714,9.061224489795919,6.285714285714286,8.428571428571429,0.08045977011494253
750,5.0,5.2,6.959999999999999,23.2,3.3600000000000003,5.8,6.6,0.625
751,26.0,34.88461538461539,851.9482248520712,31.384615384615383,263.39053254437874,5.076923076923077,4.269230769230769,0.37681159420289856
752,16.0,34.8125,407.77734375,32.5,338.625,4.5,5.625,0.27586206896551724
753,13.0,4.538461538461538,7.786982248520711,24.76923076923077,10.33136094674556,6.0,7.230769230769231,1.3
754,14.0,15.714285714285714,79.48979591836735,31.142857142857142,108.83673469387757,5.428571428571429,2.7857142857142856,0.4666666666666667
755,28.0,14.964285714285714,61.53443877551022,34.285714285714285,114.56122448979592,4.0,2.1785714285714284,0.9655172413793104
756,14.0,17.571428571428573,185.67346938775512,38.357142857142854,1382.515306122449,7.285714285714286,2.0,0.34146341463414637
757,7.0,8.714285714285714,21.918367346938773,81.28571428571429,125.63265306122447,6.714285714285714,0.42857142857142855,0.5
758,30.0,16.333333333333332,88.2888888888889,30.6,86.50666666666667,5.4,2.066666666666667,1.0
759,8.0,5.25,2.9375,21.75,3.4375,6.0,8.375,1.1428571428571428
760,30.0,9.3,44.61000000000001,80.63333333333334,149.76555555555552,6.433333333333334,0.9,1.4285714285714286
761,24.0,45.166666666666664,743.6388888888888,6.125,6.359375,5.75,8.625,0.26373626373626374
762,28.0,9.964285714285714,31.748724489795922,80.46428571428571,113.03443877551024,7.071428571428571,1.1428571428571428,1.4
763,9.0,12.777777777777779,34.17283950617284,31.11111111111111,108.98765432098763,6.111111111111111,1.5555555555555556,0.45
764,27.0,4.7407407407407405,10.192043895747599,23.37037037037037,19.196159122085046,5.777777777777778,7.518518518518518,2.4545454545454546
765,5.0,17.0,69.6,39.6,61.839999999999996,3.0,2.6,0.23809523809523808
766,26.0,5.538461538461538,12.556213017751476,23.076923076923077,23.224852071005916,5.576923076923077,7.153846153846154,2.3636363636363638
767,5.0,6.6,15.839999999999998,42.0,20.0,5.0,3.2,0.38461538461538464
768,10.0,4.7,7.610000000000001,22.0,15.8,6.2,7.0,1.1111111111111112
769,27.0,37.592592592592595,345.13031550068587,30.074074074074073,309.69821673525377,7.296296296296297,5.2592592592592595,0.4909090909090909
770,8.0,21.0,78.0,39.375,74.734375,5.75,1.375,0.25806451612903225
771,10.0,14.1,50.290000000000006,31.4,121.83999999999999,3.9,2.3,0.38461538461538464
772,6.0,9.166666666666666,43.138888888888886,70.83333333333333,88.47222222222223,6.166666666666667,0.5,0.3333333333333333
773,25.0,16.64,78.6304,30.24,103.06240000000001,5.24,2.52,0.9259259259259259
774,27.0,28.666666666666668,466.29629629629636,34.370370370370374,240.67764060356646,5.222222222222222,6.0,0.45
775,21.0,57.333333333333336,430.88888888888897,5.904761904761905,8.657596371882086,5.809523809523809,9.0,0.2692307692307692
776,30.0,43.03333333333333,398.29888888888894,35.666666666666664,290.4222222222223,6.133333333333334,4.833333333333333,0.5555555555555556
777,9.0,10.222222222222221,41.50617283950617,80.66666666666667,128.66666666666666,7.333333333333333,0.5555555555555556,0.45
778,5.0,12.6,39.440000000000005,85.6,63.44000000000001,8.4,0.8,0.2777777777777778
779,15.0,20.333333333333332,151.95555555555558,26.133333333333333,892.7822222222222,7.066666666666666,2.7333333333333334,0.42857142857142855
780,23.0,42.608695652173914,894.9338374291113,34.0,254.6086956521739,4.6521739130434785,5.565217391304348,0.32857142857142857
781,21.0,12.761904761904763,22.27664399092971,77.66666666666667,161.84126984126982,6.619047619047619,0.7142857142857143,1.1666666666666667
782,17.0,15.058823529411764,68.87889273356402,34.94117647058823,154.17301038062283,6.235294117647059,2.4705882352941178,0.6296296296296297
783,18.0,20.666666666666668,147.77777777777777,20.88888888888889,796.2098765432099,7.277777777777778,2.2777777777777777,0.47368421052631576
784,5.0,12.2,9.76,31.0,126.0,3.2,1.4,0.5555555555555556
785,21.0,8.619047619047619,30.90249433106576,78.61904761904762,111.28344671201813,6.285714285714286,0.9047619047619048,1.05
786,23.0,15.130434782608695,67.41776937618147,33.65217391304348,151.09640831758034,5.434782608695652,1.9565217391304348,0.7666666666666667
787,5.0,7.0,6.8,21.8,26.560000000000002,5.6,6.6,0.625
788,11.0,4.545454545454546,6.429752066115702,21.727272727272727,17.47107438016529,5.7272727272727275,7.545454545454546,1.0
789,10.0,13.1,18.09,74.0,109.8,7.1,1.0,0.7142857142857143
790,11.0,47.72727272727273,690.5619834710743,28.272727272727273,280.5619834710744,6.454545454545454,4.363636363636363,0.171875
791,6.0,16.166666666666668,572.8055555555555,39.833333333333336,271.47222222222223,4.833333333333333,3.5,0.09230769230769231
792,25.0,46.6,666.4,4.96,6.9184,5.64,8.64,0.2717391304347826
793,10.0,6.5,31.45,80.4,69.44000000000001,7.0,1.4,0.5
794,7.0,38.714285714285715,1149.918367346939,6.142857142857143,5.551020408163265,5.428571428571429,8.428571428571429,0.08235294117647059
795,26.0,55.03846153846154,651.3446745562131,5.153846153846154,10.207100591715978,4.653846153846154,8.653846153846153,0.2765957446808511
796,25.0,45.2,527.6,28.76,212.98239999999998,5.0,4.52,0.4032258064516129
797,18.0,4.444444444444445,11.580246913580247,23.72222222222222,14.089506172839503,5.777777777777778,7.333333333333333,1.6363636363636365
798,7.0,3.7142857142857144,4.20408163265306,21.428571428571427,27.959183673469393,5.142857142857143,6.857142857142857,0.875
799,25.0,42.12,560.9055999999999,33.8,308.88000000000005,5.76,4.72,0.36764705882352944
800,21.0,44.42857142857143,832.4353741496598,27.19047619047619,215.77324263038548,6.476190476190476,5.476190476190476,0.3
801,13.0,4.3076923076923075,7.597633136094673,19.846153846153847,16.284023668639048,5.076923076923077,6.846153846153846,1.4444444444444444
802,23.0,51.78260869565217,986.34404536862,5.0,6.956521739130435,5.6521739130434785,8.08695652173913,0.22772277227722773
803,9.0,11.666666666666666,25.555555555555557,76.0,188.0,6.666666666666667,0.8888888888888888,0.5625
804,19.0,57.0,605.0526315789474,4.0,7.473684210526316,5.894736842105263,8.157894736842104,0.2111111111111111
805,25.0,52.76,922.9824000000002,5.92,8.6336,5.2,8.52,0.25
806,17.0,14.705882352941176,63.97231833910035,31.294117647058822,147.03114186851212,4.823529411764706,2.0588235294117645,0.6071428571428571
807,26.0,5.0,13.307692307692308,23.653846153846153,21.226331360946745,5.6923076923076925,7.923076923076923,2.3636363636363638
808,6.0,13.333333333333334,82.22222222222221,43.166666666666664,1049.8055555555554,5.666666666666667,2.6666666666666665,0.21428571428571427
809,11.0,45.72727272727273,825.4710743801651,5.0,3.272727272727273,6.636363636363637,8.636363636363637,0.13095238095238096
810,24.0,9.0,41.916666666666664,75.33333333333333,92.22222222222221,6.791666666666667,1.0,1.1428571428571428
811,17.0,14.058823529411764,70.0553633217993,41.294117647058826,63.7370242214533,5.411764705882353,2.411764705882353,0.6071428571428571
812,17.0,4.882352941176471,11.04498269896194,22.058823529411764,14.761245674740485,5.705882352941177,7.176470588235294,1.5454545454545454
813,9.0,19.88888888888889,23.876543209876544,31.444444444444443,107.1358024691358,5.0,2.111111111111111,0.47368421052631576
814,12.0,49.166666666666664,883.9722222222223,7.083333333333333,7.743055555555556,7.083333333333333,8.666666666666666,0.14457831325301204
815,22.0,35.40909090909091,457.4235537190083,27.045454545454547,285.6797520661157,5.409090909090909,4.545454545454546,0.3333333333333333
816,18.0,44.833333333333336,677.4722222222222,6.111111111111111,6.65432098765432,5.777777777777778,8.555555555555555,0.1935483870967742
817,27.0,16.88888888888889,73.43209876543209,32.74074074074074,104.41426611796986,5.555555555555555,2.037037037037037,0.9310344827586207
818,13.0,52.61538461538461,873.1597633136096,6.230769230769231,7.408284023668639,3.923076923076923,8.846153846153847,0.13829787234042554
819,18.0,39.388888888888886,692.0154320987655,35.166666666666664,237.24999999999994,5.222222222222222,4.444444444444445,0.26865671641791045
820,13.0,6.153846153846154,9.514792899408283,22.46153846153846,24.863905325443792,5.461538461538462,7.538461538461538,1.3
821,21.0,46.23809523809524,680.3718820861678,4.761904761904762,8.752834467120183,6.238095238095238,8.476190476190476,0.23333333333333334
822,17.0,6.117647058823529,11.044982698961936,23.294117647058822,11.73702422145329,5.294117647058823,7.647058823529412,1.7
823,21.0,36.61904761904762,725.9501133786847,4.476190476190476,9.39229024943311,4.666666666666667,8.952380952380953,0.2441860465116279
824,6.0,27.0,136.66666666666666,47.833333333333336,1283.4722222222222,6.833333333333333,3.0,0.17142857142857143
825,17.0,61.88235294117647,733.515570934256,7.588235294117647,1.8892733564013844,5.352941176470588,9.0,0.18681318681318682
826,28.0,10.142857142857142,37.9795918367347,81.35714285714286,171.01530612244898,7.25,1.0357142857142858,1.3333333333333333
827,9.0,44.44444444444444,776.6913580246915,4.777777777777778,8.617283950617283,7.0,7.888888888888889,0.1125
828,11.0,9.272727272727273,30.92561983471074,76.0,44.36363636363637,7.090909090909091,0.7272727272727273,0.5789473684210527
829,18.0,40.22222222222222,451.50617283950623,32.77777777777778,296.06172839506166,5.166666666666667,4.444444444444445,0.2647058823529412
830,23.0,4.391304347826087,10.58601134215501,21.434782608695652,16.941398865784496,5.565217391304348,7.608695652173913,2.090909090909091
831,29.0,10.241379310344827,35.07966706302022,78.89655172413794,115.88585017835906,6.344827586206897,1.103448275862069,1.380952380952381
832,15.0,16.733333333333334,69.52888888888887,30.533333333333335,122.78222222222222,5.133333333333334,1.8,0.5
833,6.0,60.666666666666664,1057.2222222222224,5.333333333333333,13.222222222222223,4.333333333333333,8.833333333333334,0.07142857142857142
834,10.0,32.8,731.76,5.1,10.290000000000001,5.4,8.2,0.11904761904761904
835,6.0,26.666666666666668,180.88888888888889,23.5,656.5833333333334,7.333333333333333,1.8333333333333333,0.15384615384615385
836,21.0,24.142857142857142,115.36054421768709,37.523809523809526,1500.344671201814,7.142857142857143,1.9047619047619047,0.5675675675675675
837,13.0,13.692307692307692,181.59763313609466,25.46153846153846,813.6331360946746,7.230769230769231,1.6153846153846154,0.35135135135135137
838,23.0,20.608695652173914,131.02079395085065,26.47826086956522,912.7712665406425,7.391304347826087,1.8695652173913044,0.5897435897435898
839,16.0,8.1875,30.77734375,83.5,74.875,7.3125,1.25,0.8888888888888888
840,9.0,16.666666666666668,70.44444444444444,37.333333333333336,71.33333333333333,4.111111111111111,2.3333333333333335,0.34615384615384615
841,28.0,19.035714285714285,134.46301020408166,32.714285714285715,1164.0612244897961,6.642857142857143,1.6785714285714286,0.6829268292682927
842,27.0,39.03703703703704,812.7023319615911,32.77777777777778,280.76543209876553,4.62962962962963,4.777777777777778,0.3698630136986301
843,25.0,5.04,8.1184,23.04,16.118400000000005,5.56,7.2,2.5
844,15.0,19.066666666666666,83.79555555555557,32.333333333333336,117.55555555555557,5.666666666666667,2.2,0.5357142857142857
845,12.0,18.666666666666668,84.3888888888889,30.25,62.1875,3.25,2.25,0.42857142857142855
846,22.0,5.681818181818182,11.126033057851238,22.045454545454547,14.861570247933889,5.454545454545454,7.2727272727272725,2.0
847,11.0,50.72727272727273,801.1074380165289,31.09090909090909,267.900826446281,4.818181818181818,5.454545454545454,0.16176470588235295
848,19.0,10.31578947368421,54.11080332409973,81.6842105263158,146.53185595567868,7.157894736842105,1.1578947368421053,0.9047619047619048
849,6.0,41.666666666666664,515.5555555555555,36.333333333333336,282.88888888888886,5.5,6.333333333333333,0.10714285714285714
850,9.0,19.22222222222222,59.50617283950617,36.333333333333336,49.333333333333336,6.111111111111111,2.2222222222222223,0.391304347826087
851,10.0,27.1,824.0899999999999,23.2,281.75999999999993,4.9,5.4,0.13157894736842105
852,29.0,51.48275862068966,1015.4910820451844,5.344827586206897,6.5707491082045175,5.689655172413793,8.655172413793103,0.29
853,26.0,49.92307692307692,911.3786982248519,4.6923076923076925,7.674556213017754,5.576923076923077,8.423076923076923,0.27956989247311825
854,6.0,8.333333333333334,4.222222222222221,23.5,11.583333333333334,5.666666666666667,7.666666666666667,0.8571428571428571
855,13.0,16.846153846153847,177.51479289940823,48.07692307692308,1219.4556213017752,7.538461538461538,2.0,0.3170731707317073
856,6.0,38.833333333333336,211.80555555555557,20.0,112.33333333333333,4.166666666666667,5.666666666666667,0.16666666666666666
857,20.0,14.85,69.72749999999999,32.0,138.0,6.55,2.3,0.7142857142857143
858,22.0,22.045454545454547,136.95247933884295,31.681818181818183,1242.9442148760327,6.954545454545454,2.590909090909091,0.5789473684210527
859,8.0,21.0,144.5,50.375,1274.734375,7.375,2.5,0.22857142857142856
860,28.0,4.714285714285714,9.06122448979592,23.785714285714285,23.596938775510193,5.25,6.928571428571429,2.5454545454545454
861,7.0,49.57142857142857,503.6734693877551,25.714285714285715,270.2040816326531,6.285714285714286,5.142857142857143,0.11475409836065574
862,21.0,14.428571428571429,64.24489795918367,31.761904761904763,104.6575963718821,5.428571428571429,2.238095238095238,0.8076923076923077
863,9.0,4.444444444444445,9.135802469135802,21.444444444444443,16.691358024691354,5.666666666666667,7.333333333333333,0.9
864,9.0,4.666666666666667,10.0,22.88888888888889,18.76543209876543,5.555555555555555,7.0,0.9
865,17.0,14.0,79.88235294117646,39.94117647058823,94.52595155709342,6.411764705882353,1.7647058823529411,0.5862068965517241
866,23.0,36.95652173913044,489.4328922495274,33.52173913043478,251.37996219281666,4.695652173913044,5.391304347826087,0.34328358208955223
867,29.0,18.482758620689655,127.28418549346014,30.655172413793103,1205.6741973840672,7.344827586206897,1.9310344827586208,0.7435897435897436
868,14.0,41.785714285714285,923.0255102040819,25.0,226.0,5.428571428571429,5.142857142857143,0.18181818181818182
869,19.0,10.31578947368421,44.00554016620499,83.10526315789474,133.14681440443215,6.052631578947368,0.7894736842105263,0.9047619047619048
870,28.0,44.0,911.6428571428571,5.107142857142857,11.881377551020407,6.357142857142857,8.357142857142858,0.28
871,27.0,4.925925925925926,7.772290809327846,24.296296296296298,20.060356652949242,5.555555555555555,7.296296296296297,2.4545454545454546
872,13.0,4.769230769230769,11.869822485207102,21.307692307692307,19.75147928994083,5.461538461538462,7.076923076923077,1.1818181818181819
873,13.0,3.769230769230769,10.946745562130177,23.076923076923077,22.840236686390533,5.153846153846154,7.153846153846154,1.1818181818181819
874,22.0,5.2272727272727275,9.993801652892564,22.681818181818183,25.671487603305785,5.545454545454546,7.318181818181818,2.0
875,13.0,6.615384615384615,7.928994082840238,22.384615384615383,19.31360946745562,5.6923076923076925,7.615384615384615,1.4444444444444444
876,11.0,47.0,798.3636363636364,4.545454545454546,6.0661157024793395,6.363636363636363,8.727272727272727,0.13580246913580246
877,27.0,48.74074074074074,454.0438957475994,5.185185185185185,8.743484224965707,5.703703703703703,8.666666666666666,0.36486486486486486
878,17.0,17.176470588235293,52.02768166089965,32.588235294117645,95.06574394463668,6.294117647058823,2.176470588235294,0.7083333333333334
879,14.0,19.0,147.57142857142858,23.142857142857142,917.5510204081633,6.285714285714286,2.0714285714285716,0.3888888888888889
880,12.0,58.5,386.5833333333333,5.166666666666667,6.3055555555555545,5.083333333333333,8.583333333333334,0.16
881,18.0,10.61111111111111,29.57098765432099,85.77777777777777,102.50617283950616,7.055555555555555,1.0555555555555556,0.9473684210526315
882,16.0,5.375,9.109375,23.125,20.109375,5.5,7.5625,1.4545454545454546
883,28.0,4.857142857142857,11.76530612244898,22.107142857142858,20.66709183673469,5.321428571428571,8.214285714285714,2.5454545454545454
884,30.0,9.233333333333333,40.04555555555556,80.1,144.69000000000003,6.866666666666666,1.1666666666666667,1.4285714285714286
885,23.0,46.73913043478261,1146.3667296786389,4.913043478260869,8.079395085066158,5.260869565217392,8.391304347826088,0.23711340206185566
886,5.0,8.8,20.560000000000002,73.8,85.35999999999999,6.2,1.2,0.35714285714285715
887,11.0,39.18181818181818,1037.9669421487602,37.18181818181818,136.51239669421489,4.0,4.363636363636363,0.1527777777777778
888,9.0,26.444444444444443,179.80246913580248,42.333333333333336,1060.6666666666667,7.777777777777778,1.6666666666666667,0.23684210526315788
889,26.0,18.0,142.3846153846154,44.96153846153846,1438.3446745562128,6.576923076923077,2.076923076923077,0.6666666666666666
890,28.0,19.642857142857142,133.22959183673473,32.67857142857143,1272.0038265306123,6.928571428571429,1.8928571428571428,0.7
891,6.0,21.166666666666668,106.47222222222221,28.333333333333332,1186.5555555555557,6.0,2.6666666666666665,0.1875
892,5.0,4.6,9.040000000000001,25.0,17.6,5.4,8.0,0.5
893,14.0,40.142857142857146,739.265306122449,5.0,4.571428571428571,5.642857142857143,8.714285714285714,0.14893617021276595
894,16.0,15.1875,69.90234375,32.75,77.1875,4.5,2.5625,0.5517241379310345
895,30.0,46.06666666666667,736.7288888888888,5.633333333333334,6.832222222222222,5.7,8.833333333333334,0.3409090909090909
896,28.0,54.964285714285715,554.4630102040817,5.035714285714286,10.034438775510205,5.214285714285714,8.678571428571429,0.3076923076923077
897,17.0,22.058823529411764,118.0553633217993,32.529411764705884,867.3079584775086,6.352941176470588,1.5294117647058822,0.4722222222222222
898,27.0,4.407407407407407,9.648834019204388,22.88888888888889,19.28395061728395,5.407407407407407,7.962962962962963,2.4545454545454546
899,25.0,16.72,140.6816,32.52,1132.6495999999997,6.72,1.56,0.6097560975609756
900,5.0,16.6,95.04,14.8,247.36000000000004,5.8,2.4,0.16129032258064516
901,15.0,5.4,8.373333333333333,22.533333333333335,21.315555555555555,5.666666666666667,7.466666666666667,1.3636363636363635
902,15.0,5.266666666666667,6.06222222222222,22.333333333333332,21.688888888888886,5.2,6.866666666666666,1.3636363636363635
903,9.0,11.333333333333334,31.333333333333332,29.0,47.55555555555556,3.3333333333333335,1.4444444444444444,0.5625
904,5.0,11.0,25.6,84.2,223.76,7.4,1.0,0.38461538461538464
905,20.0,36.0,821.3,4.65,6.1274999999999995,6.5,8.4,0.2
906,22.0,21.181818181818183,129.1487603305785,33.27272727272727,1151.5619834710744,6.7272727272727275,1.7272727272727273,0.55
907,17.0,14.176470588235293,103.7923875432526,36.705882352941174,75.38408304498269,4.705882352941177,2.1176470588235294,0.5483870967741935
908,17.0,17.352941176470587,85.75778546712803,34.411764705882355,112.71280276816607,5.705882352941177,1.6470588235294117,0.5666666666666667
909,23.0,11.130434782608695,42.02646502835539,84.1304347826087,140.37429111531188,7.130434782608695,1.0434782608695652,1.15
910,7.0,5.142857142857143,9.551020408163266,23.571428571428573,28.244897959183675,5.857142857142857,8.428571428571429,0.7
911,12.0,20.0,163.5,36.333333333333336,1020.8888888888888,7.166666666666667,2.4166666666666665,0.3157894736842105
912,24.0,48.791666666666664,307.0815972222223,32.291666666666664,212.78993055555554,5.291666666666667,4.625,0.43636363636363634
913,22.0,22.5,155.0681818181818,28.454545454545453,1006.7933884297519,6.681818181818182,2.0,0.5365853658536586
914,17.0,65.88235294117646,734.9273356401383,3.823529411764706,5.792387543252595,6.235294117647059,9.0,0.17708333333333334
915,24.0,8.041666666666666,35.12326388888889,81.08333333333333,164.74305555555554,6.25,0.875,1.2
916,16.0,52.5625,572.24609375,33.3125,233.33984375,4.4375,4.5,0.23529411764705882
917,14.0,4.142857142857143,6.551020408163266,22.785714285714285,31.311224489795926,5.571428571428571,6.5,1.4
918,5.0,43.6,1202.64,4.6,8.64,6.0,7.8,0.052083333333333336
919,6.0,43.833333333333336,513.4722222222223,7.0,8.333333333333334,5.333333333333333,8.666666666666666,0.09090909090909091
920,23.0,5.217391304347826,10.257088846880908,22.52173913043478,9.988657844990543,5.565217391304348,7.304347826086956,2.090909090909091
921,9.0,26.77777777777778,105.50617283950618,19.77777777777778,509.5061728395062,7.666666666666667,1.6666666666666667,0.28125
922,14.0,44.5,374.67857142857144,32.0,223.85714285714286,5.285714285714286,5.142857142857143,0.2222222222222222
923,20.0,21.75,113.4875,30.75,927.1875,7.0,2.0,0.5405405405405406
924,28.0,13.535714285714286,73.10586734693878,30.678571428571427,104.21811224489792,4.535714285714286,1.7857142857142858,0.9655172413793104
925,29.0,49.96551724137931,767.6884661117717,5.586206896551724,9.55291319857313,5.413793103448276,8.206896551724139,0.30851063829787234
926,28.0,21.857142857142858,115.40816326530614,30.071428571428573,968.7806122448981,7.142857142857143,1.75,0.717948717948718
927,17.0,41.470588235294116,870.2491349480969,5.882352941176471,6.9273356401384065,5.470588235294118,7.764705882352941,0.18085106382978725
928,19.0,11.789473684210526,31.745152354570635,78.05263157894737,150.47091412742384,6.7894736842105265,0.8421052631578947,0.95
929,10.0,38.5,1061.65,5.8,6.7600000000000025,4.9,9.1,0.10869565217391304
930,29.0,19.379310344827587,165.6837098692033,28.06896551724138,1169.7883472057076,7.172413793103448,2.206896551724138,0.7073170731707317
931,21.0,50.857142857142854,647.265306122449,4.904761904761905,7.419501133786848,5.857142857142857,8.238095238095237,0.23595505617977527
932,13.0,32.61538461538461,435.77514792899416,4.923076923076923,4.686390532544379,6.538461538461538,8.615384615384615,0.21666666666666667
933,20.0,8.95,26.847500000000004,79.0,201.6,7.15,1.15,1.1111111111111112
934,6.0,31.333333333333332,11.555555555555557,44.333333333333336,1057.888888888889,6.5,1.5,0.6
935,30.0,50.766666666666666,471.37888888888875,30.3,273.07666666666665,5.3,4.8,0.5084745762711864
936,26.0,15.653846153846153,77.0724852071006,32.61538461538461,137.7751479289941,6.115384615384615,2.576923076923077,0.8387096774193549
937,30.0,46.3,670.0100000000001,4.6,9.039999999999997,4.833333333333333,8.6,0.3
938,9.0,13.11111111111111,98.98765432098764,29.444444444444443,114.91358024691357,4.777777777777778,1.7777777777777777,0.2903225806451613
939,23.0,4.217391304347826,7.474480151228733,25.869565217391305,10.982986767485821,5.391304347826087,7.0,2.090909090909091
940,24.0,12.333333333333334,64.05555555555556,29.416666666666668,93.49305555555554,5.375,1.8333333333333333,0.8
941,17.0,27.88235294117647,331.280276816609,30.529411764705884,306.719723183391,5.411764705882353,4.294117647058823,0.32075471698113206
942,26.0,21.076923076923077,113.37869822485209,33.38461538461539,1209.544378698225,6.538461538461538,2.076923076923077,0.65
943,8.0,57.0,507.75,36.625,410.984375,7.375,5.875,0.16666666666666666
944,24.0,55.791666666666664,796.3315972222222,5.291666666666667,8.539930555555555,5.833333333333333,8.583333333333334,0.27906976744186046
945,27.0,5.333333333333333,12.444444444444445,23.25925925925926,14.78463648834019,5.333333333333333,7.555555555555555,2.4545454545454546
946,25.0,47.92,752.3135999999998,5.36,8.230400000000001,5.96,8.28,0.2604166666666667
947,12.0,11.333333333333334,52.055555555555564,79.08333333333333,138.57638888888889,7.666666666666667,0.8333333333333334,0.5714285714285714
948,6.0,2.8333333333333335,5.138888888888888,20.333333333333332,9.555555555555557,5.333333333333333,7.0,0.8571428571428571
949,11.0,13.636363636363637,58.0495867768595,18.363636363636363,474.4132231404958,7.636363636363637,2.4545454545454546,0.4583333333333333
950,15.0,23.2,174.42666666666665,32.06666666666667,820.9955555555556,7.133333333333334,1.6,0.36585365853658536
951,9.0,5.111111111111111,9.654320987654321,21.0,18.444444444444443,5.444444444444445,8.222222222222221,0.9
952,18.0,4.611111111111111,7.015432098765431,23.0,26.11111111111111,5.166666666666667,7.555555555555555,1.8
953,19.0,11.368421052631579,27.60110803324099,80.63157894736842,140.02216066481995,7.2105263157894735,1.2105263157894737,0.95
954,14.0,17.357142857142858,50.515306122448976,28.714285714285715,80.20408163265306,5.714285714285714,1.7857142857142858,0.45161290322580644
955,27.0,10.296296296296296,44.578875171467764,80.62962962962963,129.78875171467763,6.62962962962963,1.037037037037037,1.2857142857142858
956,23.0,5.130434782608695,10.982986767485823,21.347826086956523,24.748582230623814,5.521739130434782,7.434782608695652,2.090909090909091
957,12.0,38.083333333333336,579.2430555555555,35.416666666666664,257.0763888888889,5.083333333333333,4.833333333333333,0.1643835616438356
958,16.0,15.9375,92.18359375,32.1875,77.65234375,5.6875,2.4375,0.5925925925925926
959,5.0,17.4,183.44,33.6,1026.64,7.6,2.2,0.14285714285714285
960,22.0,14.318181818181818,50.76239669421488,32.13636363636363,105.48140495867769,5.090909090909091,1.9090909090909092,0.7333333333333333
961,26.0,50.07692307692308,815.9940828402366,6.384615384615385,7.544378698224853,5.230769230769231,8.384615384615385,0.26
962,10.0,52.5,860.05,5.6,6.640000000000001,5.1,8.6,0.11627906976744186
963,22.0,9.727272727272727,33.925619834710744,83.4090909090909,89.51446280991735,7.318181818181818,0.8636363636363636,1.1578947368421053
964,26.0,18.846153846153847,98.7455621301775,40.23076923076923,1088.7928994082843,6.653846153846154,2.3076923076923075,0.7222222222222222
965,14.0,14.928571428571429,115.49489795918369,37.57142857142857,1234.1020408163265,6.714285714285714,1.3571428571428572,0.3783783783783784
966,30.0,48.13333333333333,897.0488888888888,4.633333333333334,7.898888888888889,4.466666666666667,8.166666666666666,0.3
967,30.0,37.9,549.3566666666665,34.7,235.81,5.8,5.133333333333334,0.46153846153846156
968,26.0,13.307692307692308,71.75147928994083,33.65384615384615,95.9955621301775,6.8076923076923075,2.230769230769231,0.9629629629629629
969,18.0,38.666666666666664,796.3333333333335,30.77777777777778,273.6172839506172,4.611111111111111,5.444444444444445,0.26865671641791045
970,9.0,41.888888888888886,432.7654320987654,31.0,171.77777777777777,5.888888888888889,4.555555555555555,0.13846153846153847
971,24.0,21.791666666666668,106.9982638888889,30.333333333333332,1245.3055555555554,6.916666666666667,2.125,0.6857142857142857
972,19.0,4.526315789473684,8.45983379501385,22.68421052631579,16.426592797783933,5.315789473684211,8.0,1.7272727272727273
973,18.0,15.444444444444445,97.58024691358027,29.555555555555557,93.69135802469135,5.055555555555555,2.0555555555555554,0.5806451612903226
974,18.0,37.77777777777778,508.95061728395063,5.222222222222222,7.617283950617284,4.611111111111111,8.555555555555555,0.24324324324324326
975,14.0,19.285714285714285,194.48979591836732,38.357142857142854,1510.515306122449,5.928571428571429,1.7857142857142858,0.34146341463414637
976,28.0,4.678571428571429,10.146683673469388,24.428571428571427,21.1734693877551,5.464285714285714,7.75,2.5454545454545454
977,23.0,12.347826086956522,31.87901701323252,80.65217391304348,135.09640831758037,6.826086956521739,1.173913043478261,1.0952380952380953
978,27.0,4.888888888888889,6.987654320987654,23.11111111111111,19.50617283950617,5.2592592592592595,7.518518518518518,2.4545454545454546
979,6.0,49.5,310.25,35.5,184.91666666666666,3.6666666666666665,5.5,0.11764705882352941
980,22.0,5.909090909090909,9.991735537190083,24.136363636363637,16.3904958677686,5.318181818181818,7.454545454545454,2.0
981,6.0,30.5,446.25,23.5,44.916666666666664,5.166666666666667,4.833333333333333,0.0967741935483871
982,18.0,4.277777777777778,9.64506172839506,23.11111111111111,26.98765432098766,5.5,7.166666666666667,1.8
983,11.0,8.636363636363637,41.14049586776859,82.63636363636364,98.23140495867766,6.0,1.1818181818181819,0.5789473684210527
984,23.0,16.652173913043477,114.92249527410209,27.782608695652176,919.6483931947071,6.391304347826087,2.260869565217391,0.6216216216216216
985,11.0,4.181818181818182,6.87603305785124,24.727272727272727,13.107438016528926,5.818181818181818,7.2727272727272725,1.1
986,29.0,10.310344827586206,37.11058263971462,80.6896551724138,163.2485136741974,6.620689655172414,1.103448275862069,1.45
987,28.0,5.142857142857143,8.693877551020408,22.785714285714285,23.811224489795915,5.321428571428571,7.571428571428571,2.5454545454545454
988,12.0,3.8333333333333335,13.305555555555555,19.916666666666668,14.576388888888891,5.25,7.416666666666667,1.0909090909090908
989,19.0,3.6315789473684212,10.86426592797784,21.789473684210527,24.797783933518005,5.315789473684211,7.7368421052631575,1.7272727272727273
990,16.0,10.0,32.5,84.0,135.375,6.4375,0.75,0.7619047619047619
991,21.0,19.761904761904763,175.3242630385488,22.428571428571427,720.3401360544216,6.9523809523809526,2.5714285714285716,0.525
992,30.0,10.366666666666667,44.09888888888889,79.26666666666667,171.46222222222224,6.833333333333333,0.9333333333333333,1.4285714285714286
993,9.0,6.111111111111111,22.32098765432099,86.0,70.22222222222223,6.777777777777778,1.2222222222222223,0.6
994,27.0,4.814814814814815,12.447187928669408,23.703703703703702,24.65294924554184,5.518518518518518,7.37037037037037,2.4545454545454546
995,19.0,36.89473684210526,294.9362880886427,33.473684210526315,272.3545706371192,5.684210526315789,4.842105263157895,0.3877551020408163
996,26.0,4.538461538461538,11.01775147928994,23.96153846153846,18.11390532544378,5.769230769230769,7.076923076923077,2.3636363636363638
997,6.0,47.5,307.9166666666667,30.166666666666668,153.4722222222222,7.0,4.833333333333333,0.1111111111111111
998,21.0,36.61904761904762,773.4739229024946,23.80952380952381,126.05895691609979,5.142857142857143,4.476190476190476,0.27631578947368424
999,10.0,39.5,410.25,30.6,186.44,5.6,4.6,0.19230769230769232
1000,9.0,20.444444444444443,85.58024691358024,22.444444444444443,514.4691358024692,8.222222222222221,2.0,0.2903225806451613
1001,16.0,52.1875,794.02734375,6.125,9.734375,6.1875,8.5625,0.16842105263157894
1002,11.0,33.81818181818182,462.8760330578514,31.272727272727273,207.6528925619835,5.0,4.7272727272727275,0.14666666666666667
1003,19.0,44.73684210526316,1051.0360110803326,6.421052631578948,8.349030470914126,6.7368421052631575,8.368421052631579,0.1958762886597938
1004,29.0,4.9655172413793105,9.205707491082046,21.03448275862069,24.309155766944112,4.931034482758621,7.862068965517241,2.6363636363636362
1005,14.0,41.57142857142857,353.10204081632645,31.0,277.42857142857144,5.214285714285714,5.571428571428571,0.2413793103448276
1006,9.0,53.55555555555556,290.2469135802469,5.555555555555555,12.024691358024691,6.333333333333333,8.444444444444445,0.16363636363636364
1007,26.0,41.11538461538461,766.1789940828403,5.115384615384615,9.10207100591716,6.115384615384615,9.153846153846153,0.25742574257425743
1008,22.0,4.2727272727272725,11.198347107438018,22.40909090909091,25.696280991735534,5.2272727272727275,7.363636363636363,2.0
1009,27.0,16.25925925925926,85.00685871056243,32.148148148148145,118.86694101508917,5.666666666666667,2.1481481481481484,0.9
1010,5.0,14.2,69.75999999999999,43.2,1021.76,6.4,1.8,0.18518518518518517
1011,26.0,13.923076923076923,67.84023668639051,32.73076923076923,137.35059171597632,4.961538461538462,2.269230769230769,0.9629629629629629
1012,25.0,4.44,10.566399999999998,21.24,12.742400000000002,5.28,7.6,2.272727272727273
1013,5.0,8.8,52.160000000000004,87.0,165.2,8.8,0.6,0.2777777777777778
1014,7.0,7.285714285714286,33.63265306122449,78.42857142857143,153.3877551020408,8.285714285714286,0.8571428571428571,0.4117647058823529
1015,24.0,37.5,825.1666666666666,31.541666666666668,272.5815972222222,5.5,4.541666666666667,0.3157894736842105
1016,17.0,18.88235294117647,127.04498269896192,27.705882352941178,831.9723183391003,6.9411764705882355,1.9411764705882353,0.4358974358974359
1017,15.0,9.666666666666666,31.42222222222222,79.53333333333333,120.11555555555556,6.533333333333333,1.0666666666666667,0.8333333333333334
1018,7.0,14.0,13.142857142857142,80.57142857142857,77.6734693877551,8.285714285714286,0.42857142857142855,0.5833333333333334
1019,28.0,38.32142857142857,445.14668367346934,35.714285714285715,240.56122448979593,5.857142857142857,4.714285714285714,0.5283018867924528
1020,15.0,15.666666666666666,102.0888888888889,31.666666666666668,104.4888888888889,6.8,1.4,0.5357142857142857
1021,25.0,54.44,959.6064000000001,6.32,8.3776,4.84,8.56,0.25773195876288657
1022,13.0,18.53846153846154,47.01775147928994,33.76923076923077,114.02366863905326,5.230769230769231,1.7692307692307692,0.48148148148148145
1023,26.0,14.923076923076923,61.68639053254438,30.5,100.09615384615384,6.346153846153846,2.0,0.896551724137931
1024,18.0,20.77777777777778,128.39506172839506,31.444444444444443,1154.9135802469136,7.388888888888889,2.1666666666666665,0.47368421052631576
1025,14.0,14.642857142857142,83.65816326530613,33.714285714285715,116.48979591836736,4.785714285714286,1.1428571428571428,0.4827586206896552
1026,30.0,48.766666666666666,714.3122222222223,5.0,6.933333333333334,5.833333333333333,8.2,0.32608695652173914
1027,26.0,22.423076923076923,105.39792899408286,38.11538461538461,1047.7943786982248,6.769230769230769,1.8076923076923077,0.65
1028,24.0,42.833333333333336,585.3888888888889,32.125,319.2760416666667,5.291666666666667,5.166666666666667,0.3380281690140845
1029,24.0,13.333333333333334,66.47222222222221,29.75,83.6875,4.791666666666667,1.5416666666666667,0.7741935483870968
1030,25.0,16.56,68.6464,33.48,63.52959999999998,5.04,2.0,0.8333333333333334
1031,18.0,20.166666666666668,93.80555555555554,31.11111111111111,720.9876543209875,6.277777777777778,2.2222222222222223,0.5
1032,15.0,36.266666666666666,567.5288888888889,33.46666666666667,231.1822222222222,5.8,4.066666666666666,0.22727272727272727
1033,20.0,53.15,716.1275,30.2,311.25999999999993,5.05,5.35,0.2857142857142857
1034,24.0,5.5,11.416666666666666,22.833333333333332,21.305555555555554,5.625,7.583333333333333,2.1818181818181817
1035,8.0,10.75,54.1875,27.25,67.6875,7.125,2.25,0.34782608695652173
1036,9.0,12.88888888888889,41.20987654320988,79.11111111111111,206.320987654321,7.111111111111111,0.4444444444444444,0.5
1037,30.0,27.3,505.9433333333335,24.733333333333334,273.19555555555564,5.566666666666666,4.933333333333334,0.46875
1038,29.0,14.689655172413794,99.52437574316289,29.517241379310345,99.28418549346016,4.0344827586206895,2.1379310344827585,0.9354838709677419
1039,29.0,51.724137931034484,607.7859690844233,31.17241379310345,287.10820451843034,5.448275862068965,5.344827586206897,0.4461538461538462
1040,12.0,14.833333333333334,88.1388888888889,33.833333333333336,93.80555555555554,6.0,1.75,0.41379310344827586
1041,22.0,15.5,88.1590909090909,32.40909090909091,86.0599173553719,3.9545454545454546,1.9090909090909092,0.7096774193548387
1042,23.0,35.30434782608695,659.8638941398865,33.130434782608695,252.11342155009453,5.086956521739131,5.260869565217392,0.3709677419354839
1043,19.0,21.263157894736842,137.14127423822714,33.73684210526316,1109.667590027701,7.052631578947368,2.1578947368421053,0.48717948717948717
1044,18.0,13.5,103.36111111111111,29.0,80.0,4.222222222222222,2.6666666666666665,0.5806451612903226
1045,13.0,46.15384615384615,573.0532544378698,4.769230769230769,8.023668639053254,5.538461538461538,8.0,0.16666666666666666
1046,15.0,20.8,161.09333333333336,45.53333333333333,1470.3822222222223,7.266666666666667,2.2666666666666666,0.375
1047,5.0,20.8,58.56,27.6,104.64000000000001,6.2,1.2,0.2631578947368421
1048,5.0,7.0,13.6,22.6,29.439999999999998,4.6,6.8,0.5555555555555556
1049,5.0,16.0,7.6,77.0,54.0,7.6,1.0,0.5555555555555556
1050,9.0,17.333333333333332,55.333333333333336,30.77777777777778,100.39506172839505,8.444444444444445,1.2222222222222223,0.36
1051,28.0,50.92857142857143,873.3520408163266,5.535714285714286,9.963010204081636,5.821428571428571,8.642857142857142,0.3010752688172043
1052,22.0,4.5,6.25,23.136363636363637,27.481404958677683,5.5,7.363636363636363,2.2
1053,29.0,54.55172413793103,631.4197384066589,5.482758620689655,8.042806183115342,5.379310344827586,8.586206896551724,0.3020833333333333
1054,14.0,21.857142857142858,669.9795918367347,31.571428571428573,262.95918367346934,5.142857142857143,5.214285714285714,0.18181818181818182
1055,5.0,43.6,461.84000000000003,27.0,222.4,6.4,4.6,0.08064516129032258
1056,16.0,16.1875,151.52734375,37.0,1368.875,6.625,2.4375,0.45714285714285713
1057,27.0,57.96296296296296,616.7023319615912,6.962962962962963,5.961591220850481,4.962962962962963,8.481481481481481,0.30337078651685395
1058,27.0,16.666666666666668,127.03703703703701,29.62962962962963,1082.0109739369,7.407407407407407,2.3333333333333335,0.6923076923076923
1059,7.0,3.857142857142857,10.122448979591837,21.714285714285715,13.918367346938776,5.0,7.571428571428571,0.6363636363636364
1060,18.0,5.166666666666667,11.472222222222225,21.666666666666668,25.333333333333336,5.944444444444445,7.888888888888889,1.6363636363636365
1061,29.0,5.517241379310345,9.629013079667063,21.344827586206897,26.50178359096314,5.724137931034483,7.931034482758621,2.6363636363636362
1062,20.0,51.6,470.14,30.05,156.84750000000003,5.9,5.1,0.3389830508474576
1063,30.0,38.333333333333336,580.2222222222224,29.566666666666666,286.7788888888889,6.0,4.866666666666666,0.44776119402985076
1064,13.0,51.69230769230769,437.2899408284023,26.53846153846154,159.47928994082838,5.846153846153846,5.3076923076923075,0.203125
1065,7.0,14.142857142857142,58.40816326530613,28.714285714285715,80.48979591836734,5.285714285714286,2.0,0.28
1066,21.0,8.523809523809524,26.24943310657596,82.66666666666667,137.46031746031747,6.857142857142857,1.0952380952380953,1.05
1067,13.0,20.846153846153847,154.28402366863904,43.53846153846154,1421.4792899408285,6.384615384615385,2.6923076923076925,0.37142857142857144
1068,9.0,12.222222222222221,61.06172839506173,31.333333333333332,118.66666666666664,4.333333333333333,1.7777777777777777,0.34615384615384615
1069,11.0,13.090909090909092,29.719008264462808,85.63636363636364,58.0495867768595,7.181818181818182,1.1818181818181819,0.7333333333333333
1070,20.0,5.8,7.260000000000001,23.6,30.339999999999996,5.3,8.3,2.2222222222222223
1071,8.0,3.25,9.6875,20.125,17.109375,5.125,8.25,0.8888888888888888
1072,18.0,9.61111111111111,21.126543209876544,80.11111111111111,146.09876543209873,7.0,0.8333333333333334,1.0588235294117647
1073,19.0,6.7894736842105265,11.95567867036011,23.105263157894736,22.831024930747926,5.315789473684211,7.315789473684211,1.7272727272727273
1074,20.0,20.55,130.94750000000002,29.8,1064.4600000000003,6.55,2.15,0.4878048780487805
1075,18.0,5.333333333333333,6.888888888888888,22.27777777777778,20.867283950617278,5.166666666666667,7.555555555555555,1.8
1076,30.0,34.766666666666666,529.8455555555556,32.36666666666667,200.0322222222222,6.033333333333333,4.766666666666667,0.46875
1077,5.0,7.0,2.8,20.4,18.64,4.6,8.6,0.8333333333333334
1078,12.0,41.166666666666664,505.13888888888886,29.666666666666668,275.38888888888886,4.833333333333333,4.083333333333333,0.21818181818181817
1079,26.0,14.192307692307692,88.69378698224855,28.576923076923077,60.47485207100591,5.153846153846154,1.9615384615384615,0.8387096774193549
1080,19.0,40.31578947368421,1088.426592797784,7.052631578947368,6.89196675900277,4.7894736842105265,7.842105263157895,0.19791666666666666
1081,15.0,38.266666666666666,757.262222222222,28.466666666666665,153.1822222222222,5.133333333333334,4.866666666666666,0.2112676056338028
1082,12.0,8.166666666666666,29.97222222222223,85.25,105.1875,7.083333333333333,1.3333333333333333,0.6
1083,22.0,4.2272727272727275,8.902892561983471,21.227272727272727,18.6301652892562,5.863636363636363,7.590909090909091,2.0
1084,12.0,14.25,72.85416666666667,30.75,143.52083333333334,5.5,2.0,0.3870967741935484
1085,30.0,58.53333333333333,687.3155555555556,6.633333333333334,7.365555555555555,5.266666666666667,8.3,0.3333333333333333
1086,6.0,11.666666666666666,47.555555555555564,70.16666666666667,50.80555555555555,8.0,1.1666666666666667,0.3157894736842105
1087,14.0,37.285714285714285,687.2040816326532,29.285714285714285,237.77551020408168,4.642857142857143,4.785714285714286,0.20588235294117646
1088,5.0,12.8,75.76,28.2,34.160000000000004,6.6,2.6,0.20833333333333334
1089,17.0,50.1764705882353,784.1453287197231,30.88235294117647,299.16262975778545,6.0,4.411764705882353,0.22666666666666666
1090,27.0,13.444444444444445,72.17283950617285,32.48148148148148,106.84224965706446,4.925925925925926,2.4074074074074074,0.9642857142857143
1091,9.0,5.0,10.444444444444445,24.333333333333332,20.666666666666668,5.444444444444445,8.333333333333334,1.0
1092,8.0,22.875,184.359375,26.125,606.359375,8.5,1.5,0.1951219512195122
1093,21.0,40.95238095238095,1031.283446712018,5.714285714285714,4.394557823129252,5.857142857142857,8.333333333333334,0.21649484536082475
1094,10.0,5.7,9.610000000000001,22.0,16.0,4.8,7.5,1.0
1095,21.0,15.428571428571429,86.24489795918365,31.952380952380953,79.37868480725623,4.190476190476191,1.5714285714285714,0.7
1096,26.0,53.88461538461539,965.7943786982249,4.653846153846154,7.764792899408284,5.615384615384615,8.5,0.26
1097,15.0,5.133333333333334,11.582222222222219,22.733333333333334,23.528888888888886,5.333333333333333,7.666666666666667,1.3636363636363635
1098,21.0,17.0,91.23809523809524,32.142857142857146,116.40816326530611,5.0,2.0952380952380953,0.7
1099,15.0,23.0,135.46666666666667,33.8,1383.7599999999998,6.933333333333334,2.7333333333333334,0.40540540540540543
1100,9.0,14.222222222222221,79.06172839506172,27.0,93.55555555555556,4.777777777777778,1.8888888888888888,0.3
1101,18.0,15.277777777777779,139.75617283950618,37.05555555555556,1055.1635802469134,6.944444444444445,2.1666666666666665,0.46153846153846156
1102,20.0,25.25,118.0875,46.6,1540.5400000000002,6.85,1.65,0.5
1103,12.0,11.0,31.666666666666668,74.58333333333333,119.24305555555556,8.333333333333334,0.9166666666666666,0.75
1104,22.0,9.090909090909092,34.173553719008275,82.13636363636364,120.57231404958675,7.363636363636363,1.2272727272727273,1.1
1105,17.0,8.0,44.23529411764706,77.05882352941177,146.17301038062283,6.352941176470588,1.1764705882352942,0.8095238095238095
1106,26.0,52.15384615384615,562.9763313609467,29.76923076923077,208.4852071005917,5.3076923076923075,4.6923076923076925,0.36619718309859156
1107,16.0,9.25,34.9375,81.625,183.609375,7.3125,1.125,0.8
1108,28.0,20.5,121.96428571428571,33.107142857142854,1025.1670918367347,6.928571428571429,2.107142857142857,0.6829268292682927
1109,6.0,23.0,152.66666666666666,47.666666666666664,1228.5555555555557,7.5,1.8333333333333333,0.17647058823529413
1110,23.0,9.0,30.52173913043478,81.6086956521739,129.02079395085065,6.434782608695652,1.173913043478261,1.2105263157894737
1111,12.0,5.166666666666667,7.8055555555555545,23.416666666666668,13.743055555555557,5.666666666666667,6.583333333333333,1.0909090909090908
1112,18.0,11.777777777777779,59.72839506172839,31.77777777777778,123.95061728395065,4.166666666666667,1.8333333333333333,0.6428571428571429
1113,30.0,11.266666666666667,69.39555555555557,33.666666666666664,93.22222222222221,5.4,1.6666666666666667,1.0344827586206897
1114,21.0,39.95238095238095,826.9977324263039,5.0476190476190474,8.045351473922901,5.714285714285714,8.619047619047619,0.21649484536082475
1115,21.0,17.952380952380953,104.99773242630384,34.333333333333336,68.98412698412699,4.523809523809524,2.2857142857142856,0.6774193548387096
1116,11.0,6.818181818181818,39.966942148760324,86.27272727272727,113.28925619834709,7.0,1.5454545454545454,0.5789473684210527
1117,12.0,49.833333333333336,630.9722222222223,23.666666666666668,173.22222222222226,6.166666666666667,4.916666666666667,0.1875
1118,20.0,39.25,566.0875,31.2,262.26,5.75,5.25,0.3333333333333333
1119,28.0,38.57142857142857,727.6734693877552,29.75,206.61607142857142,5.142857142857143,4.75,0.4117647058823529
1120,15.0,15.466666666666667,73.9822222222222,30.866666666666667,69.44888888888887,6.266666666666667,1.8666666666666667,0.5357142857142857
1121,27.0,10.962962962962964,37.22085048010973,82.48148148148148,142.6941015089163,6.925925925925926,0.7407407407407407,1.2857142857142858
1122,13.0,45.15384615384615,1127.3609467455624,6.461538461538462,8.09467455621302,5.769230769230769,8.23076923076923,0.13541666666666666
1123,15.0,4.666666666666667,12.755555555555556,22.133333333333333,16.115555555555556,5.266666666666667,6.8,1.3636363636363635
1124,13.0,24.307692307692307,127.28994082840237,43.53846153846154,714.7100591715975,7.076923076923077,1.8461538461538463,0.35135135135135137
1125,12.0,12.916666666666666,75.90972222222223,37.75,92.85416666666667,6.166666666666667,1.6666666666666667,0.41379310344827586
1126,15.0,12.133333333333333,66.91555555555556,26.733333333333334,101.1288888888889,4.933333333333334,1.8666666666666667,0.5769230769230769
1127,18.0,21.88888888888889,107.32098765432099,32.55555555555556,1198.358024691358,7.277777777777778,1.8333333333333333,0.4864864864864865
1128,10.0,5.3,11.41,23.6,24.04,5.4,8.0,0.9090909090909091
1129,22.0,57.81818181818182,614.2396694214876,6.409090909090909,6.787190082644628,4.454545454545454,8.181818181818182,0.23404255319148937
1130,6.0,36.166666666666664,563.1388888888889,34.833333333333336,371.8055555555555,6.166666666666667,6.333333333333333,0.1016949152542373
1131,29.0,44.275862068965516,802.4756242568374,4.931034482758621,8.271105826397147,5.931034482758621,8.551724137931034,0.29591836734693877
1132,23.0,36.869565217391305,644.2003780718336,33.95652173913044,235.78071833648409,5.391304347826087,4.6521739130434785,0.3382352941176471
1133,7.0,10.571428571428571,25.673469387755098,86.57142857142857,90.24489795918366,5.571428571428571,1.5714285714285714,0.4117647058823529
1134,24.0,21.083333333333332,137.5763888888889,35.208333333333336,1126.998263888889,7.625,1.7916666666666667,0.6486486486486487
1135,25.0,9.0,30.0,80.32,140.8576,6.4,0.8,1.3888888888888888
1136,6.0,23.833333333333332,29.13888888888889,28.166666666666668,79.80555555555556,1.3333333333333333,2.3333333333333335,0.4
1137,7.0,11.142857142857142,25.83673469387755,86.0,110.85714285714286,6.857142857142857,1.1428571428571428,0.4117647058823529
1138,24.0,41.333333333333336,903.8055555555557,5.333333333333333,6.722222222222222,5.458333333333333,8.458333333333334,0.26666666666666666
1139,14.0,29.714285714285715,405.63265306122446,35.57142857142857,232.10204081632654,6.642857142857143,4.785714285714286,0.2153846153846154
1140,29.0,7.344827586206897,34.70868014268728,79.34482758620689,164.57074910820452,7.0,1.0,1.380952380952381
1141,12.0,22.333333333333332,132.88888888888889,45.0,1392.1666666666667,7.166666666666667,2.4166666666666665,0.3
1142,28.0,39.464285714285715,903.3201530612243,29.678571428571427,282.3609693877551,5.821428571428571,5.428571428571429,0.345679012345679
1143,17.0,12.411764705882353,27.771626297577853,84.3529411764706,116.22837370242215,6.470588235294118,1.0588235294117647,1.0
1144,12.0,36.666666666666664,950.5555555555557,32.166666666666664,212.97222222222226,6.083333333333333,5.75,0.17142857142857143
1145,26.0,17.03846153846154,68.03698224852072,31.53846153846154,120.40236686390533,6.730769230769231,1.9230769230769231,0.8666666666666667
1146,14.0,20.857142857142858,182.9795918367347,39.57142857142857,1183.8163265306123,6.714285714285714,2.4285714285714284,0.358974358974359
1147,26.0,44.76923076923077,1032.4082840236688,5.115384615384615,8.948224852071005,6.153846153846154,8.26923076923077,0.2653061224489796
1148,24.0,49.791666666666664,527.4149305555558,6.166666666666667,8.472222222222221,6.125,8.666666666666666,0.2553191489361702
1149,19.0,3.1052631578947367,9.357340720221607,22.842105263157894,19.290858725761773,5.421052631578948,8.0,1.7272727272727273
1150,12.0,32.0,754.0,39.416666666666664,250.24305555555557,3.9166666666666665,5.5,0.17391304347826086
1151,16.0,56.25,1028.4375,4.8125,8.65234375,6.125,8.875,0.16161616161616163
1152,19.0,11.263157894736842,40.93074792243768,76.78947368421052,119.4293628808864,6.578947368421052,1.0526315789473684,0.95
1153,27.0,17.925925925925927,119.0315500685871,27.296296296296298,1032.3566529492457,6.62962962962963,1.8888888888888888,0.7297297297297297
1154,23.0,17.130434782608695,125.15689981096409,31.652173913043477,1176.13988657845,7.260869565217392,1.6956521739130435,0.575
1155,20.0,14.0,65.0,34.6,87.04000000000002,5.3,2.0,0.6451612903225806
1156,22.0,46.95454545454545,728.861570247934,6.181818181818182,7.694214876033057,5.5,8.363636363636363,0.24444444444444444
1157,18.0,4.111111111111111,9.765432098765434,23.22222222222222,23.506172839506174,5.555555555555555,7.666666666666667,1.8
1158,6.0,16.0,74.66666666666667,26.5,114.91666666666667,8.0,2.0,0.25
1159,26.0,4.538461538461538,13.09467455621302,22.73076923076923,20.65828402366864,5.8076923076923075,7.653846153846154,2.3636363636363638
1160,29.0,55.41379310344828,757.8287752675386,5.793103448275862,9.750297265160523,5.413793103448276,8.241379310344827,0.31868131868131866
1161,10.0,34.7,883.6099999999999,6.6,10.84,4.1,7.9,0.1282051282051282
1162,9.0,15.666666666666666,128.88888888888889,35.333333333333336,299.5555555555556,7.444444444444445,2.0,0.2727272727272727
1163,24.0,4.833333333333333,7.138888888888888,22.583333333333332,14.076388888888888,5.416666666666667,7.791666666666667,2.4
1164,29.0,39.172413793103445,548.3495838287753,27.75862068965517,288.2520808561236,5.344827586206897,4.655172413793103,0.4915254237288136
1165,24.0,38.666666666666664,1108.8055555555554,4.583333333333333,6.493055555555556,6.041666666666667,8.541666666666666,0.24
1166,25.0,4.64,9.670399999999999,23.84,21.7344,5.36,7.16,2.272727272727273
1167,21.0,15.428571428571429,90.34013605442176,31.428571428571427,124.91156462585035,4.9523809523809526,1.5714285714285714,0.7
1168,5.0,15.2,268.96,4.4,7.839999999999999,5.6,8.2,0.125
1169,27.0,48.0,787.1111111111111,4.703703703703703,9.39368998628258,4.481481481481482,8.407407407407407,0.2872340425531915
1170,15.0,3.7333333333333334,4.5955555555555545,22.266666666666666,20.06222222222222,5.2,7.8,1.6666666666666667
1171,5.0,45.4,909.4399999999999,35.8,188.56,4.6,6.8,0.07692307692307693
1172,6.0,72.16666666666667,250.4722222222222,6.666666666666667,8.88888888888889,4.333333333333333,8.333333333333334,0.12244897959183673
1173,9.0,10.0,101.33333333333333,35.111111111111114,98.5432098765432,5.0,2.5555555555555554,0.3103448275862069
1174,16.0,61.0,783.75,5.5,10.375,5.5,8.25,0.16666666666666666
1175,17.0,19.470588235294116,207.07266435986162,35.88235294117647,860.1038062283736,7.647058823529412,1.8823529411764706,0.4146341463414634
1176,20.0,6.35,9.427499999999998,21.95,17.1475,5.25,7.2,2.0
1177,7.0,31.857142857142858,276.1224489795918,40.857142857142854,200.9795918367347,7.142857142857143,5.714285714285714,0.14583333333333334
1178,6.0,6.166666666666667,11.138888888888891,25.5,10.916666666666666,5.666666666666667,7.166666666666667,0.6666666666666666
1179,20.0,5.15,7.727499999999999,23.8,15.660000000000002,5.05,7.35,2.0
1180,25.0,12.2,38.32000000000001,79.04,156.51839999999999,7.04,1.16,1.1904761904761905
1181,28.0,9.785714285714286,43.09693877551022,81.17857142857143,155.86096938775512,7.321428571428571,0.9642857142857143,1.3333333333333333
1182,6.0,14.833333333333334,117.1388888888889,40.666666666666664,1313.888888888889,7.666666666666667,0.3333333333333333,0.1875
1183,14.0,30.928571428571427,447.7806122448979,38.285714285714285,269.7755102040816,5.785714285714286,5.214285714285714,0.21875
1184,17.0,16.705882352941178,91.97231833910035,35.23529411764706,931.3564013840831,6.764705882352941,1.411764705882353,0.4594594594594595
1185,30.0,19.466666666666665,126.11555555555555,36.1,1335.156666666667,7.0,2.3,0.8108108108108109
1186,23.0,7.739130434782608,39.844990548204144,82.08695652173913,110.94896030245744,6.913043478260869,1.2173913043478262,1.0952380952380953
1187,5.0,13.0,48.4,83.6,223.44,6.2,1.0,0.25
1188,19.0,35.526315789473685,631.196675900277,30.36842105263158,253.07479224376732,5.894736842105263,5.157894736842105,0.2676056338028169
1189,27.0,37.48148148148148,853.1385459533609,5.777777777777778,9.283950617283951,5.851851851851852,8.88888888888889,0.2967032967032967
1190,30.0,29.5,249.38333333333333,29.4,295.97333333333336,5.733333333333333,5.1,0.6
1191,15.0,10.4,42.239999999999995,84.0,173.2,6.8,0.7333333333333333,0.75
1192,9.0,25.88888888888889,100.54320987654322,39.111111111111114,894.0987654320986,6.333333333333333,2.888888888888889,0.32142857142857145
1193,7.0,42.57142857142857,307.10204081632656,24.714285714285715,218.20408163265307,3.857142857142857,3.7142857142857144,0.1206896551724138
1194,8.0,48.25,617.6875,29.0,196.75,3.625,5.75,0.12698412698412698
1195,17.0,33.705882352941174,650.9134948096886,5.117647058823529,9.044982698961936,5.764705882352941,8.470588235294118,0.19101123595505617
1196,24.0,4.291666666666667,10.539930555555557,22.0,19.0,5.458333333333333,7.041666666666667,2.1818181818181817
1197,18.0,15.777777777777779,74.39506172839506,31.61111111111111,126.01543209876543,6.5,1.6666666666666667,0.6428571428571429
1198,25.0,10.08,30.313600000000005,74.48,93.3696,7.04,1.24,1.3157894736842106
1199,16.0,21.375,36.734375,28.25,101.3125,5.6875,2.375,0.6956521739130435
1200,6.0,24.833333333333332,57.805555555555564,16.333333333333332,130.55555555555557,7.833333333333333,2.0,0.2608695652173913
1201,5.0,22.2,19.36,33.0,134.4,4.6,2.2,0.38461538461538464
1202,21.0,4.714285714285714,8.108843537414966,21.857142857142858,16.503401360544217,6.0476190476190474,8.142857142857142,2.1
1203,10.0,16.5,63.25,31.9,157.08999999999997,6.5,1.4,0.35714285714285715
1204,15.0,53.46666666666667,1246.9155555555558,3.6666666666666665,7.5555555555555545,4.6,8.4,0.16129032258064516
1205,23.0,14.217391304347826,99.30056710775048,32.47826086956522,105.29300567107752,5.869565217391305,1.565217391304348,0.7666666666666667
1206,20.0,47.65,1141.9275,6.0,5.2,4.8,8.15,0.20408163265306123
1207,23.0,13.434782608695652,92.0718336483932,30.782608695652176,115.82230623818526,5.391304347826087,1.8695652173913044,0.7419354838709677
1208,20.0,20.65,169.12750000000003,34.6,1441.74,7.1,1.6,0.4878048780487805
1209,12.0,45.083333333333336,763.0763888888888,6.416666666666667,9.743055555555555,5.333333333333333,8.416666666666666,0.12903225806451613
1210,10.0,10.9,38.489999999999995,69.4,49.04000000000001,6.5,0.9,0.5555555555555556
1211,28.0,50.857142857142854,628.4795918367347,5.892857142857143,7.9528061224489806,4.785714285714286,8.25,0.3111111111111111
1212,30.0,33.166666666666664,638.4055555555555,37.43333333333333,268.91222222222217,5.166666666666667,5.366666666666666,0.38961038961038963
1213,8.0,34.5,429.75,33.0,177.0,4.375,4.5,0.125
1214,20.0,46.2,410.56000000000006,32.95,263.3475,5.85,4.95,0.38461538461538464
1215,14.0,21.928571428571427,198.6377551020408,31.214285714285715,1002.5969387755101,6.928571428571429,1.8571428571428572,0.358974358974359
1216,24.0,46.375,635.5677083333334,6.208333333333333,5.1649305555555545,6.375,8.291666666666666,0.2696629213483146
1217,17.0,6.0,9.529411764705882,23.11764705882353,26.927335640138413,5.764705882352941,7.764705882352941,1.5454545454545454
1218,29.0,5.172413793103448,10.832342449464921,22.20689655172414,20.439952437574313,5.517241379310345,7.896551724137931,2.6363636363636362
1219,15.0,10.666666666666666,37.422222222222224,77.6,126.24,6.333333333333333,0.5333333333333333,0.7894736842105263
1220,29.0,4.827586206896552,10.832342449464921,21.551724137931036,17.83353151010701,5.379310344827586,7.172413793103448,2.6363636363636362
1221,13.0,26.23076923076923,170.79289940828403,20.615384615384617,646.2366863905326,6.538461538461538,1.9230769230769231,0.35135135135135137
1222,11.0,12.545454545454545,14.975206611570247,78.36363636363636,164.95867768595042,7.2727272727272725,0.7272727272727273,0.7333333333333333
1223,17.0,57.88235294117647,846.8096885813148,5.0588235294117645,6.996539792387544,5.647058823529412,8.470588235294118,0.17708333333333334
1224,9.0,4.777777777777778,7.5061728395061715,22.666666666666668,18.0,5.666666666666667,7.888888888888889,0.9
1225,7.0,19.285714285714285,53.06122448979592,31.285714285714285,18.48979591836735,2.857142857142857,1.0,0.3333333333333333
1226,10.0,18.6,38.44000000000001,34.7,32.209999999999994,4.9,1.8,0.4
1227,10.0,10.1,47.09,80.4,100.03999999999999,7.2,0.7,0.5263157894736842
1228,7.0,13.285714285714286,22.489795918367346,78.71428571428571,110.20408163265306,5.857142857142857,0.8571428571428571,0.4666666666666667
1229,13.0,16.307692307692307,48.520710059171606,33.38461538461539,95.0059171597633,6.538461538461538,2.076923076923077,0.5
1230,11.0,51.63636363636363,903.685950413223,5.2727272727272725,8.74380165289256,4.454545454545454,8.545454545454545,0.12941176470588237
1231,5.0,11.0,34.4,79.6,230.24,7.6,1.4,0.3333333333333333
1232,22.0,38.40909090909091,727.8780991735534,37.13636363636363,247.93595041322308,5.0,5.045454545454546,0.3235294117647059
1233,23.0,47.47826086956522,947.3799621928168,5.434782608695652,7.202268431001892,5.608695652173913,8.08695652173913,0.24210526315789474
1234,17.0,20.294117647058822,142.9134948096886,25.823529411764707,1061.0865051903113,7.0,1.7058823529411764,0.4473684210526316
1235,22.0,4.318181818181818,9.035123966942148,20.5,15.522727272727273,5.454545454545454,7.7727272727272725,2.2
1236,16.0,8.3125,30.58984375,79.5625,141.74609375,6.8125,1.0625,0.8
1237,28.0,15.678571428571429,79.07525510204083,29.535714285714285,100.53443877551017,6.321428571428571,2.107142857142857,0.9032258064516129
1238,16.0,6.6875,3.46484375,22.6875,10.71484375,5.5625,7.8125,2.0
1239,16.0,3.375,12.234375,22.3125,15.33984375,5.1875,7.125,1.4545454545454546
1240,11.0,10.454545454545455,32.79338842975206,80.27272727272727,102.74380165289257,8.090909090909092,0.7272727272727273,0.6875
1241,20.0,12.45,36.3475,30.05,110.84750000000001,5.9,2.25,0.8695652173913043
1242,17.0,4.882352941176471,8.692041522491351,23.823529411764707,16.380622837370243,5.705882352941177,7.470588235294118,1.7
1243,20.0,70.25,646.6875,6.15,7.6275,6.45,7.85,0.2
1244,5.0,10.4,99.03999999999999,33.6,88.24,6.2,2.2,0.19230769230769232
1245,6.0,47.333333333333336,707.5555555555555,6.833333333333333,4.472222222222222,5.0,8.833333333333334,0.08
1246,5.0,4.2,18.96,21.6,25.04,5.4,7.4,0.45454545454545453
1247,6.0,6.833333333333333,12.805555555555557,21.5,16.916666666666668,5.833333333333333,6.333333333333333,0.6666666666666666
1248,16.0,13.0,50.125,36.75,136.1875,5.375,1.625,0.5925925925925926
1249,12.0,21.166666666666668,147.4722222222222,42.833333333333336,995.1388888888887,7.166666666666667,2.0833333333333335,0.32432432432432434
1250,14.0,36.357142857142854,468.37244897959175,6.357142857142857,8.658163265306124,5.928571428571429,8.5,0.1686746987951807
1251,6.0,4.666666666666667,14.222222222222223,23.833333333333332,31.13888888888889,4.166666666666667,8.166666666666666,0.5454545454545454
1252,6.0,5.0,5.666666666666667,21.166666666666668,40.47222222222222,5.0,7.166666666666667,0.6666666666666666
1253,25.0,5.68,8.4576,21.44,22.3264,5.32,7.52,2.272727272727273
1254,9.0,42.333333333333336,610.4444444444446,4.222222222222222,8.17283950617284,4.111111111111111,8.222222222222221,0.1267605633802817
1255,19.0,47.36842105263158,363.4958448753463,6.894736842105263,8.515235457063712,5.684210526315789,8.368421052631579,0.27941176470588236
1256,16.0,5.25,6.4375,22.75,17.8125,5.625,7.6875,1.6
1257,11.0,41.36363636363637,943.1404958677685,5.090909090909091,8.264462809917354,4.2727272727272725,8.818181818181818,0.11224489795918367
1258,27.0,18.962962962962962,139.443072702332,27.62962962962963,984.2331961591219,7.777777777777778,2.037037037037037,0.75
1259,25.0,22.4,123.92,24.8,676.0000000000003,7.16,2.36,0.625
1260,19.0,40.10526315789474,284.409972299169,36.31578947368421,233.90027700831027,5.631578947368421,5.578947368421052,0.40425531914893614
1261,16.0,5.0,6.5,24.125,23.984375,5.75,7.0625,1.4545454545454546
1262,16.0,39.4375,750.37109375,5.875,9.109375,5.8125,8.875,0.1927710843373494
1263,5.0,42.4,259.84000000000003,39.6,214.63999999999996,5.2,3.6,0.10869565217391304
1264,8.0,3.75,6.1875,21.625,22.484375,5.75,9.0,1.0
1265,21.0,11.952380952380953,24.90249433106576,78.71428571428571,144.96598639455783,7.238095238095238,0.8095238095238095,1.105263157894737
1266,24.0,15.541666666666666,89.74826388888887,33.375,122.65104166666667,5.583333333333333,2.1666666666666665,0.7741935483870968
1267,16.0,52.75,768.6875,3.75,6.3125,6.375,8.8125,0.20512820512820512
1268,9.0,13.444444444444445,24.24691358024691,80.66666666666667,81.77777777777777,7.555555555555555,1.1111111111111112,0.6
1269,8.0,5.625,12.484375,21.875,19.359375,5.75,9.125,0.7272727272727273
1270,7.0,36.285714285714285,665.3469387755102,4.857142857142857,12.979591836734695,4.714285714285714,8.714285714285714,0.08974358974358974
1271,24.0,48.083333333333336,639.3263888888888,26.375,268.1510416666667,4.875,5.625,0.34285714285714286
1272,10.0,8.2,47.959999999999994,76.5,82.85,7.6,0.8,0.5263157894736842
1273,15.0,16.6,158.37333333333336,29.133333333333333,874.1155555555556,7.4,1.5333333333333334,0.40540540540540543
1274,7.0,41.42857142857143,494.2448979591837,32.42857142857143,321.9591836734694,5.142857142857143,6.142857142857143,0.12280701754385964
1275,28.0,15.107142857142858,76.88137755102039,28.785714285714285,94.95408163265306,5.75,2.6785714285714284,0.9333333333333333
1276,10.0,4.5,11.05,23.6,21.04,5.5,7.4,0.9090909090909091
1277,18.0,4.722222222222222,9.42283950617284,22.72222222222222,18.53395061728395,5.5,8.0,1.6363636363636365
1278,26.0,68.0,787.1538461538462,5.769230769230769,7.715976331360947,5.115384615384615,8.73076923076923,0.2765957446808511
1279,13.0,9.538461538461538,23.633136094674555,81.61538461538461,125.62130177514793,6.153846153846154,1.0769230769230769,0.7647058823529411
1280,27.0,24.14814814814815,143.6076817558299,36.111111111111114,1079.58024691358,7.518518518518518,2.3333333333333335,0.6585365853658537
1281,28.0,42.214285714285715,1071.7397959183672,5.0,6.214285714285714,6.5,8.392857142857142,0.28
1282,24.0,17.083333333333332,70.15972222222221,33.25,107.10416666666667,7.333333333333333,1.8333333333333333,0.8
1283,25.0,19.16,137.65439999999998,44.92,1397.9935999999998,7.36,1.64,0.6097560975609756
1284,18.0,14.833333333333334,67.80555555555557,29.444444444444443,83.1358024691358,4.444444444444445,1.9444444444444444,0.6206896551724138
1285,24.0,14.5,87.5,31.208333333333332,110.99826388888891,5.541666666666667,1.7083333333333333,0.7741935483870968
1286,15.0,18.466666666666665,54.11555555555557,25.533333333333335,440.2488888888889,7.533333333333333,1.4,0.5
1287,18.0,42.333333333333336,888.2222222222224,5.055555555555555,8.496913580246913,5.888888888888889,8.61111111111111,0.1956521739130435
1288,21.0,10.80952380952381,25.86848072562358,75.28571428571429,104.39455782312928,7.285714285714286,0.9047619047619048,1.105263157894737
1289,20.0,31.15,585.4275,37.45,186.84749999999997,6.15,5.25,0.3333333333333333
1290,18.0,17.555555555555557,123.91358024691355,28.5,1045.25,7.277777777777778,2.3333333333333335,0.46153846153846156
1291,13.0,59.23076923076923,1078.6390532544378,5.846153846153846,11.207100591715975,6.153846153846154,8.76923076923077,0.1368421052631579
1292,23.0,4.260869565217392,15.584120982986766,22.47826086956522,20.684310018903588,5.6521739130434785,7.956521739130435,2.090909090909091
1293,10.0,26.9,120.08999999999999,35.6,992.6400000000001,6.2,2.4,0.2857142857142857
1294,24.0,8.291666666666666,38.53993055555556,81.79166666666667,118.66493055555559,7.125,1.0,1.1428571428571428
1295,24.0,42.0,623.0,32.708333333333336,249.12326388888889,5.333333333333333,4.333333333333333,0.375
1296,20.0,9.5,31.45,80.4,106.63999999999999,6.9,0.85,1.0526315789473684
1297,10.0,18.1,191.69,40.3,1462.21,7.1,2.7,0.2631578947368421
1298,30.0,46.0,721.4666666666667,36.6,298.70666666666676,4.8,5.366666666666666,0.4166666666666667
1299,24.0,17.208333333333332,115.91493055555554,39.833333333333336,1272.638888888889,6.291666666666667,1.7916666666666667,0.7058823529411765
1300,11.0,19.181818181818183,171.7851239669421,38.54545454545455,1058.7933884297522,7.0,1.6363636363636365,0.28205128205128205
1301,29.0,10.241379310344827,25.355529131985737,84.06896551724138,107.78834720570748,6.689655172413793,1.0689655172413792,1.45
1302,8.0,56.25,414.1875,5.375,7.984375,7.0,8.5,0.14545454545454545
1303,24.0,3.7916666666666665,9.998263888888891,23.583333333333332,24.326388888888886,5.583333333333333,7.916666666666667,2.1818181818181817
1304,29.0,44.206896551724135,880.71581450654,4.827586206896552,9.177170035671816,5.206896551724138,8.413793103448276,0.29292929292929293
1305,21.0,9.80952380952381,40.63038548752835,76.47619047619048,143.96371882086171,6.666666666666667,1.0,1.0
1306,5.0,32.2,460.16,25.0,154.0,5.8,4.4,0.08928571428571429
1307,18.0,54.44444444444444,776.0246913580245,6.166666666666667,6.027777777777778,5.555555555555555,8.277777777777779,0.20689655172413793
1308,29.0,11.206896551724139,39.8192627824019,81.37931034482759,142.92508917954814,7.482758620689655,1.1379310344827587,1.380952380952381
1309,21.0,20.857142857142858,155.74149659863946,32.61904761904762,1169.5691609977325,6.523809523809524,2.238095238095238,0.5384615384615384
1310,24.0,10.458333333333334,37.998263888888886,76.95833333333333,140.4565972222222,7.416666666666667,1.125,1.1428571428571428
1311,19.0,28.210526315789473,406.0609418282549,33.89473684210526,213.88365650969527,5.0,5.578947368421052,0.3114754098360656
1312,15.0,52.06666666666667,388.3288888888889,41.333333333333336,251.55555555555557,5.866666666666666,4.2,0.2542372881355932
1313,19.0,9.526315789473685,37.51246537396122,85.47368421052632,102.98614958448753,7.052631578947368,1.1578947368421053,0.9047619047619048
1314,27.0,45.074074074074076,679.9945130315501,31.14814814814815,205.23731138545952,5.518518518518518,4.592592592592593,0.39705882352941174
1315,29.0,5.586206896551724,8.863258026159334,21.689655172413794,13.59334126040428,5.758620689655173,7.517241379310345,2.6363636363636362
1316,9.0,24.555555555555557,102.46913580246913,43.0,1376.888888888889,6.888888888888889,2.4444444444444446,0.2727272727272727
1317,13.0,46.0,935.0769230769231,5.923076923076923,6.686390532544379,5.0,9.23076923076923,0.1566265060240964
1318,27.0,15.62962962962963,83.93689986282578,31.74074074074074,113.89574759945128,6.296296296296297,2.4074074074074074,0.8709677419354839
1319,27.0,5.111111111111111,10.54320987654321,22.444444444444443,21.580246913580247,5.444444444444445,7.592592592592593,2.4545454545454546
1320,12.0,4.25,11.1875,23.666666666666668,16.38888888888889,5.75,7.75,1.2
1321,26.0,48.23076923076923,554.3313609467455,6.230769230769231,8.023668639053254,5.653846153846154,8.653846153846153,0.27956989247311825
1322,5.0,4.4,4.24,21.8,12.16,6.0,6.4,0.7142857142857143
1323,22.0,16.681818181818183,84.85330578512392,35.22727272727273,78.17561983471076,4.7727272727272725,2.1818181818181817,0.7333333333333333
1324,8.0,16.875,116.109375,30.125,73.109375,4.5,1.875,0.2962962962962963
1325,20.0,5.3,11.51,22.35,16.3275,5.25,6.6,1.8181818181818181
1326,12.0,10.75,44.1875,79.33333333333333,121.8888888888889,7.25,1.0833333333333333,0.6
1327,5.0,8.0,30.0,88.0,128.4,6.2,1.2,0.3333333333333333
1328,22.0,10.136363636363637,49.572314049586765,80.95454545454545,118.13429752066116,6.7727272727272725,1.2272727272727273,1.0476190476190477
1329,15.0,14.466666666666667,58.51555555555555,31.533333333333335,125.98222222222223,6.466666666666667,2.1333333333333333,0.5172413793103449
1330,21.0,56.095238095238095,1143.8004535147393,5.238095238095238,9.038548752834467,6.0,8.142857142857142,0.22340425531914893
1331,27.0,5.666666666666667,10.518518518518519,23.074074074074073,14.809327846364884,5.555555555555555,7.37037037037037,2.4545454545454546
1332,12.0,60.833333333333336,859.3055555555555,6.5,9.75,5.583333333333333,8.25,0.12631578947368421
1333,28.0,4.928571428571429,8.637755102040815,24.785714285714285,15.95408163265306,5.428571428571429,7.678571428571429,2.5454545454545454
1334,18.0,45.888888888888886,690.8765432098766,5.222222222222222,9.06172839506173,5.611111111111111,8.555555555555555,0.22784810126582278
1335,23.0,5.521739130434782,9.988657844990549,21.565217391304348,17.289224952741026,5.434782608695652,7.782608695652174,2.090909090909091
1336,24.0,4.958333333333333,12.623263888888891,22.458333333333332,19.414930555555554,5.666666666666667,7.416666666666667,2.1818181818181817
1337,7.0,19.142857142857142,49.55102040816327,31.428571428571427,106.24489795918369,3.857142857142857,2.142857142857143,0.3181818181818182
1338,22.0,19.863636363636363,124.5723140495868,32.0,1460.909090909091,7.681818181818182,1.8636363636363635,0.5789473684210527
1339,5.0,10.2,52.160000000000004,87.0,162.8,6.8,1.2,0.2777777777777778
1340,19.0,42.421052631578945,917.5069252077564,4.631578947368421,7.706371191135736,4.7368421052631575,8.421052631578947,0.20430107526881722
1341,17.0,57.0,1003.4117647058823,5.176470588235294,7.9100346020761245,6.352941176470588,9.117647058823529,0.17708333333333334
1342,30.0,9.666666666666666,30.28888888888889,83.46666666666667,126.78222222222219,7.633333333333334,1.1666666666666667,1.5
1343,14.0,10.642857142857142,43.37244897959183,84.14285714285714,116.9795918367347,7.142857142857143,0.8571428571428571,0.7
1344,9.0,14.88888888888889,131.43209876543207,19.77777777777778,759.5061728395062,6.888888888888889,1.8888888888888888,0.23076923076923078
1345,28.0,5.428571428571429,10.030612244897961,21.785714285714285,22.025510204081627,5.714285714285714,7.928571428571429,2.5454545454545454
1346,6.0,19.666666666666668,82.8888888888889,23.166666666666668,1195.8055555555554,6.333333333333333,2.0,0.20689655172413793
1347,30.0,27.133333333333333,517.4488888888889,27.833333333333332,250.6722222222222,5.666666666666667,5.6,0.45454545454545453
1348,6.0,23.833333333333332,188.4722222222222,24.833333333333332,107.1388888888889,7.833333333333333,2.6666666666666665,0.15
1349,11.0,5.818181818181818,6.148760330578512,22.272727272727273,18.56198347107438,6.090909090909091,7.090909090909091,1.2222222222222223
1350,22.0,13.909090909090908,57.719008264462815,35.36363636363637,125.41322314049589,5.090909090909091,2.0454545454545454,0.7586206896551724
1351,5.0,14.0,94.8,30.0,197.2,3.4,1.0,0.17857142857142858
1352,16.0,51.6875,1063.33984375,4.8125,12.77734375,6.4375,8.1875,0.1702127659574468
1353,5.0,5.0,12.8,25.2,29.76,5.8,7.8,0.5555555555555556
1354,30.0,45.166666666666664,526.3388888888891,30.5,238.51666666666668,6.3,4.966666666666667,0.5172413793103449
1355,17.0,31.294117647058822,792.6782006920414,38.588235294117645,257.41868512110733,6.0588235294117645,5.0588235294117645,0.25
1356,18.0,10.444444444444445,64.13580246913581,30.38888888888889,116.90432098765433,3.6666666666666665,1.5555555555555556,0.75
1357,5.0,3.2,4.5600000000000005,23.2,32.96,6.2,8.6,0.7142857142857143
1358,26.0,24.03846153846154,123.88313609467455,25.615384615384617,919.621301775148,7.423076923076923,1.1923076923076923,0.65
1359,8.0,6.125,4.609375,21.25,14.6875,5.625,8.75,1.0
1360,8.0,19.75,102.1875,11.75,610.1875,6.75,1.875,0.25
1361,12.0,24.416666666666668,500.5763888888889,27.666666666666668,205.72222222222226,4.833333333333333,5.833333333333333,0.16901408450704225
1362,15.0,11.666666666666666,58.75555555555556,35.46666666666667,81.18222222222221,4.8,1.7333333333333334,0.5769230769230769
1363,27.0,44.81481481481482,470.1508916323731,29.185185185185187,246.2990397805212,5.037037037037037,5.074074074074074,0.38571428571428573
1364,11.0,10.909090909090908,31.719008264462808,82.9090909090909,162.44628099173553,7.363636363636363,0.5454545454545454,0.6111111111111112
1365,18.0,4.444444444444445,11.358024691358025,20.38888888888889,17.01543209876543,5.333333333333333,7.0,1.6363636363636365
1366,17.0,21.294117647058822,60.56055363321799,17.41176470588235,370.8304498269896,6.705882352941177,2.2941176470588234,0.6071428571428571
1367,22.0,60.45454545454545,875.3388429752066,6.363636363636363,5.776859504132232,5.2727272727272725,8.5,0.25287356321839083
1368,5.0,22.4,156.24,24.6,413.03999999999996,5.8,5.6,0.16129032258064516
1369,25.0,67.32,585.2576000000001,5.48,7.849600000000001,4.8,8.36,0.26595744680851063
1370,24.0,45.083333333333336,634.826388888889,31.541666666666668,252.74826388888889,4.666666666666667,5.375,0.3333333333333333
1371,6.0,14.333333333333334,27.555555555555557,70.33333333333333,17.555555555555557,6.5,1.1666666666666667,0.35294117647058826
1372,18.0,9.61111111111111,38.45987654320989,74.5,117.02777777777777,7.444444444444445,1.0555555555555556,0.8571428571428571
1373,11.0,5.0,12.545454545454545,22.363636363636363,16.958677685950416,5.181818181818182,6.545454545454546,1.1
1374,28.0,38.67857142857143,478.2181122448979,31.428571428571427,294.81632653061234,4.964285714285714,5.035714285714286,0.49122807017543857
1375,8.0,31.0,451.0,5.375,5.734375,5.5,7.75,0.12698412698412698
1376,24.0,12.416666666666666,36.99305555555555,76.04166666666667,87.1232638888889,7.083333333333333,1.1666666666666667,1.2
1377,13.0,4.846153846153846,10.284023668639055,24.076923076923077,18.994082840236686,5.461538461538462,8.384615384615385,1.1818181818181819
1378,7.0,9.857142857142858,45.265306122448976,83.42857142857143,111.67346938775513,6.857142857142857,0.8571428571428571,0.3684210526315789
1379,13.0,14.461538461538462,24.556213017751478,72.6923076923077,149.1360946745562,6.769230769230769,0.9230769230769231,0.7222222222222222
1380,22.0,59.81818181818182,696.694214876033,6.318181818181818,7.3987603305785115,6.909090909090909,8.545454545454545,0.23655913978494625
1381,26.0,18.576923076923077,158.4748520710059,30.653846153846153,1164.4571005917157,7.0,2.1538461538461537,0.6341463414634146
1382,19.0,5.052631578947368,9.207756232686982,22.94736842105263,17.10249307479225,5.368421052631579,8.157894736842104,1.7272727272727273
1383,14.0,8.071428571428571,22.637755102040817,77.28571428571429,138.91836734693877,5.928571428571429,1.0,0.7368421052631579
1384,18.0,9.88888888888889,41.65432098765431,81.83333333333333,108.91666666666667,7.222222222222222,1.1666666666666667,0.8571428571428571
1385,19.0,44.89473684210526,306.6204986149585,28.473684210526315,184.03878116343492,5.526315789473684,5.0,0.3064516129032258
1386,15.0,3.8,10.82666666666667,22.266666666666666,9.662222222222221,5.666666666666667,7.6,1.3636363636363635
1387,29.0,47.206896551724135,463.2675386444709,35.13793103448276,213.77407847800237,4.758620689655173,4.275862068965517,0.46774193548387094
1388,12.0,32.666666666666664,493.05555555555543,35.166666666666664,323.47222222222223,4.166666666666667,5.416666666666667,0.2
1389,5.0,46.4,237.04000000000002,21.4,130.24,6.2,6.6,0.1111111111111111
1390,25.0,15.52,73.52960000000002,32.12,151.3056,6.84,2.4,0.8064516129032258
1391,22.0,45.59090909090909,984.9690082644629,5.863636363636363,8.481404958677688,5.818181818181818,8.772727272727273,0.2222222222222222
1392,15.0,45.86666666666667,530.5155555555556,30.4,364.23999999999995,5.4,4.933333333333334,0.22388059701492538
1393,7.0,48.714285714285715,488.48979591836735,6.0,5.714285714285714,4.285714285714286,8.428571428571429,0.08860759493670886
1394,17.0,12.529411764705882,39.0726643598616,77.58823529411765,179.06574394463667,6.9411764705882355,0.8823529411764706,0.8095238095238095
1395,20.0,36.5,664.35,34.35,253.52749999999992,5.55,4.2,0.2631578947368421
1396,12.0,4.333333333333333,8.055555555555555,22.166666666666668,17.305555555555557,5.75,6.75,1.0909090909090908
1397,28.0,24.321428571428573,115.7895408163265,32.464285714285715,1003.4630102040818,6.678571428571429,2.1785714285714284,0.717948717948718
1398,17.0,15.823529411764707,131.91003460207617,34.1764705882353,891.4394463667819,7.0,2.1176470588235294,0.4722222222222222
1399,14.0,28.857142857142858,453.83673469387753,34.42857142857143,351.2448979591837,5.214285714285714,4.714285714285714,0.2222222222222222
1400,23.0,48.65217391304348,889.7920604914934,5.478260869565218,6.684310018903592,5.608695652173913,8.434782608695652,0.24210526315789474
1401,8.0,8.875,25.609375,81.125,58.859375,7.125,1.5,0.47058823529411764
1402,17.0,3.9411764705882355,10.055363321799309,19.764705882352942,16.062283737024224,5.294117647058823,7.0,1.5454545454545454
1403,18.0,53.0,1036.2222222222222,4.888888888888889,8.209876543209878,4.888888888888889,8.833333333333334,0.18947368421052632
1404,30.0,49.13333333333333,820.1155555555557,4.633333333333334,6.098888888888889,6.333333333333333,8.633333333333333,0.3
1405,9.0,6.333333333333333,7.777777777777778,22.11111111111111,16.54320987654321,5.888888888888889,8.777777777777779,1.0
1406,7.0,12.142857142857142,26.693877551020414,34.714285714285715,135.91836734693877,3.5714285714285716,1.5714285714285714,0.3888888888888889
1407,16.0,52.5,788.875,4.875,7.234375,6.0,8.375,0.16842105263157894
1408,5.0,48.4,326.64,46.0,172.4,6.6,5.2,0.125
1409,13.0,41.92307692307692,710.9940828402367,4.076923076923077,7.763313609467456,4.230769230769231,8.461538461538462,0.14444444444444443
1410,11.0,39.27272727272727,794.7438016528923,26.545454545454547,213.88429752066114,5.363636363636363,4.909090909090909,0.15714285714285714
1411,21.0,25.0,854.8571428571429,34.666666666666664,237.07936507936515,6.476190476190476,4.904761904761905,0.25
1412,11.0,43.63636363636363,618.7768595041323,41.54545454545455,150.79338842975204,5.545454545454546,5.454545454545454,0.15714285714285714
1413,27.0,20.74074074074074,138.4883401920439,25.25925925925926,1087.8957475994512,6.666666666666667,2.037037037037037,0.675
1414,23.0,15.173913043478262,95.10018903591681,33.391304347826086,97.36862003780719,4.869565217391305,2.130434782608696,0.7666666666666667
1415,30.0,9.633333333333333,49.23222222222223,81.3,150.67666666666668,6.666666666666667,1.0333333333333334,1.4285714285714286
1416,8.0,49.0,664.0,6.75,5.6875,3.375,8.75,0.0963855421686747
1417,28.0,5.571428571428571,8.030612244897958,22.107142857142858,19.524234693877553,5.75,7.75,2.8
1418,26.0,4.769230769230769,10.33136094674556,23.03846153846154,22.80621301775148,5.5,7.923076923076923,2.3636363636363638
1419,28.0,20.75,133.33035714285714,34.142857142857146,939.4795918367348,7.035714285714286,1.6785714285714286,0.717948717948718
1420,13.0,17.076923076923077,77.14792899408283,33.15384615384615,98.89940828402368,5.230769230769231,2.0,0.48148148148148145
1421,10.0,54.5,568.05,5.7,3.81,5.7,8.6,0.10638297872340426
1422,19.0,14.157894736842104,119.18559556786704,36.31578947368421,105.05817174515235,5.421052631578948,1.894736842105263,0.6129032258064516
1423,18.0,14.166666666666666,51.583333333333336,33.166666666666664,78.36111111111111,4.666666666666667,1.6666666666666667,0.6428571428571429
1424,17.0,4.117647058823529,11.162629757785467,23.58823529411765,18.47750865051903,5.470588235294118,7.647058823529412,1.5454545454545454
1425,12.0,60.916666666666664,649.4097222222222,5.333333333333333,5.388888888888889,4.916666666666667,8.583333333333334,0.15
1426,19.0,47.0,692.3157894736842,30.263157894736842,225.45706371191142,6.105263157894737,5.2631578947368425,0.2638888888888889
1427,5.0,29.0,382.4,9.2,0.15999999999999998,5.8,9.4,0.08771929824561403
1428,11.0,5.090909090909091,11.900826446280995,22.363636363636363,29.140495867768593,5.454545454545454,6.818181818181818,1.0
1429,22.0,10.363636363636363,48.68595041322314,80.36363636363636,108.86776859504131,8.272727272727273,1.1363636363636365,1.0476190476190477
1430,30.0,54.03333333333333,776.8322222222222,5.1,12.156666666666666,5.333333333333333,8.533333333333333,0.30612244897959184
1431,17.0,20.0,126.23529411764706,34.705882352941174,1213.972318339101,6.647058823529412,2.0,0.4594594594594595
1432,15.0,44.13333333333333,919.4488888888887,26.6,103.70666666666666,6.0,4.333333333333333,0.18072289156626506
1433,22.0,3.6363636363636362,8.504132231404958,22.772727272727273,20.084710743801654,5.681818181818182,7.090909090909091,2.0
1434,27.0,4.962962962962963,8.480109739368997,22.25925925925926,19.451303155006855,5.555555555555555,7.37037037037037,2.4545454545454546
1435,6.0,16.833333333333332,49.47222222222222,6.333333333333333,63.888888888888886,8.0,2.6666666666666665,0.3
1436,22.0,9.318181818181818,33.21694214876033,80.0909090909091,127.7190082644628,6.909090909090909,1.0909090909090908,1.1
1437,9.0,5.777777777777778,12.617283950617285,22.11111111111111,16.320987654320987,5.777777777777778,7.111111111111111,0.8181818181818182
1438,24.0,5.958333333333333,8.956597222222223,24.458333333333332,20.74826388888889,5.583333333333333,7.0,2.1818181818181817
1439,5.0,54.8,292.16,5.0,5.2,6.0,8.2,0.1111111111111111
1440,27.0,10.481481481481481,38.17558299039781,80.29629629629629,118.20850480109739,6.481481481481482,1.1481481481481481,1.2857142857142858
1441,10.0,42.3,428.01000000000005,41.9,281.09000000000003,5.7,5.4,0.18867924528301888
1442,25.0,19.64,132.8704,30.68,1092.8575999999998,7.32,2.12,0.6097560975609756
1443,6.0,13.333333333333334,98.22222222222223,51.0,1470.6666666666667,6.666666666666667,2.6666666666666665,0.21428571428571427
1444,22.0,10.681818181818182,43.398760330578504,77.72727272727273,159.28925619834712,7.2727272727272725,1.1818181818181819,1.0476190476190477
1445,11.0,33.81818181818182,819.7851239669421,30.363636363636363,260.41322314049586,4.909090909090909,5.2727272727272725,0.15714285714285714
1446,15.0,32.733333333333334,482.5955555555555,30.333333333333332,192.0888888888889,6.933333333333334,4.533333333333333,0.20833333333333334
1447,19.0,5.157894736842105,11.39612188365651,21.36842105263158,24.653739612188367,5.2105263157894735,7.157894736842105,1.7272727272727273
1448,16.0,14.875,76.984375,36.8125,153.27734375,4.9375,2.0625,0.6153846153846154
1449,29.0,4.862068965517241,9.49821640903686,23.620689655172413,19.20095124851367,5.275862068965517,7.310344827586207,2.6363636363636362
1450,25.0,4.2,7.76,22.88,16.5856,5.12,7.72,2.272727272727273
1451,30.0,17.866666666666667,151.6488888888889,28.6,1138.9066666666663,6.566666666666666,1.8,0.7317073170731707
1452,16.0,22.75,110.9375,17.4375,413.24609375,6.5,1.0,0.41025641025641024
1453,27.0,46.51851851851852,786.7681755829904,3.925925925925926,6.883401920438957,5.7407407407407405,8.851851851851851,0.28421052631578947
1454,24.0,21.75,141.85416666666666,27.041666666666668,839.9565972222222,6.666666666666667,1.5416666666666667,0.6
1455,23.0,41.17391304347826,737.7088846880907,5.521739130434782,12.075614366729674,5.478260869565218,9.043478260869565,0.23232323232323232
1456,14.0,11.928571428571429,89.06632653061226,32.214285714285715,121.59693877551022,5.5,2.0,0.5
1457,12.0,53.916666666666664,1171.576388888889,5.083333333333333,6.909722222222221,6.75,8.0,0.125
1458,7.0,46.857142857142854,704.408163265306,31.0,225.14285714285714,4.285714285714286,6.142857142857143,0.10294117647058823
1459,22.0,13.454545454545455,87.24793388429752,34.31818181818182,108.76239669421487,6.2727272727272725,1.9090909090909092,0.7096774193548387
1460,11.0,12.545454545454545,61.88429752066116,34.72727272727273,152.198347107438,5.818181818181818,2.0,0.4074074074074074
1461,5.0,9.4,65.84,82.4,85.84,8.0,1.0,0.23809523809523808
1462,27.0,15.62962962962963,64.30727023319619,30.48148148148148,113.13854595336073,3.962962962962963,1.7407407407407407,0.9
1463,15.0,3.1333333333333333,9.048888888888888,22.066666666666666,19.662222222222223,5.133333333333334,7.133333333333334,1.5
1464,9.0,47.111111111111114,367.4320987654321,36.44444444444444,357.1358024691358,3.5555555555555554,5.333333333333333,0.16981132075471697
1465,13.0,38.84615384615385,701.360946745562,30.923076923076923,316.68639053254435,5.0,4.153846153846154,0.17105263157894737
1466,27.0,48.888888888888886,1019.8024691358024,5.592592592592593,7.8710562414266105,6.111111111111111,8.62962962962963,0.28125
1467,22.0,4.818181818181818,11.148760330578513,22.818181818181817,18.876033057851238,5.590909090909091,7.863636363636363,2.0
1468,27.0,10.962962962962964,24.257887517146774,79.4074074074074,172.31550068587106,7.814814814814815,1.0,1.35
1469,12.0,13.333333333333334,30.88888888888889,80.41666666666667,112.40972222222221,7.916666666666667,1.25,0.8
1470,28.0,5.214285714285714,9.45408163265306,22.892857142857142,20.80994897959184,5.25,7.714285714285714,2.5454545454545454
1471,10.0,6.5,10.85,24.1,22.89,5.9,7.3,0.9090909090909091
1472,9.0,48.111111111111114,753.2098765432098,6.777777777777778,5.728395061728396,5.111111111111111,8.777777777777779,0.09278350515463918
1473,26.0,15.884615384615385,88.79437869822485,30.615384615384617,134.62130177514794,5.5,2.1923076923076925,0.9629629629629629
1474,6.0,4.666666666666667,6.222222222222222,20.833333333333332,19.472222222222225,5.166666666666667,7.333333333333333,0.75
1475,27.0,16.185185185185187,90.07681755829901,30.62962962962963,103.8628257887517,7.444444444444445,1.9259259259259258,0.9
1476,29.0,43.172413793103445,624.2806183115338,31.310344827586206,213.59334126040432,6.620689655172414,4.793103448275862,0.37662337662337664
1477,26.0,17.03846153846154,129.8831360946746,38.5,1550.6346153846155,7.538461538461538,1.6923076923076923,0.6666666666666666
1478,27.0,38.407407407407405,798.7599451303154,33.148148148148145,268.7928669410151,5.037037037037037,5.444444444444445,0.34615384615384615
1479,21.0,10.333333333333334,40.317460317460316,79.0952380952381,152.2766439909297,6.190476190476191,0.9047619047619048,1.05
1480,5.0,5.4,5.4399999999999995,22.0,32.4,6.2,7.0,0.7142857142857143
1481,10.0,13.5,89.25,20.1,473.08999999999986,8.1,1.4,0.3448275862068966
1482,20.0,13.25,98.2875,36.15,95.12750000000001,7.15,2.2,0.7142857142857143
1483,27.0,16.814814814814813,120.37311385459535,32.407407407407405,862.093278463649,6.814814814814815,1.5925925925925926,0.6585365853658537
1484,26.0,12.73076923076923,57.58136094674556,32.73076923076923,107.1198224852071,4.961538461538462,1.9230769230769231,0.8387096774193549
1485,26.0,50.11538461538461,818.2559171597633,5.346153846153846,7.303254437869823,5.423076923076923,8.807692307692308,0.26804123711340205
1486,18.0,11.833333333333334,29.805555555555557,74.83333333333333,107.25,7.444444444444445,1.2222222222222223,0.9
1487,20.0,14.5,90.95,30.9,85.19000000000001,7.2,1.85,0.6896551724137931
1488,28.0,8.428571428571429,33.4591836734694,75.71428571428571,132.27551020408166,6.821428571428571,0.75,1.3333333333333333
1489,14.0,18.928571428571427,168.92346938775512,52.785714285714285,1223.1683673469386,7.357142857142857,1.9285714285714286,0.34146341463414637
1490,13.0,12.0,41.23076923076923,79.38461538461539,45.92899408284024,6.153846153846154,0.9230769230769231,0.65
1491,14.0,11.357142857142858,39.08673469387755,75.78571428571429,69.16836734693877,7.0,1.0714285714285714,0.6666666666666666
1492,15.0,4.266666666666667,8.72888888888889,23.2,25.760000000000005,5.733333333333333,7.0,1.3636363636363635
1493,19.0,9.263157894736842,43.036011080332415,76.05263157894737,124.47091412742387,7.0,1.0,0.9047619047619048
1494,16.0,45.125,696.609375,4.5625,8.74609375,5.0,8.4375,0.2
1495,7.0,5.714285714285714,9.918367346938776,25.857142857142858,17.551020408163264,6.0,7.142857142857143,0.7777777777777778
1496,13.0,53.46153846153846,989.0177514792899,5.0,7.538461538461538,4.153846153846154,8.538461538461538,0.13131313131313133
1497,15.0,47.86666666666667,766.7822222222222,5.866666666666666,5.982222222222222,5.533333333333333,8.2,0.16853932584269662
1498,9.0,5.111111111111111,5.876543209876543,22.333333333333332,22.888888888888886,5.111111111111111,8.0,1.0
1499,9.0,12.555555555555555,181.1358024691358,15.88888888888889,217.87654320987653,6.666666666666667,2.3333333333333335,0.25
1500,24.0,17.791666666666668,78.74826388888889,34.083333333333336,90.40972222222223,5.5,2.25,0.8275862068965517
1501,23.0,44.43478260869565,720.9413988657845,31.869565217391305,300.37429111531196,4.956521739130435,4.826086956521739,0.3150684931506849
1502,20.0,51.25,894.2875,5.1,7.289999999999999,5.45,8.9,0.19801980198019803
1503,18.0,47.27777777777778,853.8672839506175,5.277777777777778,4.311728395061728,6.277777777777778,8.333333333333334,0.18556701030927836
1504,13.0,47.69230769230769,411.59763313609466,6.846153846153846,5.36094674556213,5.461538461538462,8.923076923076923,0.15294117647058825
1505,23.0,55.82608695652174,657.361058601134,5.217391304347826,12.60491493383743,5.434782608695652,8.521739130434783,0.23469387755102042
1506,23.0,10.73913043478261,26.279773156899804,76.0,138.34782608695653,6.956521739130435,1.1304347826086956,1.0952380952380953
1507,9.0,21.444444444444443,177.13580246913583,28.555555555555557,1297.8024691358023,7.0,2.3333333333333335,0.23076923076923078
1508,9.0,15.333333333333334,41.333333333333336,39.666666666666664,59.333333333333336,4.0,2.0,0.4090909090909091
1509,19.0,57.421052631578945,594.6648199445984,5.7894736842105265,9.32409972299169,5.315789473684211,8.631578947368421,0.2
1510,30.0,4.933333333333334,8.72888888888889,21.6,17.240000000000002,5.8,7.3,2.727272727272727
1511,28.0,11.0,37.642857142857146,82.07142857142857,111.20918367346937,6.714285714285714,1.1071428571428572,1.4
1512,19.0,54.31578947368421,1194.5318559556783,6.368421052631579,5.706371191135735,5.473684210526316,8.105263157894736,0.18811881188118812
1513,26.0,9.923076923076923,38.22485207100591,80.11538461538461,124.79437869822485,7.115384615384615,1.0769230769230769,1.2380952380952381
1514,11.0,53.18181818181818,1062.6942148760334,5.363636363636363,7.140495867768596,3.5454545454545454,8.727272727272727,0.12359550561797752
1515,6.0,20.0,63.333333333333336,29.0,76.66666666666667,6.666666666666667,1.0,0.3
1516,10.0,48.1,1040.0900000000001,5.9,11.690000000000001,5.0,8.1,0.10752688172043011
1517,10.0,22.3,191.61,30.4,1371.24,7.5,1.3,0.25
1518,19.0,41.73684210526316,503.35180055401656,35.31578947368421,252.1108033240997,3.473684210526316,5.7368421052631575,0.3114754098360656
1519,30.0,38.53333333333333,485.9822222222223,32.56666666666667,312.97888888888883,6.166666666666667,5.166666666666667,0.4838709677419355
1520,10.0,11.2,83.36,23.1,1271.89,7.7,2.5,0.3225806451612903
1521,14.0,16.642857142857142,160.94387755102042,28.642857142857142,1272.9438775510207,7.714285714285714,1.7142857142857142,0.358974358974359
1522,17.0,28.705882352941178,75.73702422145328,33.411764705882355,1201.5363321799307,6.411764705882353,2.5294117647058822,0.5151515151515151
1523,12.0,11.416666666666666,27.57638888888889,83.83333333333333,164.30555555555554,6.416666666666667,0.9166666666666666,0.631578947368421
1524,18.0,43.833333333333336,484.69444444444446,33.611111111111114,243.57098765432102,5.0,5.333333333333333,0.3050847457627119
1525,15.0,43.6,826.7733333333332,5.933333333333334,4.062222222222223,5.133333333333334,8.2,0.1744186046511628
1526,15.0,20.466666666666665,100.78222222222225,41.0,1309.4666666666667,6.733333333333333,1.2,0.42857142857142855
1527,29.0,8.758620689655173,31.907253269916772,77.72413793103448,136.06183115338882,6.862068965517241,0.7931034482758621,1.380952380952381
1528,13.0,3.6153846153846154,6.3905325443787,23.76923076923077,15.40828402366864,5.230769230769231,7.076923076923077,1.3
1529,22.0,15.5,71.3409090909091,34.95454545454545,108.04338842975207,6.454545454545454,2.090909090909091,0.7333333333333333
1530,16.0,4.375,8.234375,22.6875,16.71484375,5.4375,7.125,1.6
1531,23.0,17.347826086956523,131.53119092627597,28.347826086956523,866.4007561436673,7.304347826086956,1.7826086956521738,0.5609756097560976
1532,22.0,34.5,600.3409090909091,31.272727272727273,221.0165289256198,5.181818181818182,6.136363636363637,0.3283582089552239
1533,21.0,11.666666666666666,61.36507936507937,29.80952380952381,90.91609977324262,7.666666666666667,1.5714285714285714,0.84
1534,23.0,5.260869565217392,10.888468809073723,22.26086956521739,20.801512287334596,5.695652173913044,7.739130434782608,2.090909090909091
1535,5.0,18.2,0.9600000000000002,80.6,106.24000000000001,6.6,1.0,1.6666666666666667
1536,29.0,5.517241379310345,12.180737217598102,22.79310344827586,19.88822829964328,5.344827586206897,7.655172413793103,2.6363636363636362
1537,26.0,39.65384615384615,673.0724852071006,30.5,371.63461538461536,4.730769230769231,5.038461538461538,0.4126984126984127
1538,30.0,10.633333333333333,30.83222222222223,79.8,178.96000000000006,7.166666666666667,0.8666666666666667,1.5
1539,9.0,17.666666666666668,119.55555555555556,15.11111111111111,823.8765432098766,5.888888888888889,2.888888888888889,0.2727272727272727
1540,6.0,10.0,49.333333333333336,82.83333333333333,205.80555555555554,8.5,1.1666666666666667,0.3
1541,30.0,47.03333333333333,1019.0988888888891,5.7,8.476666666666667,5.733333333333333,8.766666666666667,0.3125
1542,9.0,4.777777777777778,13.283950617283953,21.0,15.777777777777779,5.444444444444445,7.888888888888889,0.8181818181818182
1543,27.0,11.25925925925926,39.82167352537722,78.70370370370371,141.68998628257887,7.037037037037037,0.9629629629629629,1.2857142857142858
1544,14.0,4.857142857142857,8.26530612244898,21.0,14.0,5.714285714285714,7.785714285714286,1.5555555555555556
1545,10.0,4.9,5.29,23.7,22.21,5.3,7.6,1.25
1546,7.0,33.857142857142854,762.1224489795917,6.142857142857143,4.979591836734693,5.0,8.142857142857142,0.07608695652173914
1547,26.0,4.538461538461538,10.556213017751482,20.384615384615383,19.698224852071004,5.384615384615385,6.846153846153846,2.3636363636363638
1548,5.0,45.0,490.8,32.2,325.76000000000005,7.0,5.8,0.08620689655172414
1549,13.0,9.076923076923077,36.22485207100592,82.3076923076923,118.36686390532546,6.923076923076923,1.0,0.7222222222222222
1550,15.0,8.8,29.89333333333333,80.93333333333334,127.66222222222223,7.933333333333334,0.6666666666666666,0.7894736842105263
1551,22.0,61.63636363636363,801.685950413223,5.454545454545454,4.975206611570248,6.363636363636363,8.545454545454545,0.2391304347826087
1552,10.0,34.7,885.01,42.4,205.44,5.8,6.0,0.12987012987012986
1553,21.0,4.142857142857143,6.884353741496598,24.428571428571427,13.387755102040815,5.428571428571429,8.333333333333334,1.9090909090909092
1554,6.0,19.666666666666668,40.22222222222222,31.666666666666668,45.22222222222222,7.0,1.8333333333333333,0.3157894736842105
1555,10.0,5.2,15.36,23.1,13.49,5.6,6.5,0.9090909090909091
1556,26.0,14.0,87.3076923076923,32.96153846153846,76.7292899408284,4.846153846153846,1.9230769230769231,0.8666666666666667
1557,23.0,53.869565217391305,953.3308128544422,5.260869565217392,9.062381852551987,5.043478260869565,8.478260869565217,0.24468085106382978
1558,9.0,13.11111111111111,87.20987654320987,35.0,61.333333333333336,5.777777777777778,1.8888888888888888,0.3333333333333333
1559,10.0,51.3,954.21,5.2,8.76,5.8,8.2,0.1
1560,30.0,46.6,399.10666666666674,26.5,205.58333333333334,5.666666666666667,4.966666666666667,0.5769230769230769
1561,13.0,34.92307692307692,820.9940828402366,29.307692307692307,249.75147928994087,5.3076923076923075,4.615384615384615,0.19696969696969696
1562,23.0,10.08695652173913,41.29678638941399,80.1304347826087,154.9829867674858,6.521739130434782,0.9565217391304348,1.15
1563,9.0,27.444444444444443,117.1358024691358,26.666666666666668,835.7777777777777,7.0,2.0,0.2727272727272727
1564,28.0,51.392857142857146,526.3099489795918,4.285714285714286,5.846938775510205,5.535714285714286,8.428571428571429,0.3783783783783784
1565,28.0,9.392857142857142,35.23852040816327,76.78571428571429,155.8112244897959,7.464285714285714,1.0357142857142858,1.4
1566,26.0,20.46153846153846,149.8639053254438,32.92307692307692,1118.8402366863907,7.076923076923077,1.6923076923076923,0.65
1567,26.0,16.5,105.5576923076923,31.26923076923077,106.81213017751477,6.0,1.9615384615384615,0.8387096774193549
1568,26.0,10.153846153846153,25.360946745562135,81.46153846153847,108.40236686390531,7.3076923076923075,1.0384615384615385,1.4444444444444444
1569,11.0,17.09090909090909,92.80991735537191,38.81818181818182,1053.9669421487606,7.090909090909091,2.090909090909091,0.3235294117647059
1570,16.0,46.375,683.359375,35.875,258.484375,5.3125,4.9375,0.25
1571,28.0,4.571428571428571,12.459183673469388,22.678571428571427,21.218112244897956,5.392857142857143,7.607142857142857,2.5454545454545454
1572,12.0,9.083333333333334,27.076388888888886,78.75,94.35416666666667,7.166666666666667,0.75,0.631578947368421
1573,25.0,15.28,50.9216,35.16,88.6944,6.56,2.08,0.8620689655172413
1574,5.0,13.0,5.2,85.8,153.76,6.6,0.6,0.625
1575,9.0,40.44444444444444,309.58024691358025,30.11111111111111,199.6543209876543,5.111111111111111,4.0,0.14754098360655737
1576,27.0,52.48148148148148,1000.5459533607681,5.851851851851852,7.459533607681755,5.296296296296297,8.518518518518519,0.27835051546391754
1577,24.0,15.833333333333334,91.30555555555556,35.458333333333336,113.33159722222223,5.958333333333333,1.875,0.8275862068965517
1578,23.0,39.65217391304348,400.48771266540643,31.565217391304348,369.6370510396975,6.434782608695652,5.217391304347826,0.3770491803278688
1579,19.0,12.157894736842104,70.97506925207756,32.10526315789474,98.93628808864268,5.2105263157894735,2.1052631578947367,0.7037037037037037
1580,30.0,14.5,75.98333333333333,34.43333333333333,128.17888888888893,5.8,1.6,1.0
1581,21.0,56.80952380952381,969.4875283446712,5.190476190476191,5.582766439909296,5.238095238095238,8.142857142857142,0.2079207920792079
1582,18.0,11.277777777777779,38.089506172839506,81.72222222222223,120.42283950617285,7.388888888888889,0.8888888888888888,1.0
1583,7.0,18.428571428571427,145.1020408163265,49.0,1528.0,5.714285714285714,1.8571428571428572,0.2
1584,29.0,51.93103448275862,983.3055885850179,5.655172413793103,6.363852556480378,5.103448275862069,8.206896551724139,0.29591836734693877
1585,27.0,13.185185185185185,32.29903978052126,79.44444444444444,100.9135802469136,7.222222222222222,0.7777777777777778,1.2857142857142858
1586,17.0,9.705882352941176,39.73702422145328,82.6470588235294,134.69896193771626,7.117647058823529,1.0,0.8095238095238095
1587,5.0,51.6,89.84,33.8,381.76,5.6,4.4,0.20833333333333334
1588,14.0,20.714285714285715,145.63265306122452,24.857142857142858,844.9795918367345,6.857142857142857,2.2142857142857144,0.35
1589,12.0,18.166666666666668,91.13888888888887,38.083333333333336,58.243055555555564,6.083333333333333,1.5,0.42857142857142855
1590,22.0,23.863636363636363,129.93595041322314,30.772727272727273,917.2665289256198,6.590909090909091,1.7272727272727273,0.5365853658536586
1591,10.0,24.2,78.36,45.2,1349.96,6.1,2.1,0.3333333333333333
1592,11.0,25.454545454545453,90.06611570247934,48.90909090909091,991.5371900826448,7.363636363636363,1.7272727272727273,0.28205128205128205
1593,11.0,5.909090909090909,7.7190082644628095,21.545454545454547,12.247933884297517,5.636363636363637,6.909090909090909,1.1
1594,21.0,17.666666666666668,110.22222222222224,31.238095238095237,887.8956916099772,7.0,2.4761904761904763,0.6176470588235294
1595,15.0,13.0,68.26666666666667,24.133333333333333,73.18222222222222,3.933333333333333,2.1333333333333333,0.6
1596,26.0,16.153846153846153,85.28402366863905,34.15384615384615,67.28402366863907,4.923076923076923,2.0,0.8666666666666667
1597,14.0,5.214285714285714,9.882653061224488,25.142857142857142,22.122448979591837,5.714285714285714,7.642857142857143,1.2727272727272727
1598,26.0,9.923076923076923,29.22485207100592,81.15384615384616,106.59171597633136,6.230769230769231,0.7692307692307693,1.368421052631579
1599,9.0,22.77777777777778,193.50617283950618,35.0,1051.111111111111,7.222222222222222,2.6666666666666665,0.23684210526315788
1600,27.0,11.25925925925926,32.266117969821664,79.88888888888889,112.98765432098764,7.296296296296297,0.9629629629629629,1.2857142857142858
1601,11.0,20.181818181818183,66.51239669421489,26.454545454545453,85.70247933884298,5.181818181818182,2.5454545454545454,0.39285714285714285
1602,8.0,14.5,70.75,36.375,93.734375,5.375,2.125,0.32
1603,19.0,5.0,13.263157894736842,21.473684210526315,19.617728531855953,5.526315789473684,7.315789473684211,1.7272727272727273
1604,27.0,10.62962962962963,39.12208504801097,75.66666666666667,151.40740740740742,6.7407407407407405,1.0740740740740742,1.35
1605,10.0,3.8,4.96,23.5,10.25,4.9,7.0,1.1111111111111112
1606,20.0,5.8,8.96,23.45,21.3475,5.35,7.6,1.8181818181818181
1607,28.0,43.642857142857146,802.1581632653061,5.035714285714286,5.463010204081633,6.25,8.464285714285714,0.3111111111111111
1608,9.0,43.22222222222222,667.9506172839506,31.0,413.1111111111111,5.555555555555555,5.444444444444445,0.13636363636363635
1609,12.0,45.166666666666664,451.8055555555556,6.0,6.833333333333333,4.916666666666667,8.083333333333334,0.17647058823529413
1610,29.0,50.06896551724138,937.3055885850179,6.310344827586207,9.041617122473248,4.310344827586207,8.758620689655173,0.29591836734693877
1611,7.0,10.428571428571429,173.6734693877551,16.428571428571427,830.2448979591836,6.857142857142857,2.0,0.1794871794871795
1612,22.0,14.727272727272727,88.92561983471074,34.22727272727273,105.99380165289257,4.681818181818182,1.8181818181818181,0.7857142857142857
1613,7.0,20.571428571428573,125.9591836734694,34.42857142857143,98.24489795918366,3.7142857142857144,1.7142857142857142,0.22580645161290322
1614,26.0,19.807692307692307,122.00147928994082,31.692307692307693,865.4437869822484,7.615384615384615,2.0,0.65
1615,22.0,17.363636363636363,62.95867768595042,33.86363636363637,116.02685950413223,5.954545454545454,2.5454545454545454,0.7096774193548387
1616,19.0,44.21052631578947,1047.8504155124654,5.578947368421052,7.717451523545706,6.315789473684211,9.105263157894736,0.18811881188118812
1617,6.0,10.833333333333334,53.80555555555555,75.16666666666667,47.138888888888886,7.0,1.1666666666666667,0.3157894736842105
1618,20.0,59.75,877.7875,6.25,8.5875,6.1,8.25,0.2
1619,11.0,61.18181818181818,890.3305785123968,5.636363636363637,9.322314049586778,4.0,7.7272727272727275,0.1111111111111111
1620,26.0,45.42307692307692,891.7056213017752,5.5,6.9423076923076925,5.730769230769231,7.923076923076923,0.26804123711340205
1621,7.0,10.714285714285714,8.775510204081634,80.14285714285714,134.40816326530611,6.142857142857143,1.0,0.7
1622,16.0,42.0625,757.05859375,6.9375,6.93359375,5.6875,8.3125,0.1702127659574468
1623,15.0,15.6,101.04,31.4,116.50666666666666,4.733333333333333,2.3333333333333335,0.4838709677419355
1624,6.0,7.333333333333333,2.5555555555555554,23.833333333333332,19.472222222222225,5.666666666666667,8.5,1.0
1625,19.0,23.0,97.05263157894737,20.57894736842105,786.5595567867036,7.473684210526316,2.4210526315789473,0.5135135135135135
1626,23.0,41.04347826086956,512.9981096408318,6.826086956521739,5.621928166351608,5.3478260869565215,8.347826086956522,0.2839506172839506
1627,16.0,43.9375,459.93359375,35.375,287.484375,4.8125,4.875,0.2711864406779661
1628,6.0,5.666666666666667,8.888888888888891,20.333333333333332,15.555555555555555,4.833333333333333,7.5,0.6
1629,15.0,4.4,11.17333333333333,21.333333333333332,24.62222222222222,5.133333333333334,7.866666666666666,1.3636363636363635
1630,5.0,20.2,100.55999999999999,43.6,1653.0399999999997,6.0,3.0,0.16129032258064516
1631,24.0,13.75,77.1875,31.75,91.27083333333333,4.375,2.0,0.8
1632,9.0,19.77777777777778,139.50617283950618,48.333333333333336,1148.8888888888894,7.333333333333333,1.7777777777777777,0.2727272727272727
1633,22.0,21.363636363636363,128.2314049586777,19.681818181818183,942.7623966942148,7.409090909090909,1.4090909090909092,0.6111111111111112
1634,24.0,15.583333333333334,57.57638888888888,33.166666666666664,88.88888888888887,4.083333333333333,2.0416666666666665,0.8888888888888888
1635,25.0,14.28,87.4816,32.2,101.04,5.4,1.92,0.8333333333333334
1636,30.0,5.133333333333334,10.248888888888894,22.633333333333333,22.565555555555555,5.566666666666666,7.8,2.727272727272727
1637,23.0,19.695652173913043,138.64650283553877,35.17391304347826,900.4045368620039,7.434782608695652,1.9130434782608696,0.6216216216216216
1638,23.0,17.043478260869566,99.34593572778829,35.30434782608695,1474.2986767485822,6.3478260869565215,2.1739130434782608,0.6571428571428571
1639,27.0,19.48148148148148,129.9533607681756,35.25925925925926,1335.5253772290812,6.925925925925926,2.0,0.7297297297297297
1640,13.0,3.3846153846153846,8.544378698224852,24.0,20.46153846153846,5.538461538461538,6.846153846153846,1.3
1641,22.0,38.95454545454545,498.1342975206611,22.045454545454547,201.1342975206612,4.681818181818182,4.5,0.3333333333333333
1642,20.0,32.15,314.5275,29.45,226.44750000000005,5.85,5.35,0.37037037037037035
1643,30.0,4.933333333333334,7.5955555555555545,23.1,21.55666666666667,5.433333333333334,7.666666666666667,3.0
1644,17.0,39.529411764705884,817.7785467128027,29.294117647058822,166.67820069204151,6.294117647058823,5.294117647058823,0.21518987341772153
1645,7.0,13.714285714285714,95.06122448979592,31.714285714285715,115.06122448979592,6.285714285714286,2.0,0.2413793103448276
1646,29.0,21.03448275862069,127.34363852556483,27.482758620689655,918.8703923900117,7.0344827586206895,2.1379310344827585,0.7837837837837838
1647,28.0,4.321428571428571,11.932397959183673,22.464285714285715,23.67729591836735,5.642857142857143,7.857142857142857,2.5454545454545454
1648,15.0,13.0,53.86666666666667,80.26666666666667,76.86222222222223,6.6,1.0,0.75
1649,17.0,53.705882352941174,714.9134948096886,6.0588235294117645,7.820069204152249,7.0588235294117645,8.470588235294118,0.18681318681318682
1650,18.0,15.833333333333334,63.58333333333332,33.833333333333336,121.69444444444441,6.277777777777778,1.5555555555555556,0.6666666666666666
1651,9.0,15.444444444444445,133.35802469135805,46.0,1255.5555555555557,7.666666666666667,2.0,0.25
1652,27.0,41.7037037037037,707.764060356653,28.0,197.92592592592592,5.555555555555555,5.592592592592593,0.3698630136986301
1653,30.0,37.8,650.8266666666666,33.666666666666664,268.4222222222222,6.366666666666666,5.066666666666666,0.42857142857142855
1654,27.0,10.444444444444445,46.98765432098766,78.74074074074075,113.15500685871058,7.037037037037037,0.8518518518518519,1.2857142857142858
1655,17.0,12.058823529411764,87.11418685121104,37.588235294117645,93.18339100346022,5.235294117647059,2.2941176470588234,0.5666666666666667
1656,20.0,23.3,117.41,39.5,1333.55,7.1,1.7,0.5555555555555556
1657,26.0,4.961538461538462,7.652366863905324,20.846153846153847,14.822485207100588,5.615384615384615,7.0,2.3636363636363638
1658,18.0,16.5,68.58333333333333,29.944444444444443,72.4969135802469,5.5,1.9444444444444444,0.6428571428571429
1659,29.0,10.620689655172415,47.26991676575505,80.20689655172414,90.43995243757429,5.793103448275862,0.6206896551724138,1.380952380952381
1660,14.0,11.571428571428571,51.38775510204082,31.0,89.28571428571429,5.285714285714286,1.8571428571428572,0.6363636363636364
1661,6.0,13.166666666666666,11.805555555555557,79.5,52.25,6.166666666666667,1.0,0.6
1662,13.0,18.384615384615383,162.54437869822485,37.0,1344.923076923077,6.769230769230769,2.076923076923077,0.3333333333333333
1663,11.0,11.181818181818182,39.239669421487605,84.36363636363636,106.9586776859504,7.181818181818182,0.7272727272727273,0.5789473684210527
1664,10.0,32.4,419.44000000000005,33.3,222.81,6.6,4.3,0.19230769230769232
1665,19.0,31.105263157894736,192.0941828254848,32.526315789473685,222.77562326869807,6.052631578947368,4.684210526315789,0.4318181818181818
1666,28.0,17.642857142857142,112.65816326530613,23.857142857142858,532.7653061224489,7.357142857142857,1.9642857142857142,0.7
1667,9.0,72.22222222222223,337.28395061728395,4.333333333333333,10.88888888888889,5.222222222222222,8.0,0.15254237288135594
1668,28.0,47.607142857142854,798.9528061224491,5.25,5.258928571428571,6.107142857142857,8.464285714285714,0.2978723404255319
1669,28.0,5.071428571428571,8.35204081632653,22.392857142857142,15.738520408163264,5.428571428571429,7.357142857142857,2.8
1670,22.0,6.909090909090909,8.719008264462811,24.227272727272727,21.17561983471074,5.681818181818182,7.5,2.0
1671,13.0,52.53846153846154,649.0177514792899,4.846153846153846,7.207100591715976,4.076923076923077,8.692307692307692,0.16666666666666666
1672,22.0,17.90909090909091,101.17355371900825,23.681818181818183,774.035123966942,6.2272727272727275,2.0454545454545454,0.5945945945945946
1673,27.0,54.111111111111114,1065.6543209876543,5.703703703703703,6.060356652949246,5.666666666666667,8.481481481481481,0.27
1674,7.0,15.714285714285714,58.48979591836735,39.857142857142854,88.6938775510204,4.714285714285714,2.0,0.2916666666666667
1675,6.0,20.5,95.25,26.833333333333332,749.1388888888888,6.166666666666667,1.6666666666666667,0.18181818181818182
1676,28.0,37.964285714285715,398.53443877551024,35.67857142857143,250.5752551020408,4.964285714285714,5.642857142857143,0.56
1677,26.0,5.461538461538462,8.248520710059172,21.384615384615383,15.082840236686392,5.384615384615385,7.653846153846154,2.3636363636363638
1678,9.0,9.11111111111111,46.76543209876543,79.33333333333333,90.22222222222223,6.444444444444445,0.2222222222222222,0.45
1679,6.0,68.5,910.5833333333334,6.5,9.583333333333334,4.5,8.333333333333334,0.07058823529411765
1680,17.0,19.58823529411765,142.24221453287197,19.0,568.3529411764706,7.235294117647059,1.3529411764705883,0.4594594594594595
1681,20.0,54.7,474.01000000000005,5.5,9.25,5.25,8.1,0.23255813953488372
1682,12.0,15.833333333333334,128.9722222222222,14.333333333333334,502.05555555555566,7.166666666666667,2.1666666666666665,0.34285714285714286
1683,19.0,8.894736842105264,34.93628808864266,79.0,121.57894736842105,6.7894736842105265,0.8947368421052632,0.9047619047619048
1684,20.0,18.25,62.0875,30.6,85.94,6.15,1.75,0.6451612903225806
1685,7.0,43.285714285714285,557.6326530612245,4.428571428571429,9.387755102040815,4.857142857142857,7.857142857142857,0.09722222222222222
1686,14.0,7.0,16.142857142857142,77.35714285714286,159.37244897959184,8.142857142857142,0.7142857142857143,0.9333333333333333
1687,26.0,5.653846153846154,9.687869822485208,20.807692307692307,17.46301775147929,5.576923076923077,7.153846153846154,2.3636363636363638
1688,25.0,10.6,71.51999999999998,32.56,111.12639999999998,6.16,2.32,0.8064516129032258
1689,13.0,25.76923076923077,111.71597633136095,27.692307692307693,781.4437869822486,7.923076923076923,1.6153846153846154,0.3611111111111111
1690,12.0,18.25,163.35416666666666,35.583333333333336,1126.4097222222224,6.583333333333333,2.1666666666666665,0.3157894736842105
1691,13.0,24.692307692307693,72.5207100591716,23.846153846153847,1080.8994082840238,6.846153846153846,2.076923076923077,0.37142857142857144
1692,10.0,46.7,394.61,5.5,11.65,4.7,8.0,0.1694915254237288
1693,24.0,17.0,167.16666666666666,24.833333333333332,955.1388888888888,6.041666666666667,2.1666666666666665,0.5853658536585366
1694,24.0,11.0,63.083333333333336,32.0,113.16666666666667,6.166666666666667,1.7916666666666667,0.8888888888888888
1695,27.0,21.703703703703702,143.83813443072705,36.370370370370374,1310.6035665294924,7.814814814814815,1.7777777777777777,0.6585365853658537
1696,15.0,20.733333333333334,148.32888888888888,26.2,652.6933333333334,7.333333333333333,1.9333333333333333,0.39473684210526316
1697,8.0,55.25,706.4375,5.5,6.75,5.875,7.75,0.09302325581395349
1698,23.0,4.521739130434782,11.466918714555762,22.347826086956523,19.357277882797728,5.478260869565218,7.608695652173913,2.090909090909091
1699,9.0,20.11111111111111,155.87654320987653,18.11111111111111,621.4320987654321,7.888888888888889,2.0,0.24324324324324326
1700,21.0,52.523809523809526,809.9637188208617,34.61904761904762,231.56916099773247,5.761904761904762,4.619047619047619,0.28
1701,7.0,4.142857142857143,8.408163265306122,22.571428571428573,22.24489795918367,5.0,7.571428571428571,0.7
1702,15.0,10.933333333333334,33.662222222222226,82.73333333333333,108.46222222222222,7.333333333333333,0.8666666666666667,0.75
1703,12.0,48.916666666666664,920.9097222222222,5.0,7.666666666666667,6.5,7.75,0.14457831325301204
1704,11.0,15.272727272727273,58.743801652892564,31.363636363636363,120.9586776859504,7.454545454545454,2.272727272727273,0.4230769230769231
1705,15.0,13.333333333333334,76.35555555555557,33.333333333333336,92.62222222222222,5.733333333333333,1.6666666666666667,0.5769230769230769
1706,27.0,45.51851851851852,773.0644718792869,34.77777777777778,289.0617283950617,5.555555555555555,4.481481481481482,0.38028169014084506
1707,7.0,18.0,53.142857142857146,36.57142857142857,95.6734693877551,8.714285714285714,2.0,0.35
1708,28.0,4.428571428571429,7.316326530612245,23.821428571428573,17.075255102040817,5.535714285714286,7.642857142857143,2.8
1709,24.0,4.083333333333333,9.159722222222223,23.291666666666668,22.37326388888889,5.708333333333333,7.708333333333333,2.4
1710,13.0,4.6923076923076925,9.597633136094673,22.384615384615383,19.313609467455617,5.615384615384615,7.846153846153846,1.1818181818181819
1711,21.0,33.666666666666664,608.6031746031746,35.57142857142857,169.6734693877551,5.333333333333333,4.9523809523809526,0.3333333333333333
1712,6.0,21.0,200.0,39.833333333333336,1165.138888888889,6.666666666666667,3.0,0.15789473684210525
1713,9.0,39.44444444444444,386.91358024691357,28.555555555555557,294.4691358024691,5.444444444444445,5.222222222222222,0.1875
1714,30.0,9.0,32.2,80.73333333333333,169.86222222222224,7.166666666666667,1.0,1.4285714285714286
1715,14.0,12.0,31.857142857142858,77.92857142857143,107.35204081632652,7.357142857142857,1.1428571428571428,0.7368421052631579
1716,7.0,32.142857142857146,519.2653061224489,7.285714285714286,5.9183673469387745,3.4285714285714284,8.857142857142858,0.125
1717,17.0,19.0,122.47058823529412,32.11764705882353,954.1038062283736,6.294117647058823,2.0588235294117645,0.4722222222222222
1718,9.0,9.0,38.666666666666664,78.22222222222223,133.72839506172838,7.444444444444445,0.7777777777777778,0.47368421052631576
1719,15.0,4.533333333333333,9.848888888888888,22.533333333333335,32.51555555555556,5.6,7.266666666666667,1.5
1720,6.0,45.666666666666664,507.8888888888889,6.333333333333333,5.888888888888889,4.666666666666667,8.333333333333334,0.0821917808219178
1721,29.0,42.724137931034484,464.68252080856115,30.96551724137931,340.4470868014269,5.172413793103448,4.586206896551724,0.47540983606557374
1722,19.0,47.578947368421055,1024.3490304709142,3.8947368421052633,6.936288088642659,4.894736842105263,8.631578947368421,0.19791666666666666
1723,13.0,7.6923076923076925,17.59763313609467,83.07692307692308,98.07100591715977,7.230769230769231,0.8461538461538461,0.7647058823529411
1724,24.0,5.125,9.859375,21.833333333333332,25.638888888888886,5.708333333333333,7.125,2.1818181818181817
1725,15.0,6.066666666666666,31.92888888888889,78.4,118.64,6.866666666666666,1.0666666666666667,0.75
1726,12.0,40.25,789.6875,6.25,7.1875,4.666666666666667,8.333333333333334,0.12903225806451613
1727,30.0,5.5,9.316666666666666,20.166666666666668,17.53888888888889,5.7,7.533333333333333,2.727272727272727
1728,18.0,28.88888888888889,612.7654320987654,36.77777777777778,178.28395061728395,4.777777777777778,4.888888888888889,0.23684210526315788
1729,30.0,21.066666666666666,116.19555555555554,36.4,1214.4399999999996,7.5,1.9,0.7894736842105263
1730,23.0,58.0,691.0434782608696,4.956521739130435,6.650283553875236,4.826086956521739,8.26086956521739,0.23958333333333334
1731,30.0,32.46666666666667,620.9155555555556,30.333333333333332,248.15555555555557,5.766666666666667,4.8,0.4166666666666667
1732,13.0,5.384615384615385,9.159763313609467,23.615384615384617,17.005917159763314,5.846153846153846,8.76923076923077,1.3
1733,12.0,19.333333333333332,127.8888888888889,45.5,1554.4166666666667,6.5,2.4166666666666665,0.3157894736842105
1734,18.0,4.722222222222222,12.200617283950617,20.666666666666668,14.666666666666666,5.888888888888889,7.944444444444445,1.6363636363636365
1735,15.0,21.733333333333334,154.72888888888892,9.4,127.30666666666666,7.0,1.8666666666666667,0.39473684210526316
1736,16.0,22.0625,112.18359375,33.0625,1075.05859375,6.4375,2.25,0.5161290322580645
1737,7.0,27.142857142857142,40.97959183673469,22.285714285714285,877.9183673469389,8.285714285714286,1.8571428571428572,0.3333333333333333
1738,11.0,11.181818181818182,32.87603305785124,81.27272727272727,84.92561983471074,8.090909090909092,1.2727272727272727,0.55
1739,10.0,61.0,1115.0,5.9,7.289999999999999,6.6,8.9,0.10526315789473684
1740,28.0,21.285714285714285,153.48979591836732,31.035714285714285,1529.8201530612246,7.178571428571429,2.5,0.6829268292682927
1741,14.0,22.214285714285715,153.5969387755102,27.142857142857142,933.8367346938776,7.071428571428571,2.2857142857142856,0.358974358974359
1742,11.0,4.454545454545454,8.24793388429752,24.636363636363637,20.77685950413223,5.363636363636363,6.909090909090909,1.1
1743,27.0,52.851851851851855,701.7558299039781,5.555555555555555,9.728395061728394,5.2592592592592595,8.592592592592593,0.313953488372093
1744,20.0,4.65,13.4275,20.75,19.7875,5.8,7.8,1.8181818181818181
1745,24.0,22.25,67.35416666666667,23.833333333333332,871.3055555555555,6.583333333333333,1.625,0.7272727272727273
1746,16.0,11.625,65.484375,29.8125,87.15234375,6.125,2.3125,0.5333333333333333
1747,24.0,48.041666666666664,917.4565972222222,5.291666666666667,9.789930555555555,6.208333333333333,8.416666666666666,0.25806451612903225
1748,29.0,46.03448275862069,283.9643281807372,34.758620689655174,218.6658739595719,6.172413793103448,5.551724137931035,0.58
1749,12.0,5.166666666666667,9.638888888888891,21.583333333333332,25.243055555555554,5.083333333333333,7.916666666666667,1.0909090909090908
1750,19.0,23.57894736842105,121.40166204986154,51.578947368421055,1173.8227146814404,7.157894736842105,2.5789473684210527,0.48717948717948717
1751,11.0,17.90909090909091,61.90082644628099,23.636363636363637,918.9586776859502,5.636363636363637,2.272727272727273,0.4074074074074074
1752,19.0,10.368421052631579,45.49584487534626,77.73684210526316,129.98337950138503,7.157894736842105,1.1578947368421053,0.95
1753,30.0,4.833333333333333,10.138888888888893,21.933333333333334,29.062222222222225,5.7,7.433333333333334,2.727272727272727
1754,9.0,17.444444444444443,45.58024691358024,37.77777777777778,64.8395061728395,7.0,2.111111111111111,0.391304347826087
1755,19.0,10.368421052631579,25.70637119113573,77.47368421052632,108.77562326869804,6.947368421052632,0.6842105263157895,0.95
1756,29.0,10.724137931034482,27.372175980975037,82.82758620689656,131.17717003567185,7.344827586206897,0.896551724137931,1.380952380952381
1757,9.0,43.22222222222222,925.7283950617283,26.555555555555557,273.35802469135797,5.222222222222222,5.444444444444445,0.125
1758,26.0,11.5,79.25,33.30769230769231,71.8284023668639,4.346153846153846,1.8076923076923077,0.9285714285714286
1759,9.0,5.666666666666667,5.333333333333333,19.77777777777778,18.39506172839506,5.888888888888889,7.666666666666667,1.0
1760,8.0,58.625,641.984375,6.0,5.75,4.875,8.75,0.1
1761,29.0,18.862068965517242,129.22235434007135,30.310344827586206,816.489892984542,6.9655172413793105,2.689655172413793,0.7435897435897436
1762,9.0,8.11111111111111,38.32098765432099,82.0,204.22222222222223,7.0,0.7777777777777778,0.5
1763,14.0,22.357142857142858,80.22959183673468,27.357142857142858,1144.9438775510203,7.714285714285714,1.9285714285714286,0.45161290322580644
1764,9.0,4.333333333333333,13.777777777777779,22.555555555555557,24.469135802469133,5.555555555555555,7.666666666666667,0.8181818181818182
1765,15.0,51.6,885.8400000000001,5.866666666666666,7.448888888888889,5.266666666666667,9.2,0.16129032258064516
1766,27.0,22.14814814814815,129.0891632373114,19.14814814814815,621.3854595336078,6.666666666666667,1.962962962962963,0.7105263157894737
1767,27.0,42.925925925925924,677.8463648834019,27.11111111111111,195.35802469135803,5.925925925925926,4.703703703703703,0.391304347826087
1768,18.0,11.0,65.33333333333333,34.44444444444444,110.80246913580247,5.555555555555555,1.3333333333333333,0.6206896551724138
1769,16.0,38.25,702.5625,29.25,267.0625,5.5625,5.0,0.25
1770,14.0,19.142857142857142,110.97959183673468,30.214285714285715,1070.8826530612246,6.142857142857143,2.0,0.358974358974359
1771,16.0,9.5,54.25,85.1875,114.02734375,7.3125,0.6875,0.7619047619047619
1772,10.0,48.8,773.36,5.9,8.29,5.9,8.7,0.12048192771084337
1773,29.0,16.82758620689655,80.55648038049941,35.310344827586206,95.45541022592154,5.241379310344827,1.896551724137931,0.9354838709677419
1774,8.0,46.5,561.75,5.625,8.984375,4.25,8.5,0.10256410256410256
1775,30.0,5.666666666666667,8.48888888888889,23.233333333333334,14.178888888888888,5.233333333333333,7.5,2.727272727272727
1776,14.0,17.0,96.0,45.0,1593.857142857143,7.0,1.8571428571428572,0.4827586206896552
1777,15.0,19.733333333333334,146.86222222222221,25.133333333333333,723.1822222222222,6.6,2.1333333333333333,0.39473684210526316
1778,16.0,5.9375,6.43359375,22.875,17.484375,5.625,7.8125,2.0
1779,7.0,44.857142857142854,444.1224489795918,25.285714285714285,296.204081632653,4.857142857142857,5.142857142857143,0.11864406779661017
1780,5.0,17.8,116.16,28.6,76.64,7.8,2.4,0.18518518518518517
1781,17.0,15.882352941176471,77.28027681660899,30.235294117647058,102.65051903114187,5.411764705882353,2.0,0.5862068965517241
1782,20.0,13.1,79.08999999999999,35.3,124.91,4.3,1.75,0.6451612903225806
1783,8.0,55.625,1280.984375,6.125,6.109375,6.75,7.75,0.08333333333333333
1784,23.0,10.956521739130435,27.95463137996219,74.08695652173913,117.12287334593567,7.3478260869565215,0.6956521739130435,1.0952380952380953
1785,13.0,10.0,37.23076923076923,86.23076923076923,195.5621301775148,6.384615384615385,0.8461538461538461,0.6190476190476191
1786,27.0,20.11111111111111,138.320987654321,25.185185185185187,760.0027434842248,6.555555555555555,1.962962962962963,0.6923076923076923
1787,21.0,16.238095238095237,71.22902494331068,31.095238095238095,95.41950113378685,5.285714285714286,2.5238095238095237,0.6774193548387096
1788,24.0,24.458333333333332,129.24826388888889,27.25,705.2708333333334,7.375,1.2916666666666667,0.5853658536585366
1789,17.0,6.176470588235294,11.204152249134948,22.647058823529413,15.993079584775087,5.352941176470588,7.9411764705882355,1.5454545454545454
1790,26.0,5.153846153846154,11.360946745562131,23.192307692307693,21.770710059171595,5.423076923076923,7.730769230769231,2.3636363636363638
1791,25.0,19.12,136.4256,26.48,1153.2095999999997,7.08,2.4,0.6097560975609756
1792,19.0,25.789473684210527,89.85041551246537,31.68421052631579,1321.6897506925206,7.157894736842105,1.2105263157894737,0.5428571428571428
1793,24.0,18.625,183.90104166666666,33.041666666666664,1250.3732638888887,7.375,2.3333333333333335,0.5853658536585366
1794,21.0,42.666666666666664,250.50793650793648,28.238095238095237,307.4195011337868,5.714285714285714,5.238095238095238,0.45652173913043476
1795,17.0,20.941176470588236,77.11418685121107,35.88235294117647,1051.1626297577857,6.647058823529412,1.4705882352941178,0.6538461538461539
1796,8.0,16.25,172.6875,36.5,759.0,7.75,2.625,0.2222222222222222
1797,26.0,55.80769230769231,598.8476331360946,36.19230769230769,208.53994082840242,5.423076923076923,4.769230769230769,0.38235294117647056
1798,16.0,48.75,794.4375,4.75,8.3125,6.0,8.25,0.18181818181818182
1799,9.0,17.11111111111111,99.20987654320987,36.44444444444444,112.46913580246913,7.666666666666667,1.7777777777777777,0.32142857142857145
1800,28.0,8.035714285714286,34.46301020408164,82.03571428571429,115.82015306122453,6.892857142857143,1.1428571428571428,1.3333333333333333
1801,10.0,17.4,90.04,30.7,62.21,3.8,2.4,0.38461538461538464
1802,28.0,45.142857142857146,691.5510204081633,6.607142857142857,8.238520408163264,5.321428571428571,8.642857142857142,0.27722772277227725
1803,27.0,22.22222222222222,139.43209876543213,26.555555555555557,1113.8024691358025,7.2592592592592595,1.5925925925925926,0.6585365853658537
1804,8.0,15.875,60.359375,27.0,83.75,5.75,2.25,0.32
1805,8.0,44.75,293.4375,31.25,173.4375,5.0,4.0,0.13333333333333333
1806,20.0,8.7,32.510000000000005,79.05,162.54750000000004,7.05,1.1,1.0
1807,29.0,19.06896551724138,146.61593341260408,34.0,1050.2758620689656,6.931034482758621,1.9310344827586208,0.725
1808,18.0,7.722222222222222,37.31172839506173,78.94444444444444,167.71913580246908,6.722222222222222,0.7222222222222222,0.9
1809,25.0,9.16,35.8144,78.68,140.29760000000002,6.96,0.84,1.1904761904761905
1810,23.0,47.78260869565217,627.5614366729677,31.82608695652174,213.3610586011342,5.695652173913044,4.695652173913044,0.35384615384615387
1811,21.0,4.238095238095238,11.229024943310657,22.142857142857142,18.408163265306115,5.571428571428571,7.095238095238095,1.9090909090909092
1812,12.0,18.25,78.85416666666667,39.583333333333336,66.07638888888889,7.583333333333333,2.4166666666666665,0.42857142857142855
1813,11.0,4.454545454545454,10.793388429752067,22.363636363636363,18.413223140495866,5.090909090909091,8.0,1.0
1814,19.0,21.263157894736842,138.82548476454295,33.94736842105263,1212.365650969529,7.421052631578948,1.5789473684210527,0.5
1815,13.0,20.76923076923077,142.33136094674555,42.23076923076923,1395.8698224852071,6.153846153846154,2.769230769230769,0.3170731707317073
1816,14.0,4.142857142857143,10.693877551020408,25.571428571428573,14.244897959183675,5.571428571428571,7.071428571428571,1.2727272727272727
1817,23.0,38.65217391304348,624.0529300567108,23.73913043478261,196.62759924385634,6.217391304347826,4.608695652173913,0.3108108108108108
1818,11.0,18.0,150.72727272727272,39.36363636363637,902.5950413223138,8.090909090909092,1.7272727272727273,0.2972972972972973
1819,18.0,15.666666666666666,67.44444444444446,30.666666666666668,95.11111111111111,5.5,2.2222222222222223,0.6428571428571429
1820,26.0,16.53846153846154,83.55621301775149,34.38461538461539,103.31360946745562,5.0,1.7692307692307692,0.9285714285714286
1821,10.0,6.3,10.81,23.7,14.610000000000003,5.0,8.2,0.9090909090909091
1822,30.0,46.7,1074.61,5.166666666666667,6.8722222222222245,6.3,7.933333333333334,0.30303030303030304
1823,21.0,18.61904761904762,102.23582766439911,24.476190476190474,991.9637188208619,7.0476190476190474,1.7142857142857142,0.5526315789473685
1824,27.0,50.81481481481482,891.7805212620026,5.222222222222222,7.4320987654321,4.7407407407407405,8.666666666666666,0.2727272727272727
1825,9.0,4.777777777777778,9.506172839506172,23.22222222222222,26.172839506172835,5.444444444444445,7.555555555555555,0.8181818181818182
1826,22.0,56.45454545454545,578.7933884297521,3.909090909090909,4.719008264462811,6.2272727272727275,7.818181818181818,0.24444444444444444
1827,17.0,16.294117647058822,49.03114186851211,30.41176470588235,96.12456747404843,4.823529411764706,1.8823529411764706,0.6071428571428571
1828,17.0,13.294117647058824,62.207612456747405,37.0,77.41176470588235,4.647058823529412,1.9411764705882353,0.7083333333333334
1829,25.0,19.56,171.0464,36.2,1187.8400000000004,6.88,1.96,0.6097560975609756
1830,27.0,4.592592592592593,8.611796982167354,21.62962962962963,22.23319615912208,5.074074074074074,7.333333333333333,2.4545454545454546
1831,30.0,21.7,120.87666666666668,30.166666666666668,854.9388888888888,6.533333333333333,1.9666666666666666,0.7692307692307693
1832,24.0,43.375,845.5677083333334,6.333333333333333,7.555555555555556,5.291666666666667,8.208333333333334,0.26373626373626374
1833,15.0,50.333333333333336,429.28888888888883,34.06666666666667,236.86222222222221,5.466666666666667,5.666666666666667,0.26785714285714285
1834,5.0,66.2,835.36,7.8,1.3599999999999999,3.8,9.4,0.0641025641025641
1835,19.0,35.68421052631579,301.2686980609418,30.63157894736842,179.07479224376732,4.473684210526316,5.0,0.36538461538461536
1836,20.0,5.25,10.6875,21.2,23.96,5.9,7.4,1.8181818181818181
1837,18.0,4.111111111111111,12.320987654320987,19.77777777777778,10.061728395061728,5.666666666666667,7.611111111111111,1.6363636363636365
1838,5.0,33.2,337.76000000000005,37.6,119.44000000000001,4.2,4.0,0.09803921568627451
1839,17.0,20.294117647058822,157.73702422145328,23.058823529411764,915.3494809688578,6.294117647058823,1.8235294117647058,0.4473684210526316
1840,9.0,3.888888888888889,6.765432098765433,20.444444444444443,22.469135802469136,5.666666666666667,8.11111111111111,1.125
1841,16.0,4.125,4.984375,23.125,12.234375,5.3125,7.5,1.7777777777777777
1842,5.0,12.6,76.64000000000001,38.0,1700.4,6.0,1.0,0.23809523809523808
1843,9.0,3.4444444444444446,5.802469135802469,22.0,16.88888888888889,5.777777777777778,8.666666666666666,1.2857142857142858
1844,18.0,45.333333333333336,878.1111111111112,5.444444444444445,5.3580246913580245,4.055555555555555,8.0,0.20454545454545456
1845,22.0,48.68181818181818,1082.3078512396694,5.7272727272727275,9.47107438016529,5.363636363636363,8.545454545454545,0.22
1846,8.0,19.75,111.1875,38.0,799.0,6.5,2.125,0.22857142857142856
1847,11.0,13.363636363636363,17.504132231404956,81.18181818181819,111.96694214876034,6.636363636363637,0.9090909090909091,0.6470588235294118
1848,14.0,4.5,10.392857142857142,22.071428571428573,22.923469387755098,5.428571428571429,7.642857142857143,1.4
1849,25.0,4.32,8.377599999999997,24.16,18.134400000000003,5.12,7.0,2.272727272727273
1850,24.0,11.625,31.817708333333332,78.29166666666667,141.70659722222223,7.083333333333333,0.875,1.2
1851,24.0,19.125,125.359375,25.75,789.2708333333334,7.083333333333333,2.2083333333333335,0.5853658536585366
1852,12.0,4.833333333333333,10.305555555555555,24.583333333333332,14.076388888888888,5.75,6.416666666666667,1.0909090909090908
1853,23.0,18.26086956521739,109.4102079395085,30.565217391304348,1175.1153119092628,7.478260869565218,2.0869565217391304,0.5609756097560976
1854,27.0,5.703703703703703,5.467764060356653,23.814814814814813,17.928669410150892,5.777777777777778,7.703703703703703,3.0
1855,24.0,9.0,32.916666666666664,82.375,108.81770833333333,7.5,1.0,1.263157894736842
1856,26.0,44.03846153846154,762.421597633136,5.538461538461538,8.325443786982248,4.884615384615385,8.346153846153847,0.2988505747126437
1857,22.0,30.09090909090909,721.9917355371902,31.09090909090909,324.62809917355366,5.863636363636363,5.0,0.34375
1858,12.0,9.166666666666666,22.972222222222225,81.16666666666667,163.63888888888889,7.333333333333333,0.8333333333333334,0.6
1859,30.0,18.266666666666666,165.2622222222222,30.866666666666667,1069.0488888888892,7.3,2.033333333333333,0.75
1860,19.0,3.789473684210526,8.903047091412745,22.63157894736842,21.70637119113573,6.421052631578948,7.842105263157895,1.7272727272727273
1861,14.0,10.214285714285714,40.45408163265306,80.92857142857143,84.78061224489795,7.571428571428571,0.8571428571428571,0.7
1862,18.0,6.555555555555555,7.691358024691358,23.5,16.02777777777778,5.333333333333333,7.5,2.0
1863,13.0,11.461538461538462,107.9408284023669,32.92307692307692,102.37869822485209,7.0,2.230769230769231,0.43333333333333335
1864,7.0,7.0,4.0,25.285714285714285,20.489795918367346,5.285714285714286,7.428571428571429,1.0
1865,15.0,7.333333333333333,22.888888888888896,77.73333333333333,187.12888888888887,7.2,0.8666666666666667,0.8823529411764706
1866,25.0,53.08,864.5536000000003,5.48,8.169599999999997,4.92,8.68,0.25252525252525254
1867,10.0,56.7,756.61,5.2,8.16,6.1,8.6,0.11494252873563218
1868,11.0,38.90909090909091,333.53719008264466,5.545454545454546,10.247933884297522,7.2727272727272725,9.272727272727273,0.1746031746031746
1869,8.0,16.625,46.234375,36.0,129.0,4.375,2.25,0.34782608695652173
1870,14.0,17.285714285714285,93.20408163265306,30.0,65.42857142857143,5.428571428571429,2.5,0.4827586206896552
1871,25.0,4.2,10.399999999999999,24.08,19.433600000000002,4.88,7.44,2.272727272727273
1872,11.0,18.0,229.45454545454547,27.636363636363637,984.4132231404957,6.636363636363637,1.7272727272727273,0.2682926829268293
1873,16.0,45.625,844.609375,25.8125,222.65234375,5.5,5.9375,0.1951219512195122
1874,9.0,20.77777777777778,43.95061728395061,41.77777777777778,1884.1728395061727,6.444444444444445,3.111111111111111,0.375
1875,25.0,13.16,85.01439999999997,33.16,122.21440000000001,5.56,2.04,0.8928571428571429
1876,17.0,5.176470588235294,7.086505190311419,24.88235294117647,18.456747404844293,5.470588235294118,7.470588235294118,1.8888888888888888
1877,23.0,36.34782608695652,387.6181474480151,32.08695652173913,272.77504725897927,5.782608695652174,4.695652173913044,0.4339622641509434
1878,19.0,5.842105263157895,9.29085872576177,22.736842105263158,20.193905817174517,5.2631578947368425,7.421052631578948,1.7272727272727273
1879,25.0,17.44,138.3264,38.04,818.9984,6.92,1.64,0.6097560975609756
1880,10.0,18.2,71.56,32.5,141.45,4.5,2.7,0.37037037037037035
1881,16.0,6.1875,9.27734375,21.625,22.734375,5.75,7.75,1.4545454545454546
1882,23.0,46.869565217391305,719.9395085066163,6.0,9.043478260869565,6.130434782608695,8.565217391304348,0.23958333333333334
1883,19.0,19.526315789473685,109.82825484764544,33.10526315789474,1246.6204986149585,7.578947368421052,2.3684210526315788,0.5
1884,26.0,49.80769230769231,885.386094674556,6.1923076923076925,8.539940828402365,5.884615384615385,8.461538461538462,0.2653061224489796
1885,12.0,8.666666666666666,38.22222222222223,77.83333333333333,103.30555555555559,6.75,0.9166666666666666,0.7058823529411765
1886,23.0,21.652173913043477,159.44423440453684,25.08695652173913,1009.4706994328924,6.826086956521739,2.3043478260869565,0.5609756097560976
1887,22.0,10.545454545454545,37.4297520661157,85.27272727272727,105.83471074380164,5.909090909090909,1.0454545454545454,1.0476190476190477
1888,5.0,13.8,123.35999999999999,35.8,38.559999999999995,4.2,2.0,0.1724137931034483
1889,8.0,48.25,1203.1875,5.375,3.984375,7.625,8.375,0.09523809523809523
1890,5.0,26.8,34.96,42.8,176.16000000000003,5.8,6.4,0.3125
1891,5.0,11.6,160.64,71.2,1234.9599999999998,6.2,1.4,0.14705882352941177
1892,11.0,19.181818181818183,63.05785123966943,35.0,88.36363636363636,4.181818181818182,1.9090909090909092,0.4230769230769231
1893,8.0,6.5,7.75,21.5,24.75,5.625,7.5,0.8888888888888888
1894,9.0,15.777777777777779,121.50617283950616,31.88888888888889,80.76543209876543,6.111111111111111,0.8888888888888888,0.3
1895,11.0,15.363636363636363,108.9586776859504,35.72727272727273,1274.9256198347105,6.636363636363637,1.8181818181818181,0.3142857142857143
1896,20.0,4.85,8.2275,21.5,20.05,5.5,7.7,1.8181818181818181
1897,9.0,15.444444444444445,139.13580246913583,40.0,1133.5555555555557,7.444444444444445,1.3333333333333333,0.25
1898,21.0,10.857142857142858,36.97959183673469,80.38095238095238,160.04535147392295,7.0,0.9523809523809523,1.05
1899,12.0,34.166666666666664,588.1388888888888,41.666666666666664,327.55555555555554,3.6666666666666665,3.75,0.1875
1900,8.0,10.75,35.1875,74.0,203.75,7.25,0.75,0.4
1901,28.0,14.535714285714286,59.463010204081634,31.642857142857142,105.22959183673471,5.107142857142857,2.0357142857142856,0.9333333333333333
1902,20.0,18.3,154.01,20.65,654.7274999999998,6.9,1.75,0.5263157894736842
1903,24.0,9.291666666666666,37.03993055555556,75.58333333333333,93.49305555555554,6.583333333333333,1.1666666666666667,1.1428571428571428
1904,17.0,8.705882352941176,31.972318339100337,80.17647058823529,179.91003460207614,6.705882352941177,0.7647058823529411,0.9444444444444444
1905,22.0,21.09090909090909,140.0826446280992,20.545454545454547,679.5206611570248,6.818181818181818,1.5909090909090908,0.5641025641025641
1906,26.0,4.0,8.538461538461538,24.192307692307693,21.15532544378698,5.538461538461538,7.730769230769231,2.3636363636363638
1907,24.0,11.458333333333334,91.4982638888889,32.458333333333336,116.16493055555554,5.333333333333333,1.9583333333333333,0.7741935483870968
1908,7.0,7.428571428571429,8.816326530612244,80.85714285714286,126.12244897959184,8.0,0.8571428571428571,0.7777777777777778
1909,29.0,19.379310344827587,137.89060642092747,31.620689655172413,1230.6492271105826,7.137931034482759,1.8275862068965518,0.7435897435897436
1910,17.0,3.823529411764706,4.380622837370241,23.647058823529413,20.228373702422147,5.470588235294118,7.764705882352941,1.8888888888888888
1911,7.0,6.857142857142857,20.122448979591837,84.85714285714286,181.26530612244898,9.0,1.0,0.5
1912,6.0,13.666666666666666,49.888888888888886,74.66666666666667,37.22222222222222,6.666666666666667,0.8333333333333334,0.3157894736842105
1913,27.0,49.666666666666664,762.4444444444443,5.518518518518518,6.694101508916321,6.444444444444445,8.37037037037037,0.29347826086956524
1914,19.0,5.157894736842105,7.290858725761773,23.42105263157895,21.822714681440445,5.526315789473684,7.105263157894737,1.9
1915,18.0,3.5555555555555554,7.913580246913581,22.61111111111111,28.237654320987655,5.833333333333333,7.722222222222222,1.8
1916,24.0,44.958333333333336,747.623263888889,5.125,6.442708333333333,5.0,8.666666666666666,0.27906976744186046
1917,26.0,18.46153846153846,117.09467455621302,40.53846153846154,1050.8639053254437,7.5,1.6153846153846154,0.7027027027027027
1918,20.0,23.8,209.95999999999998,31.65,1355.2274999999997,6.6,2.0,0.4878048780487805
1919,18.0,18.944444444444443,154.71913580246914,26.88888888888889,756.6543209876544,6.277777777777778,2.5555555555555554,0.47368421052631576
1920,29.0,14.206896551724139,66.78478002378122,30.93103448275862,72.27110582639715,4.448275862068965,2.1379310344827585,0.9354838709677419
1921,15.0,16.666666666666668,85.02222222222221,26.266666666666666,132.7288888888889,5.333333333333333,1.6,0.4838709677419355
1922,28.0,9.928571428571429,34.994897959183675,83.10714285714286,114.16709183673468,7.0,1.0,1.3333333333333333
1923,14.0,18.5,61.82142857142857,22.0,967.1428571428571,8.071428571428571,2.2142857142857144,0.5
1924,22.0,41.59090909090909,416.78719008264454,36.40909090909091,230.0599173553719,5.818181818181818,4.2272727272727275,0.43137254901960786
1925,25.0,54.64,866.3104,4.56,9.0464,6.08,8.48,0.25
1926,28.0,4.607142857142857,10.309948979591836,22.75,23.901785714285715,5.714285714285714,7.857142857142857,2.5454545454545454
1927,22.0,5.181818181818182,9.239669421487603,23.818181818181817,26.69421487603305,5.363636363636363,7.181818181818182,2.0
1928,6.0,5.166666666666667,10.47222222222222,24.0,24.333333333333332,6.0,8.0,0.5454545454545454
1929,18.0,52.72222222222222,1230.200617283951,5.333333333333333,6.333333333333333,5.111111111111111,8.166666666666666,0.18181818181818182
1930,13.0,46.69230769230769,854.8284023668638,6.769230769230769,7.715976331360945,5.3076923076923075,8.461538461538462,0.14606741573033707
1931,16.0,9.0,34.625,74.625,100.609375,6.75,1.0,0.8421052631578947
1932,20.0,10.5,30.75,78.35,187.92750000000007,7.15,1.2,1.0
1933,29.0,5.448275862068965,9.695600475624257,21.82758620689655,24.280618311533892,5.517241379310345,7.172413793103448,2.6363636363636362
1934,22.0,9.681818181818182,31.944214876033058,84.0,140.0,7.363636363636363,0.8181818181818182,1.1
1935,25.0,11.44,25.446399999999993,79.6,153.6,6.6,1.12,1.3888888888888888
1936,29.0,5.206896551724138,8.1640903686088,21.03448275862069,21.274673008323425,5.482758620689655,7.241379310344827,2.6363636363636362
1937,15.0,18.866666666666667,62.382222222222225,32.4,88.37333333333336,6.333333333333333,2.2666666666666666,0.625
1938,14.0,38.0,594.5714285714286,31.071428571428573,414.4948979591837,5.142857142857143,4.714285714285714,0.2153846153846154
1939,10.0,29.4,97.24000000000001,28.4,1198.04,7.3,2.2,0.2857142857142857
1940,23.0,21.73913043478261,113.84499054820415,38.17391304347826,1351.9697542533079,7.521739130434782,1.7391304347826086,0.6388888888888888
1941,22.0,13.272727272727273,41.107438016528924,31.454545454545453,125.42975206611573,5.954545454545454,1.6363636363636365,0.9166666666666666
1942,15.0,13.266666666666667,88.86222222222223,31.733333333333334,132.59555555555556,7.533333333333333,2.4,0.5357142857142857
1943,14.0,54.07142857142857,751.2091836734693,4.714285714285714,8.63265306122449,6.0,8.357142857142858,0.15053763440860216
1944,9.0,14.0,181.33333333333334,27.88888888888889,844.098765432099,7.111111111111111,2.7777777777777777,0.225
1945,8.0,9.0,36.0,84.375,175.484375,6.5,1.375,0.4444444444444444
1946,11.0,29.636363636363637,632.0495867768594,20.545454545454547,139.88429752066116,5.454545454545454,3.5454545454545454,0.1527777777777778
1947,22.0,8.863636363636363,34.57231404958678,83.81818181818181,124.42148760330578,6.636363636363637,1.0909090909090908,1.1
1948,18.0,17.166666666666668,98.02777777777777,35.05555555555556,72.05246913580245,7.166666666666667,2.3333333333333335,0.5806451612903226
1949,26.0,10.0,35.38461538461539,79.61538461538461,107.92899408284022,7.076923076923077,0.9230769230769231,1.3
1950,30.0,17.966666666666665,147.69888888888892,28.9,1065.49,7.4,2.2666666666666666,0.75
1951,14.0,5.785714285714286,12.5969387755102,22.428571428571427,23.387755102040813,5.428571428571429,7.071428571428571,1.2727272727272727
1952,6.0,49.666666666666664,250.8888888888889,36.5,108.91666666666667,4.333333333333333,6.166666666666667,0.13333333333333333
1953,30.0,19.133333333333333,129.91555555555558,27.833333333333332,1222.7388888888893,7.166666666666667,1.2666666666666666,0.75
1954,15.0,21.2,100.82666666666665,21.866666666666667,741.3155555555555,6.6,1.8666666666666667,0.40540540540540543
1955,8.0,37.625,1237.734375,50.25,58.6875,6.5,6.125,0.10526315789473684
1956,22.0,46.59090909090909,574.7871900826444,30.181818181818183,235.96694214876032,5.318181818181818,4.681818181818182,0.3333333333333333
1957,6.0,24.666666666666668,134.55555555555557,5.5,55.583333333333336,7.333333333333333,2.1666666666666665,0.16666666666666666
1958,21.0,43.095238095238095,834.371882086168,5.9523809523809526,5.378684807256237,5.380952380952381,8.619047619047619,0.22105263157894736
1959,17.0,9.941176470588236,32.055363321799305,75.88235294117646,114.69204152249142,7.117647058823529,0.9411764705882353,0.85
1960,13.0,34.84615384615385,1003.6686390532545,34.30769230769231,228.8284023668639,5.923076923076923,4.6923076923076925,0.1625
1961,7.0,6.714285714285714,10.775510204081632,23.857142857142858,18.979591836734695,5.428571428571429,8.142857142857142,0.6363636363636364
1962,30.0,4.366666666666666,7.2988888888888885,22.833333333333332,30.67222222222222,5.233333333333333,7.466666666666667,2.727272727272727
1963,19.0,18.36842105263158,153.3905817174515,47.1578947368421,955.3961218836565,7.631578947368421,2.0526315789473686,0.475
1964,8.0,39.875,394.859375,30.625,250.234375,5.5,6.0,0.13793103448275862
1965,7.0,7.142857142857143,14.40816326530612,23.0,20.857142857142858,5.571428571428571,6.857142857142857,0.6363636363636364
1966,5.0,47.4,1104.6399999999999,7.8,6.16,4.2,8.8,0.05263157894736842
1967,23.0,18.26086956521739,140.27977315689984,32.82608695652174,1010.2306238185256,6.478260869565218,2.4347826086956523,0.6052631578947368
1968,25.0,43.84,743.0944000000002,34.04,161.3184,5.48,5.52,0.3787878787878788
1969,7.0,46.0,692.8571428571429,27.857142857142858,276.6938775510204,7.142857142857143,4.857142857142857,0.1076923076923077
1970,8.0,43.375,559.734375,35.75,106.6875,7.0,5.0,0.12307692307692308
1971,11.0,12.181818181818182,26.512396694214882,87.27272727272727,144.74380165289256,6.818181818181818,0.8181818181818182,0.6470588235294118
1972,25.0,4.76,9.622399999999997,21.76,18.582400000000003,5.2,7.64,2.272727272727273
1973,13.0,44.53846153846154,581.3254437869823,32.84615384615385,327.97633136094674,4.846153846153846,5.230769230769231,0.2
1974,18.0,44.55555555555556,575.2469135802469,37.0,163.77777777777777,6.277777777777778,5.055555555555555,0.2465753424657534
1975,28.0,47.607142857142854,624.2385204081633,5.321428571428571,8.860969387755103,5.285714285714286,8.357142857142858,0.3010752688172043
1976,16.0,12.375,28.734375,80.3125,105.96484375,7.8125,0.875,0.8888888888888888
1977,11.0,23.0,87.81818181818181,14.545454545454545,200.2479338842975,6.7272727272727275,2.5454545454545454,0.3235294117647059
1978,14.0,16.5,86.82142857142857,33.857142857142854,126.6938775510204,7.357142857142857,1.4285714285714286,0.4666666666666667
1979,21.0,17.571428571428573,136.34013605442175,41.476190476190474,1238.9160997732426,7.333333333333333,2.1904761904761907,0.5675675675675675
1980,11.0,16.363636363636363,124.23140495867769,28.636363636363637,994.413223140496,8.0,2.5454545454545454,0.3235294117647059
1981,6.0,16.333333333333332,75.22222222222223,37.166666666666664,95.13888888888887,5.333333333333333,1.5,0.2222222222222222
1982,8.0,51.25,752.1875,6.0,11.25,5.75,9.0,0.09876543209876543
1983,14.0,48.5,820.1071428571429,4.785714285714286,9.596938775510205,7.0,8.142857142857142,0.15384615384615385
1984,6.0,9.833333333333334,49.13888888888889,28.666666666666668,165.88888888888889,4.5,2.1666666666666665,0.2857142857142857
1985,16.0,11.6875,20.96484375,78.25,159.4375,8.5625,1.0,0.8421052631578947
1986,17.0,48.1764705882353,1066.9688581314879,4.588235294117647,8.477508650519031,5.764705882352941,8.235294117647058,0.18478260869565216
1987,25.0,11.4,38.31999999999999,79.64,84.15039999999999,6.36,1.08,1.1904761904761905
1988,9.0,24.11111111111111,104.09876543209877,41.55555555555556,1659.1358024691356,8.333333333333334,2.111111111111111,0.2647058823529412
1989,28.0,5.035714285714286,11.39158163265306,23.25,19.6875,5.642857142857143,7.25,2.5454545454545454
1990,6.0,14.833333333333334,79.13888888888887,35.666666666666664,104.22222222222221,5.5,2.3333333333333335,0.2608695652173913
1991,14.0,15.785714285714286,133.73979591836738,31.928571428571427,1150.2091836734692,5.714285714285714,1.9285714285714286,0.3888888888888889
1992,17.0,3.0,9.529411764705882,22.88235294117647,24.339100346020764,5.352941176470588,7.294117647058823,1.5454545454545454
1993,28.0,11.357142857142858,37.65816326530612,82.82142857142857,163.43239795918365,6.75,1.1785714285714286,1.4
1994,13.0,25.307692307692307,135.1360946745562,24.0,617.5384615384615,6.769230769230769,2.4615384615384617,0.35135135135135137
1995,30.0,49.53333333333333,659.1822222222223,33.1,215.1566666666667,6.266666666666667,5.1,0.40540540540540543
1996,22.0,17.772727272727273,53.99380165289256,31.818181818181817,105.14876033057853,5.454545454545454,2.272727272727273,0.7857142857142857
1997,17.0,8.823529411764707,23.20415224913495,80.88235294117646,105.86851211072666,6.0588235294117645,1.0,0.8947368421052632
1998,22.0,20.636363636363637,101.59504132231405,33.59090909090909,1028.7871900826447,7.7727272727272725,2.0,0.6111111111111112
1999,10.0,57.1,632.49,6.4,8.239999999999998,6.4,8.5,0.14492753623188406
2000,23.0,48.34782608695652,848.13988657845,5.130434782608695,8.461247637051041,5.043478260869565,8.869565217391305,0.26136363636363635
2001,30.0,43.0,654.9333333333333,36.63333333333333,274.16555555555556,5.4,5.566666666666666,0.4225352112676056
2002,16.0,9.4375,40.62109375,82.5,106.125,6.875,1.0625,0.8421052631578947
2003,14.0,12.285714285714286,46.77551020408163,75.42857142857143,114.38775510204083,6.785714285714286,1.0,0.7
2004,29.0,15.620689655172415,122.58026159334126,26.551724137931036,989.2818073721762,6.517241379310345,1.6206896551724137,0.7073170731707317
2005,29.0,19.896551724137932,120.85136741973842,37.241379310344826,1413.0796670630202,6.482758620689655,1.9310344827586208,0.7073170731707317
2006,17.0,16.705882352941178,155.1487889273356,39.05882352941177,1345.937716262976,6.117647058823529,1.588235294117647,0.4146341463414634
2007,10.0,55.8,485.76000000000005,6.3,5.8100000000000005,6.0,8.5,0.1388888888888889
2008,7.0,4.571428571428571,3.3877551020408165,21.0,19.714285714285715,6.0,7.142857142857143,1.1666666666666667
2009,9.0,53.44444444444444,996.0246913580247,5.777777777777778,7.061728395061729,4.111111111111111,8.666666666666666,0.09473684210526316
2010,28.0,9.357142857142858,44.443877551020414,83.17857142857143,170.5752551020408,6.928571428571429,1.1785714285714286,1.3333333333333333
2011,7.0,39.0,729.7142857142857,4.857142857142857,1.5510204081632657,5.142857142857143,8.285714285714286,0.07692307692307693
2012,22.0,40.81818181818182,536.2396694214875,34.86363636363637,238.2995867768595,6.045454545454546,4.863636363636363,0.36666666666666664
2013,22.0,24.181818181818183,121.05785123966943,36.18181818181818,1132.8760330578514,6.954545454545454,2.4545454545454546,0.5365853658536586
2014,18.0,18.72222222222222,126.2006172839506,32.611111111111114,1174.4598765432102,6.833333333333333,1.2777777777777777,0.45
2015,5.0,39.4,515.8399999999999,5.4,7.840000000000001,6.2,7.6,0.08333333333333333
2016,8.0,43.25,361.4375,36.875,163.859375,4.625,3.875,0.1509433962264151
2017,19.0,33.0,373.57894736842104,32.10526315789474,210.7257617728532,6.473684210526316,4.7368421052631575,0.35185185185185186
2018,8.0,17.75,55.1875,21.5,994.5,6.25,2.0,0.36363636363636365
2019,20.0,9.7,29.709999999999997,75.8,171.96000000000004,6.9,0.9,1.0
2020,17.0,7.529411764705882,34.24913494809688,81.82352941176471,158.26297577854672,7.470588235294118,1.0,0.8095238095238095
2021,11.0,6.0,10.0,22.636363636363637,18.776859504132233,5.636363636363637,6.2727272727272725,1.1
2022,27.0,48.74074074074074,755.2290809327844,5.518518518518518,7.286694101508914,5.296296296296297,8.814814814814815,0.27835051546391754
2023,29.0,10.724137931034482,46.751486325802624,79.10344827586206,202.4375743162901,6.241379310344827,0.896551724137931,1.380952380952381
2024,17.0,55.11764705882353,865.9861591695503,6.705882352941177,6.560553633217993,6.0588235294117645,7.882352941176471,0.18478260869565216
2025,25.0,14.72,67.48160000000001,31.92,75.9936,4.0,1.68,0.8064516129032258
2026,12.0,17.166666666666668,112.97222222222221,27.583333333333332,940.243055555556,8.0,1.9166666666666667,0.3333333333333333
2027,25.0,39.08,573.9136,29.36,262.4703999999999,5.44,4.04,0.3787878787878788
2028,28.0,17.035714285714285,96.46301020408161,31.321428571428573,71.21811224489798,6.642857142857143,1.9285714285714286,0.9333333333333333
2029,12.0,23.666666666666668,124.05555555555556,37.083333333333336,1090.076388888889,7.166666666666667,1.9166666666666667,0.32432432432432434
2030,15.0,5.8,8.16,22.4,26.64,5.8,7.8,1.5
2031,10.0,8.8,17.36,83.7,158.21,5.5,1.6,0.6666666666666666
2032,11.0,61.72727272727273,1050.01652892562,5.2727272727272725,8.380165289256196,6.636363636363637,8.636363636363637,0.11578947368421053
2033,18.0,22.5,119.13888888888889,22.5,815.25,6.888888888888889,1.6666666666666667,0.47368421052631576
2034,9.0,37.22222222222222,750.8395061728396,39.22222222222222,303.95061728395063,4.222222222222222,4.555555555555555,0.14516129032258066
2035,30.0,9.066666666666666,42.86222222222221,78.83333333333333,116.80555555555553,7.0,1.1666666666666667,1.5
2036,14.0,56.42857142857143,750.1020408163266,5.785714285714286,2.7397959183673466,6.285714285714286,8.571428571428571,0.14285714285714285
2037,6.0,28.666666666666668,600.8888888888888,30.166666666666668,305.1388888888889,5.333333333333333,5.166666666666667,0.08450704225352113
2038,10.0,59.0,578.6,7.2,4.16,5.2,8.4,0.13333333333333333
2039,21.0,13.19047619047619,57.01133786848074,32.095238095238095,109.32426303854878,5.714285714285714,2.2857142857142856,0.7
2040,21.0,4.571428571428571,8.91156462585034,22.857142857142858,19.170068027210885,5.190476190476191,7.904761904761905,2.1
2041,25.0,22.84,157.97440000000003,24.8,727.6800000000003,6.96,2.32,0.625
2042,16.0,5.5625,11.62109375,22.3125,24.08984375,5.75,7.5,1.4545454545454546
2043,28.0,48.42857142857143,834.3163265306123,5.892857142857143,8.45280612244898,6.25,8.535714285714286,0.2828282828282828
2044,15.0,27.133333333333333,743.448888888889,34.06666666666667,259.26222222222225,4.333333333333333,4.666666666666667,0.2112676056338028
2045,5.0,48.6,137.04000000000002,40.0,286.8,2.6,3.8,0.16129032258064516
2046,28.0,13.571428571428571,75.10204081632652,31.714285714285715,117.13265306122449,6.535714285714286,1.8214285714285714,0.9032258064516129
2047,19.0,4.473684210526316,10.45983379501385,22.105263157894736,15.988919667590027,5.526315789473684,8.157894736842104,1.7272727272727273
2048,17.0,18.0,68.94117647058823,36.705882352941174,70.44290657439447,5.9411764705882355,1.8823529411764706,0.6296296296296297
2049,26.0,10.192307692307692,33.77071005917159,82.42307692307692,148.47485207100587,6.269230769230769,0.8846153846153846,1.2380952380952381
2050,26.0,13.923076923076923,98.45562130177515,14.423076923076923,608.3979289940829,6.923076923076923,1.8076923076923077,0.7647058823529411
2051,17.0,30.823529411764707,370.3806228373702,30.41176470588235,358.0069204152249,5.411764705882353,4.9411764705882355,0.3148148148148148
2052,25.0,6.0,8.8,20.2,21.36,5.36,7.2,2.5
2053,18.0,18.11111111111111,101.54320987654323,39.72222222222222,1247.2006172839508,7.777777777777778,1.8333333333333333,0.5294117647058824
2054,24.0,14.166666666666666,81.80555555555553,30.291666666666668,99.28993055555554,4.75,2.25,0.8571428571428571
2055,13.0,10.0,45.07692307692308,83.92307692307692,99.45562130177515,6.923076923076923,1.0769230769230769,0.6842105263157895
2056,5.0,19.4,15.440000000000001,30.6,101.84,4.8,1.2,0.4166666666666667
2057,13.0,29.846153846153847,459.66863905325437,36.92307692307692,146.22485207100593,4.0,5.0,0.21311475409836064
2058,15.0,21.8,152.82666666666668,44.6,1353.0399999999997,7.133333333333334,2.2,0.40540540540540543
2059,16.0,5.8125,9.02734375,24.25,25.3125,5.375,7.9375,1.4545454545454546
2060,25.0,52.48,687.4495999999999,5.92,7.7536000000000005,5.6,8.6,0.26881720430107525
2061,18.0,14.333333333333334,53.55555555555557,31.444444444444443,82.24691358024693,6.055555555555555,2.1666666666666665,0.6428571428571429
2062,28.0,4.642857142857143,10.229591836734695,22.607142857142858,27.309948979591837,5.357142857142857,7.321428571428571,2.5454545454545454
2063,12.0,20.833333333333332,120.63888888888887,23.416666666666668,865.7430555555557,6.666666666666667,1.9166666666666667,0.3
2064,17.0,9.882352941176471,70.92733564013841,34.23529411764706,131.35640138408306,6.294117647058823,1.8823529411764706,0.6538461538461539
2065,14.0,14.285714285714286,69.63265306122447,32.142857142857146,111.55102040816327,5.357142857142857,1.4285714285714286,0.4827586206896552
2066,12.0,34.666666666666664,673.0555555555555,33.333333333333336,247.8888888888889,5.083333333333333,5.083333333333333,0.16901408450704225
2067,9.0,40.666666666666664,746.6666666666665,26.88888888888889,266.32098765432096,4.777777777777778,5.333333333333333,0.1267605633802817
2068,27.0,22.14814814814815,144.34842249657063,24.14814814814815,766.0521262002745,7.555555555555555,2.037037037037037,0.6923076923076923
2069,30.0,5.3,7.743333333333335,22.633333333333333,23.365555555555552,5.6,7.233333333333333,2.727272727272727
2070,11.0,63.09090909090909,612.2644628099174,3.6363636363636362,6.231404958677685,6.363636363636363,8.090909090909092,0.13924050632911392
2071,9.0,56.111111111111114,559.2098765432098,7.111111111111111,10.320987654320989,6.0,8.555555555555555,0.11392405063291139
2072,24.0,18.416666666666668,106.07638888888887,26.333333333333332,1135.138888888889,7.625,2.5416666666666665,0.6486486486486487
2073,19.0,32.78947368421053,591.218836565097,28.0,358.3157894736842,6.105263157894737,5.2631578947368425,0.2753623188405797
2074,14.0,43.0,701.2857142857143,30.857142857142858,293.5510204081633,4.785714285714286,5.0,0.2153846153846154
2075,14.0,41.92857142857143,769.4948979591837,29.0,275.42857142857144,4.857142857142857,4.857142857142857,0.18421052631578946
2076,18.0,21.055555555555557,121.27469135802468,38.5,1065.5833333333333,8.277777777777779,1.2222222222222223,0.5
2077,17.0,22.529411764705884,146.01384083044982,13.352941176470589,605.4048442906571,6.9411764705882355,2.411764705882353,0.4722222222222222
2078,10.0,38.3,340.01,36.5,286.05,7.7,4.8,0.15625
2079,17.0,12.470588235294118,90.6020761245675,33.94117647058823,105.34948096885812,4.9411764705882355,1.411764705882353,0.6071428571428571
2080,28.0,19.071428571428573,154.13775510204087,42.642857142857146,1593.2295918367345,6.25,1.4285714285714286,0.7
2081,28.0,12.178571428571429,77.93239795918369,29.214285714285715,129.95408163265307,5.714285714285714,2.1785714285714284,1.0
2082,14.0,25.357142857142858,146.37244897959187,17.857142857142858,525.6938775510204,6.5,2.7142857142857144,0.35
2083,22.0,11.227272727272727,41.08471074380166,80.95454545454545,99.95247933884298,6.818181818181818,1.0909090909090908,1.1
2084,7.0,15.571428571428571,37.10204081632653,38.142857142857146,25.551020408163264,6.0,2.857142857142857,0.35
2085,21.0,28.285714285714285,160.39455782312925,32.42857142857143,197.6734693877551,6.095238095238095,4.857142857142857,0.42
2086,15.0,54.733333333333334,450.86222222222216,29.933333333333334,215.79555555555555,6.333333333333333,5.866666666666666,0.2542372881355932
2087,24.0,39.5,840.0,4.666666666666667,8.555555555555557,5.541666666666667,8.166666666666666,0.2376237623762376
2088,30.0,51.166666666666664,843.6722222222221,5.166666666666667,8.805555555555554,5.033333333333333,8.3,0.3191489361702128
2089,10.0,11.3,68.00999999999999,30.0,53.0,2.5,2.1,0.3225806451612903
2090,12.0,12.833333333333334,71.30555555555556,32.0,86.83333333333333,6.25,2.0833333333333335,0.42857142857142855
2091,19.0,18.789473684210527,366.6925207756233,33.1578947368421,226.65927977839337,5.052631578947368,4.526315789473684,0.296875
2092,23.0,16.695652173913043,80.64650283553875,32.82608695652174,127.0132325141777,7.0,2.1739130434782608,0.7931034482758621
2093,25.0,4.48,11.5296,21.48,23.769600000000004,5.32,7.8,2.272727272727273
2094,30.0,4.9,10.69,22.666666666666668,24.688888888888886,5.2,7.433333333333334,2.727272727272727
2095,13.0,38.0,650.4615384615385,31.923076923076923,216.3786982248521,6.6923076923076925,4.846153846153846,0.18840579710144928
2096,14.0,13.357142857142858,70.65816326530613,34.5,103.10714285714286,7.642857142857143,2.2142857142857144,0.45161290322580644
2097,18.0,44.166666666666664,707.3611111111111,34.94444444444444,194.27469135802468,5.055555555555555,5.722222222222222,0.2571428571428571
2098,19.0,4.842105263157895,10.343490304709142,22.105263157894736,18.1994459833795,5.2105263157894735,7.421052631578948,1.7272727272727273
2099,11.0,13.181818181818182,67.23966942148762,36.45454545454545,1037.3388429752065,7.090909090909091,1.8181818181818181,0.39285714285714285
2100,5.0,41.6,907.8400000000001,6.8,4.16,5.0,8.6,0.058823529411764705
2101,19.0,17.736842105263158,98.404432132964,31.894736842105264,89.6731301939058,4.947368421052632,2.789473684210526,0.6129032258064516
2102,22.0,5.863636363636363,7.754132231404958,21.90909090909091,22.900826446280995,5.636363636363637,7.545454545454546,2.2
2103,18.0,69.16666666666667,842.3611111111109,6.222222222222222,10.728395061728397,6.277777777777778,8.5,0.20689655172413793
2104,10.0,63.6,903.04,5.6,5.64,5.8,7.7,0.10989010989010989
2105,21.0,56.285714285714285,684.4897959183675,5.380952380952381,8.807256235827666,5.761904761904762,8.904761904761905,0.22105263157894736
2106,24.0,10.458333333333334,22.66493055555556,79.54166666666667,151.08159722222226,7.416666666666667,1.1666666666666667,1.3333333333333333
2107,24.0,21.666666666666668,120.97222222222223,47.166666666666664,998.9722222222222,7.166666666666667,2.1666666666666665,0.631578947368421
2108,12.0,38.666666666666664,934.7222222222222,6.0,5.833333333333333,7.166666666666667,8.666666666666666,0.13793103448275862
2109,30.0,13.7,86.00999999999999,33.9,119.22333333333334,6.8,1.2333333333333334,1.0
2110,12.0,10.583333333333334,27.076388888888886,83.5,125.58333333333333,6.833333333333333,0.9166666666666666,0.6
2111,11.0,44.09090909090909,368.4462809917356,26.545454545454547,193.15702479338842,4.545454545454546,6.090909090909091,0.18333333333333332
2112,26.0,15.884615384615385,77.02514792899406,30.76923076923077,107.10059171597634,6.730769230769231,1.9615384615384615,0.8666666666666667
2113,11.0,19.0,114.36363636363636,34.72727272727273,661.6528925619834,6.909090909090909,2.1818181818181817,0.36666666666666664
2114,8.0,41.125,778.859375,27.375,213.234375,5.375,5.125,0.10666666666666667
2115,8.0,36.0,722.25,36.25,300.9375,5.75,5.25,0.11940298507462686
2116,30.0,46.43333333333333,996.578888888889,5.2,7.493333333333331,4.633333333333334,8.833333333333334,0.30303030303030304
2117,14.0,41.07142857142857,635.6377551020408,31.428571428571427,240.9591836734694,6.0,4.785714285714286,0.2222222222222222
2118,22.0,9.636363636363637,35.413223140495866,81.72727272727273,122.28925619834712,6.363636363636363,1.2727272727272727,1.0476190476190477
2119,18.0,6.055555555555555,10.719135802469134,20.944444444444443,28.941358024691358,5.555555555555555,8.055555555555555,1.6363636363636365
2120,25.0,45.52,626.4096000000001,33.04,313.2384,5.44,5.16,0.3787878787878788
2121,9.0,4.777777777777778,7.728395061728396,22.555555555555557,21.135802469135804,5.444444444444445,7.444444444444445,0.8181818181818182
2122,6.0,4.666666666666667,11.222222222222223,20.666666666666668,23.555555555555557,5.666666666666667,8.333333333333334,0.5454545454545454
2123,10.0,10.0,55.0,81.6,171.44,6.6,1.1,0.47619047619047616
2124,25.0,15.88,156.5856,38.72,1069.1616000000001,7.32,2.36,0.6097560975609756
2125,27.0,45.22222222222222,754.7654320987654,31.48148148148148,255.21262002743484,5.925925925925926,5.148148148148148,0.36486486486486486
2126,24.0,10.166666666666666,32.97222222222223,76.33333333333333,172.72222222222217,7.291666666666667,1.25,1.1428571428571428
2127,19.0,51.473684210526315,710.9861495844876,5.7894736842105265,8.903047091412743,5.7368421052631575,8.578947368421053,0.2
2128,9.0,30.333333333333332,309.5555555555556,34.666666666666664,192.6666666666667,5.222222222222222,6.0,0.16071428571428573
2129,22.0,4.636363636363637,9.140495867768598,21.40909090909091,23.332644628099175,5.181818181818182,7.2272727272727275,2.0
2130,10.0,19.5,138.85,23.4,466.44000000000005,6.8,2.0,0.2631578947368421
2131,8.0,5.0,11.0,23.0,20.0,5.625,7.375,0.7272727272727273
2132,10.0,12.0,25.6,80.4,105.63999999999999,8.6,1.3,0.625
2133,10.0,21.2,138.16000000000003,28.3,1132.2100000000003,7.2,1.4,0.2631578947368421
2134,6.0,4.333333333333333,10.555555555555555,20.166666666666668,19.472222222222225,5.0,8.833333333333334,0.6
2135,29.0,14.89655172413793,80.02378121284188,32.758620689655174,116.80380499405469,5.310344827586207,2.0344827586206895,0.9354838709677419
2136,23.0,4.739130434782608,14.540642722117203,23.217391304347824,20.865784499054822,5.391304347826087,7.391304347826087,2.090909090909091
2137,27.0,4.555555555555555,9.209876543209877,22.51851851851852,25.0644718792867,5.37037037037037,8.185185185185185,2.4545454545454546
2138,16.0,4.8125,13.65234375,23.875,24.234375,5.6875,7.5625,1.4545454545454546
2139,6.0,65.33333333333333,387.5555555555556,7.666666666666667,7.555555555555556,4.5,8.333333333333334,0.08955223880597014
2140,16.0,18.6875,68.71484375,30.0,108.625,2.8125,1.5625,0.6153846153846154
2141,20.0,20.85,148.22750000000005,19.65,483.62750000000005,7.4,2.3,0.4878048780487805
2142,19.0,12.052631578947368,43.73407202216066,82.89473684210526,177.14681440443212,6.2631578947368425,0.7894736842105263,0.95
2143,18.0,5.166666666666667,8.250000000000004,23.22222222222222,26.061728395061728,5.222222222222222,7.666666666666667,1.8
2144,20.0,15.95,90.3475,31.35,174.3275,5.05,2.35,0.7407407407407407
2145,15.0,12.2,51.626666666666665,37.6,79.83999999999999,6.866666666666666,2.1333333333333333,0.6521739130434783
2146,14.0,13.642857142857142,90.08673469387757,25.5,1076.9642857142858,6.857142857142857,2.2857142857142856,0.42424242424242425
2147,10.0,6.0,12.2,22.6,12.04,5.1,8.0,1.0
2148,16.0,11.625,70.734375,28.3125,87.08984375,3.3125,1.625,0.5517241379310345
2149,25.0,35.72,329.7216,36.48,159.36960000000002,5.6,4.36,0.45454545454545453
2150,9.0,50.111111111111114,319.65432098765433,36.44444444444444,235.8024691358025,6.333333333333333,4.888888888888889,0.15517241379310345
2151,6.0,18.0,53.0,22.0,100.33333333333333,5.5,3.3333333333333335,0.3
2152,18.0,50.94444444444444,657.9413580246915,5.055555555555555,8.94135802469136,5.722222222222222,8.444444444444445,0.20224719101123595
2153,19.0,41.421052631578945,686.1385041551248,5.578947368421052,9.29639889196676,5.947368421052632,8.736842105263158,0.2111111111111111
2154,9.0,46.55555555555556,430.46913580246905,6.888888888888889,4.320987654320988,6.444444444444445,8.0,0.125
2155,22.0,50.54545454545455,742.2479338842974,5.863636363636363,7.663223140495868,5.2727272727272725,8.772727272727273,0.2391304347826087
2156,30.0,17.1,152.75666666666663,32.46666666666667,1063.3822222222223,7.266666666666667,2.1333333333333333,0.7692307692307693
2157,29.0,4.931034482758621,9.443519619500593,21.862068965517242,15.222354340071345,5.448275862068965,7.241379310344827,2.6363636363636362
2158,25.0,11.72,62.921600000000005,28.16,91.09440000000002,5.68,2.32,1.0
2159,20.0,11.3,36.010000000000005,79.35,115.0275,7.45,1.35,1.0526315789473684
2160,22.0,8.909090909090908,40.08264462809917,81.31818181818181,101.94421487603304,7.5,1.0454545454545454,1.1578947368421053
2161,25.0,4.6,11.040000000000003,22.36,18.5504,6.08,7.0,2.272727272727273
2162,9.0,35.111111111111114,533.8765432098766,38.22222222222222,235.72839506172835,4.222222222222222,4.555555555555555,0.14516129032258066
2163,9.0,13.0,60.888888888888886,33.111111111111114,108.98765432098766,4.222222222222222,2.111111111111111,0.375
2164,25.0,46.44,439.68639999999994,27.88,217.94559999999998,5.8,4.96,0.36764705882352944
2165,14.0,8.857142857142858,44.26530612244898,88.57142857142857,62.24489795918367,6.5,0.8571428571428571,0.6666666666666666
2166,12.0,59.916666666666664,743.4097222222223,6.75,8.354166666666666,5.5,8.333333333333334,0.14457831325301204
2167,29.0,45.55172413793103,298.0404280618311,32.275862068965516,294.82045184304405,5.724137931034483,5.137931034482759,0.5471698113207547
2168,22.0,46.59090909090909,613.150826446281,37.40909090909091,248.24173553719004,5.681818181818182,5.590909090909091,0.34375
2169,26.0,4.961538461538462,7.190828402366861,23.884615384615383,17.871301775147934,5.115384615384615,7.230769230769231,2.6
2170,25.0,4.08,12.553600000000001,22.52,28.7296,5.44,7.48,2.272727272727273
2171,15.0,8.4,30.10666666666667,81.86666666666666,116.24888888888889,7.666666666666667,1.2666666666666666,0.7894736842105263
2172,12.0,24.833333333333332,81.80555555555554,25.666666666666668,1188.388888888889,7.333333333333333,2.3333333333333335,0.3870967741935484
2173,12.0,11.833333333333334,36.80555555555555,79.41666666666667,160.24305555555557,7.833333333333333,0.9166666666666666,0.631578947368421
2174,27.0,24.85185185185185,143.45953360768172,19.296296296296298,783.4677640603566,6.222222222222222,2.111111111111111,0.675
2175,13.0,14.692307692307692,68.36686390532545,32.92307692307692,91.301775147929,6.230769230769231,2.3846153846153846,0.4642857142857143
2176,9.0,9.777777777777779,33.95061728395061,76.22222222222223,167.50617283950618,7.111111111111111,0.6666666666666666,0.5
2177,25.0,4.0,10.32,23.32,22.377599999999997,5.0,7.84,2.272727272727273
2178,5.0,34.2,916.5600000000001,7.2,0.15999999999999998,6.2,8.6,0.056818181818181816
2179,11.0,15.363636363636363,83.50413223140495,31.0,106.9090909090909,5.909090909090909,2.090909090909091,0.4230769230769231
2180,17.0,45.0,661.6470588235294,5.294117647058823,13.619377162629759,4.9411764705882355,8.588235294117647,0.2073170731707317
2181,17.0,55.35294117647059,813.4048442906575,6.411764705882353,6.477508650519031,5.705882352941177,8.764705882352942,0.18085106382978725
2182,21.0,14.571428571428571,81.57823129251702,32.23809523809524,95.32426303854875,5.619047619047619,2.1904761904761907,0.7241379310344828
2183,11.0,14.636363636363637,56.0495867768595,31.454545454545453,108.2479338842975,4.545454545454546,2.272727272727273,0.44
2184,26.0,13.192307692307692,69.53994082840237,31.846153846153847,125.59171597633137,4.923076923076923,2.5384615384615383,0.8666666666666667
2185,23.0,16.304347826086957,66.03780718336485,32.52173913043478,161.03213610586008,6.0,2.0434782608695654,0.7931034482758621
2186,18.0,12.166666666666666,88.80555555555554,31.77777777777778,169.06172839506175,4.5,2.2222222222222223,0.6
2187,18.0,4.777777777777778,5.728395061728396,23.5,19.13888888888889,5.277777777777778,8.0,1.8
2188,18.0,10.222222222222221,39.17283950617284,82.38888888888889,147.57098765432096,7.444444444444445,1.0555555555555556,0.8571428571428571
2189,23.0,48.26086956521739,431.062381852552,30.217391304347824,350.6049149338374,4.608695652173913,5.521739130434782,0.39655172413793105
2190,15.0,38.46666666666667,1125.048888888889,6.0,6.0,3.8,9.0,0.15789473684210525
2191,6.0,19.0,46.333333333333336,36.166666666666664,33.47222222222222,8.333333333333334,1.6666666666666667,0.2727272727272727
2192,5.0,49.4,568.6400000000001,32.0,187.6,4.0,5.4,0.08064516129032258
2193,14.0,16.071428571428573,75.06632653061226,31.357142857142858,135.80102040816328,6.785714285714286,2.4285714285714284,0.56
2194,19.0,21.94736842105263,92.57617728531856,38.578947368421055,1428.1385041551248,7.2105263157894735,1.4736842105263157,0.5277777777777778
2195,24.0,10.666666666666666,45.22222222222223,80.95833333333333,134.53993055555554,6.541666666666667,0.8333333333333334,1.1428571428571428
2196,30.0,55.13333333333333,700.3155555555553,5.133333333333334,9.715555555555556,6.1,8.6,0.3409090909090909
2197,17.0,18.058823529411764,110.7612456747405,37.64705882352941,1354.463667820069,6.352941176470588,2.4705882352941178,0.425
2198,18.0,10.055555555555555,33.83024691358024,87.33333333333333,65.0,6.777777777777778,1.0555555555555556,0.9
2199,23.0,9.26086956521739,38.97542533081286,74.78260869565217,102.69187145557656,6.434782608695652,0.6956521739130435,1.15
2200,18.0,48.0,589.4444444444445,5.055555555555555,9.830246913580247,4.277777777777778,9.0,0.20224719101123595
2201,24.0,8.583333333333334,32.49305555555556,81.5,148.58333333333334,6.708333333333333,1.2916666666666667,1.1428571428571428
2202,22.0,4.909090909090909,10.355371900826446,24.0,18.454545454545453,5.363636363636363,7.409090909090909,2.0
2203,16.0,4.5,13.5,22.125,22.984375,5.5,7.25,1.4545454545454546
2204,15.0,37.53333333333333,624.3822222222223,27.733333333333334,317.79555555555555,4.333333333333333,5.0,0.22727272727272727
2205,7.0,10.0,37.142857142857146,73.0,59.714285714285715,7.142857142857143,0.5714285714285714,0.3888888888888889
2206,25.0,11.0,30.4,81.72,144.5216,7.2,1.04,1.25
2207,29.0,15.517241379310345,86.80142687277052,32.48275862068966,104.04280618311535,5.689655172413793,2.0689655172413794,1.0
2208,28.0,4.642857142857143,8.158163265306124,21.892857142857142,19.16709183673469,5.25,7.857142857142857,2.5454545454545454
2209,17.0,18.764705882352942,169.47404844290656,32.588235294117645,1384.4775086505192,6.705882352941177,2.5294117647058822,0.4146341463414634
2210,16.0,44.875,459.859375,29.6875,170.21484375,4.875,4.8125,0.2909090909090909
2211,25.0,38.08,590.9535999999998,31.44,256.9664,5.56,4.6,0.3424657534246575
2212,24.0,18.333333333333332,71.6388888888889,36.583333333333336,98.0763888888889,5.5,2.0833333333333335,0.8
2213,28.0,52.107142857142854,972.9528061224489,5.714285714285714,7.275510204081634,4.75,8.678571428571429,0.2916666666666667
2214,16.0,15.8125,163.15234375,25.8125,848.65234375,7.1875,2.25,0.41025641025641024
2215,26.0,17.076923076923077,63.76331360946744,33.61538461538461,108.15976331360947,4.923076923076923,1.5,0.9629629629629629
2216,23.0,54.869565217391305,920.1134215500948,6.260869565217392,8.888468809073728,5.913043478260869,8.130434782608695,0.22772277227722773
2217,22.0,4.2272727272727275,10.084710743801653,21.818181818181817,22.876033057851238,5.454545454545454,7.590909090909091,2.0
2218,16.0,15.25,122.8125,32.5625,1012.62109375,7.0625,2.25,0.4
2219,8.0,42.375,580.734375,36.625,243.984375,6.375,4.25,0.12121212121212122
2220,22.0,45.13636363636363,340.1177685950413,30.136363636363637,310.3904958677686,5.090909090909091,5.7272727272727275,0.4583333333333333
2221,26.0,10.807692307692308,42.770710059171606,81.57692307692308,160.32100591715977,7.153846153846154,0.9230769230769231,1.3
2222,12.0,40.916666666666664,609.4097222222223,5.5,8.583333333333334,5.333333333333333,8.083333333333334,0.15384615384615385
2223,17.0,12.411764705882353,25.418685121107263,83.11764705882354,176.22145328719728,6.588235294117647,1.1764705882352942,0.9444444444444444
2224,10.0,13.9,95.28999999999999,34.1,99.69000000000001,7.3,2.4,0.3448275862068966
2225,27.0,13.703703703703704,66.43072702331962,30.0,84.5925925925926,6.111111111111111,2.2222222222222223,0.9642857142857143
2226,10.0,9.1,52.489999999999995,78.2,113.36000000000001,7.5,1.4,0.5
2227,30.0,55.8,820.6266666666667,5.766666666666667,9.178888888888887,6.0,8.4,0.30303030303030304
2228,28.0,14.178571428571429,71.8609693877551,34.892857142857146,122.02423469387756,5.25,2.25,1.0
2229,23.0,56.130434782608695,953.3308128544421,5.565217391304348,9.724007561436673,4.565217391304348,8.521739130434783,0.25555555555555554
2230,13.0,10.461538461538462,21.325443786982248,76.61538461538461,97.77514792899409,7.076923076923077,0.8461538461538461,0.6190476190476191
2231,6.0,18.833333333333332,89.80555555555554,27.5,1050.9166666666667,7.0,1.1666666666666667,0.25
2232,11.0,4.7272727272727275,6.561983471074381,23.818181818181817,26.330578512396695,5.7272727272727275,8.0,1.2222222222222223
2233,7.0,11.857142857142858,54.40816326530613,35.714285714285715,139.06122448979593,3.7142857142857144,1.5714285714285714,0.28
2234,15.0,16.466666666666665,78.78222222222222,31.8,1360.0266666666669,6.533333333333333,1.4666666666666666,0.4838709677419355
2235,28.0,37.5,502.60714285714283,29.892857142857142,170.02423469387756,5.25,4.678571428571429,0.4444444444444444
2236,26.0,18.576923076923077,173.70562130177512,33.15384615384615,923.6686390532545,7.076923076923077,1.9615384615384615,0.6666666666666666
2237,21.0,56.714285714285715,802.3945578231294,5.904761904761905,9.133786848072564,5.142857142857143,7.9523809523809526,0.22340425531914893
2238,9.0,21.444444444444443,141.58024691358025,45.888888888888886,1390.0987654320988,7.0,2.2222222222222223,0.2571428571428571
2239,19.0,12.105263157894736,22.62049861495845,75.47368421052632,101.30193905817175,6.684210526315789,0.7368421052631579,0.9047619047619048
2240,27.0,14.518518518518519,50.02743484224966,35.111111111111114,72.02469135802468,5.222222222222222,1.6296296296296295,0.9
2241,28.0,50.535714285714285,900.8201530612243,5.785714285714286,7.311224489795918,4.535714285714286,8.892857142857142,0.28865979381443296
2242,5.0,48.2,518.96,38.6,134.24,7.0,5.6,0.0847457627118644
2243,18.0,31.444444444444443,564.9135802469136,27.444444444444443,294.35802469135797,5.555555555555555,4.277777777777778,0.26865671641791045
2244,16.0,9.3125,30.08984375,79.8125,119.77734375,6.625,0.875,0.7619047619047619
2245,26.0,12.76923076923077,56.71597633136094,32.23076923076923,90.40828402366864,5.5,2.4615384615384617,1.04
2246,6.0,28.666666666666668,100.55555555555554,39.5,1024.5833333333333,7.5,1.0,0.2222222222222222
2247,7.0,9.714285714285714,35.632653061224495,84.0,91.71428571428571,6.571428571428571,0.8571428571428571,0.3684210526315789
2248,12.0,8.25,31.854166666666668,83.25,89.85416666666667,6.416666666666667,1.1666666666666667,0.6
2249,12.0,5.416666666666667,9.743055555555555,22.5,22.083333333333332,5.75,8.583333333333334,1.0909090909090908
2250,17.0,18.0,143.52941176470588,28.058823529411764,1011.3494809688581,6.235294117647059,2.1176470588235294,0.425
2251,26.0,10.115384615384615,34.25591715976331,78.1923076923077,145.5399408284024,7.3076923076923075,0.9615384615384616,1.2380952380952381
2252,25.0,14.76,91.54240000000001,30.48,109.04959999999997,6.6,1.76,0.8064516129032258
2253,10.0,14.9,86.49000000000001,30.7,72.80999999999999,4.9,2.5,0.3448275862068966
2254,5.0,4.0,5.6,20.6,17.84,6.0,6.6,0.625
2255,13.0,57.0,850.4615384615385,3.3076923076923075,6.828402366863906,4.846153846153846,8.153846153846153,0.13541666666666666
2256,29.0,14.620689655172415,64.99405469678953,33.48275862068966,130.66349583828773,6.517241379310345,2.0,0.9666666666666667
2257,30.0,9.9,47.62333333333332,75.2,94.76000000000003,7.033333333333333,0.8333333333333334,1.4285714285714286
2258,5.0,19.0,130.8,20.0,722.8,6.4,2.0,0.15625
2259,19.0,18.0,168.6315789473684,35.68421052631579,1424.3213296398892,7.842105263157895,1.894736842105263,0.5
2260,11.0,17.181818181818183,66.69421487603306,27.09090909090909,144.9917355371901,6.454545454545454,1.9090909090909092,0.39285714285714285
2261,20.0,44.5,944.25,4.9,8.59,6.2,8.35,0.20833333333333334
2262,15.0,63.0,750.1333333333333,4.533333333333333,8.115555555555554,5.333333333333333,8.2,0.15151515151515152
2263,27.0,8.814814814814815,29.706447187928667,79.07407407407408,128.88340192043896,6.703703703703703,0.9259259259259259,1.4210526315789473
2264,13.0,4.0,11.076923076923077,20.53846153846154,20.09467455621302,4.769230769230769,8.384615384615385,1.1818181818181819
2265,17.0,13.823529411764707,104.02768166089967,31.823529411764707,79.08650519031141,5.352941176470588,1.7647058823529411,0.5666666666666667
2266,30.0,20.866666666666667,164.04888888888888,30.966666666666665,867.4988888888887,6.733333333333333,1.5,0.7692307692307693
2267,23.0,15.347826086956522,85.2703213610586,32.52173913043478,70.33648393194707,5.913043478260869,2.5217391304347827,0.8518518518518519
2268,18.0,15.222222222222221,129.61728395061726,27.38888888888889,500.7932098765433,7.722222222222222,2.611111111111111,0.43902439024390244
2269,23.0,4.913043478260869,10.862003780718338,23.130434782608695,20.54820415879017,5.478260869565218,7.0,2.3
2270,29.0,36.86206896551724,526.5326991676576,37.62068965517241,305.61474435196203,5.448275862068965,4.758620689655173,0.47540983606557374
2271,25.0,55.36,854.6304000000001,5.6,8.239999999999998,5.2,8.8,0.27472527472527475
2272,9.0,41.0,665.3333333333334,34.44444444444444,125.35802469135803,4.555555555555555,3.4444444444444446,0.15254237288135594
2273,8.0,14.375,78.734375,36.125,120.859375,4.5,1.75,0.2962962962962963
2274,20.0,40.9,583.3900000000001,32.4,219.14000000000001,4.8,5.25,0.29411764705882354
2275,14.0,5.142857142857143,7.693877551020408,20.785714285714285,19.45408163265306,5.142857142857143,7.928571428571429,1.2727272727272727
2276,12.0,54.166666666666664,346.1388888888889,36.0,225.5,5.25,5.416666666666667,0.17142857142857143
2277,22.0,17.90909090909091,73.53719008264461,33.86363636363637,101.93595041322314,6.545454545454546,2.0454545454545454,0.7096774193548387
2278,19.0,48.26315789473684,631.0360110803325,26.263157894736842,188.29916897506922,5.842105263157895,4.894736842105263,0.31666666666666665
2279,21.0,45.142857142857146,932.4081632653063,5.476190476190476,7.678004535147393,4.857142857142857,8.761904761904763,0.22826086956521738
2280,28.0,48.67857142857143,670.7895408163265,31.142857142857142,154.40816326530611,5.5,5.785714285714286,0.42424242424242425
2281,8.0,13.125,45.609375,35.625,63.234375,8.5,2.25,0.34782608695652173
2282,5.0,13.2,42.160000000000004,28.4,42.239999999999995,7.8,2.0,0.3125
2283,30.0,9.733333333333333,39.595555555555556,78.4,133.64000000000001,6.533333333333333,0.9666666666666667,1.4285714285714286
2284,19.0,8.210526315789474,35.6398891966759,76.26315789473684,144.50969529085873,7.315789473684211,1.0,0.95
2285,23.0,20.0,108.43478260869566,28.434782608695652,974.6805293005672,7.565217391304348,2.260869565217391,0.6052631578947368
2286,8.0,9.75,38.1875,78.0,120.25,7.5,1.5,0.47058823529411764
2287,10.0,44.4,778.0400000000001,4.5,8.65,5.2,8.1,0.11363636363636363
2288,26.0,6.269230769230769,9.504437869822485,22.73076923076923,18.96597633136095,5.076923076923077,7.884615384615385,2.6
2289,24.0,4.75,10.1875,22.375,25.234375,5.291666666666667,7.625,2.1818181818181817
2290,21.0,52.42857142857143,521.482993197279,30.761904761904763,217.41950113378684,5.571428571428571,4.904761904761905,0.29577464788732394
2291,24.0,14.0,74.75,29.25,80.52083333333333,5.5,2.0833333333333335,0.7741935483870968
2292,8.0,6.0,6.0,21.5,12.25,5.125,7.5,0.8888888888888888
2293,30.0,11.0,34.2,82.0,113.66666666666667,7.533333333333333,1.1666666666666667,1.5
2294,17.0,35.470588235294116,514.6020761245675,33.8235294117647,209.32179930795849,6.9411764705882355,5.470588235294118,0.3090909090909091
2295,22.0,51.72727272727273,550.6528925619834,32.54545454545455,167.97520661157023,4.590909090909091,4.636363636363637,0.3333333333333333
2296,19.0,47.31578947368421,681.3739612188366,6.0,9.157894736842104,5.578947368421052,8.31578947368421,0.2235294117647059
2297,30.0,4.666666666666667,10.822222222222221,22.5,21.65,5.866666666666666,7.266666666666667,2.727272727272727
2298,14.0,38.57142857142857,997.1020408163265,5.5,6.964285714285714,3.4285714285714284,8.928571428571429,0.15384615384615385
2299,23.0,10.869565217391305,37.504725897920615,78.73913043478261,144.45368620037806,7.043478260869565,0.8695652173913043,1.15
2300,12.0,9.416666666666666,31.409722222222225,77.25,124.6875,7.75,0.5833333333333334,0.631578947368421
2301,20.0,49.05,661.1475,32.5,319.05,5.45,5.45,0.28169014084507044
2302,5.0,28.2,236.96000000000004,46.4,9.04,3.6,4.6,0.1388888888888889
2303,22.0,48.13636363636363,488.663223140496,39.86363636363637,257.3904958677686,6.136363636363637,5.818181818181818,0.3333333333333333
2304,7.0,44.57142857142857,935.9591836734695,39.714285714285715,315.34693877551024,4.142857142857143,4.285714285714286,0.09859154929577464
2305,14.0,5.357142857142857,8.943877551020408,21.0,17.714285714285715,5.142857142857143,7.071428571428571,1.4
2306,26.0,10.26923076923077,36.58136094674556,79.42307692307692,106.55177514792899,7.461538461538462,1.0384615384615385,1.3
2307,18.0,51.22222222222222,507.50617283950606,38.166666666666664,299.8055555555556,5.722222222222222,4.611111111111111,0.27692307692307694
2308,9.0,63.111111111111114,823.2098765432098,4.777777777777778,7.950617283950617,6.0,8.777777777777779,0.11538461538461539
2309,7.0,10.285714285714286,28.489795918367346,81.14285714285714,208.12244897959184,7.142857142857143,0.5714285714285714,0.4666666666666667
2310,15.0,10.466666666666667,42.782222222222224,69.13333333333334,98.11555555555556,7.266666666666667,0.8,0.7894736842105263
2311,17.0,4.529411764705882,8.131487889273355,20.705882352941178,27.501730103806235,5.411764705882353,7.470588235294118,1.5454545454545454
2312,12.0,54.75,452.1875,39.666666666666664,201.2222222222222,5.583333333333333,6.416666666666667,0.2
2313,28.0,20.071428571428573,139.85204081632656,39.285714285714285,1381.061224489796,7.071428571428571,2.0,0.717948717948718
2314,24.0,48.0,815.0833333333334,5.0,8.5,5.916666666666667,8.75,0.25263157894736843
2315,21.0,9.380952380952381,33.950113378684804,79.66666666666667,138.60317460317458,7.142857142857143,1.1904761904761905,1.0
2316,30.0,18.8,178.15999999999997,22.633333333333333,650.8322222222221,6.533333333333333,2.2333333333333334,0.7317073170731707
2317,21.0,5.285714285714286,9.537414965986395,22.571428571428573,17.86394557823129,5.476190476190476,7.619047619047619,1.9090909090909092
2318,16.0,15.125,52.234375,29.0,84.75,6.25,1.8125,0.5333333333333333
2319,28.0,16.785714285714285,86.73979591836734,31.892857142857142,123.30994897959188,5.25,1.5357142857142858,0.9655172413793104
2320,24.0,4.208333333333333,5.9149305555555545,21.875,25.109375,5.5,7.416666666666667,2.1818181818181817
2321,26.0,38.76923076923077,856.1775147928994,30.384615384615383,294.2366863905326,5.076923076923077,5.1923076923076925,0.3611111111111111
2322,13.0,9.846153846153847,35.51479289940828,78.53846153846153,111.17159763313606,6.461538461538462,0.7692307692307693,0.6190476190476191
2323,5.0,12.4,113.44000000000001,3.6,1.8400000000000003,7.0,1.8,0.16129032258064516
2324,21.0,51.38095238095238,887.4739229024942,4.571428571428571,5.387755102040815,5.333333333333333,8.619047619047619,0.21428571428571427
2325,9.0,33.0,763.7777777777778,5.888888888888889,3.8765432098765444,6.555555555555555,9.11111111111111,0.11538461538461539
2326,21.0,51.095238095238095,783.3242630385487,5.904761904761905,7.80045351473923,5.428571428571429,8.666666666666666,0.22105263157894736
2327,19.0,10.473684210526315,41.82825484764544,81.26315789473684,196.19390581717454,7.157894736842105,1.0,0.95
2328,12.0,43.0,723.5,26.25,163.6875,4.5,5.75,0.16901408450704225
2329,29.0,6.517241379310345,5.697978596908444,22.17241379310345,24.487514863258028,5.0344827586206895,7.586206896551724,3.2222222222222223
2330,25.0,39.88,513.7855999999999,32.28,246.68159999999997,6.52,5.56,0.4098360655737705
2331,13.0,4.076923076923077,10.378698224852071,21.307692307692307,18.674556213017755,5.461538461538462,7.230769230769231,1.3
2332,28.0,48.714285714285715,753.4897959183673,5.25,6.901785714285714,5.285714285714286,8.607142857142858,0.2916666666666667
2333,9.0,39.44444444444444,518.0246913580247,35.44444444444444,197.1358024691358,6.666666666666667,5.666666666666667,0.14516129032258066
2334,9.0,15.0,162.66666666666666,29.666666666666668,1155.3333333333333,6.777777777777778,2.5555555555555554,0.24324324324324326
2335,7.0,67.85714285714286,1380.4081632653065,4.428571428571429,12.816326530612246,6.0,8.857142857142858,0.07
2336,23.0,14.08695652173913,90.86200378071835,34.0,117.91304347826087,4.956521739130435,2.217391304347826,0.7666666666666667
2337,16.0,20.5,142.375,43.875,1764.359375,6.75,1.5625,0.41025641025641024
2338,5.0,6.4,9.84,22.6,28.24,5.0,6.2,0.5
2339,16.0,14.625,95.484375,31.75,108.1875,5.375,2.1875,0.6153846153846154
2340,22.0,13.909090909090908,65.62809917355372,32.36363636363637,89.59504132231403,5.590909090909091,2.6363636363636362,0.7857142857142857
2341,24.0,5.333333333333333,7.88888888888889,22.416666666666668,23.493055555555557,5.75,7.291666666666667,2.4
2342,17.0,48.0,1050.235294117647,5.411764705882353,12.359861591695502,6.235294117647059,8.588235294117647,0.17525773195876287
2343,29.0,9.620689655172415,35.95957193816884,80.89655172413794,113.26516052318672,7.379310344827586,0.896551724137931,1.45
2344,21.0,50.904761904761905,893.2290249433108,4.857142857142857,9.360544217687076,6.619047619047619,7.809523809523809,0.21875
2345,5.0,19.2,82.96000000000001,44.0,1629.2,6.2,1.6,0.18518518518518517
2346,21.0,50.38095238095238,908.5215419501133,5.714285714285714,8.489795918367347,6.476190476190476,8.380952380952381,0.21649484536082475
2347,23.0,16.08695652173913,63.99243856332704,30.17391304347826,113.01323251417766,5.695652173913044,1.3043478260869565,0.8846153846153846
2348,26.0,14.807692307692308,84.61686390532542,31.884615384615383,93.3328402366864,5.6923076923076925,1.9230769230769231,0.8387096774193549
2349,13.0,10.461538461538462,33.94082840236686,77.53846153846153,85.78698224852072,6.538461538461538,0.9230769230769231,0.65
2350,17.0,32.294117647058826,609.1487889273357,34.76470588235294,297.9446366782007,4.588235294117647,4.588235294117647,0.25
2351,25.0,17.0,63.12,34.04,127.55840000000002,5.08,1.84,0.9259259259259259
2352,7.0,40.57142857142857,505.6734693877551,32.0,349.14285714285717,5.714285714285714,5.142857142857143,0.125
2353,12.0,46.083333333333336,804.0763888888891,35.583333333333336,265.90972222222223,5.5,6.0,0.15384615384615385
2354,15.0,4.266666666666667,9.128888888888891,21.266666666666666,12.595555555555556,5.533333333333333,7.333333333333333,1.3636363636363635
2355,29.0,46.3448275862069,806.8466111771696,37.06896551724138,237.9952437574316,5.931034482758621,4.379310344827586,0.3972602739726027
2356,30.0,45.4,881.3066666666666,6.7,7.01,5.8,8.166666666666666,0.3125
2357,8.0,16.5,87.5,31.875,147.359375,7.25,2.75,0.3076923076923077
2358,20.0,5.8,9.66,21.9,22.589999999999996,5.45,7.55,1.8181818181818181
2359,10.0,9.8,34.760000000000005,77.1,54.29,6.9,1.1,0.47619047619047616
2360,6.0,45.5,579.25,6.5,7.916666666666667,7.833333333333333,8.333333333333334,0.09090909090909091
2361,15.0,32.4,524.9066666666666,32.53333333333333,243.31555555555553,4.4,5.333333333333333,0.2631578947368421
2362,28.0,16.357142857142858,82.9438775510204,30.0,109.85714285714286,4.928571428571429,1.4642857142857142,0.9655172413793104
2363,23.0,11.347826086956522,35.09640831758034,78.08695652173913,135.64461247637047,7.478260869565218,1.0869565217391304,1.0952380952380953
2364,10.0,11.3,38.01,83.3,89.61,6.5,1.0,0.5555555555555556
2365,7.0,26.0,69.71428571428571,35.57142857142857,875.9591836734693,8.285714285714286,2.2857142857142856,0.28
2366,17.0,13.058823529411764,92.87889273356403,30.529411764705884,98.71972318339101,5.882352941176471,2.1176470588235294,0.5666666666666667
2367,10.0,11.9,39.489999999999995,81.8,233.16,6.0,1.0,0.5
2368,23.0,16.304347826086957,125.95085066162574,30.652173913043477,1135.7051039697544,6.695652173913044,2.1739130434782608,0.6388888888888888
2369,10.0,51.0,781.8,6.1,9.69,3.1,8.6,0.11363636363636363
2370,7.0,50.0,754.5714285714286,25.714285714285715,269.06122448979596,6.857142857142857,4.857142857142857,0.1044776119402985
2371,9.0,48.44444444444444,771.3580246913581,4.666666666666667,5.333333333333333,6.555555555555555,8.777777777777779,0.0989010989010989
2372,25.0,18.32,110.3776,26.64,564.1504000000001,7.12,1.68,0.6578947368421053
2373,8.0,21.25,111.4375,33.625,783.734375,6.5,2.125,0.22857142857142856
2374,22.0,18.045454545454547,55.31611570247933,31.40909090909091,83.96900826446281,5.7727272727272725,1.9545454545454546,0.7333333333333333
2375,11.0,13.545454545454545,82.24793388429751,31.636363636363637,93.1404958677686,4.454545454545454,2.4545454545454546,0.39285714285714285
2376,23.0,5.826086956521739,10.491493383742913,23.956521739130434,20.389413988657846,5.260869565217392,7.043478260869565,2.3
2377,15.0,61.13333333333333,895.848888888889,4.933333333333334,10.728888888888891,5.066666666666666,8.8,0.15463917525773196
2378,18.0,62.0,626.3333333333334,5.833333333333333,6.916666666666667,6.111111111111111,8.38888888888889,0.20689655172413793
2379,17.0,9.058823529411764,20.878892733564015,77.52941176470588,132.48442906574394,7.529411764705882,1.3529411764705883,1.0
2380,19.0,4.526315789473684,9.091412742382271,22.0,16.0,6.052631578947368,6.7894736842105265,1.7272727272727273
2381,27.0,7.37037037037037,24.08504801097393,81.29629629629629,121.76406035665295,6.666666666666667,1.1851851851851851,1.2857142857142858
2382,12.0,12.083333333333334,57.24305555555555,33.666666666666664,124.05555555555554,7.583333333333333,2.0,0.4
2383,6.0,44.0,1273.6666666666667,27.5,215.58333333333334,6.166666666666667,5.166666666666667,0.08
2384,6.0,56.0,1057.6666666666667,3.3333333333333335,3.222222222222222,4.833333333333333,8.333333333333334,0.061855670103092786
2385,9.0,15.444444444444445,68.0246913580247,32.55555555555556,86.02469135802468,5.888888888888889,1.7777777777777777,0.391304347826087
2386,15.0,50.53333333333333,516.9155555555556,36.93333333333333,310.59555555555556,7.466666666666667,5.133333333333334,0.22058823529411764
2387,22.0,5.818181818181818,8.603305785123968,21.772727272727273,28.084710743801654,5.454545454545454,7.181818181818182,2.2
2388,20.0,24.35,101.32749999999999,25.85,726.8275000000001,6.5,2.4,0.5405405405405406
2389,7.0,20.571428571428573,127.95918367346938,50.42857142857143,1113.3877551020407,7.285714285714286,2.7142857142857144,0.19444444444444445
2390,28.0,17.75,87.25892857142857,32.035714285714285,113.24872448979598,5.928571428571429,2.1785714285714284,0.9032258064516129
2391,21.0,11.714285714285714,38.10884353741497,76.71428571428571,124.20408163265304,7.095238095238095,1.0952380952380953,1.0
2392,16.0,35.8125,305.02734375,34.6875,256.96484375,5.8125,4.9375,0.32
2393,15.0,7.733333333333333,24.46222222222222,79.46666666666667,109.18222222222222,7.266666666666667,0.9333333333333333,0.75
2394,22.0,42.81818181818182,379.6942148760331,30.818181818181817,233.96694214876032,5.545454545454546,4.818181818181818,0.36666666666666664
2395,19.0,10.263157894736842,29.45706371191136,81.57894736842105,184.3490304709141,7.7894736842105265,1.1578947368421053,1.1176470588235294
2396,10.0,48.7,729.2100000000002,28.2,120.36000000000001,5.2,6.2,0.15873015873015872
2397,23.0,19.0,97.3913043478261,21.17391304347826,566.8393194706994,6.956521739130435,1.9130434782608696,0.6216216216216216
2398,5.0,51.2,643.3599999999999,3.8,2.56,7.2,7.8,0.07042253521126761
2399,16.0,5.25,11.5625,24.375,9.984375,5.6875,7.1875,1.4545454545454546
2400,23.0,34.56521739130435,633.984877126654,31.26086956521739,280.1928166351607,5.304347826086956,5.565217391304348,0.3108108108108108
2401,19.0,10.210526315789474,28.166204986149584,76.26315789473684,136.40443213296396,6.578947368421052,1.0,1.0555555555555556
2402,29.0,54.93103448275862,641.167657550535,4.896551724137931,9.678953626634955,5.793103448275862,8.586206896551724,0.31521739130434784
2403,26.0,20.307692307692307,171.75147928994087,32.46153846153846,1080.094674556213,7.1923076923076925,2.1153846153846154,0.6341463414634146
2404,28.0,56.0,920.7857142857143,4.892857142857143,7.024234693877552,4.642857142857143,8.392857142857142,0.28
2405,5.0,5.8,3.7600000000000002,27.0,5.2,5.6,7.8,0.8333333333333334
2406,19.0,15.473684210526315,64.24930747922437,34.68421052631579,134.53185595567868,5.526315789473684,2.1578947368421053,0.7307692307692307
2407,29.0,11.172413793103448,19.866825208085604,76.93103448275862,165.4435196195006,6.931034482758621,1.206896551724138,1.5263157894736843
2408,27.0,4.407407407407407,11.574759945130314,23.925925925925927,17.994513031550067,5.148148148148148,7.37037037037037,2.4545454545454546
2409,27.0,15.777777777777779,170.5432098765432,27.703703703703702,964.8751714677644,6.851851851851852,1.8888888888888888,0.7105263157894737
2410,5.0,20.2,188.95999999999998,35.8,235.76000000000005,7.0,4.4,0.15151515151515152
2411,16.0,40.125,613.359375,27.5,105.625,6.125,4.625,0.22535211267605634
2412,6.0,9.0,75.66666666666667,84.16666666666667,80.47222222222221,6.666666666666667,0.8333333333333334,0.3
2413,11.0,7.0,34.18181818181818,81.18181818181819,183.78512396694217,6.7272727272727275,1.0,0.55
2414,25.0,43.24,436.50239999999997,33.48,394.4896,6.12,4.56,0.45454545454545453
2415,19.0,20.36842105263158,125.49584487534625,37.0,1491.578947368421,7.2631578947368425,1.631578947368421,0.475
2416,11.0,4.363636363636363,13.685950413223141,20.90909090909091,12.082644628099176,5.818181818181818,7.7272727272727275,1.0
2417,13.0,47.92307692307692,729.4556213017752,5.461538461538462,7.940828402366863,5.384615384615385,8.538461538461538,0.16049382716049382
2418,22.0,18.545454545454547,147.2479338842975,38.36363636363637,1335.8677685950415,6.863636363636363,1.7727272727272727,0.5789473684210527
2419,28.0,4.214285714285714,8.81122448979592,21.714285714285715,26.418367346938776,5.821428571428571,7.285714285714286,2.5454545454545454
2420,30.0,31.266666666666666,871.9955555555556,28.366666666666667,271.16555555555556,4.766666666666667,4.566666666666666,0.39473684210526316
2421,7.0,45.714285714285715,429.63265306122446,32.714285714285715,179.3469387755102,6.0,5.0,0.109375
2422,15.0,42.666666666666664,732.2222222222222,35.2,277.0933333333333,4.733333333333333,4.666666666666667,0.22058823529411764
2423,12.0,12.5,67.58333333333333,33.25,74.02083333333333,4.666666666666667,1.6666666666666667,0.42857142857142855
2424,16.0,19.5,60.0,34.6875,134.96484375,6.0,2.6875,0.5925925925925926
2425,12.0,38.0,494.0,39.25,178.85416666666666,6.083333333333333,5.083333333333333,0.2
2426,21.0,21.095238095238095,86.3718820861678,30.285714285714285,1138.6802721088436,7.333333333333333,2.238095238095238,0.6
2427,27.0,14.037037037037036,93.81344307270234,32.851851851851855,106.1262002743484,5.592592592592593,1.8148148148148149,0.8709677419354839
2428,16.0,9.375,44.109375,35.0,61.75,6.5625,1.875,0.6153846153846154
2429,16.0,22.5,177.25,40.5625,1426.99609375,6.3125,1.875,0.3902439024390244
2430,18.0,20.72222222222222,135.08950617283952,24.055555555555557,1182.4969135802467,7.166666666666667,1.5,0.4864864864864865
2431,7.0,51.285714285714285,664.4897959183673,5.571428571428571,2.5306122448979593,7.285714285714286,8.571428571428571,0.08974358974358974
2432,23.0,18.608695652173914,55.890359168241964,30.91304347826087,114.51417769376181,5.6521739130434785,2.0434782608695654,0.92
2433,6.0,47.0,1393.3333333333333,6.833333333333333,3.8055555555555554,6.166666666666667,8.333333333333334,0.06818181818181818
2434,13.0,57.53846153846154,693.0177514792899,4.615384615384615,7.313609467455621,6.230769230769231,8.923076923076923,0.14130434782608695
2435,10.0,11.0,28.6,75.1,108.09,6.7,0.9,0.5555555555555556
2436,15.0,45.6,505.97333333333336,34.666666666666664,231.5555555555556,5.266666666666667,4.533333333333333,0.22727272727272727
2437,20.0,45.25,601.5875,6.3,6.909999999999999,5.05,8.9,0.24096385542168675
2438,19.0,12.68421052631579,84.74238227146814,29.63157894736842,68.4432132963989,5.368421052631579,2.0,0.6129032258064516
2439,29.0,14.862068965517242,78.73959571938167,29.724137931034484,110.06183115338882,5.206896551724138,2.206896551724138,1.0
2440,13.0,40.76923076923077,490.17751479289933,35.69230769230769,241.28994082840234,5.0,5.0,0.22033898305084745
2441,6.0,9.5,44.916666666666664,79.5,129.91666666666666,6.833333333333333,0.5,0.3
2442,18.0,28.166666666666668,403.58333333333337,33.27777777777778,237.86728395061724,5.388888888888889,5.611111111111111,0.2727272727272727
2443,7.0,37.857142857142854,588.9795918367347,4.857142857142857,7.551020408163265,4.714285714285714,8.0,0.09722222222222222
2444,5.0,11.0,69.2,32.2,76.96,3.0,2.0,0.21739130434782608
2445,28.0,16.357142857142858,76.87244897959185,34.392857142857146,108.02423469387756,5.0,1.8571428571428572,0.9333333333333333
2446,22.0,19.40909090909091,170.42355371900828,40.45454545454545,1308.6115702479342,7.5,1.8636363636363635,0.55
2447,20.0,14.45,76.0475,28.3,98.10999999999999,5.6,1.75,0.6666666666666666
2448,25.0,8.56,26.006399999999996,75.68,142.21760000000003,7.12,0.76,1.3888888888888888
2449,23.0,4.782608695652174,9.387523629489605,23.130434782608695,21.591682419659737,5.391304347826087,7.608695652173913,2.090909090909091
2450,23.0,33.08695652173913,531.5576559546314,30.0,271.04347826086956,4.956521739130435,4.478260869565218,0.3484848484848485
2451,6.0,14.5,133.58333333333334,29.666666666666668,112.55555555555554,4.5,2.5,0.2
2452,7.0,38.57142857142857,1160.530612244898,7.0,6.285714285714286,6.0,8.428571428571429,0.0707070707070707
2453,9.0,9.88888888888889,24.76543209876543,76.66666666666667,89.77777777777777,7.222222222222222,0.8888888888888888,0.5294117647058824
2454,24.0,51.916666666666664,790.4930555555552,5.208333333333333,8.664930555555555,6.5,8.375,0.25263157894736843
2455,24.0,15.125,56.442708333333336,31.416666666666668,107.74305555555556,5.541666666666667,1.875,0.8888888888888888
2456,24.0,19.5,127.5,21.958333333333332,827.4565972222222,6.875,2.0,0.6857142857142857
2457,19.0,52.10526315789474,803.2520775623268,5.947368421052632,8.260387811634349,5.368421052631579,8.052631578947368,0.22093023255813954
2458,11.0,7.545454545454546,27.702479338842977,80.72727272727273,131.83471074380165,6.909090909090909,1.1818181818181819,0.6111111111111112
2459,26.0,56.88461538461539,911.8713017751478,5.538461538461538,7.0946745562130165,6.0,8.461538461538462,0.2708333333333333
2460,27.0,54.592592592592595,699.4266117969823,5.037037037037037,6.183813443072704,4.925925925925926,8.037037037037036,0.26732673267326734
2461,23.0,15.043478260869565,89.25897920604915,32.869565217391305,87.24385633270322,4.782608695652174,1.9565217391304348,0.7419354838709677
2462,27.0,22.25925925925926,123.22908093278464,34.148148148148145,1064.8669410150892,7.296296296296297,1.7777777777777777,0.7297297297297297
2463,24.0,8.625,30.067708333333332,79.625,146.234375,6.708333333333333,0.9583333333333334,1.2
2464,18.0,12.944444444444445,86.1635802469136,34.833333333333336,70.02777777777777,4.166666666666667,1.8888888888888888,0.5806451612903226
2465,6.0,12.5,115.25,28.5,1013.25,8.166666666666666,1.5,0.20689655172413793
2466,8.0,64.0,708.5,4.875,7.109375,5.875,8.0,0.09090909090909091
2467,30.0,17.333333333333332,81.22222222222221,30.0,119.6,4.566666666666666,1.9333333333333333,0.967741935483871
2468,28.0,20.142857142857142,148.40816326530611,33.785714285714285,1300.3112244897954,6.5,1.6428571428571428,0.6829268292682927
2469,6.0,2.0,2.6666666666666665,23.166666666666668,14.472222222222223,5.833333333333333,8.833333333333334,1.0
2470,5.0,11.0,59.6,75.8,131.76,5.8,1.4,0.25
2471,8.0,18.25,64.4375,32.75,61.1875,3.625,2.75,0.3076923076923077
2472,23.0,51.52173913043478,1005.1190926275995,5.565217391304348,9.289224952741021,4.695652173913044,8.91304347826087,0.23958333333333334
2473,9.0,15.0,53.77777777777778,34.77777777777778,115.95061728395063,8.444444444444445,1.3333333333333333,0.32142857142857145
2474,29.0,47.172413793103445,932.0047562425683,5.0,6.9655172413793105,6.620689655172414,8.448275862068966,0.29591836734693877
2475,17.0,49.529411764705884,770.1314878892733,6.176470588235294,9.204152249134948,6.117647058823529,8.588235294117647,0.18478260869565216
2476,13.0,46.07692307692308,699.4556213017752,32.30769230769231,216.67455621301775,5.461538461538462,4.923076923076923,0.203125
2477,11.0,30.0,928.1818181818181,39.72727272727273,190.92561983471077,5.454545454545454,5.0,0.15942028985507245
2478,10.0,59.4,488.44000000000005,5.5,8.85,6.3,8.0,0.1282051282051282
2479,17.0,12.941176470588236,107.93771626297575,31.470588235294116,116.24913494809688,5.823529411764706,1.8823529411764706,0.5862068965517241
2480,5.0,15.4,59.84000000000001,40.8,2146.96,7.0,2.4,0.23809523809523808
2481,7.0,12.714285714285714,39.06122448979591,34.0,132.28571428571428,5.142857142857143,2.4285714285714284,0.3333333333333333
2482,15.0,14.866666666666667,65.84888888888888,28.533333333333335,115.31555555555556,3.1333333333333333,2.066666666666667,0.4838709677419355
2483,12.0,4.583333333333333,9.409722222222221,21.0,16.666666666666668,5.416666666666667,7.416666666666667,1.2
2484,22.0,8.909090909090908,41.082644628099175,83.9090909090909,155.26446280991735,7.7727272727272725,1.2727272727272727,1.1
2485,18.0,13.555555555555555,79.35802469135801,33.611111111111114,146.45987654320987,4.166666666666667,2.1666666666666665,0.6666666666666666
2486,13.0,5.461538461538462,9.633136094674557,21.923076923076923,23.301775147928996,5.615384615384615,8.153846153846153,1.3
2487,7.0,11.857142857142858,90.9795918367347,27.714285714285715,69.34693877551021,5.857142857142857,1.8571428571428572,0.2413793103448276
2488,27.0,10.25925925925926,45.82167352537722,78.37037037037037,127.78875171467767,7.222222222222222,0.9629629629629629,1.2857142857142858
2489,29.0,8.172413793103448,26.004756242568373,82.34482758620689,153.39833531510104,6.9655172413793105,1.0,1.45
2490,28.0,4.892857142857143,9.09566326530612,21.464285714285715,22.391581632653068,5.535714285714286,6.928571428571429,2.5454545454545454
2491,6.0,21.0,64.33333333333333,32.666666666666664,88.8888888888889,5.5,1.1666666666666667,0.25
2492,23.0,15.521739130434783,115.37996219281669,26.08695652173913,1015.3837429111533,5.913043478260869,1.6521739130434783,0.6216216216216216
2493,13.0,9.153846153846153,43.514792899408285,83.46153846153847,125.94082840236686,6.846153846153846,0.7692307692307693,0.6842105263157895
2494,12.0,8.833333333333334,28.63888888888889,76.0,147.0,7.666666666666667,1.1666666666666667,0.7058823529411765
2495,10.0,45.2,272.76000000000005,5.9,7.289999999999999,6.0,8.7,0.18518518518518517
2496,15.0,19.733333333333334,110.3288888888889,23.0,904.8,6.6,2.2,0.4411764705882353
2497,16.0,14.0625,86.80859375,33.9375,128.05859375,4.8125,1.8125,0.5161290322580645
2498,7.0,14.857142857142858,99.83673469387755,61.857142857142854,1242.4081632653063,7.714285714285714,1.0,0.22580645161290322
2499,8.0,14.5,31.5,33.875,70.859375,5.5,1.625,0.5333333333333333
2500,21.0,5.333333333333333,8.793650793650793,22.285714285714285,17.06122448979592,5.571428571428571,7.333333333333333,1.9090909090909092
2501,19.0,5.7894736842105265,8.376731301939058,21.42105263157895,22.243767313019397,5.684210526315789,6.578947368421052,1.7272727272727273
2502,28.0,55.785714285714285,716.4540816326532,6.285714285714286,9.204081632653061,4.642857142857143,8.5,0.2857142857142857
2503,27.0,19.11111111111111,104.83950617283948,29.88888888888889,1097.8024691358025,6.777777777777778,2.185185185185185,0.7297297297297297
2504,28.0,33.142857142857146,612.6224489795919,35.07142857142857,291.4234693877551,5.464285714285714,4.535714285714286,0.39436619718309857
2505,27.0,8.333333333333334,35.7037037037037,79.92592592592592,166.29080932784635,7.185185185185185,0.8148148148148148,1.35
2506,19.0,53.10526315789474,1090.1994459833793,4.894736842105263,7.567867036011082,6.2105263157894735,8.368421052631579,0.19791666666666666
2507,29.0,11.137931034482758,29.291319857312725,78.17241379310344,115.3151010701546,6.827586206896552,0.8620689655172413,1.6111111111111112
2508,25.0,43.16,371.0944,39.64,218.87039999999996,4.68,5.44,0.44642857142857145
2509,20.0,55.0,687.0,5.8,5.5600000000000005,6.1,8.55,0.23255813953488372
2510,19.0,21.36842105263158,153.81163434903047,23.105263157894736,899.883656509695,7.105263157894737,2.1052631578947367,0.48717948717948717
2511,6.0,18.666666666666668,36.22222222222222,29.0,634.3333333333334,6.5,1.0,0.3
2512,24.0,17.166666666666668,73.55555555555554,33.833333333333336,112.80555555555553,5.916666666666667,2.1666666666666665,0.8275862068965517
2513,23.0,5.3478260869565215,12.574669187145558,23.434782608695652,21.897920604914933,5.3478260869565215,7.608695652173913,2.090909090909091
2514,14.0,49.92857142857143,554.780612244898,29.0,343.85714285714283,4.642857142857143,4.214285714285714,0.2153846153846154
2515,17.0,4.470588235294118,12.366782006920417,22.470588235294116,12.83737024221453,5.705882352941177,7.764705882352941,1.5454545454545454
2516,18.0,51.611111111111114,876.3487654320988,31.444444444444443,244.69135802469134,4.5,4.277777777777778,0.225
2517,13.0,4.538461538461538,12.402366863905325,23.76923076923077,20.639053254437865,5.076923076923077,7.230769230769231,1.1818181818181819
2518,5.0,45.2,272.56,22.6,334.64,5.0,5.0,0.1111111111111111
2519,26.0,12.23076923076923,65.48520710059174,31.692307692307693,105.67455621301777,5.269230769230769,2.8461538461538463,0.896551724137931
2520,29.0,40.93103448275862,466.40903686087995,31.551724137931036,274.79904875148634,5.137931034482759,5.103448275862069,0.4461538461538462
2521,13.0,6.153846153846154,9.053254437869821,23.46153846153846,16.55621301775148,5.615384615384615,7.615384615384615,1.1818181818181819
2522,20.0,45.9,563.3900000000001,35.9,320.69000000000005,6.45,4.5,0.31746031746031744
2523,28.0,14.964285714285714,131.10586734693874,23.75,710.1875,6.607142857142857,1.6071428571428572,0.7567567567567568
2524,12.0,18.583333333333332,107.5763888888889,17.25,443.8541666666667,6.166666666666667,2.0833333333333335,0.3333333333333333
2525,18.0,10.555555555555555,32.1358024691358,81.16666666666667,88.80555555555557,6.222222222222222,0.9444444444444444,0.8571428571428571
2526,29.0,12.793103448275861,26.64684898929846,82.48275862068965,158.8703923900119,7.206896551724138,1.0,1.45
2527,28.0,47.607142857142854,507.2385204081632,29.464285714285715,331.9630102040816,6.285714285714286,4.857142857142857,0.4745762711864407
2528,20.0,53.05,688.7475,5.35,7.727499999999999,4.4,8.35,0.24390243902439024
2529,30.0,9.133333333333333,44.44888888888888,81.83333333333333,140.73888888888894,7.233333333333333,1.0666666666666667,1.4285714285714286
2530,18.0,11.11111111111111,32.32098765432099,81.5,189.36111111111111,6.277777777777778,0.9444444444444444,0.9473684210526315
2531,9.0,46.44444444444444,410.91358024691357,26.444444444444443,345.358024691358,5.555555555555555,5.222222222222222,0.12
2532,10.0,45.4,640.04,5.3,7.01,4.4,8.8,0.12048192771084337
2533,8.0,4.75,11.6875,22.5,17.25,5.625,7.625,0.7272727272727273
2534,14.0,45.642857142857146,1057.0867346938778,5.142857142857143,9.122448979591837,6.071428571428571,8.285714285714286,0.14432989690721648
2535,23.0,9.521739130434783,25.64083175803403,79.08695652173913,148.42722117202268,7.434782608695652,1.0,1.2777777777777777
2536,25.0,40.16,709.4144,29.36,219.83039999999997,5.64,4.36,0.35714285714285715
2537,13.0,45.07692307692308,823.7633136094674,6.230769230769231,6.177514792899408,5.153846153846154,8.615384615384615,0.14772727272727273
2538,12.0,7.166666666666667,22.138888888888886,77.08333333333333,167.24305555555557,6.333333333333333,1.0,0.7058823529411765
2539,15.0,12.333333333333334,20.888888888888893,81.2,155.89333333333335,7.466666666666667,1.2666666666666666,0.8823529411764706
2540,11.0,48.63636363636363,941.1404958677687,5.454545454545454,5.702479338842975,5.090909090909091,8.454545454545455,0.12222222222222222
2541,19.0,3.9473684210526314,8.89196675900277,23.68421052631579,18.53185595567867,5.368421052631579,8.0,1.7272727272727273
2542,22.0,15.818181818181818,72.96694214876032,28.181818181818183,90.14876033057851,5.954545454545454,1.7727272727272727,0.7586206896551724
2543,17.0,46.588235294117645,835.5363321799308,30.41176470588235,284.12456747404843,5.470588235294118,5.705882352941177,0.2361111111111111
2544,9.0,64.22222222222223,388.8395061728395,3.7777777777777777,6.172839506172839,4.111111111111111,8.333333333333334,0.15254237288135594
2545,14.0,15.142857142857142,63.693877551020414,26.714285714285715,75.48979591836735,5.428571428571429,2.0,0.5833333333333334
2546,23.0,8.956521739130435,41.25897920604914,77.56521739130434,129.11531190926274,6.391304347826087,1.0869565217391304,1.15
2547,15.0,9.4,50.77333333333334,81.53333333333333,132.2488888888889,7.0,1.0,0.7142857142857143
2548,25.0,15.68,98.93759999999999,28.8,98.56,7.04,2.24,0.8064516129032258
2549,10.0,20.4,70.44,28.1,66.09,6.4,1.5,0.35714285714285715
2550,15.0,40.2,979.8933333333334,5.2,6.826666666666667,5.733333333333333,8.333333333333334,0.15306122448979592
2551,21.0,11.904761904761905,25.705215419501137,77.76190476190476,144.2766439909297,7.095238095238095,1.2857142857142858,1.0
2552,18.0,39.44444444444444,479.13580246913597,34.22222222222222,236.83950617283952,3.9444444444444446,5.111111111111111,0.3
2553,26.0,5.884615384615385,10.486686390532544,21.192307692307693,12.155325443786985,5.3076923076923075,7.538461538461538,2.3636363636363638
2554,7.0,8.285714285714286,22.775510204081634,72.42857142857143,103.6734693877551,7.142857142857143,1.0,0.4666666666666667
2555,5.0,3.0,2.0,23.8,29.359999999999996,5.6,6.2,1.0
2556,12.0,25.0,84.83333333333333,35.166666666666664,1008.638888888889,7.25,1.25,0.3076923076923077
2557,8.0,55.625,560.734375,4.625,9.484375,6.375,8.5,0.08791208791208792
2558,22.0,17.045454545454547,48.861570247933884,34.5,129.88636363636363,7.0,1.6818181818181819,0.7857142857142857
2559,30.0,3.8,9.893333333333334,21.8,23.22666666666667,5.133333333333334,7.366666666666666,2.727272727272727
2560,9.0,10.777777777777779,25.728395061728396,78.88888888888889,108.76543209876543,7.0,1.1111111111111112,0.45
2561,24.0,44.166666666666664,871.6388888888888,6.291666666666667,5.956597222222221,5.458333333333333,8.333333333333334,0.24742268041237114
2562,10.0,25.9,155.49,51.7,1279.41,6.7,1.6,0.2631578947368421
2563,30.0,5.433333333333334,9.645555555555555,22.3,15.543333333333335,5.7,7.766666666666667,2.727272727272727
2564,20.0,12.5,120.35,34.95,1396.9474999999998,7.9,1.55,0.5128205128205128
2565,6.0,11.666666666666666,34.888888888888886,83.33333333333333,60.88888888888889,6.833333333333333,0.8333333333333334,0.35294117647058826
2566,6.0,45.666666666666664,916.5555555555555,5.166666666666667,10.13888888888889,5.666666666666667,9.0,0.06382978723404255
2567,20.0,12.45,35.647499999999994,76.5,193.85,7.15,0.8,1.0
2568,9.0,16.77777777777778,77.95061728395062,29.11111111111111,82.98765432098764,2.111111111111111,2.2222222222222223,0.36
2569,23.0,19.043478260869566,122.21550094517961,36.391304347826086,1104.2381852551985,6.608695652173913,2.0434782608695654,0.5609756097560976
2570,5.0,36.4,532.64,46.6,333.03999999999996,3.0,5.2,0.0684931506849315
2571,10.0,3.1,4.69,20.9,27.089999999999996,5.6,7.0,1.25
2572,27.0,53.81481481481482,627.4101508916325,6.148148148148148,7.607681755829903,5.666666666666667,8.0,0.2903225806451613
2573,7.0,6.571428571428571,8.530612244897961,20.571428571428573,21.10204081632653,6.142857142857143,7.571428571428571,0.7777777777777778
2574,30.0,14.133333333333333,81.64888888888889,33.166666666666664,114.47222222222221,5.3,2.2333333333333334,1.0
2575,13.0,19.153846153846153,46.745562130177525,35.38461538461539,103.92899408284023,5.3076923076923075,2.1538461538461537,0.5
2576,14.0,9.428571428571429,50.38775510204083,81.5,163.39285714285714,7.285714285714286,0.7857142857142857,0.6666666666666666
2577,25.0,16.76,86.34240000000001,34.4,107.43999999999998,6.56,1.72,0.8064516129032258
2578,21.0,11.619047619047619,37.66439909297052,73.80952380952381,156.24943310657596,7.142857142857143,0.6190476190476191,1.05
2579,9.0,3.111111111111111,6.5432098765432105,21.444444444444443,22.024691358024693,6.111111111111111,6.444444444444445,1.0
2580,5.0,66.4,383.03999999999996,5.6,6.640000000000001,5.4,9.0,0.08620689655172414
2581,13.0,12.538461538461538,30.40236686390533,86.76923076923077,119.71597633136095,7.0,1.0,0.6190476190476191
2582,6.0,49.333333333333336,510.2222222222222,37.5,306.25,5.0,5.5,0.09523809523809523
2583,5.0,10.8,19.759999999999998,75.2,125.35999999999999,6.2,0.6,0.35714285714285715
2584,21.0,10.0,43.23809523809524,83.80952380952381,102.34467120181407,6.523809523809524,1.1904761904761905,1.0
2585,10.0,12.8,80.96000000000001,32.9,1288.6899999999998,6.6,2.0,0.3448275862068966
2586,27.0,14.814814814814815,86.07681755829907,31.37037037037037,78.01097393689987,7.111111111111111,2.259259259259259,0.8709677419354839
2587,5.0,66.8,520.1600000000001,4.4,3.44,7.8,8.4,0.07352941176470588
2588,23.0,5.173913043478261,12.926275992438562,22.304347826086957,17.689981096408314,5.434782608695652,7.304347826086956,2.090909090909091
2589,17.0,17.058823529411764,67.93771626297578,29.705882352941178,72.44290657439446,4.235294117647059,1.8823529411764706,0.5862068965517241
2590,6.0,51.333333333333336,498.5555555555556,35.666666666666664,239.22222222222226,6.0,6.0,0.09523809523809523
2591,7.0,41.0,97.14285714285714,7.0,2.2857142857142856,5.285714285714286,8.428571428571429,0.22580645161290322
2592,18.0,3.8333333333333335,9.138888888888891,22.22222222222222,24.617283950617285,5.611111111111111,7.222222222222222,1.6363636363636365
2593,7.0,15.714285714285714,115.0612244897959,29.571428571428573,139.67346938775512,3.7142857142857144,1.2857142857142858,0.23333333333333334
2594,25.0,5.36,7.350400000000002,21.96,21.078400000000002,5.28,7.88,2.272727272727273
2595,7.0,6.428571428571429,6.244897959183674,25.0,8.0,4.857142857142857,7.428571428571429,0.7777777777777778
2596,15.0,8.933333333333334,21.262222222222228,77.53333333333333,116.24888888888887,7.333333333333333,0.9333333333333333,0.8333333333333334
2597,15.0,20.333333333333332,166.08888888888887,21.0,999.7333333333333,6.333333333333333,1.3333333333333333,0.375
2598,9.0,13.88888888888889,78.32098765432097,35.111111111111114,88.76543209876542,4.111111111111111,2.6666666666666665,0.34615384615384615
2599,21.0,9.428571428571429,44.05442176870749,76.80952380952381,238.72562358276645,6.238095238095238,1.0952380952380953,1.0
2600,5.0,11.2,38.56,77.8,125.76000000000002,7.6,0.4,0.25
2601,16.0,44.1875,637.90234375,27.9375,281.05859375,6.8125,4.3125,0.23880597014925373
2602,27.0,10.555555555555555,42.61728395061729,80.81481481481481,101.63237311385458,7.296296296296297,0.8888888888888888,1.2857142857142858
2603,6.0,53.166666666666664,657.4722222222223,35.0,475.6666666666667,5.5,4.666666666666667,0.08955223880597014
2604,25.0,8.24,25.782400000000003,78.48,125.68960000000003,6.92,0.96,1.3888888888888888
2605,15.0,49.13333333333333,1067.0488888888888,5.866666666666666,9.315555555555555,6.066666666666666,8.4,0.16129032258064516
2606,24.0,5.791666666666667,7.1649305555555545,22.791666666666668,17.581597222222218,5.625,7.416666666666667,2.4
2607,25.0,5.92,10.953599999999996,22.96,17.4784,5.76,7.32,2.5
2608,7.0,25.285714285714285,444.4897959183674,29.142857142857142,244.12244897959184,4.571428571428571,4.571428571428571,0.12280701754385964
2609,10.0,10.0,31.4,80.9,137.29000000000002,7.4,1.1,0.5263157894736842
2610,21.0,46.333333333333336,578.2222222222223,35.23809523809524,320.9433106575964,5.523809523809524,5.190476190476191,0.29577464788732394
2611,8.0,16.5,120.0,38.375,1144.234375,6.125,2.125,0.25806451612903225
2612,16.0,48.5625,995.12109375,5.875,5.734375,5.5625,8.125,0.15841584158415842
2613,20.0,12.25,34.4875,81.85,169.6275,6.65,1.0,0.9523809523809523
2614,18.0,52.5,871.4722222222222,6.444444444444445,8.802469135802468,3.888888888888889,8.555555555555555,0.18181818181818182
2615,11.0,13.636363636363637,83.86776859504134,34.18181818181818,78.87603305785125,7.636363636363637,3.272727272727273,0.39285714285714285
2616,13.0,4.461538461538462,7.633136094674556,23.384615384615383,17.775147928994084,5.3076923076923075,8.23076923076923,1.3
2617,7.0,19.142857142857142,85.83673469387755,34.57142857142857,98.24489795918369,4.857142857142857,2.5714285714285716,0.22580645161290322
2618,29.0,15.344827586206897,72.63971462544589,32.793103448275865,74.02615933412602,6.068965517241379,2.0,0.9666666666666667
2619,7.0,69.71428571428571,845.6326530612245,6.714285714285714,5.061224489795918,6.0,9.142857142857142,0.09090909090909091
2620,15.0,21.0,135.73333333333332,27.8,689.7600000000001,7.066666666666666,2.3333333333333335,0.375
2621,19.0,42.78947368421053,347.218836565097,31.473684210526315,243.40720221606654,5.315789473684211,5.684210526315789,0.38
2622,24.0,10.5,28.666666666666668,82.5,141.5,7.708333333333333,0.9166666666666666,1.2
2623,23.0,36.69565217391305,788.0378071833649,27.347826086956523,230.74858223062384,4.086956521739131,4.913043478260869,0.2839506172839506
2624,24.0,11.333333333333334,50.55555555555555,79.54166666666667,83.41493055555557,6.5,1.0833333333333333,1.1428571428571428
2625,14.0,7.928571428571429,40.06632653061225,78.78571428571429,114.02551020408164,6.571428571428571,0.35714285714285715,0.6666666666666666
2626,25.0,8.28,38.7616,80.96,157.2384,6.12,1.12,1.1904761904761905
2627,8.0,14.875,126.609375,42.625,817.984375,6.75,2.25,0.25
2628,25.0,9.24,44.34239999999999,80.28,153.1616,7.76,1.12,1.1904761904761905
2629,20.0,13.75,109.4875,35.15,83.4275,5.4,2.3,0.6451612903225806
2630,24.0,54.583333333333336,480.15972222222223,5.416666666666667,8.57638888888889,6.125,8.625,0.27586206896551724
2631,14.0,15.642857142857142,73.37244897959184,32.42857142857143,54.530612244897966,5.5,1.7142857142857142,0.6086956521739131
2632,8.0,10.375,31.484375,83.75,47.4375,8.25,1.375,0.42105263157894735
2633,16.0,22.75,114.0625,27.875,1250.609375,7.1875,2.6875,0.41025641025641024
2634,8.0,42.875,634.109375,4.25,11.9375,6.375,9.5,0.09876543209876543
2635,11.0,15.909090909090908,155.17355371900828,57.27272727272727,1434.5619834710744,7.454545454545454,1.8181818181818181,0.2972972972972973
2636,12.0,8.666666666666666,39.888888888888886,78.16666666666667,138.13888888888889,7.083333333333333,1.1666666666666667,0.5714285714285714
2637,20.0,16.35,102.2275,32.8,126.06000000000002,6.05,2.25,0.6451612903225806
2638,8.0,13.75,78.4375,33.0,180.0,3.625,1.25,0.3076923076923077
2639,28.0,8.75,32.973214285714285,77.10714285714286,148.30994897959184,6.321428571428571,1.0,1.4
2640,17.0,54.35294117647059,968.6989619377161,4.588235294117647,6.83044982698962,5.0,8.823529411764707,0.17894736842105263
2641,20.0,41.55,377.6474999999999,28.5,294.65,5.45,5.65,0.3333333333333333
2642,27.0,29.37037037037037,154.67764060356657,31.925925925925927,208.66117969821678,6.333333333333333,5.0,0.4909090909090909
2643,21.0,9.380952380952381,41.09297052154196,79.57142857142857,166.3401360544218,6.761904761904762,1.2380952380952381,1.05
2644,17.0,4.588235294117647,13.183391003460208,21.88235294117647,20.927335640138406,5.117647058823529,7.176470588235294,1.5454545454545454
2645,14.0,4.428571428571429,9.10204081632653,21.0,26.571428571428573,5.642857142857143,7.785714285714286,1.2727272727272727
2646,28.0,16.107142857142858,70.16709183673467,29.857142857142858,105.12244897959188,6.0,2.0,1.0
2647,13.0,62.46153846153846,859.6331360946747,5.384615384615385,10.698224852071005,6.615384615384615,8.461538461538462,0.14444444444444443
2648,30.0,17.2,151.82666666666668,33.666666666666664,1053.888888888889,7.266666666666667,2.066666666666667,0.75
2649,16.0,13.3125,36.83984375,81.0,158.0,6.3125,1.0625,0.8
2650,6.0,23.666666666666668,166.2222222222222,38.166666666666664,1686.4722222222224,6.666666666666667,1.3333333333333333,0.17647058823529413
2651,20.0,10.6,45.440000000000005,79.25,141.6875,7.0,1.15,0.9523809523809523
2652,28.0,15.107142857142858,89.02423469387756,33.464285714285715,110.96301020408161,7.75,1.8571428571428572,0.9032258064516129
2653,7.0,12.428571428571429,70.81632653061224,35.714285714285715,146.20408163265304,5.142857142857143,2.4285714285714284,0.25925925925925924
2654,17.0,4.235294117647059,9.82698961937716,21.176470588235293,25.674740484429062,5.823529411764706,7.529411764705882,1.5454545454545454
2655,8.0,38.75,393.6875,29.625,312.234375,6.125,4.0,0.16326530612244897
2656,6.0,6.666666666666667,1.8888888888888886,22.0,17.0,5.833333333333333,7.5,1.2
2657,15.0,8.8,45.22666666666667,80.86666666666666,124.91555555555554,7.2,0.6,0.7142857142857143
2658,26.0,14.192307692307692,102.92455621301775,32.30769230769231,80.44378698224851,4.846153846153846,1.8846153846153846,0.8666666666666667
2659,23.0,43.65217391304348,848.0529300567109,27.782608695652176,220.17013232514174,5.0,4.913043478260869,0.2911392405063291
2660,19.0,20.842105263157894,134.44875346260392,34.21052631578947,1306.4819944598337,7.052631578947368,2.3157894736842106,0.48717948717948717
2661,5.0,16.0,165.2,33.0,110.8,7.6,1.8,0.16129032258064516
2662,21.0,17.666666666666668,143.26984126984127,32.76190476190476,899.609977324263,6.238095238095238,2.0952380952380953,0.5121951219512195
2663,14.0,44.5,839.25,6.285714285714286,8.918367346938776,6.071428571428571,8.0,0.14583333333333334
2664,7.0,24.142857142857142,76.12244897959184,35.714285714285715,397.06122448979596,7.428571428571429,2.4285714285714284,0.2413793103448276
2665,15.0,61.2,762.1600000000001,5.266666666666667,8.995555555555557,6.6,8.533333333333333,0.16483516483516483
2666,14.0,9.214285714285714,26.311224489795922,76.28571428571429,148.34693877551018,7.214285714285714,1.0714285714285714,0.8235294117647058
2667,20.0,39.3,967.21,31.95,130.14749999999998,5.1,4.55,0.2597402597402597
2668,16.0,15.375,85.109375,31.0625,73.43359375,4.9375,2.5,0.5517241379310345
2669,25.0,56.16,859.8144000000003,5.8,8.88,5.28,8.36,0.2808988764044944
2670,9.0,37.888888888888886,809.6543209876543,6.333333333333333,8.88888888888889,4.888888888888889,8.333333333333334,0.10465116279069768
2671,24.0,50.75,993.8541666666666,6.375,10.067708333333334,5.291666666666667,8.333333333333334,0.24489795918367346
2672,30.0,10.433333333333334,30.24555555555555,80.3,130.80999999999997,7.566666666666666,1.1333333333333333,1.4285714285714286
2673,24.0,35.583333333333336,569.2430555555555,28.708333333333332,190.62326388888889,6.833333333333333,5.041666666666667,0.36923076923076925
2674,25.0,47.44,791.6064,5.32,7.177599999999999,5.6,8.28,0.25252525252525254
2675,14.0,14.285714285714286,82.06122448979592,32.07142857142857,73.20918367346938,4.285714285714286,1.5714285714285714,0.5185185185185185
2676,16.0,12.375,27.234375,81.375,134.859375,7.1875,0.875,0.8421052631578947
2677,14.0,10.785714285714286,29.311224489795922,84.21428571428571,109.02551020408164,7.142857142857143,0.9285714285714286,0.8235294117647058
2678,5.0,7.4,43.44,81.6,149.04000000000002,7.6,1.2,0.2631578947368421
2679,6.0,26.0,633.0,36.166666666666664,354.47222222222223,5.166666666666667,3.3333333333333335,0.08695652173913043
2680,19.0,36.63157894736842,259.3905817174516,27.63157894736842,282.5484764542936,5.105263157894737,5.2105263157894735,0.3392857142857143
2681,8.0,4.625,7.984375,23.875,31.109375,6.0,7.75,0.8
2682,23.0,18.869565217391305,120.461247637051,33.04347826086956,1184.8241965973536,6.608695652173913,2.3043478260869565,0.6388888888888888
2683,24.0,47.083333333333336,683.5763888888888,35.333333333333336,310.63888888888886,5.541666666666667,5.375,0.32432432432432434
2684,16.0,58.1875,572.52734375,34.5,232.625,6.1875,5.0625,0.24242424242424243
2685,28.0,5.285714285714286,8.704081632653061,22.25,20.473214285714285,5.892857142857143,7.892857142857143,2.5454545454545454
2686,13.0,16.0,67.07692307692308,32.61538461538461,103.31360946745562,4.6923076923076925,2.1538461538461537,0.52
2687,18.0,14.333333333333334,64.11111111111111,36.888888888888886,73.54320987654322,5.5,2.0,0.6666666666666666
2688,11.0,45.18181818181818,605.603305785124,33.45454545454545,235.33884297520663,6.090909090909091,5.545454545454546,0.15942028985507245
2689,22.0,40.22727272727273,731.2665289256199,29.90909090909091,184.26446280991735,5.318181818181818,4.954545454545454,0.3055555555555556
2690,19.0,54.05263157894737,618.5761772853186,4.842105263157895,11.080332409972298,5.2631578947368425,8.68421052631579,0.2602739726027397
2691,12.0,58.916666666666664,950.7430555555555,4.5,4.25,4.833333333333333,8.5,0.12244897959183673
2692,6.0,57.666666666666664,167.55555555555557,24.0,204.0,5.666666666666667,5.333333333333333,0.1935483870967742
2693,6.0,23.166666666666668,728.4722222222222,28.833333333333332,343.8055555555555,5.166666666666667,3.6666666666666665,0.08108108108108109
2694,29.0,50.172413793103445,919.5909631391202,5.310344827586207,10.282996432818074,6.068965517241379,8.586206896551724,0.31521739130434784
2695,23.0,13.91304347826087,77.81852551984878,32.391304347826086,76.67296786389414,5.869565217391305,1.6521739130434783,0.7931034482758621
2696,30.0,20.633333333333333,162.63222222222223,19.166666666666668,607.6055555555555,6.933333333333334,2.533333333333333,0.75
2697,15.0,5.466666666666667,7.982222222222222,23.533333333333335,30.115555555555552,5.6,7.066666666666666,1.5
2698,26.0,8.0,31.153846153846153,80.26923076923077,154.042899408284,6.5,0.9615384615384616,1.2380952380952381
2699,29.0,10.862068965517242,42.11890606420926,78.93103448275862,146.75386444708684,6.931034482758621,1.0,1.380952380952381
2700,30.0,4.733333333333333,9.395555555555555,21.833333333333332,27.13888888888889,5.1,7.633333333333334,3.0
2701,17.0,4.117647058823529,11.044982698961936,25.0,19.764705882352942,5.529411764705882,7.470588235294118,1.5454545454545454
2702,24.0,44.75,730.7708333333334,28.208333333333332,216.99826388888889,5.625,4.875,0.34285714285714286
2703,26.0,9.961538461538462,27.88313609467455,82.5,172.94230769230768,7.846153846153846,0.9230769230769231,1.368421052631579
2704,21.0,43.285714285714285,604.6802721088436,4.809523809523809,6.725623582766438,5.333333333333333,8.80952380952381,0.24705882352941178
2705,6.0,35.333333333333336,1148.5555555555554,29.5,132.91666666666666,4.666666666666667,4.166666666666667,0.0759493670886076
2706,10.0,12.8,26.359999999999996,81.2,100.36,6.5,0.9,0.6666666666666666
2707,29.0,45.89655172413793,742.2306777645659,6.206896551724138,10.577883472057072,4.620689655172414,8.517241379310345,0.30851063829787234
2708,27.0,10.88888888888889,25.283950617283942,80.81481481481481,121.63237311385458,7.222222222222222,1.037037037037037,1.2857142857142858
2709,5.0,50.2,125.76000000000002,6.2,4.16,4.4,8.6,0.16129032258064516
2710,24.0,9.291666666666666,30.3732638888889,80.33333333333333,156.22222222222223,6.458333333333333,1.125,1.3333333333333333
2711,10.0,25.3,89.81,32.1,403.49,7.8,2.5,0.3448275862068966
2712,25.0,10.04,35.078399999999995,76.68,129.65759999999997,7.2,1.04,1.1904761904761905
2713,22.0,47.95454545454545,707.1342975206612,6.5,6.704545454545454,5.7272727272727275,8.318181818181818,0.2222222222222222
2714,24.0,46.083333333333336,623.2430555555557,29.375,189.234375,5.916666666666667,5.541666666666667,0.39344262295081966
2715,19.0,14.894736842105264,101.6731301939058,31.57894736842105,143.40166204986147,4.0,1.5789473684210527,0.6333333333333333
2716,11.0,50.81818181818182,786.5123966942149,4.0,6.363636363636363,6.363636363636363,8.181818181818182,0.11578947368421053
2717,21.0,3.3333333333333335,10.031746031746032,24.047619047619047,18.90249433106576,5.428571428571429,8.238095238095237,2.1
2718,30.0,48.13333333333333,1076.3822222222223,33.03333333333333,287.56555555555565,5.933333333333334,5.1,0.379746835443038
2719,26.0,54.46153846153846,758.4023668639052,5.923076923076923,5.917159763313607,4.769230769230769,8.423076923076923,0.26804123711340205
2720,17.0,12.058823529411764,84.52595155709342,34.294117647058826,75.61937716262975,5.705882352941177,2.411764705882353,0.5483870967741935
2721,15.0,18.733333333333334,59.128888888888895,32.13333333333333,38.515555555555565,5.266666666666667,2.2666666666666666,0.5172413793103449
2722,26.0,9.076923076923077,26.45562130177515,77.38461538461539,125.00591715976331,7.0,1.0,1.368421052631579
2723,29.0,13.758620689655173,67.70035671819264,31.655172413793103,95.32936979785973,4.655172413793103,2.3793103448275863,0.9666666666666667
2724,9.0,13.88888888888889,82.09876543209877,30.22222222222222,118.61728395061729,7.111111111111111,2.3333333333333335,0.3333333333333333
2725,30.0,49.833333333333336,913.1388888888887,5.933333333333334,6.995555555555553,5.4,8.5,0.3125
2726,21.0,25.666666666666668,135.46031746031747,29.38095238095238,999.1882086167801,6.285714285714286,1.619047619047619,0.5526315789473685
2727,5.0,76.8,114.16,6.8,9.760000000000002,6.4,9.2,0.18518518518518517
2728,30.0,45.8,630.7600000000001,6.233333333333333,9.445555555555556,4.8,8.733333333333333,0.35294117647058826
2729,20.0,39.95,706.0474999999999,38.3,255.81,4.7,5.3,0.2898550724637681
2730,27.0,4.7407407407407405,8.710562414266118,23.59259259259259,19.426611796982165,5.592592592592593,7.2592592592592595,2.4545454545454546
2731,14.0,4.571428571428571,11.244897959183675,23.285714285714285,15.48979591836735,5.285714285714286,8.285714285714286,1.2727272727272727
2732,28.0,16.357142857142858,75.87244897959182,28.571428571428573,115.53061224489797,5.392857142857143,1.9642857142857142,0.9032258064516129
2733,15.0,5.533333333333333,8.115555555555554,22.2,26.560000000000006,5.066666666666666,7.2,1.3636363636363635
2734,17.0,57.88235294117647,805.0449826989618,6.176470588235294,9.204152249134948,4.411764705882353,8.764705882352942,0.17346938775510204
2735,26.0,14.73076923076923,123.88905325443785,34.5,876.4038461538462,6.8076923076923075,2.076923076923077,0.7647058823529411
2736,13.0,39.30769230769231,1283.905325443787,7.846153846153846,3.514792899408283,4.769230769230769,8.923076923076923,0.1326530612244898
2737,26.0,40.96153846153846,602.344674556213,32.96153846153846,236.34467455621294,6.076923076923077,4.961538461538462,0.4
2738,28.0,4.857142857142857,10.40816326530612,22.107142857142858,13.02423469387755,5.142857142857143,7.642857142857143,2.5454545454545454
2739,8.0,36.25,1231.9375,6.0,4.75,3.25,8.375,0.08888888888888889
2740,5.0,10.4,19.839999999999996,81.4,69.84,8.2,0.8,0.35714285714285715
2741,17.0,5.176470588235294,6.49826989619377,24.235294117647058,12.29757785467128,5.294117647058823,7.647058823529412,1.7
2742,27.0,35.407407407407405,702.093278463649,5.518518518518518,9.286694101508916,4.962962962962963,8.25925925925926,0.3103448275862069
2743,20.0,57.4,728.4399999999998,5.9,10.59,4.8,8.3,0.21052631578947367
2744,22.0,42.0,619.6363636363636,5.909090909090909,8.53719008264463,5.545454545454546,8.545454545454545,0.24444444444444444
2745,22.0,18.045454545454547,123.31611570247932,28.454545454545453,800.1570247933886,7.681818181818182,1.9545454545454546,0.5789473684210527
2746,23.0,52.95652173913044,1167.1720226843101,4.739130434782608,8.975425330812854,5.739130434782608,8.347826086956522,0.23
2747,17.0,10.529411764705882,30.13148788927336,80.11764705882354,86.57439446366786,7.705882352941177,0.8235294117647058,0.8947368421052632
2748,24.0,40.0,692.0,27.458333333333332,220.66493055555554,5.666666666666667,4.875,0.375
2749,7.0,22.714285714285715,74.48979591836735,42.42857142857143,1070.8163265306123,6.142857142857143,2.857142857142857,0.28
2750,8.0,10.125,18.859375,73.625,59.734375,6.375,1.375,0.5
2751,16.0,9.5,33.875,81.0625,184.30859375,6.4375,1.0,0.8
2752,18.0,18.11111111111111,154.87654320987656,22.27777777777778,873.5339506172842,6.888888888888889,1.6666666666666667,0.43902439024390244
2753,25.0,46.96,903.0784000000001,4.84,9.334399999999999,6.44,8.32,0.26881720430107525
2754,19.0,9.473684210526315,34.038781163434905,81.3157894736842,124.84764542936287,7.2631578947368425,0.9473684210526315,1.0
2755,13.0,8.461538461538462,27.63313609467455,84.46153846153847,58.863905325443774,7.384615384615385,0.9230769230769231,0.65
2756,20.0,12.95,94.4475,28.9,120.48999999999997,4.35,1.55,0.7142857142857143
2757,11.0,33.45454545454545,360.0661157024793,38.18181818181818,388.87603305785126,5.818181818181818,4.363636363636363,0.2037037037037037
2758,15.0,9.866666666666667,41.315555555555555,75.86666666666666,103.18222222222224,7.4,0.8,0.7142857142857143
2759,17.0,15.235294117647058,97.12110726643597,43.294117647058826,1497.3840830449826,7.176470588235294,1.7647058823529411,0.5483870967741935
2760,9.0,49.888888888888886,770.0987654320987,29.77777777777778,207.72839506172835,6.111111111111111,4.888888888888889,0.1232876712328767
2761,14.0,40.92857142857143,783.9234693877551,26.642857142857142,88.22959183673468,4.785714285714286,5.285714285714286,0.2
2762,12.0,7.0,26.666666666666668,76.33333333333333,56.72222222222223,6.666666666666667,0.8333333333333334,0.8
2763,5.0,43.2,513.3599999999999,51.2,34.160000000000004,6.0,5.8,0.06944444444444445
2764,26.0,9.307692307692308,20.28994082840237,80.07692307692308,156.53254437869822,7.076923076923077,1.2307692307692308,1.368421052631579
2765,18.0,21.666666666666668,104.22222222222221,44.611111111111114,1086.0154320987654,6.777777777777778,2.0,0.47368421052631576
2766,6.0,46.0,384.3333333333333,6.333333333333333,4.555555555555556,4.0,7.833333333333333,0.1016949152542373
2767,8.0,18.75,88.6875,35.25,60.6875,4.625,3.125,0.27586206896551724
2768,15.0,21.133333333333333,125.0488888888889,35.266666666666666,1574.4622222222222,6.333333333333333,1.8,0.39473684210526316
2769,18.0,9.61111111111111,18.45987654320988,75.83333333333333,77.69444444444446,8.166666666666666,1.1111111111111112,1.125
2770,25.0,30.2,387.99999999999994,35.0,295.68,6.72,4.92,0.3968253968253968
2771,17.0,9.470588235294118,46.60207612456747,84.41176470588235,83.1833910034602,7.0588235294117645,0.9411764705882353,0.8095238095238095
2772,21.0,8.047619047619047,23.37868480725624,78.33333333333333,199.84126984126982,7.238095238095238,1.0952380952380953,1.105263157894737
2773,6.0,47.833333333333336,1014.138888888889,5.166666666666667,7.805555555555556,6.0,8.666666666666666,0.07142857142857142
2774,5.0,7.6,12.64,81.6,134.24,6.0,1.0,0.45454545454545453
2775,25.0,44.84,357.5744000000001,35.32,302.8576,5.24,5.32,0.5
2776,24.0,51.041666666666664,1229.873263888889,6.125,6.692708333333333,4.708333333333333,8.291666666666666,0.24742268041237114
2777,5.0,4.4,7.44,22.4,25.04,5.4,8.0,0.5555555555555556
2778,14.0,21.357142857142858,144.94387755102042,36.642857142857146,1115.8010204081631,6.214285714285714,1.7857142857142858,0.358974358974359
2779,5.0,39.8,832.1600000000001,5.8,12.16,5.6,8.2,0.07246376811594203
2780,15.0,27.066666666666666,95.39555555555555,53.6,1040.7733333333333,6.933333333333334,1.2666666666666666,0.4411764705882353
2781,21.0,17.857142857142858,142.8843537414966,31.38095238095238,1212.3310657596369,6.0,1.8571428571428572,0.525
2782,12.0,13.75,46.354166666666664,25.416666666666668,64.74305555555556,6.083333333333333,1.9166666666666667,0.5454545454545454
2783,20.0,10.35,36.12750000000001,80.25,140.8875,7.6,0.7,0.9523809523809523
2784,25.0,18.0,155.36,36.44,1376.8864000000003,7.24,1.68,0.625
2785,21.0,4.428571428571429,10.816326530612244,21.666666666666668,14.88888888888889,5.190476190476191,7.428571428571429,1.9090909090909092
2786,6.0,52.666666666666664,946.5555555555557,6.833333333333333,3.4722222222222228,6.0,9.0,0.07692307692307693
2787,8.0,12.625,40.484375,75.0,92.0,6.375,0.375,0.38095238095238093
2788,27.0,4.37037037037037,11.12208504801097,24.22222222222222,17.95061728395062,5.703703703703703,7.222222222222222,2.4545454545454546
2789,16.0,13.6875,120.21484375,34.8125,87.77734375,4.9375,2.0,0.5161290322580645
2790,9.0,9.777777777777779,24.172839506172842,83.88888888888889,127.65432098765433,7.888888888888889,0.8888888888888888,0.5294117647058824
2791,14.0,17.142857142857142,146.40816326530611,38.42857142857143,1193.1020408163265,7.214285714285714,1.6428571428571428,0.3684210526315789
2792,16.0,5.0625,11.30859375,22.6875,20.33984375,5.375,7.5,1.4545454545454546
2793,29.0,38.89655172413793,550.2306777645662,33.241379310344826,210.39001189060642,6.172413793103448,5.206896551724138,0.4461538461538462
2794,18.0,13.055555555555555,28.608024691358025,82.0,147.55555555555554,6.777777777777778,1.1666666666666667,0.8571428571428571
2795,6.0,12.666666666666666,41.22222222222222,78.33333333333333,71.22222222222221,6.833333333333333,0.8333333333333334,0.35294117647058826
2796,22.0,22.40909090909091,215.96900826446281,24.09090909090909,750.2644628099174,6.5,1.7272727272727273,0.55
2797,18.0,23.38888888888889,140.90432098765436,34.22222222222222,1195.7283950617284,7.277777777777778,1.5,0.45
2798,7.0,14.0,151.14285714285714,34.42857142857143,1227.9591836734694,6.571428571428571,2.0,0.21212121212121213
2799,13.0,15.538461538461538,83.63313609467454,26.23076923076923,1136.1775147928995,6.461538461538462,1.5384615384615385,0.35135135135135137
2800,30.0,55.86666666666667,654.1155555555555,32.333333333333336,230.2888888888889,5.9,4.6,0.38961038961038963
2801,29.0,10.517241379310345,31.491082045184296,80.37931034482759,166.02853745541026,6.517241379310345,1.0,1.380952380952381
2802,18.0,9.333333333333334,36.111111111111114,76.44444444444444,129.9135802469136,7.555555555555555,1.0,0.8571428571428571
2803,13.0,8.307692307692308,30.059171597633135,84.84615384615384,167.97633136094674,7.3076923076923075,0.9230769230769231,0.7222222222222222
2804,14.0,47.42857142857143,808.8163265306122,5.928571428571429,9.066326530612246,5.214285714285714,8.142857142857142,0.16470588235294117
2805,25.0,5.6,8.880000000000003,21.88,28.105599999999995,5.68,7.12,2.272727272727273
2806,29.0,4.448275862068965,11.971462544589773,22.0,24.275862068965516,5.517241379310345,7.758620689655173,2.6363636363636362
2807,28.0,19.642857142857142,149.65816326530611,33.714285714285715,873.7755102040818,6.75,2.2142857142857144,0.7
2808,22.0,20.136363636363637,134.29958677685954,37.0,1112.1818181818182,7.909090909090909,1.9545454545454546,0.5641025641025641
2809,24.0,4.625,7.817708333333333,24.083333333333332,18.15972222222222,5.208333333333333,7.375,2.1818181818181817
2810,7.0,17.714285714285715,97.63265306122447,34.142857142857146,1199.2653061224487,6.428571428571429,2.142857142857143,0.21875
2811,26.0,5.3076923076923075,5.21301775147929,23.423076923076923,19.321005917159763,5.269230769230769,7.269230769230769,2.888888888888889
2812,25.0,50.96,1071.5584000000003,6.2,8.160000000000002,5.6,8.8,0.2604166666666667
2813,9.0,12.88888888888889,95.20987654320987,31.88888888888889,78.54320987654322,5.111111111111111,1.6666666666666667,0.3333333333333333
2814,22.0,8.181818181818182,29.42148760330579,80.13636363636364,166.9359504132231,6.681818181818182,1.0909090909090908,1.1578947368421053
2815,7.0,38.0,513.4285714285714,28.428571428571427,279.10204081632656,4.285714285714286,6.142857142857143,0.11666666666666667
2816,22.0,14.5,95.70454545454545,33.27272727272727,130.74380165289256,6.363636363636363,2.0454545454545454,0.7333333333333333
2817,26.0,45.23076923076923,905.5621301775147,5.730769230769231,7.2736686390532554,5.384615384615385,8.26923076923077,0.26
2818,8.0,9.75,28.9375,75.75,186.6875,6.375,0.75,0.47058823529411764
2819,23.0,36.43478260869565,638.5935727788279,31.391304347826086,250.06427221172027,5.478260869565218,4.478260869565218,0.3770491803278688
2820,15.0,13.866666666666667,103.98222222222223,40.266666666666666,65.79555555555554,5.2,1.5333333333333334,0.5
2821,17.0,56.11764705882353,530.1038062283737,5.352941176470588,7.404844290657439,5.764705882352941,8.352941176470589,0.2073170731707317
2822,5.0,13.8,39.36,40.0,58.0,6.4,2.6,0.2631578947368421
2823,21.0,10.666666666666666,29.841269841269845,79.61904761904762,160.90249433106578,6.714285714285714,0.9523809523809523,1.1666666666666667
2824,11.0,19.181818181818183,165.42148760330576,31.818181818181817,901.2396694214876,6.2727272727272725,1.9090909090909092,0.2682926829268293
2825,13.0,16.153846153846153,56.74556213017752,31.153846153846153,92.7455621301775,4.846153846153846,2.230769230769231,0.5
2826,8.0,6.25,4.9375,22.625,27.484375,6.125,7.0,1.0
2827,11.0,12.0,68.0,35.81818181818182,146.33057851239667,5.818181818181818,2.3636363636363638,0.39285714285714285
2828,12.0,20.666666666666668,128.72222222222226,30.25,959.0208333333334,6.583333333333333,2.0,0.2926829268292683
2829,30.0,9.366666666666667,29.36555555555556,77.46666666666667,131.38222222222223,7.4,1.4,1.5
2830,30.0,15.766666666666667,98.17888888888889,35.56666666666667,111.31222222222222,5.633333333333334,1.7666666666666666,1.0
2831,28.0,50.035714285714285,1078.3201530612248,5.464285714285714,9.748724489795919,5.607142857142857,8.285714285714286,0.2857142857142857
2832,16.0,5.25,13.4375,22.5,22.375,4.8125,7.0625,1.4545454545454546
2833,13.0,13.846153846153847,51.66863905325443,31.53846153846154,171.01775147928996,6.461538461538462,1.6153846153846154,0.5416666666666666
2834,18.0,4.833333333333333,6.583333333333332,21.944444444444443,24.05246913580247,5.333333333333333,8.222222222222221,1.8
2835,20.0,15.75,69.8875,30.65,108.0275,6.55,1.85,0.6896551724137931
2836,17.0,55.8235294117647,1046.4982698961937,6.176470588235294,8.145328719723183,4.411764705882353,8.882352941176471,0.17708333333333334
2837,22.0,48.09090909090909,496.80991735537185,32.09090909090909,158.35537190082644,5.909090909090909,5.7272727272727275,0.34375
2838,13.0,8.384615384615385,49.467455621301774,87.07692307692308,101.9171597633136,5.923076923076923,1.1538461538461537,0.65
2839,18.0,33.111111111111114,458.5432098765432,32.111111111111114,139.76543209876542,5.388888888888889,4.444444444444445,0.2903225806451613
2840,13.0,18.23076923076923,127.86982248520711,38.30769230769231,1181.905325443787,7.6923076923076925,1.8461538461538463,0.3611111111111111
2841,25.0,5.4,9.52,22.52,21.449599999999997,5.36,6.56,2.5
2842,14.0,16.928571428571427,134.6377551020408,38.285714285714285,1004.4897959183672,7.357142857142857,2.2142857142857144,0.358974358974359
2843,7.0,9.428571428571429,42.816326530612244,81.42857142857143,97.38775510204083,7.0,1.1428571428571428,0.3684210526315789
2844,11.0,5.363636363636363,5.322314049586777,24.818181818181817,15.966942148760332,5.636363636363637,7.363636363636363,1.375
2845,13.0,12.461538461538462,32.86390532544379,83.15384615384616,149.97633136094674,6.846153846153846,1.2307692307692308,0.7222222222222222
2846,27.0,5.592592592592593,10.241426611796983,22.555555555555557,22.172839506172842,5.666666666666667,7.62962962962963,2.4545454545454546
2847,25.0,16.36,122.8704,29.6,870.0000000000001,6.8,2.2,0.7142857142857143
2848,15.0,5.466666666666667,10.382222222222223,22.466666666666665,14.648888888888886,5.733333333333333,7.8,1.3636363636363635
2849,6.0,4.0,7.0,25.0,23.333333333333332,4.666666666666667,7.5,0.6
2850,30.0,20.533333333333335,148.31555555555556,25.633333333333333,987.4322222222224,6.766666666666667,2.6333333333333333,0.75
2851,23.0,11.0,41.04347826086956,77.95652173913044,131.69376181474482,7.173913043478261,1.2173913043478262,1.15
2852,19.0,15.473684210526315,60.03878116343491,32.68421052631579,100.21606648199447,4.368421052631579,2.789473684210526,0.7037037037037037
2853,24.0,5.541666666666667,8.74826388888889,24.041666666666668,22.37326388888889,5.75,7.625,2.4
2854,25.0,15.44,91.76640000000002,29.8,112.87999999999997,6.08,2.28,0.8064516129032258
2855,15.0,13.066666666666666,89.26222222222222,30.866666666666667,55.31555555555556,5.733333333333333,2.4,0.5357142857142857
2856,14.0,5.428571428571429,11.673469387755102,21.642857142857142,13.08673469387755,5.642857142857143,7.357142857142857,1.2727272727272727
2857,29.0,26.689655172413794,334.9726516052319,36.724137931034484,154.26872770511295,5.241379310344827,5.172413793103448,0.4915254237288136
2858,27.0,9.37037037037037,31.0480109739369,83.11111111111111,91.0617283950617,7.2592592592592595,0.9259259259259259,1.2857142857142858
2859,14.0,52.214285714285715,752.8826530612245,5.928571428571429,4.066326530612245,3.7142857142857144,8.428571428571429,0.16666666666666666
2860,14.0,45.357142857142854,802.0867346938776,5.928571428571429,10.209183673469388,5.428571428571429,8.428571428571429,0.16470588235294117
2861,25.0,49.16,556.6944,5.36,5.910399999999999,4.88,8.88,0.29069767441860467
2862,12.0,64.5,465.5833333333333,7.0,1.5,6.583333333333333,7.583333333333333,0.17142857142857143
2863,9.0,16.11111111111111,66.98765432098766,45.111111111111114,1114.0987654320988,7.0,2.111111111111111,0.2903225806451613
2864,11.0,9.454545454545455,18.066115702479337,80.27272727272727,104.74380165289254,6.181818181818182,0.5454545454545454,0.6470588235294118
2865,27.0,15.962962962962964,71.36899862825788,33.925925925925924,97.17969821673523,6.333333333333333,2.3333333333333335,0.9310344827586207
2866,17.0,4.9411764705882355,13.231833910034602,22.470588235294116,23.543252595155703,5.823529411764706,7.705882352941177,1.5454545454545454
2867,20.0,18.8,136.56,31.85,1113.2275,8.2,1.5,0.4878048780487805
2868,14.0,32.42857142857143,854.5306122448981,33.07142857142857,248.63775510204087,4.428571428571429,4.857142857142857,0.19718309859154928
2869,9.0,3.5555555555555554,10.469135802469136,24.555555555555557,21.58024691358024,5.888888888888889,7.0,0.8181818181818182
2870,19.0,51.05263157894737,823.94459833795,4.368421052631579,6.127423822714682,4.947368421052632,9.0,0.19791666666666666
2871,20.0,43.5,481.75,28.35,149.3275,4.95,5.75,0.3125
2872,5.0,6.0,9.2,20.8,18.159999999999997,5.4,9.2,0.5555555555555556
2873,26.0,13.115384615384615,72.56360946745562,32.92307692307692,76.9940828402367,5.461538461538462,2.576923076923077,0.8666666666666667
2874,21.0,22.38095238095238,128.42630385487527,34.666666666666664,1420.8888888888887,6.904761904761905,2.5714285714285716,0.5384615384615384
2875,8.0,10.625,23.234375,77.125,179.859375,6.75,0.625,0.5333333333333333
2876,6.0,36.5,354.5833333333333,5.0,9.666666666666666,3.0,7.666666666666667,0.11320754716981132
2877,30.0,38.6,599.24,31.366666666666667,259.43222222222226,4.866666666666666,5.6,0.4838709677419355
2878,23.0,17.695652173913043,59.6899810964083,33.69565217391305,80.55954631379961,7.739130434782608,2.260869565217391,0.8214285714285714
2879,23.0,31.47826086956522,484.16257088846885,32.30434782608695,292.9073724007561,5.782608695652174,4.695652173913044,0.4107142857142857
2880,30.0,9.933333333333334,25.662222222222216,80.16666666666667,141.53888888888892,6.633333333333334,1.0666666666666667,1.4285714285714286
2881,11.0,13.272727272727273,74.3801652892562,37.72727272727273,55.289256198347104,5.909090909090909,2.272727272727273,0.36666666666666664
2882,7.0,20.0,294.0,29.571428571428573,290.5306122448979,2.5714285714285716,5.285714285714286,0.14
2883,26.0,42.34615384615385,393.30325443786984,27.53846153846154,277.6331360946745,5.923076923076923,4.5,0.45614035087719296
2884,28.0,3.7857142857142856,9.38265306122449,22.321428571428573,17.932397959183668,5.321428571428571,7.071428571428571,2.5454545454545454
2885,6.0,15.333333333333334,37.22222222222223,35.5,56.583333333333336,4.166666666666667,3.3333333333333335,0.3157894736842105
2886,18.0,5.333333333333333,8.333333333333334,23.61111111111111,17.570987654320987,5.388888888888889,7.111111111111111,1.6363636363636365
2887,26.0,22.76923076923077,91.79289940828401,26.615384615384617,968.7751479289943,6.884615384615385,2.3461538461538463,0.6842105263157895
2888,18.0,14.5,56.916666666666664,29.88888888888889,118.76543209876543,5.722222222222222,1.6666666666666667,0.6666666666666666
2889,7.0,66.14285714285714,466.97959183673476,4.857142857142857,8.122448979591837,5.142857142857143,8.285714285714286,0.1076923076923077
2890,11.0,21.363636363636363,146.7768595041322,24.90909090909091,957.1735537190085,7.636363636363637,1.9090909090909092,0.3055555555555556
2891,15.0,4.8,10.026666666666667,22.866666666666667,25.182222222222222,5.466666666666667,7.2,1.3636363636363635
2892,5.0,6.4,10.24,19.4,31.04000000000001,5.8,7.8,0.5555555555555556
2893,14.0,9.928571428571429,32.923469387755105,77.92857142857143,162.35204081632654,6.785714285714286,0.7857142857142857,0.7777777777777778
2894,26.0,40.65384615384615,648.6878698224851,32.80769230769231,220.07840236686388,5.384615384615385,4.730769230769231,0.3880597014925373
2895,7.0,11.428571428571429,90.53061224489797,38.857142857142854,55.265306122448976,7.285714285714286,2.7142857142857144,0.28
2896,20.0,12.15,45.3275,81.15,155.72750000000002,6.75,1.0,0.9523809523809523
2897,23.0,15.173913043478262,61.6219281663516,28.695652173913043,98.4725897920605,5.304347826086956,1.7826086956521738,0.8214285714285714
2898,7.0,12.0,30.857142857142858,79.57142857142857,103.9591836734694,5.714285714285714,1.4285714285714286,0.4375
2899,30.0,52.1,797.2233333333335,6.433333333333334,9.045555555555556,5.433333333333334,8.666666666666666,0.32967032967032966
2900,19.0,38.21052631578947,540.0609418282548,4.7894736842105265,9.6398891966759,4.7368421052631575,8.210526315789474,0.23170731707317074
2901,24.0,39.708333333333336,548.2899305555555,28.833333333333332,244.05555555555554,4.958333333333333,5.083333333333333,0.34782608695652173
2902,21.0,4.428571428571429,10.72108843537415,23.095238095238095,11.705215419501135,5.238095238095238,8.047619047619047,1.9090909090909092
2903,23.0,6.130434782608695,21.330812854442346,77.78260869565217,104.51795841209827,6.869565217391305,1.1304347826086956,1.4375
2904,11.0,39.36363636363637,708.0495867768595,35.18181818181818,189.60330578512395,5.2727272727272725,5.363636363636363,0.16417910447761194
2905,30.0,54.86666666666667,955.5155555555557,5.266666666666667,6.995555555555556,5.233333333333333,8.733333333333333,0.30927835051546393
2906,15.0,12.866666666666667,106.64888888888889,34.53333333333333,117.84888888888891,4.6,1.2666666666666666,0.4838709677419355
2907,15.0,17.8,140.95999999999995,41.86666666666667,962.3822222222221,6.333333333333333,2.6666666666666665,0.39473684210526316
2908,8.0,28.375,490.484375,21.125,223.609375,5.125,5.25,0.1111111111111111
2909,10.0,22.7,114.01000000000002,17.7,245.21000000000004,6.7,2.3,0.3125
2910,18.0,52.388888888888886,641.6820987654321,4.833333333333333,10.694444444444443,6.166666666666667,8.222222222222221,0.2
2911,24.0,11.625,29.984375,81.5,64.83333333333333,6.958333333333333,1.2083333333333333,1.1428571428571428
2912,18.0,20.38888888888889,165.68209876543213,42.166666666666664,1561.9166666666667,6.777777777777778,1.8333333333333333,0.45
2913,27.0,31.185185185185187,614.9657064471877,38.74074074074074,251.52537722908096,5.666666666666667,5.2592592592592595,0.421875
2914,14.0,46.642857142857146,577.2295918367347,38.142857142857146,155.26530612244898,5.785714285714286,4.857142857142857,0.2153846153846154
2915,26.0,39.34615384615385,553.2263313609467,32.96153846153846,258.344674556213,5.076923076923077,4.576923076923077,0.41935483870967744
2916,18.0,5.111111111111111,6.432098765432098,22.22222222222222,19.61728395061729,5.333333333333333,7.444444444444445,2.25
2917,8.0,32.25,726.1875,5.75,6.4375,6.0,9.125,0.08791208791208792
2918,6.0,16.0,149.0,41.0,1107.3333333333333,7.666666666666667,2.3333333333333335,0.16216216216216217
2919,30.0,11.0,33.86666666666667,81.03333333333333,117.03222222222222,6.833333333333333,1.0333333333333334,1.4285714285714286
2920,28.0,4.5,10.464285714285714,23.642857142857142,21.943877551020414,5.535714285714286,7.214285714285714,2.5454545454545454
2921,21.0,21.142857142857142,132.312925170068,17.523809523809526,719.7732426303855,7.428571428571429,2.3333333333333335,0.5384615384615384
2922,18.0,9.722222222222221,30.42283950617284,75.44444444444444,98.6913580246914,7.222222222222222,1.0,1.0588235294117647
2923,6.0,68.0,503.6666666666667,17.333333333333332,50.55555555555555,7.166666666666667,4.166666666666667,0.09523809523809523
2924,14.0,14.214285714285714,110.1683673469388,31.571428571428573,118.95918367346938,4.714285714285714,2.2857142857142856,0.4827586206896552
2925,12.0,42.083333333333336,910.2430555555557,5.833333333333333,6.305555555555556,6.333333333333333,8.166666666666666,0.1348314606741573
2926,16.0,3.8125,10.52734375,25.0,14.375,5.625,7.75,1.4545454545454546
2927,29.0,10.03448275862069,30.240190249702735,77.41379310344827,163.89774078478,7.0,0.9655172413793104,1.5263157894736843
2928,30.0,17.933333333333334,72.19555555555553,31.266666666666666,101.59555555555553,4.5,1.7,1.0344827586206897
2929,26.0,5.0,9.923076923076923,23.384615384615383,15.313609467455619,5.269230769230769,7.846153846153846,2.3636363636363638
2930,28.0,22.285714285714285,131.91836734693877,37.82142857142857,1017.2181122448982,6.928571428571429,2.2142857142857144,0.7
2931,24.0,42.75,549.4375,34.333333333333336,213.6388888888889,6.083333333333333,4.375,0.3582089552238806
2932,14.0,11.571428571428571,28.244897959183675,84.0,186.28571428571428,6.857142857142857,0.7142857142857143,0.8235294117647058
2933,13.0,20.615384615384617,134.698224852071,27.153846153846153,1224.2840236686386,7.6923076923076925,1.8461538461538463,0.35135135135135137
2934,23.0,10.347826086956522,38.400756143667294,76.6086956521739,124.0642722117202,7.260869565217392,1.0434782608695652,1.0952380952380953
2935,6.0,6.0,4.666666666666667,23.833333333333332,13.805555555555555,5.0,7.166666666666667,0.75
2936,8.0,22.5,127.0,9.875,148.109375,7.625,1.375,0.22857142857142856
2937,28.0,15.642857142857142,90.01530612244899,32.035714285714285,118.46301020408166,5.714285714285714,1.9285714285714286,0.9032258064516129
2938,5.0,11.2,22.96,80.4,164.24,8.2,0.8,0.38461538461538464
2939,7.0,3.2857142857142856,3.3469387755102034,23.0,18.857142857142858,5.285714285714286,7.428571428571429,1.0
2940,15.0,55.2,1035.36,5.4,7.84,5.933333333333334,8.4,0.15463917525773196
2941,9.0,9.333333333333334,25.777777777777782,86.55555555555556,64.91358024691357,7.111111111111111,0.8888888888888888,0.47368421052631576
2942,8.0,4.125,9.359375,23.75,17.1875,5.875,7.5,0.8
2943,27.0,8.333333333333334,33.77777777777778,85.44444444444444,90.2469135802469,7.333333333333333,1.0,1.35
2944,7.0,28.428571428571427,343.9591836734694,6.285714285714286,3.918367346938776,6.428571428571429,7.571428571428571,0.125
2945,24.0,11.25,38.6875,81.16666666666667,134.05555555555554,6.791666666666667,1.0416666666666667,1.1428571428571428
2946,17.0,50.470588235294116,691.1903114186853,33.05882352941177,397.7024221453287,5.0588235294117645,4.588235294117647,0.2537313432835821
2947,28.0,42.892857142857146,360.5242346938776,32.214285714285715,243.45408163265304,5.642857142857143,5.428571428571429,0.509090909090909
2948,12.0,14.416666666666666,106.90972222222223,31.166666666666668,85.97222222222223,5.416666666666667,1.9166666666666667,0.3870967741935484
2949,29.0,44.51724137931034,706.4565992865636,30.24137931034483,253.07966706302025,6.310344827586207,4.724137931034483,0.4142857142857143
2950,28.0,37.535714285714285,664.7487244897957,27.035714285714285,230.1058673469388,5.321428571428571,5.357142857142857,0.3684210526315789
2951,14.0,16.071428571428573,76.92346938775509,29.357142857142858,1036.515306122449,7.714285714285714,1.7142857142857142,0.4375
2952,24.0,15.916666666666666,93.65972222222221,33.916666666666664,104.24305555555556,4.833333333333333,2.0833333333333335,0.7741935483870968
2953,8.0,11.5,24.0,75.5,87.25,6.125,1.0,0.5
2954,26.0,15.73076923076923,75.04289940828401,31.0,104.23076923076923,5.461538461538462,1.9615384615384615,0.8387096774193549
2955,9.0,52.111111111111114,790.3209876543209,6.333333333333333,10.666666666666664,5.111111111111111,8.666666666666666,0.10344827586206896
2956,24.0,48.583333333333336,1008.7430555555553,5.791666666666667,9.248263888888891,5.416666666666667,8.125,0.25
2957,21.0,39.095238095238095,331.5147392290249,32.04761904761905,196.2358276643991,6.857142857142857,4.571428571428571,0.375
2958,16.0,16.25,66.1875,33.3125,82.83984375,4.8125,1.9375,0.5333333333333333
2959,30.0,41.766666666666666,337.2455555555555,34.53333333333333,189.98222222222222,5.0,5.2,0.5769230769230769
2960,21.0,5.0,6.571428571428571,23.428571428571427,19.102040816326532,5.714285714285714,7.857142857142857,1.9090909090909092
2961,7.0,15.285714285714286,80.48979591836734,26.571428571428573,541.9591836734693,7.285714285714286,2.2857142857142856,0.2916666666666667
2962,16.0,5.4375,8.62109375,22.375,17.734375,5.5,7.25,1.6
2963,30.0,6.166666666666667,9.672222222222222,24.133333333333333,15.84888888888889,5.533333333333333,7.5,2.727272727272727
2964,22.0,42.63636363636363,809.8677685950414,33.09090909090909,225.26446280991738,5.636363636363637,4.954545454545454,0.3055555555555556
2965,13.0,63.53846153846154,1168.863905325444,5.615384615384615,9.467455621301777,7.461538461538462,8.307692307692308,0.13402061855670103
2966,21.0,16.857142857142858,70.59863945578232,32.476190476190474,142.63038548752834,4.809523809523809,2.1904761904761907,0.7
2967,11.0,47.63636363636363,598.595041322314,31.09090909090909,267.900826446281,6.636363636363637,5.090909090909091,0.19298245614035087
2968,28.0,16.285714285714285,56.489795918367356,31.464285714285715,124.03443877551017,5.571428571428571,2.2142857142857144,1.0
2969,23.0,60.21739130434783,747.6483931947071,5.608695652173913,10.238185255198486,5.521739130434782,8.347826086956522,0.23711340206185566
2970,15.0,10.6,74.10666666666665,28.333333333333332,100.75555555555556,4.533333333333333,2.466666666666667,0.4838709677419355
2971,15.0,16.733333333333334,48.995555555555555,33.06666666666667,100.19555555555554,6.666666666666667,1.5333333333333334,0.5555555555555556
2972,8.0,58.5,606.75,7.0,7.75,5.25,8.625,0.10126582278481013
2973,11.0,47.72727272727273,754.9256198347107,4.818181818181818,5.966942148760331,5.636363636363637,8.363636363636363,0.12643678160919541
2974,14.0,37.0,467.2857142857143,39.714285714285715,196.48979591836738,5.857142857142857,4.5,0.22580645161290322
2975,9.0,57.44444444444444,609.8024691358025,5.222222222222222,7.283950617283949,6.111111111111111,7.777777777777778,0.0989010989010989
2976,9.0,15.444444444444445,45.58024691358024,34.888888888888886,107.65432098765432,2.3333333333333335,2.5555555555555554,0.4090909090909091
2977,14.0,19.785714285714285,92.45408163265304,25.0,603.8571428571429,7.714285714285714,2.0714285714285716,0.4375
2978,9.0,37.333333333333336,447.77777777777777,29.444444444444443,303.80246913580254,6.222222222222222,4.333333333333333,0.16071428571428573
2979,22.0,18.5,147.25,29.5,1271.340909090909,7.318181818181818,2.3636363636363638,0.5365853658536586
2980,14.0,42.07142857142857,403.35204081632656,33.642857142857146,163.80102040816328,7.071428571428571,6.142857142857143,0.25925925925925924
2981,21.0,9.761904761904763,25.32426303854875,78.52380952380952,146.91609977324265,7.095238095238095,1.0,1.2352941176470589
2982,11.0,38.45454545454545,230.97520661157026,29.545454545454547,239.15702479338844,6.090909090909091,4.909090909090909,0.23404255319148937
2983,19.0,20.105263157894736,165.88365650969527,40.36842105263158,1119.601108033241,7.684210526315789,1.6842105263157894,0.475
2984,27.0,61.7037037037037,583.9862825788753,6.074074074074074,8.290809327846366,5.407407407407407,8.37037037037037,0.2903225806451613
2985,8.0,16.5,93.0,20.875,745.109375,7.0,2.625,0.25806451612903225
2986,10.0,29.0,125.6,26.4,367.24,6.0,4.9,0.23255813953488372
2987,5.0,54.2,620.1600000000001,30.2,86.96000000000001,4.4,5.4,0.07936507936507936
2988,28.0,16.035714285714285,77.2487244897959,33.142857142857146,114.12244897959185,5.357142857142857,2.392857142857143,0.9655172413793104
2989,6.0,17.666666666666668,130.22222222222223,23.833333333333332,229.13888888888889,8.0,1.8333333333333333,0.16666666666666666
2990,26.0,14.0,57.0,32.15384615384615,105.59171597633137,4.846153846153846,1.9615384615384615,0.8666666666666667
2991,18.0,13.88888888888889,70.76543209876544,31.444444444444443,61.46913580246914,5.0,1.7777777777777777,0.6
2992,17.0,12.294117647058824,56.2076124567474,30.764705882352942,83.94463667820068,6.764705882352941,2.1176470588235294,0.7083333333333334
2993,14.0,17.642857142857142,141.94387755102042,31.214285714285715,1095.7397959183672,6.357142857142857,1.4285714285714286,0.358974358974359
2994,8.0,2.875,10.109375,20.375,24.234375,5.625,8.375,0.7272727272727273
2995,11.0,6.545454545454546,6.793388429752067,19.90909090909091,18.628099173553718,5.090909090909091,7.0,1.2222222222222223
2996,25.0,14.48,87.92960000000001,32.48,92.32960000000001,4.48,2.12,0.8333333333333334
2997,27.0,13.962962962962964,93.59122085048013,33.7037037037037,130.13443072702336,6.0,2.074074074074074,0.9
2998,7.0,42.285714285714285,641.9183673469387,40.42857142857143,250.53061224489792,5.857142857142857,4.0,0.109375
2999,22.0,4.636363636363637,9.685950413223141,23.136363636363637,19.299586776859503,5.2272727272727275,7.5,2.0
3000,11.0,9.727272727272727,26.380165289256198,79.36363636363636,73.50413223140495,6.7272727272727275,0.45454545454545453,0.6470588235294118
3001,25.0,63.6,679.5999999999999,4.48,7.289599999999999,4.92,8.36,0.2717391304347826
3002,7.0,48.142857142857146,356.1224489795918,4.285714285714286,9.346938775510205,3.7142857142857144,8.285714285714286,0.125
3003,15.0,21.666666666666668,150.2222222222222,32.8,1555.2266666666665,6.866666666666666,1.8,0.4166666666666667
3004,25.0,17.04,76.03840000000001,32.72,135.0816,4.32,2.08,0.8620689655172413
3005,25.0,20.08,123.51360000000001,23.84,1125.7343999999998,7.28,1.88,0.6756756756756757
3006,9.0,42.888888888888886,340.32098765432096,39.333333333333336,197.11111111111111,4.0,4.777777777777778,0.18
3007,16.0,44.9375,608.55859375,5.9375,5.30859375,5.75,8.6875,0.20253164556962025
3008,13.0,46.76923076923077,972.9467455621302,39.53846153846154,247.78698224852073,4.384615384615385,5.538461538461538,0.18055555555555555
3009,21.0,62.523809523809526,738.6303854875283,5.0,6.666666666666667,6.142857142857143,8.476190476190476,0.21
3010,27.0,9.62962962962963,34.825788751714676,83.25925925925925,138.7105624142661,6.518518518518518,1.037037037037037,1.2857142857142858
3011,16.0,17.1875,82.40234375,34.125,97.609375,4.9375,2.0625,0.5714285714285714
3012,6.0,18.0,70.33333333333333,34.5,151.91666666666666,6.833333333333333,2.3333333333333335,0.24
3013,7.0,4.571428571428571,11.959183673469386,22.571428571428573,24.53061224489796,5.857142857142857,7.571428571428571,0.6363636363636364
3014,25.0,48.96,852.7583999999998,6.36,7.590400000000001,5.48,8.36,0.26881720430107525
3015,12.0,16.666666666666668,50.055555555555564,30.166666666666668,111.80555555555556,5.0,2.6666666666666665,0.48
3016,6.0,10.833333333333334,40.13888888888889,31.333333333333332,39.22222222222223,5.166666666666667,3.6666666666666665,0.2727272727272727
3017,27.0,44.2962962962963,725.6899862825788,5.296296296296297,10.282578875171467,6.407407407407407,8.88888888888889,0.2903225806451613
3018,30.0,51.06666666666667,642.3955555555555,4.5,9.716666666666667,5.833333333333333,8.433333333333334,0.3333333333333333
3019,25.0,43.04,874.6784000000001,33.12,296.1056,5.28,5.4,0.32894736842105265
3020,5.0,18.4,149.84,31.4,765.04,7.8,1.6,0.15151515151515152
3021,11.0,41.27272727272727,657.8347107438017,22.818181818181817,129.4214876033058,4.636363636363637,6.454545454545454,0.14285714285714285
3022,13.0,5.615384615384615,9.313609467455622,21.23076923076923,15.869822485207102,6.076923076923077,6.923076923076923,1.1818181818181819
3023,15.0,20.6,89.17333333333335,47.6,1788.1066666666668,7.6,2.2666666666666666,0.5172413793103449
3024,6.0,50.666666666666664,693.2222222222222,6.0,6.666666666666667,5.0,7.833333333333333,0.08450704225352113
3025,14.0,43.57142857142857,487.2448979591837,33.642857142857146,82.65816326530611,4.285714285714286,5.714285714285714,0.22580645161290322
3026,27.0,4.37037037037037,9.714677640603565,23.22222222222222,20.54320987654321,5.407407407407407,7.222222222222222,2.4545454545454546
3027,6.0,45.0,719.0,6.333333333333333,5.555555555555556,6.666666666666667,8.166666666666666,0.07058823529411765
3028,7.0,5.142857142857143,14.122448979591837,24.714285714285715,5.346938775510204,5.714285714285714,8.142857142857142,0.6363636363636364
3029,12.0,54.0,768.6666666666666,5.5,6.916666666666667,5.25,8.666666666666666,0.1411764705882353
3030,5.0,55.2,437.36,7.0,10.8,7.2,9.2,0.0847457627118644
3031,24.0,34.125,498.2760416666667,34.166666666666664,194.30555555555557,6.458333333333333,4.708333333333333,0.34782608695652173
3032,14.0,17.428571428571427,49.244897959183675,30.428571428571427,941.530612244898,7.214285714285714,1.5714285714285714,0.4666666666666667
3033,7.0,4.428571428571429,5.673469387755103,24.0,16.857142857142858,4.857142857142857,7.142857142857143,0.7777777777777778
3034,20.0,49.3,988.11,5.3,8.61,5.6,8.25,0.19801980198019803
3035,5.0,15.8,58.160000000000004,37.8,62.15999999999999,4.4,2.2,0.2777777777777778
3036,16.0,22.375,141.609375,17.375,711.609375,6.875,2.0625,0.42105263157894735
3037,28.0,8.321428571428571,35.3609693877551,77.60714285714286,114.38137755102039,6.25,1.1428571428571428,1.4
3038,22.0,41.27272727272727,674.4710743801653,38.72727272727273,205.92561983471072,5.2727272727272725,4.954545454545454,0.3142857142857143
3039,23.0,8.608695652173912,39.19470699432891,82.65217391304348,144.2268431001891,6.608695652173913,0.9565217391304348,1.15
3040,17.0,3.9411764705882355,7.937716262975782,22.705882352941178,16.795847750865054,5.0588235294117645,7.529411764705882,1.7
3041,19.0,17.57894736842105,51.401662049861486,32.1578947368421,139.39612188365646,5.473684210526316,1.8421052631578947,0.6551724137931034
3042,14.0,16.357142857142858,68.51530612244896,37.857142857142854,87.55102040816327,5.357142857142857,2.2857142857142856,0.5
3043,23.0,14.782608695652174,121.99621928166354,35.17391304347826,1176.491493383743,6.739130434782608,1.608695652173913,0.6216216216216216
3044,30.0,15.2,68.36,31.5,71.18333333333334,6.633333333333334,2.2,0.967741935483871
3045,23.0,4.739130434782608,8.105860113421551,22.217391304347824,28.17013232514177,5.260869565217392,7.869565217391305,2.3
3046,12.0,5.75,5.6875,24.916666666666668,13.243055555555557,5.083333333333333,7.833333333333333,1.3333333333333333
3047,22.0,14.727272727272727,91.65289256198345,28.454545454545453,47.79338842975207,4.545454545454546,2.272727272727273,0.7333333333333333
3048,27.0,16.444444444444443,105.58024691358024,31.11111111111111,1079.358024691358,6.925925925925926,2.074074074074074,0.7941176470588235
3049,12.0,49.75,515.0208333333334,34.5,240.25,5.833333333333333,4.25,0.18181818181818182
3050,27.0,16.925925925925927,92.06858710562413,33.77777777777778,122.98765432098766,4.777777777777778,2.3703703703703702,0.8709677419354839
3051,8.0,58.375,623.234375,4.125,4.859375,6.875,8.375,0.10526315789473684
3052,24.0,12.083333333333334,33.90972222222222,76.91666666666667,96.82638888888887,6.791666666666667,0.9583333333333334,1.2
3053,21.0,16.761904761904763,85.80045351473923,34.857142857142854,130.40816326530611,4.333333333333333,2.0476190476190474,0.6774193548387096
3054,25.0,31.36,787.3504,30.0,232.08,6.6,4.68,0.32894736842105265
3055,17.0,59.64705882352941,742.3460207612458,5.235294117647059,9.238754325259517,5.764705882352941,8.352941176470589,0.18478260869565216
3056,19.0,45.78947368421053,653.2188365650971,30.57894736842105,280.5595567867036,5.421052631578948,4.894736842105263,0.3114754098360656
3057,6.0,16.5,132.91666666666666,51.166666666666664,1538.4722222222224,6.833333333333333,3.0,0.1875
3058,29.0,16.551724137931036,85.83353151010702,31.79310344827586,69.61236623067775,5.482758620689655,1.3448275862068966,0.9354838709677419
3059,30.0,16.733333333333334,131.26222222222222,34.1,1262.356666666667,6.633333333333334,2.2333333333333334,0.7894736842105263
3060,25.0,13.88,58.58559999999999,30.16,121.65439999999998,6.52,1.64,0.9615384615384616
3061,10.0,18.9,57.89,31.8,94.56,4.7,1.9,0.4
3062,13.0,46.07692307692308,1071.4556213017752,3.6923076923076925,4.674556213017752,3.8461538461538463,8.692307692307692,0.1326530612244898
3063,6.0,42.0,583.3333333333334,29.0,345.0,3.5,5.333333333333333,0.08695652173913043
3064,14.0,19.214285714285715,117.88265306122449,34.857142857142854,1297.4081632653063,6.857142857142857,1.8571428571428572,0.42424242424242425
3065,29.0,5.551724137931035,10.04042806183115,22.310344827586206,27.5243757431629,5.793103448275862,6.758620689655173,2.6363636363636362
3066,19.0,58.8421052631579,741.1855955678668,6.2631578947368425,9.457063711911358,4.7894736842105265,8.263157894736842,0.2111111111111111
3067,6.0,13.333333333333334,53.22222222222223,27.833333333333332,135.80555555555557,8.166666666666666,2.6666666666666665,0.2608695652173913
3068,5.0,66.4,731.4399999999999,3.8,0.15999999999999998,4.4,7.6,0.06756756756756757
3069,6.0,6.166666666666667,16.472222222222218,21.333333333333332,13.888888888888891,5.5,7.666666666666667,0.5454545454545454
3070,5.0,22.8,48.959999999999994,41.8,1233.3600000000001,6.4,2.2,0.23809523809523808
3071,13.0,9.153846153846153,23.514792899408288,75.07692307692308,137.14792899408283,7.6923076923076925,1.1538461538461537,0.7647058823529411
3072,11.0,43.27272727272727,580.3801652892563,5.909090909090909,8.082644628099173,5.454545454545454,8.272727272727273,0.12790697674418605
3073,17.0,14.588235294117647,80.00692041522491,28.764705882352942,127.2387543252595,4.823529411764706,2.2941176470588234,0.5862068965517241
3074,24.0,43.916666666666664,701.9097222222222,28.5,228.83333333333334,5.25,4.875,0.3582089552238806
3075,16.0,14.375,164.859375,32.125,1147.484375,6.8125,1.25,0.4
3076,21.0,6.476190476190476,4.91609977324263,23.19047619047619,12.725623582766437,5.476190476190476,7.380952380952381,2.625
3077,28.0,10.857142857142858,39.765306122448976,77.71428571428571,113.63265306122447,6.964285714285714,1.0,1.3333333333333333
3078,11.0,24.454545454545453,131.15702479338844,29.727272727272727,1135.4710743801652,7.181818181818182,1.9090909090909092,0.3333333333333333
3079,24.0,38.541666666666664,677.1649305555555,32.125,170.77604166666666,5.333333333333333,4.75,0.34782608695652173
3080,11.0,6.636363636363637,27.140495867768603,86.36363636363636,125.86776859504131,7.545454545454546,1.0909090909090908,0.5238095238095238
3081,26.0,54.5,831.1730769230769,5.8076923076923075,7.309171597633137,6.0,8.5,0.2708333333333333
3082,12.0,49.5,446.25,32.416666666666664,331.90972222222223,6.583333333333333,4.916666666666667,0.2033898305084746
3083,30.0,53.0,1107.7333333333333,5.5,7.05,5.5,8.5,0.3
3084,29.0,16.103448275862068,56.64447086801425,37.275862068965516,94.33769322235433,4.103448275862069,2.1379310344827585,1.16
3085,14.0,41.357142857142854,406.94387755102036,29.857142857142858,339.97959183673476,5.571428571428571,6.071428571428571,0.28
3086,23.0,36.04347826086956,678.0415879017013,31.08695652173913,142.94896030245746,5.434782608695652,4.434782608695652,0.3484848484848485
3087,6.0,41.666666666666664,629.5555555555555,5.0,8.333333333333334,6.666666666666667,8.833333333333334,0.08571428571428572
3088,10.0,13.9,193.29000000000002,31.4,961.8400000000001,6.9,1.8,0.24390243902439024
3089,25.0,53.64,684.1504,5.56,8.566399999999998,5.28,8.36,0.25252525252525254
3090,17.0,10.058823529411764,38.05536332179931,78.23529411764706,175.35640138408303,6.529411764705882,1.0,0.85
3091,27.0,15.37037037037037,91.49245541838135,31.333333333333332,133.85185185185185,6.407407407407407,1.962962962962963,0.9
3092,14.0,19.214285714285715,82.5969387755102,39.42857142857143,971.6734693877552,7.714285714285714,1.7142857142857142,0.4117647058823529
3093,6.0,13.833333333333334,36.47222222222222,74.83333333333333,59.805555555555564,6.5,0.6666666666666666,0.3
3094,25.0,13.76,53.2224,29.8,85.28,4.68,2.36,0.8620689655172413
3095,26.0,17.576923076923077,114.78254437869822,33.53846153846154,1264.9408284023668,7.076923076923077,2.0,0.7027027027027027
3096,28.0,22.142857142857142,107.1938775510204,30.25,958.5446428571429,6.642857142857143,2.2857142857142856,0.7777777777777778
3097,21.0,38.23809523809524,1031.4195011337872,37.904761904761905,310.27664399092964,7.0476190476190474,5.0,0.25301204819277107
3098,27.0,40.592592592592595,1023.2043895747601,6.148148148148148,8.200274348422496,5.518518518518518,8.481481481481481,0.28125
3099,30.0,10.666666666666666,35.35555555555554,80.13333333333334,149.51555555555558,7.566666666666666,1.3,1.4285714285714286
3100,12.0,10.25,18.020833333333332,81.0,94.5,6.75,1.0833333333333333,0.8571428571428571
3101,11.0,46.45454545454545,838.4297520661156,27.0,305.27272727272725,5.181818181818182,5.0,0.1506849315068493
3102,25.0,10.24,32.9024,80.72,127.24160000000002,6.28,1.04,1.1904761904761905
3103,25.0,4.88,8.185599999999999,22.56,15.686399999999999,5.88,7.96,2.5
3104,26.0,10.884615384615385,42.56360946745561,83.57692307692308,139.9363905325444,7.1923076923076925,0.8846153846153846,1.2380952380952381
3105,22.0,5.090909090909091,8.53719008264463,22.454545454545453,29.61157024793388,5.363636363636363,7.681818181818182,2.0
3106,24.0,34.458333333333336,363.3315972222221,30.333333333333332,345.88888888888874,4.75,4.791666666666667,0.46153846153846156
3107,16.0,37.125,726.484375,5.0,8.625,6.375,8.625,0.17777777777777778
3108,23.0,14.217391304347826,84.17013232514181,32.56521739130435,99.0283553875236,4.6521739130434785,2.4347826086956523,0.7419354838709677
3109,13.0,11.076923076923077,22.686390532544376,77.0,103.84615384615384,7.153846153846154,1.4615384615384615,0.8125
3110,11.0,25.181818181818183,83.05785123966942,29.09090909090909,696.4462809917355,7.7272727272727275,1.7272727272727273,0.3142857142857143
3111,20.0,47.75,1186.5875,6.45,7.047499999999999,5.05,8.85,0.21052631578947367
3112,30.0,49.06666666666667,841.5288888888888,4.9,8.423333333333334,4.966666666666667,8.5,0.30612244897959184
3113,14.0,19.071428571428573,154.49489795918367,27.714285714285715,869.4897959183671,7.285714285714286,2.357142857142857,0.35
3114,23.0,43.391304347826086,275.281663516068,29.0,234.95652173913044,4.521739130434782,4.913043478260869,0.4791666666666667
3115,29.0,36.13793103448276,689.0154577883474,29.896551724137932,238.5065398335315,5.0344827586206895,5.0344827586206895,0.3918918918918919
3116,17.0,14.470588235294118,60.719723183391004,31.176470588235293,88.96885813148788,5.352941176470588,2.2941176470588234,0.6296296296296297
3117,29.0,20.586206896551722,78.38049940546968,24.896551724137932,1036.9892984542216,7.310344827586207,2.103448275862069,0.7631578947368421
3118,26.0,12.153846153846153,39.51479289940828,83.38461538461539,153.1597633136095,7.3076923076923075,1.0,1.2380952380952381
3119,13.0,3.8461538461538463,11.207100591715975,22.76923076923077,16.639053254437872,5.076923076923077,7.615384615384615,1.1818181818181819
3120,15.0,4.733333333333333,8.862222222222224,22.466666666666665,17.315555555555555,5.4,8.066666666666666,1.5
3121,5.0,7.0,8.4,20.6,10.239999999999998,4.6,7.4,0.625
3122,6.0,24.166666666666668,116.80555555555556,18.333333333333332,121.88888888888887,7.0,2.3333333333333335,0.20689655172413793
3123,16.0,11.75,85.5625,41.0,1105.625,7.875,2.3125,0.6153846153846154
3124,6.0,27.666666666666668,90.8888888888889,6.833333333333333,82.47222222222223,8.0,2.1666666666666665,0.23076923076923078
3125,28.0,5.107142857142857,10.381377551020407,23.25,20.6875,5.535714285714286,7.285714285714286,2.5454545454545454
3126,25.0,38.2,385.92000000000013,32.0,226.64,7.24,5.0,0.43103448275862066
3127,20.0,37.2,717.6599999999999,33.5,322.85,5.95,4.75,0.2777777777777778
3128,20.0,9.3,48.009999999999984,78.3,166.91,6.95,1.1,0.9523809523809523
3129,18.0,9.61111111111111,59.348765432098766,81.05555555555556,141.71913580246917,7.111111111111111,1.0555555555555556,0.8571428571428571
3130,27.0,4.62962962962963,6.973936899862825,21.88888888888889,25.061728395061728,5.111111111111111,7.148148148148148,2.7
3131,11.0,41.45454545454545,774.4297520661158,7.181818181818182,5.239669421487604,5.0,8.0,0.1375
3132,23.0,5.217391304347826,12.257088846880908,21.73913043478261,20.36672967863894,6.043478260869565,7.913043478260869,2.090909090909091
3133,6.0,19.333333333333332,88.88888888888887,58.833333333333336,912.4722222222222,6.5,1.1666666666666667,0.20689655172413793
3134,11.0,50.36363636363637,736.5950413223139,4.454545454545454,6.0661157024793395,5.909090909090909,8.363636363636363,0.125
3135,20.0,37.45,441.94750000000005,40.55,187.54750000000004,6.45,5.05,0.3076923076923077
3136,21.0,53.61904761904762,630.7120181405895,5.380952380952381,6.521541950113378,5.809523809523809,8.571428571428571,0.22826086956521738
3137,10.0,46.1,830.4900000000001,29.0,346.4,5.0,4.9,0.14705882352941177
3138,12.0,9.083333333333334,36.90972222222222,76.66666666666667,156.2222222222222,7.5,1.3333333333333333,0.631578947368421
3139,8.0,45.625,872.484375,5.875,7.109375,4.875,8.0,0.11267605633802817
3140,24.0,15.666666666666666,106.47222222222221,39.083333333333336,905.9097222222221,6.916666666666667,2.4583333333333335,0.6486486486486487
3141,27.0,4.814814814814815,13.706447187928669,23.074074074074073,22.809327846364884,5.222222222222222,7.62962962962963,2.4545454545454546
3142,16.0,3.8125,10.65234375,24.1875,19.90234375,5.25,7.5,1.4545454545454546
3143,22.0,11.727272727272727,30.743801652892568,76.68181818181819,121.48966942148758,6.318181818181818,1.2727272727272727,1.2941176470588236
3144,18.0,23.833333333333332,111.02777777777776,35.72222222222222,1168.422839506173,7.722222222222222,1.7777777777777777,0.4864864864864865
3145,15.0,3.8,8.960000000000003,23.6,13.439999999999998,5.333333333333333,7.666666666666667,1.3636363636363635
3146,22.0,8.818181818181818,31.05785123966942,76.95454545454545,156.31611570247932,6.7727272727272725,0.9090909090909091,1.1578947368421053
3147,15.0,16.333333333333332,79.42222222222223,34.8,74.56,4.933333333333334,2.066666666666667,0.5172413793103449
3148,17.0,45.0,790.1176470588235,35.05882352941177,249.1141868512111,4.588235294117647,5.0588235294117645,0.22666666666666666
3149,17.0,10.0,44.35294117647059,78.11764705882354,156.22145328719725,6.882352941176471,1.2352941176470589,0.85
3150,9.0,20.22222222222222,184.8395061728395,33.0,1240.0,6.444444444444445,1.5555555555555556,0.21951219512195122
3151,21.0,15.714285714285714,114.01360544217687,28.476190476190474,1105.2018140589569,6.9523809523809526,1.7619047619047619,0.6176470588235294
3152,14.0,3.7142857142857144,5.775510204081633,21.214285714285715,21.02551020408163,5.714285714285714,8.214285714285714,1.4
3153,10.0,51.9,498.09,36.0,239.8,3.6,4.2,0.1724137931034483
3154,7.0,35.42857142857143,1151.673469387755,6.428571428571429,10.244897959183675,3.857142857142857,8.714285714285714,0.07777777777777778
3155,12.0,10.583333333333334,65.40972222222221,33.25,57.354166666666664,4.916666666666667,2.75,0.41379310344827586
3156,10.0,3.7,8.010000000000002,25.6,14.440000000000001,5.5,7.3,1.0
3157,5.0,7.2,22.160000000000004,81.0,118.0,7.6,1.4,0.3333333333333333
3158,10.0,14.5,107.05,35.6,54.04,7.7,1.7,0.3333333333333333
3159,27.0,56.888888888888886,596.7654320987654,5.592592592592593,9.278463648834022,4.555555555555555,8.592592592592593,0.3333333333333333
3160,12.0,52.666666666666664,707.5555555555555,5.0,5.333333333333333,4.75,8.0,0.13793103448275862
3161,19.0,22.157894736842106,112.7645429362881,18.526315789473685,636.9861495844875,7.473684210526316,1.368421052631579,0.48717948717948717
3162,15.0,9.2,34.56000000000001,80.06666666666666,141.79555555555555,7.533333333333333,1.0666666666666667,0.75
3163,17.0,10.117647058823529,22.33910034602076,80.41176470588235,155.6539792387543,7.470588235294118,1.0588235294117647,1.0
3164,28.0,5.392857142857143,8.16709183673469,22.678571428571427,22.503826530612248,5.642857142857143,7.071428571428571,2.5454545454545454
3165,23.0,21.52173913043478,159.98865784499054,24.0,749.5652173913044,6.304347826086956,2.1739130434782608,0.5609756097560976
3166,8.0,45.125,573.859375,5.25,10.6875,5.0,8.25,0.1
3167,20.0,8.85,32.1275,79.75,127.4875,7.5,0.9,1.0
3168,5.0,40.2,700.96,5.8,10.16,6.2,8.0,0.0684931506849315
3169,19.0,7.473684210526316,40.67036011080333,76.84210526315789,140.13296398891967,6.2105263157894735,0.7894736842105263,0.9047619047619048
3170,30.0,57.333333333333336,809.622222222222,4.933333333333334,5.595555555555553,7.266666666666667,8.566666666666666,0.30927835051546393
3171,8.0,5.375,6.734375,21.75,19.9375,5.125,7.5,1.0
3172,23.0,10.347826086956522,41.096408317580334,84.08695652173913,135.3837429111531,6.826086956521739,1.3478260869565217,1.0952380952380953
3173,20.0,50.05,960.1475,4.75,6.7875,4.7,8.65,0.21739130434782608
3174,14.0,12.5,41.535714285714285,78.21428571428571,115.02551020408164,7.857142857142857,0.7142857142857143,0.7777777777777778
3175,11.0,35.54545454545455,494.97520661157034,33.18181818181818,298.6942148760331,5.909090909090909,4.636363636363637,0.18032786885245902
3176,12.0,12.416666666666666,37.90972222222222,32.583333333333336,108.90972222222223,5.0,1.8333333333333333,0.42857142857142855
3177,17.0,34.294117647058826,892.5605536332179,32.11764705882353,309.16262975778545,6.9411764705882355,5.235294117647059,0.21518987341772153
3178,21.0,19.666666666666668,144.6984126984127,29.142857142857142,974.6938775510205,7.428571428571429,1.9523809523809523,0.5384615384615384
3179,11.0,20.454545454545453,52.79338842975207,32.36363636363637,103.14049586776859,5.818181818181818,2.0,0.4583333333333333
3180,14.0,44.0,473.2857142857143,33.214285714285715,174.73979591836738,6.714285714285714,5.285714285714286,0.23333333333333334
3181,17.0,55.23529411764706,957.2387543252595,5.411764705882353,7.771626297577855,5.705882352941177,8.529411764705882,0.17894736842105263
3182,18.0,5.444444444444445,6.80246913580247,21.61111111111111,15.126543209876546,5.222222222222222,7.388888888888889,1.6363636363636365
3183,21.0,17.238095238095237,158.65759637188208,26.19047619047619,766.1541950113378,6.0476190476190474,1.6666666666666667,0.5121951219512195
3184,29.0,35.758620689655174,835.9072532699167,36.724137931034484,275.85493460166475,5.620689655172414,5.275862068965517,0.4084507042253521
3185,29.0,44.51724137931034,491.42211652794276,31.103448275862068,273.95481569560053,5.517241379310345,5.137931034482759,0.4915254237288136
3186,30.0,15.266666666666667,78.46222222222222,31.833333333333332,110.2722222222222,5.8,1.9333333333333333,0.967741935483871
3187,26.0,47.07692307692308,783.9940828402365,5.423076923076923,8.474852071005916,4.961538461538462,8.846153846153847,0.29545454545454547
3188,20.0,50.3,818.51,5.8,6.259999999999998,6.1,8.6,0.2
3189,30.0,58.56666666666667,601.5122222222221,6.066666666666666,4.26222222222222,5.233333333333333,8.633333333333333,0.3448275862068966
3190,24.0,59.708333333333336,803.7899305555553,3.7916666666666665,6.664930555555556,5.875,8.208333333333334,0.24242424242424243
3191,29.0,9.448275862068966,42.178359096313905,81.82758620689656,143.79785969084426,7.310344827586207,0.896551724137931,1.380952380952381
3192,16.0,17.3125,64.58984375,31.5,133.0,4.5625,1.8125,0.5925925925925926
3193,29.0,21.275862068965516,182.68252080856126,39.37931034482759,1368.4423305588584,7.586206896551724,2.0,0.7073170731707317
3194,17.0,9.470588235294118,26.366782006920417,79.05882352941177,129.46712802768167,6.705882352941177,1.0,1.0
3195,24.0,16.416666666666668,58.49305555555554,30.375,85.90104166666667,5.708333333333333,2.0,0.8888888888888888
3196,20.0,49.1,1145.4899999999998,5.15,6.0275,5.6,8.3,0.19801980198019803
3197,20.0,20.55,150.94750000000005,25.9,1047.3899999999996,7.7,1.95,0.5
3198,14.0,11.642857142857142,41.515306122448976,81.07142857142857,171.9234693877551,6.857142857142857,0.5714285714285714,0.7
3199,17.0,10.823529411764707,29.674740484429062,78.3529411764706,139.87543252595154,6.294117647058823,0.8823529411764706,0.8095238095238095
3200,30.0,7.166666666666667,26.738888888888887,79.8,130.56000000000003,6.766666666666667,1.0,1.5
3201,11.0,9.818181818181818,63.05785123966941,29.272727272727273,97.10743801652893,2.909090909090909,2.727272727272727,0.3793103448275862
3202,22.0,38.04545454545455,566.5888429752066,35.27272727272727,297.6528925619835,6.136363636363637,4.818181818181818,0.3384615384615385
3203,11.0,40.72727272727273,798.7438016528927,34.0,253.27272727272728,7.181818181818182,4.636363636363637,0.13924050632911392
3204,8.0,21.0,120.75,18.0,551.75,7.25,2.25,0.24242424242424243
3205,13.0,47.23076923076923,984.1775147928992,25.53846153846154,257.63313609467457,4.615384615384615,4.6923076923076925,0.16666666666666666
3206,14.0,10.071428571428571,68.78061224489797,27.285714285714285,100.91836734693877,4.5,2.357142857142857,0.4827586206896552
3207,8.0,42.0,1247.25,5.375,7.234375,5.625,8.5,0.08163265306122448
3208,27.0,4.518518518518518,6.323731138545952,22.555555555555557,15.654320987654321,5.37037037037037,7.185185185185185,2.7
3209,18.0,41.888888888888886,436.87654320987656,33.77777777777778,208.50617283950618,4.888888888888889,4.944444444444445,0.28125
3210,19.0,31.894736842105264,508.72576177285316,26.57894736842105,215.8227146814404,5.947368421052632,4.315789473684211,0.2676056338028169
3211,19.0,16.157894736842106,128.34349030470915,36.73684210526316,1194.7202216066482,7.473684210526316,2.3684210526315788,0.48717948717948717
3212,25.0,20.2,132.79999999999995,20.68,786.7775999999998,7.4,2.36,0.6578947368421053
3213,29.0,10.310344827586206,43.59334126040428,78.41379310344827,154.93222354340074,7.103448275862069,1.1724137931034482,1.380952380952381
3214,30.0,7.666666666666667,24.955555555555552,82.16666666666667,143.40555555555557,7.033333333333333,0.9,1.6666666666666667
3215,8.0,18.375,97.484375,34.625,1245.984375,6.0,2.625,0.23529411764705882
3216,21.0,4.9523809523809526,10.235827664399093,22.142857142857142,16.50340136054422,5.142857142857143,7.619047619047619,1.9090909090909092
3217,10.0,15.3,84.61,32.2,141.56,3.9,1.3,0.3448275862068966
3218,9.0,43.333333333333336,638.2222222222222,35.333333333333336,119.33333333333333,3.7777777777777777,5.222222222222222,0.14516129032258066
3219,7.0,51.0,579.7142857142857,6.0,10.857142857142858,4.571428571428571,8.571428571428571,0.09210526315789473
3220,26.0,54.07692307692308,326.6863905325444,34.26923076923077,194.042899408284,6.538461538461538,3.269230769230769,0.40625
3221,25.0,10.84,39.254400000000004,82.28,134.6816,6.48,0.8,1.1904761904761905
3222,6.0,17.666666666666668,66.55555555555556,21.833333333333332,1058.4722222222222,8.333333333333334,3.0,0.25
3223,11.0,5.2727272727272725,10.016528925619836,20.90909090909091,14.628099173553721,5.636363636363637,8.545454545454545,1.0
3224,29.0,22.448275862068964,161.90249702734837,38.51724137931034,1257.8359096313914,7.482758620689655,2.3793103448275863,0.725
3225,14.0,47.357142857142854,910.2295918367347,4.642857142857143,5.229591836734693,6.714285714285714,8.285714285714286,0.15555555555555556
3226,25.0,5.0,11.36,22.76,15.702399999999997,5.24,7.76,2.272727272727273
3227,26.0,45.46153846153846,907.3254437869821,28.26923076923077,278.88905325443784,5.961538461538462,5.1923076923076925,0.3333333333333333
3228,20.0,5.2,8.66,21.6,24.84,5.8,7.95,1.8181818181818181
3229,7.0,13.714285714285714,49.632653061224495,25.142857142857142,84.40816326530611,3.857142857142857,1.8571428571428572,0.3181818181818182
3230,8.0,65.625,373.234375,4.625,11.734375,3.875,8.375,0.13333333333333333
3231,11.0,18.90909090909091,171.17355371900823,38.72727272727273,788.1983471074378,6.909090909090909,2.0,0.28205128205128205
3232,12.0,10.25,41.854166666666664,71.91666666666667,127.24305555555554,7.333333333333333,1.0833333333333333,0.6666666666666666
3233,10.0,7.3,40.21,83.1,74.09,7.8,0.8,0.5263157894736842
3234,24.0,31.833333333333332,606.6388888888888,33.916666666666664,260.8263888888889,5.458333333333333,4.75,0.36923076923076925
3235,7.0,7.571428571428571,21.10204081632653,77.85714285714286,121.265306122449,6.428571428571429,0.8571428571428571,0.4666666666666667
3236,20.0,28.85,742.6275,30.55,268.24750000000006,6.4,5.25,0.24390243902439024
3237,12.0,19.333333333333332,115.55555555555556,28.916666666666668,595.9097222222222,7.416666666666667,2.4166666666666665,0.3333333333333333
3238,18.0,28.833333333333332,756.1388888888889,36.833333333333336,213.91666666666666,5.5,5.111111111111111,0.2857142857142857
3239,10.0,32.8,756.1600000000001,33.2,259.15999999999997,4.3,5.0,0.12195121951219512
3240,10.0,19.1,69.89000000000001,42.4,1643.0399999999997,6.7,1.6,0.38461538461538464
3241,29.0,5.620689655172414,9.95957193816885,20.75862068965517,20.045184304399523,5.413793103448276,7.689655172413793,2.6363636363636362
3242,11.0,9.454545454545455,63.702479338842984,37.63636363636363,89.3223140495868,4.636363636363637,2.272727272727273,0.3793103448275862
3243,6.0,47.166666666666664,698.8055555555553,35.5,323.9166666666667,4.5,4.0,0.07792207792207792
3244,15.0,17.266666666666666,105.12888888888888,28.4,95.84,6.2,1.4666666666666666,0.5172413793103449
3245,7.0,12.285714285714286,62.204081632653065,30.428571428571427,129.38775510204079,8.571428571428571,3.0,0.28
3246,19.0,48.8421052631579,671.9224376731302,4.7368421052631575,7.036011080332409,5.315789473684211,8.105263157894736,0.20212765957446807
3247,11.0,33.0,436.0,40.63636363636363,111.32231404958678,5.363636363636363,5.909090909090909,0.18032786885245902
3248,6.0,5.333333333333333,2.888888888888889,22.166666666666668,26.472222222222225,5.666666666666667,8.333333333333334,1.0
3249,16.0,39.3125,286.33984375,34.1875,269.52734375,5.4375,4.75,0.32
3250,27.0,14.88888888888889,117.2098765432099,26.814814814814813,1000.9657064471882,6.962962962962963,1.8888888888888888,0.75
3251,11.0,5.7272727272727275,9.652892561983471,21.90909090909091,17.355371900826444,5.363636363636363,7.363636363636363,1.0
3252,18.0,43.55555555555556,480.24691358024694,27.555555555555557,153.91358024691357,5.277777777777778,5.277777777777778,0.3
3253,12.0,34.166666666666664,303.30555555555554,46.916666666666664,97.24305555555556,5.416666666666667,5.333333333333333,0.2222222222222222
3254,5.0,11.2,15.76,81.2,156.56,5.0,1.0,0.4166666666666667
3255,30.0,31.2,748.7600000000001,26.466666666666665,253.31555555555553,5.0,4.733333333333333,0.4166666666666667
3256,25.0,4.0,10.88,22.36,15.2704,5.04,7.72,2.272727272727273
3257,7.0,12.285714285714286,125.91836734693878,30.571428571428573,95.67346938775509,6.0,2.4285714285714284,0.2413793103448276
3258,14.0,18.571428571428573,147.24489795918367,18.0,618.4285714285714,6.214285714285714,1.5714285714285714,0.3783783783783784
3259,11.0,46.90909090909091,460.4462809917355,33.81818181818182,375.0578512396694,5.7272727272727275,5.090909090909091,0.18032786885245902
3260,25.0,14.76,67.9424,28.44,78.24640000000001,5.6,2.16,0.8928571428571429
3261,11.0,69.27272727272727,330.19834710743794,4.909090909090909,4.8099173553719,5.181818181818182,8.454545454545455,0.1774193548387097
3262,26.0,42.34615384615385,803.9955621301776,5.653846153846154,5.6109467455621305,4.961538461538462,8.807692307692308,0.27956989247311825
3263,16.0,18.875,118.359375,33.125,1312.234375,7.375,2.4375,0.47058823529411764
3264,15.0,11.533333333333333,47.315555555555555,30.066666666666666,100.3288888888889,5.533333333333333,1.6,0.5357142857142857
3265,18.0,45.333333333333336,565.6666666666666,35.111111111111114,283.09876543209873,4.333333333333333,5.111111111111111,0.2857142857142857
3266,26.0,46.57692307692308,710.551775147929,5.653846153846154,13.995562130177511,4.961538461538462,8.576923076923077,0.2653061224489796
3267,29.0,37.0,594.551724137931,32.3448275862069,257.7431629013079,6.241379310344827,4.620689655172414,0.4142857142857143
3268,26.0,22.76923076923077,154.10059171597632,31.5,1242.0192307692307,7.346153846153846,2.3461538461538463,0.6341463414634146
3269,9.0,4.444444444444445,10.02469135802469,21.0,28.22222222222222,5.888888888888889,7.444444444444445,0.9
3270,18.0,31.5,649.3611111111111,35.5,223.91666666666666,6.055555555555555,4.333333333333333,0.27692307692307694
3271,25.0,20.96,142.67840000000004,34.44,964.3264,7.4,1.56,0.625
3272,5.0,30.4,297.84000000000003,33.2,401.36,6.2,6.0,0.13157894736842105
3273,9.0,13.11111111111111,61.876543209876544,30.11111111111111,149.87654320987656,5.222222222222222,2.3333333333333335,0.34615384615384615
3274,14.0,15.071428571428571,103.49489795918369,35.357142857142854,89.2295918367347,6.214285714285714,2.5714285714285716,0.4666666666666667
3275,27.0,40.148148148148145,611.9039780521263,35.629629629629626,340.3813443072702,5.518518518518518,5.518518518518518,0.38028169014084506
3276,14.0,18.071428571428573,141.35204081632654,23.857142857142858,835.6938775510201,6.0,1.8571428571428572,0.35
3277,21.0,5.523809523809524,8.53514739229025,22.333333333333332,23.269841269841272,5.285714285714286,7.238095238095238,1.9090909090909092
3278,30.0,47.3,811.8100000000001,5.033333333333333,7.9655555555555555,5.566666666666666,8.6,0.3
3279,27.0,45.666666666666664,729.5555555555555,37.925925925925924,204.43895747599453,5.296296296296297,5.333333333333333,0.391304347826087
3280,9.0,10.0,35.333333333333336,77.22222222222223,179.50617283950615,5.888888888888889,0.7777777777777778,0.45
3281,27.0,5.037037037037037,8.776406035665296,23.185185185185187,21.3360768175583,6.111111111111111,7.666666666666667,2.4545454545454546
3282,20.0,35.45,506.6474999999999,29.3,241.41,5.55,5.7,0.3448275862068966
3283,11.0,16.636363636363637,164.2314049586777,26.727272727272727,1145.834710743802,7.636363636363637,2.727272727272727,0.28205128205128205
3284,22.0,15.272727272727273,88.56198347107441,30.863636363636363,132.84504132231405,5.5,1.9090909090909092,0.7096774193548387
3285,12.0,64.0,1035.8333333333333,5.25,10.854166666666666,4.75,8.166666666666666,0.13043478260869565
3286,14.0,43.142857142857146,404.4081632653062,36.214285714285715,173.88265306122452,5.357142857142857,4.928571428571429,0.25925925925925924
3287,21.0,10.476190476190476,39.77324263038549,81.0952380952381,103.70521541950112,7.333333333333333,1.0476190476190477,1.0
3288,10.0,13.0,67.6,34.9,144.49,3.7,2.0,0.35714285714285715
3289,17.0,61.11764705882353,728.6920415224913,5.529411764705882,6.013840830449829,5.0,8.411764705882353,0.18478260869565216
3290,15.0,4.533333333333333,5.182222222222222,20.0,17.733333333333334,6.0,7.333333333333333,1.6666666666666667
3291,19.0,18.157894736842106,52.02770083102492,32.10526315789474,107.56786703601111,5.105263157894737,2.1052631578947367,0.7037037037037037
3292,30.0,50.3,735.9433333333333,6.333333333333333,5.822222222222224,5.933333333333334,8.4,0.3225806451612903
3293,28.0,11.357142857142858,42.15816326530613,80.71428571428571,123.98979591836735,7.392857142857143,0.8571428571428571,1.3333333333333333
3294,10.0,11.6,39.84,80.5,104.45,6.9,0.9,0.5263157894736842
3295,9.0,6.333333333333333,10.666666666666664,21.11111111111111,10.987654320987653,5.888888888888889,7.444444444444445,0.9
3296,15.0,53.13333333333333,1136.5155555555555,5.4,5.9733333333333345,6.4,8.466666666666667,0.15625
3297,18.0,10.333333333333334,25.666666666666664,80.66666666666667,120.22222222222223,6.777777777777778,1.0555555555555556,1.0588235294117647
3298,29.0,23.620689655172413,157.47681331747918,26.275862068965516,820.7514863258026,7.0,2.1379310344827585,0.725
3299,6.0,27.5,153.58333333333334,29.0,560.0,6.833333333333333,2.8333333333333335,0.15384615384615385
3300,23.0,14.391304347826088,78.67296786389414,31.91304347826087,123.29678638941398,4.260869565217392,1.826086956521739,0.8214285714285714
3301,29.0,17.03448275862069,76.79191438763374,35.55172413793103,120.45422116527944,6.413793103448276,2.3793103448275863,0.9354838709677419
3302,19.0,10.0,33.68421052631579,76.57894736842105,136.98060941828254,7.526315789473684,1.105263157894737,0.9047619047619048
3303,30.0,20.233333333333334,142.84555555555556,28.7,927.61,7.1,1.8333333333333333,0.75
3304,9.0,23.444444444444443,172.24691358024694,21.11111111111111,176.320987654321,7.888888888888889,1.7777777777777777,0.24324324324324326
3305,15.0,46.4,673.4400000000002,5.466666666666667,6.248888888888888,5.6,8.866666666666667,0.16483516483516483
3306,13.0,13.0,38.0,77.3076923076923,185.1360946745562,6.230769230769231,1.0,0.6842105263157895
3307,10.0,5.4,8.040000000000001,21.6,22.240000000000002,4.7,8.1,1.1111111111111112
3308,30.0,9.466666666666667,30.982222222222223,79.56666666666666,99.9122222222222,7.0,0.8333333333333334,1.4285714285714286
3309,30.0,13.466666666666667,89.31555555555556,32.6,113.57333333333332,5.633333333333334,2.2,0.967741935483871
3310,25.0,6.0,8.64,22.44,21.126400000000004,5.68,7.48,2.272727272727273
3311,16.0,51.125,943.984375,5.6875,8.71484375,6.125,8.5,0.16666666666666666
3312,15.0,39.13333333333333,573.848888888889,39.6,358.64000000000004,6.066666666666666,5.6,0.2542372881355932
3313,22.0,6.136363636363637,6.026859504132233,21.954545454545453,23.952479338842974,5.545454545454546,8.227272727272727,2.2
3314,12.0,4.083333333333333,7.743055555555556,22.5,22.416666666666668,5.0,8.25,1.2
3315,24.0,16.916666666666668,70.32638888888887,31.958333333333332,103.53993055555559,4.875,2.3333333333333335,0.8571428571428571
3316,8.0,5.875,15.359375,80.375,99.734375,7.0,1.25,0.6666666666666666
3317,19.0,41.0,349.36842105263156,31.157894736842106,152.44875346260392,5.105263157894737,5.578947368421052,0.36538461538461536
3318,8.0,4.75,14.6875,23.125,28.609375,5.375,6.5,0.7272727272727273
3319,18.0,61.22222222222222,827.2839506172841,5.666666666666667,5.444444444444445,6.388888888888889,8.222222222222221,0.18
3320,21.0,14.19047619047619,74.72562358276643,33.80952380952381,69.29705215419501,4.809523809523809,1.8571428571428572,0.7
3321,9.0,31.333333333333332,401.3333333333334,32.0,245.77777777777777,5.555555555555555,5.777777777777778,0.16666666666666666
3322,18.0,4.0,6.666666666666667,22.22222222222222,23.39506172839506,5.555555555555555,7.388888888888889,2.0
3323,17.0,42.588235294117645,399.4186851211073,26.470588235294116,180.13148788927336,5.823529411764706,5.0,0.30357142857142855
3324,20.0,5.3,9.41,20.7,14.810000000000002,5.55,7.1,2.0
3325,30.0,5.233333333333333,13.778888888888885,23.866666666666667,18.915555555555557,5.566666666666666,7.5,2.727272727272727
3326,30.0,10.466666666666667,34.78222222222223,78.8,193.42666666666665,6.366666666666666,1.2333333333333334,1.4285714285714286
3327,25.0,49.44,676.0863999999998,5.24,6.902400000000001,6.4,8.44,0.26881720430107525
3328,24.0,5.041666666666667,9.289930555555555,23.416666666666668,23.659722222222225,5.958333333333333,7.458333333333333,2.4
3329,7.0,57.57142857142857,260.24489795918373,22.571428571428573,160.81632653061226,6.857142857142857,4.285714285714286,0.18421052631578946
3330,27.0,5.222222222222222,8.172839506172838,21.22222222222222,20.765432098765434,5.666666666666667,7.777777777777778,2.4545454545454546
3331,20.0,47.2,817.6599999999999,4.6,7.040000000000001,6.15,8.75,0.2247191011235955
3332,11.0,45.45454545454545,771.5206611570247,23.545454545454547,160.2479338842975,4.090909090909091,4.636363636363637,0.1506849315068493
3333,10.0,3.2,10.760000000000003,21.0,8.6,6.2,7.7,1.0
3334,9.0,23.11111111111111,181.87654320987656,19.333333333333332,697.111111111111,7.222222222222222,2.111111111111111,0.2571428571428571
3335,8.0,9.625,48.234375,77.125,191.359375,5.625,1.25,0.42105263157894735
3336,26.0,36.88461538461539,598.0251479289942,37.07692307692308,324.99408284023673,5.538461538461538,5.076923076923077,0.3939393939393939
3337,19.0,19.05263157894737,135.10249307479225,47.578947368421055,1193.4016620498617,6.0,2.0526315789473686,0.5135135135135135
3338,10.0,36.3,793.4100000000001,5.9,6.290000000000001,4.7,8.5,0.10752688172043011
3339,18.0,43.27777777777778,472.31172839506166,31.833333333333332,282.47222222222223,6.111111111111111,4.666666666666667,0.32142857142857145
3340,27.0,4.592592592592593,11.50068587105624,22.22222222222222,20.46913580246914,5.62962962962963,7.444444444444445,2.4545454545454546
3341,5.0,13.8,86.56000000000002,31.2,854.9599999999998,5.6,2.0,0.16666666666666666
3342,18.0,57.77777777777778,722.395061728395,5.888888888888889,7.543209876543211,5.833333333333333,8.166666666666666,0.18556701030927836
3343,15.0,10.2,29.493333333333332,77.13333333333334,95.58222222222224,7.4,1.1333333333333333,0.8333333333333334
3344,25.0,24.88,122.82560000000001,35.32,1121.7376000000002,7.16,1.68,0.6410256410256411
3345,6.0,13.833333333333334,46.138888888888886,33.0,95.66666666666667,5.5,2.1666666666666665,0.2727272727272727
3346,9.0,9.0,39.111111111111114,80.0,118.88888888888889,7.666666666666667,1.0,0.5
3347,15.0,40.666666666666664,1124.2222222222222,28.666666666666668,200.08888888888887,5.6,5.066666666666666,0.19230769230769232
3348,8.0,12.125,33.859375,31.5,87.75,4.625,2.375,0.4
3349,29.0,42.96551724137931,370.79191438763377,31.724137931034484,295.9928656361474,5.862068965517241,4.275862068965517,0.4915254237288136
3350,18.0,14.166666666666666,63.47222222222222,32.5,120.36111111111111,4.777777777777778,1.5,0.6428571428571429
3351,9.0,47.77777777777778,398.1728395061728,5.666666666666667,9.11111111111111,5.222222222222222,8.88888888888889,0.1267605633802817
3352,5.0,22.8,74.56,23.8,162.16000000000003,7.2,0.8,0.22727272727272727
3353,25.0,5.68,6.057600000000001,22.92,18.6336,5.92,7.44,2.5
3354,12.0,15.916666666666666,68.07638888888889,28.666666666666668,70.72222222222221,4.75,1.8333333333333333,0.4
3355,8.0,52.625,442.734375,34.75,288.1875,6.75,5.25,0.11594202898550725
3356,30.0,14.7,85.74333333333331,29.066666666666666,134.12888888888887,5.533333333333333,2.2666666666666666,1.0
3357,13.0,20.23076923076923,197.40828402366864,38.76923076923077,1294.792899408284,6.538461538461538,1.6923076923076923,0.325
3358,27.0,10.222222222222221,29.950617283950617,78.51851851851852,133.5089163237311,7.37037037037037,0.8888888888888888,1.2857142857142858
3359,27.0,37.851851851851855,462.3484224965707,26.11111111111111,222.17283950617286,5.62962962962963,5.777777777777778,0.42857142857142855
3360,22.0,39.63636363636363,760.2314049586778,25.09090909090909,91.08264462809917,6.2727272727272725,4.7727272727272725,0.3283582089552239
3361,16.0,5.125,14.734375,22.375,25.484375,5.4375,7.0,1.4545454545454546
3362,17.0,52.23529411764706,1056.8858131487889,5.9411764705882355,6.8788927335640135,4.647058823529412,8.411764705882353,0.1717171717171717
3363,26.0,38.34615384615385,858.8417159763313,34.23076923076923,257.10059171597635,6.1923076923076925,4.923076923076923,0.3561643835616438
3364,8.0,62.125,112.609375,6.625,3.734375,6.0,8.25,0.21052631578947367
3365,23.0,9.26086956521739,34.19281663516069,77.43478260869566,111.37618147448018,7.043478260869565,1.0,1.15
3366,21.0,12.619047619047619,56.426303854875286,27.476190476190474,138.05895691609976,5.761904761904762,2.3333333333333335,0.875
3367,27.0,21.37037037037037,148.38134430727024,43.0,1527.1851851851852,7.703703703703703,2.2962962962962963,0.6585365853658537
3368,26.0,4.461538461538462,9.633136094674555,23.26923076923077,19.042899408284022,5.653846153846154,7.461538461538462,2.3636363636363638
3369,18.0,53.94444444444444,727.719135802469,6.611111111111111,8.459876543209878,5.055555555555555,8.833333333333334,0.20689655172413793
3370,28.0,42.892857142857146,712.3813775510204,6.178571428571429,5.8609693877551035,4.714285714285714,8.678571428571429,0.28865979381443296
3371,11.0,40.18181818181818,757.0578512396695,4.0,3.6363636363636362,7.636363636363637,7.909090909090909,0.11578947368421053
3372,27.0,39.333333333333336,358.962962962963,31.77777777777778,271.13580246913585,5.888888888888889,4.777777777777778,0.4909090909090909
3373,10.0,10.8,37.56000000000001,77.1,146.09,6.5,0.9,0.5
3374,23.0,9.695652173913043,28.037807183364837,80.8695652173913,69.15689981096408,7.0,1.2608695652173914,1.0952380952380953
3375,19.0,50.26315789473684,1512.1939058171745,5.0,6.7368421052631575,5.368421052631579,8.473684210526315,0.19
3376,12.0,5.0,6.0,22.5,18.25,5.833333333333333,7.0,1.5
3377,9.0,6.333333333333333,6.888888888888889,20.88888888888889,22.320987654320984,5.666666666666667,7.111111111111111,0.9
3378,12.0,38.583333333333336,749.4097222222223,41.583333333333336,178.74305555555557,6.0,3.6666666666666665,0.1791044776119403
3379,16.0,36.6875,909.58984375,6.1875,8.52734375,5.75,8.1875,0.16494845360824742
3380,24.0,19.208333333333332,121.91493055555554,42.916666666666664,1746.576388888889,6.625,2.0416666666666665,0.6857142857142857
3381,13.0,7.230769230769231,25.56213017751479,79.6923076923077,178.82840236686388,7.230769230769231,1.0769230769230769,0.6842105263157895
3382,15.0,7.933333333333334,22.32888888888889,75.2,110.42666666666665,7.2,0.6,0.8823529411764706
3383,15.0,48.13333333333333,767.1822222222222,6.133333333333334,6.782222222222222,6.333333333333333,8.533333333333333,0.15
3384,13.0,25.846153846153847,99.97633136094674,27.76923076923077,1272.6390532544378,8.0,1.7692307692307692,0.3611111111111111
3385,5.0,6.6,12.24,21.4,9.04,5.8,7.8,0.5
3386,25.0,9.96,39.1584,79.8,130.64000000000001,6.8,0.88,1.1904761904761905
3387,29.0,11.551724137931034,64.59215219976218,28.655172413793103,76.77764565992867,5.310344827586207,1.9655172413793103,1.1153846153846154
3388,20.0,10.35,73.6275,33.0,122.6,3.55,1.85,0.6666666666666666
3389,8.0,49.0,634.25,42.625,126.484375,4.625,5.25,0.11428571428571428
3390,30.0,15.7,75.67666666666668,31.0,94.6,6.033333333333333,1.8333333333333333,1.0
3391,28.0,4.285714285714286,9.561224489795919,22.464285714285715,22.463010204081627,5.428571428571429,8.285714285714286,2.5454545454545454
3392,17.0,66.3529411764706,642.6989619377161,5.9411764705882355,8.408304498269896,5.294117647058823,8.411764705882353,0.2073170731707317
3393,16.0,48.4375,580.74609375,36.875,263.609375,4.6875,5.0,0.25396825396825395
3394,13.0,27.153846153846153,691.0532544378699,36.38461538461539,328.23668639053255,6.230769230769231,4.3076923076923075,0.17333333333333334
3395,15.0,4.333333333333333,10.088888888888887,21.2,31.626666666666665,5.8,7.066666666666666,1.5
3396,7.0,16.857142857142858,69.83673469387755,39.42857142857143,63.95918367346938,6.0,1.8571428571428572,0.28
3397,29.0,19.93103448275862,143.30558858501783,23.862068965517242,918.8085612366232,6.689655172413793,1.7586206896551724,0.725
3398,18.0,4.5,8.694444444444445,23.61111111111111,17.23765432098765,5.611111111111111,7.611111111111111,1.6363636363636365
3399,23.0,5.6521739130434785,7.792060491493385,22.391304347826086,22.586011342155007,5.478260869565218,7.826086956521739,2.3
3400,29.0,5.0344827586206895,8.309155766944114,21.75862068965517,23.217598097502968,5.517241379310345,7.379310344827586,2.6363636363636362
3401,21.0,7.0,32.857142857142854,78.0,133.33333333333334,7.380952380952381,1.0,1.105263157894737
3402,30.0,4.7,10.01,22.6,21.44,5.233333333333333,7.0,2.727272727272727
3403,26.0,11.307692307692308,33.443786982248525,79.5,104.63461538461539,7.038461538461538,1.2307692307692308,1.2380952380952381
3404,24.0,12.791666666666666,64.16493055555556,32.333333333333336,110.3888888888889,5.5,2.0,0.8275862068965517
3405,24.0,51.625,738.484375,5.875,7.859375,4.75,8.583333333333334,0.24
3406,13.0,48.69230769230769,845.2899408284023,5.461538461538462,11.017751479289938,5.0,8.538461538461538,0.1326530612244898
3407,22.0,4.0,9.090909090909092,22.181818181818183,19.330578512396688,5.5,7.318181818181818,2.0
3408,9.0,12.11111111111111,74.76543209876543,35.666666666666664,98.88888888888889,5.111111111111111,2.2222222222222223,0.3
3409,23.0,40.78260869565217,565.2136105860114,33.69565217391305,218.29867674858215,6.434782608695652,4.6521739130434785,0.3333333333333333
3410,5.0,5.6,7.44,20.8,14.559999999999999,6.6,7.8,0.5555555555555556
3411,29.0,62.41379310344828,765.4149821640904,5.275862068965517,7.096313912009514,4.896551724137931,8.517241379310345,0.3118279569892473
3412,9.0,7.333333333333333,33.33333333333334,78.66666666666667,146.0,6.555555555555555,0.8888888888888888,0.45
3413,30.0,18.5,117.31666666666666,37.4,1177.5066666666667,6.466666666666667,2.3,0.8333333333333334
3414,9.0,39.44444444444444,362.91358024691357,34.22222222222222,361.28395061728384,6.111111111111111,5.666666666666667,0.16981132075471697
3415,7.0,11.285714285714286,52.48979591836735,35.714285714285715,104.48979591836735,6.142857142857143,2.7142857142857144,0.30434782608695654
3416,18.0,9.833333333333334,33.47222222222222,81.77777777777777,185.39506172839504,5.833333333333333,1.0555555555555556,0.8571428571428571
3417,28.0,14.642857142857142,45.51530612244898,31.928571428571427,100.35204081632654,4.214285714285714,2.1785714285714284,1.037037037037037
3418,26.0,8.884615384615385,39.178994082840234,80.53846153846153,120.71005917159762,7.038461538461538,0.9615384615384616,1.2380952380952381
3419,20.0,19.65,162.22750000000002,23.2,738.1599999999999,6.15,1.5,0.5128205128205128
3420,30.0,8.966666666666667,28.63222222222223,77.3,123.27666666666669,7.333333333333333,1.2333333333333334,1.5
3421,25.0,13.28,59.0816,34.8,92.08000000000001,5.64,2.08,0.8620689655172413
3422,5.0,5.8,12.56,19.4,10.239999999999998,5.4,8.4,0.5555555555555556
3423,18.0,30.666666666666668,563.111111111111,30.5,188.02777777777777,4.722222222222222,5.333333333333333,0.2727272727272727
3424,30.0,9.633333333333333,29.83222222222222,78.56666666666666,160.51222222222222,7.366666666666666,1.1333333333333333,1.5789473684210527
3425,8.0,4.375,4.484375,25.0,14.25,5.625,7.5,1.3333333333333333
3426,27.0,5.074074074074074,10.068587105624143,22.333333333333332,22.88888888888889,5.777777777777778,7.37037037037037,2.4545454545454546
3427,20.0,3.7,8.209999999999999,21.65,20.027499999999996,5.6,7.05,2.0
3428,15.0,4.866666666666666,10.515555555555556,20.4,18.773333333333337,6.066666666666666,8.133333333333333,1.3636363636363635
3429,12.0,23.916666666666668,193.90972222222226,33.0,1020.8333333333334,6.75,2.25,0.32432432432432434
3430,13.0,11.923076923076923,36.22485207100592,80.0,182.15384615384616,7.769230769230769,1.0,0.6842105263157895
3431,16.0,43.125,749.109375,5.25,9.1875,6.625,8.875,0.16666666666666666
3432,8.0,11.125,33.359375,82.625,175.484375,6.625,0.75,0.4
3433,29.0,12.310344827586206,65.04161712247324,36.93103448275862,112.54696789536264,4.068965517241379,2.0344827586206895,1.0
3434,11.0,12.272727272727273,87.65289256198348,30.818181818181817,75.96694214876032,3.8181818181818183,2.3636363636363638,0.3548387096774194
3435,28.0,15.142857142857142,78.40816326530613,32.82142857142857,112.36096938775513,6.035714285714286,2.0357142857142856,1.0
3436,28.0,18.785714285714285,130.31122448979593,24.25,821.7589285714286,6.535714285714286,2.4285714285714284,0.6829268292682927
3437,13.0,39.69230769230769,875.905325443787,28.76923076923077,286.94674556213016,6.384615384615385,5.846153846153846,0.18055555555555555
3438,21.0,9.857142857142858,40.027210884353735,81.42857142857143,141.67346938775512,7.238095238095238,1.0952380952380953,1.0
3439,8.0,12.375,66.734375,36.5,159.75,4.5,1.75,0.34782608695652173
3440,18.0,10.38888888888889,41.682098765432094,77.83333333333333,147.36111111111114,7.611111111111111,0.8888888888888888,0.9
3441,7.0,48.857142857142854,818.408163265306,37.57142857142857,213.3877551020408,5.428571428571429,5.571428571428571,0.10144927536231885
3442,11.0,40.81818181818182,307.05785123966945,30.363636363636363,287.6859504132231,4.090909090909091,4.909090909090909,0.21568627450980393
3443,6.0,51.666666666666664,239.55555555555554,21.166666666666668,210.80555555555557,5.166666666666667,5.5,0.13043478260869565
3444,6.0,4.166666666666667,11.138888888888888,19.666666666666668,15.222222222222221,5.833333333333333,7.666666666666667,0.5454545454545454
3445,30.0,4.433333333333334,13.178888888888887,23.366666666666667,17.432222222222222,5.3,6.933333333333334,2.727272727272727
3446,16.0,4.5,7.0,21.6875,19.33984375,5.4375,6.5625,1.6
3447,11.0,20.454545454545453,143.702479338843,47.54545454545455,1065.1570247933885,6.7272727272727275,1.1818181818181819,0.3142857142857143
3448,26.0,38.65384615384615,931.610946745562,37.19230769230769,278.46301775147924,6.115384615384615,4.8076923076923075,0.34210526315789475
3449,22.0,48.45454545454545,875.0661157024792,5.363636363636363,7.685950413223142,5.590909090909091,8.318181818181818,0.23404255319148937
3450,28.0,14.071428571428571,75.63775510204081,35.107142857142854,91.30994897959182,4.392857142857143,1.8571428571428572,0.9032258064516129
3451,19.0,48.36842105263158,1006.864265927978,6.052631578947368,5.418282548476454,6.2631578947368425,8.894736842105264,0.19387755102040816
3452,8.0,3.625,5.234375,18.5,11.5,6.0,7.375,0.8888888888888888
3453,27.0,15.333333333333334,82.96296296296295,33.48148148148148,94.10150891632372,5.296296296296297,1.962962962962963,0.9
3454,6.0,22.166666666666668,149.13888888888889,17.0,91.66666666666667,6.833333333333333,1.6666666666666667,0.17142857142857143
3455,30.0,4.533333333333333,10.848888888888888,22.166666666666668,21.07222222222222,5.666666666666667,7.966666666666667,2.727272727272727
3456,23.0,47.47826086956522,580.6843100189036,30.608695652173914,252.41209829867674,5.6521739130434785,5.043478260869565,0.38333333333333336
3457,19.0,6.842105263157895,7.711911357340721,24.789473684210527,20.58725761772853,5.7894736842105265,7.526315789473684,1.9
3458,6.0,4.833333333333333,7.805555555555556,21.833333333333332,18.138888888888886,5.666666666666667,7.0,0.75
3459,15.0,2.4,3.973333333333333,23.666666666666668,15.155555555555555,5.866666666666666,7.6,1.875
3460,6.0,11.5,139.58333333333334,25.166666666666668,43.13888888888889,5.333333333333333,3.0,0.2
3461,25.0,10.04,34.3584,81.88,154.1856,7.44,0.76,1.25
3462,23.0,42.608695652173914,473.8903591682419,30.869565217391305,162.11342155009456,5.3478260869565215,5.043478260869565,0.38333333333333336
3463,20.0,45.5,674.25,5.6,8.040000000000001,4.95,8.4,0.2222222222222222
3464,11.0,4.363636363636363,8.595041322314048,19.545454545454547,21.52066115702479,5.818181818181818,8.090909090909092,1.1
3465,25.0,51.12,1012.4256000000001,5.4,7.679999999999999,5.08,8.52,0.26595744680851063
3466,21.0,11.714285714285714,78.29931972789116,33.142857142857146,90.50340136054422,5.0476190476190474,2.0,0.6774193548387096
3467,10.0,21.3,194.60999999999999,35.2,1137.76,7.6,1.9,0.25
3468,26.0,3.3461538461538463,10.226331360946746,23.73076923076923,20.350591715976332,5.538461538461538,7.461538461538462,2.3636363636363638
3469,30.0,50.333333333333336,551.3555555555555,35.5,248.11666666666667,5.1,4.4,0.45454545454545453
3470,25.0,12.16,71.4944,30.88,125.4656,5.32,1.92,0.9259259259259259
3471,12.0,42.333333333333336,990.3888888888888,31.416666666666668,195.74305555555554,4.416666666666667,4.916666666666667,0.15584415584415584
3472,23.0,38.30434782608695,670.9073724007561,35.73913043478261,306.8884688090737,5.3478260869565215,5.173913043478261,0.3709677419354839
3473,11.0,4.363636363636363,7.867768595041324,21.90909090909091,8.62809917355372,6.181818181818182,7.2727272727272725,1.1
3474,27.0,50.407407407407405,984.7599451303157,5.62962962962963,9.270233196159122,6.074074074074074,8.592592592592593,0.28125
3475,28.0,14.5,94.03571428571429,30.178571428571427,88.8609693877551,5.142857142857143,1.5,0.9032258064516129
3476,7.0,21.0,48.857142857142854,31.0,70.57142857142857,2.5714285714285716,1.1428571428571428,0.3181818181818182
3477,29.0,11.793103448275861,86.64684898929846,33.3448275862069,136.3638525564804,5.517241379310345,2.103448275862069,0.9354838709677419
3478,9.0,15.333333333333334,66.66666666666667,31.88888888888889,26.32098765432099,4.222222222222222,1.7777777777777777,0.375
3479,6.0,47.333333333333336,370.5555555555555,40.5,169.58333333333334,3.5,5.833333333333333,0.1016949152542373
3480,18.0,33.611111111111114,541.2376543209875,5.833333333333333,5.36111111111111,5.166666666666667,8.666666666666666,0.225
3481,18.0,48.05555555555556,825.9413580246912,6.055555555555555,8.608024691358025,7.166666666666667,8.222222222222221,0.20224719101123595
3482,10.0,7.1,20.490000000000002,73.8,85.96000000000001,6.4,1.1,0.625
3483,20.0,18.75,132.8875,29.25,862.9875,6.7,1.75,0.5405405405405406
3484,10.0,20.0,108.0,73.5,910.05,6.1,2.1,0.2857142857142857
3485,6.0,6.0,6.333333333333333,23.666666666666668,16.555555555555554,5.5,6.833333333333333,0.75
3486,5.0,13.8,40.16,34.6,105.44000000000001,5.0,1.6,0.2631578947368421
3487,7.0,16.857142857142858,59.83673469387755,29.714285714285715,98.48979591836735,5.857142857142857,1.8571428571428572,0.3181818181818182
3488,11.0,42.36363636363637,288.7768595041323,34.27272727272727,249.1074380165289,4.454545454545454,4.636363636363637,0.19298245614035087
3489,18.0,9.88888888888889,41.65432098765431,79.11111111111111,158.32098765432096,6.722222222222222,1.0,0.8571428571428571
3490,30.0,36.6,582.3066666666668,28.933333333333334,246.86222222222221,4.933333333333334,4.366666666666666,0.47619047619047616
3491,26.0,17.26923076923077,93.65828402366868,34.11538461538461,81.79437869822488,5.615384615384615,1.9615384615384615,0.8666666666666667
3492,22.0,40.81818181818182,565.1487603305784,28.454545454545453,228.70247933884292,3.772727272727273,4.954545454545454,0.34375
3493,7.0,8.857142857142858,32.40816326530612,73.57142857142857,95.10204081632651,8.285714285714286,1.0,0.3684210526315789
3494,12.0,10.25,30.6875,79.83333333333333,175.9722222222222,6.583333333333333,0.8333333333333334,0.5714285714285714
3495,28.0,15.035714285714286,87.89158163265306,33.07142857142857,123.63775510204081,4.428571428571429,1.6428571428571428,0.9032258064516129
3496,18.0,4.666666666666667,5.777777777777778,23.166666666666668,18.47222222222222,5.333333333333333,7.444444444444445,2.0
3497,7.0,18.428571428571427,165.9591836734694,56.857142857142854,803.8367346938775,6.857142857142857,1.4285714285714286,0.19444444444444445
3498,10.0,64.0,778.0,5.8,11.16,5.9,8.6,0.10101010101010101
3499,14.0,19.071428571428573,111.06632653061224,27.857142857142858,913.4081632653059,7.5,2.0714285714285716,0.35
3500,10.0,15.7,110.61000000000001,16.0,186.8,6.5,1.8,0.25
3501,13.0,10.923076923076923,33.76331360946745,80.07692307692308,136.07100591715977,6.769230769230769,0.6923076923076923,0.6842105263157895
3502,6.0,10.333333333333334,39.55555555555555,80.16666666666667,80.47222222222221,7.5,0.5,0.35294117647058826
3503,28.0,21.25,182.54464285714286,31.607142857142858,1271.7385204081634,7.607142857142857,1.75,0.7
3504,22.0,57.45454545454545,545.3388429752067,35.54545454545455,297.0661157024793,6.090909090909091,5.181818181818182,0.3013698630136986
3505,23.0,54.30434782608695,919.6899810964081,5.304347826086956,6.559546313799622,5.3478260869565215,8.826086956521738,0.22772277227722773
3506,9.0,9.555555555555555,41.1358024691358,30.666666666666668,72.22222222222223,5.111111111111111,1.0,0.47368421052631576
3507,23.0,3.5652173913043477,9.637051039697543,23.782608695652176,13.126654064272213,5.521739130434782,7.608695652173913,2.090909090909091
3508,12.0,3.5833333333333335,7.909722222222221,22.583333333333332,19.743055555555557,5.916666666666667,6.916666666666667,1.0909090909090908
3509,10.0,16.3,33.010000000000005,32.7,87.80999999999999,7.1,1.2,0.5
3510,28.0,9.607142857142858,34.66709183673469,82.39285714285714,144.09566326530611,7.0,0.8571428571428571,1.3333333333333333
3511,6.0,12.5,58.583333333333336,29.833333333333332,167.13888888888889,6.833333333333333,1.8333333333333333,0.3
3512,13.0,20.384615384615383,164.08284023668642,22.153846153846153,581.8224852071005,5.846153846153846,2.076923076923077,0.3170731707317073
3513,20.0,46.0,669.3,6.45,9.9475,6.25,8.35,0.21505376344086022
3514,24.0,4.875,5.859375,24.125,17.359375,5.583333333333333,7.791666666666667,2.4
3515,8.0,35.75,547.1875,38.75,230.6875,5.0,5.0,0.13114754098360656
3516,14.0,6.285714285714286,10.061224489795917,24.5,27.107142857142858,5.928571428571429,8.0,1.2727272727272727
3517,6.0,11.166666666666666,36.47222222222222,31.333333333333332,37.22222222222222,4.0,2.6666666666666665,0.3
3518,25.0,16.88,81.14560000000002,32.6,101.83999999999997,3.72,2.44,0.8333333333333334
3519,13.0,17.615384615384617,54.23668639053255,30.692307692307693,114.67455621301775,7.769230769230769,2.076923076923077,0.6190476190476191
3520,25.0,12.84,85.2544,32.16,70.05440000000003,4.72,1.84,0.8333333333333334
3521,11.0,19.636363636363637,80.59504132231405,56.81818181818182,1330.1487603305786,7.909090909090909,2.4545454545454546,0.34375
3522,12.0,40.333333333333336,248.22222222222226,28.916666666666668,354.90972222222223,6.083333333333333,5.25,0.24489795918367346
3523,19.0,30.36842105263158,554.2326869806095,35.578947368421055,213.08587257617728,5.947368421052632,5.578947368421052,0.2835820895522388
3524,24.0,18.916666666666668,124.99305555555554,29.041666666666668,894.2065972222222,7.125,1.75,0.631578947368421
3525,6.0,25.0,722.6666666666666,29.833333333333332,356.47222222222223,4.0,4.166666666666667,0.07894736842105263
3526,7.0,28.714285714285715,412.48979591836735,34.42857142857143,267.3877551020408,3.5714285714285716,5.714285714285714,0.11666666666666667
3527,25.0,24.2,172.88,15.36,281.35040000000004,7.64,1.44,0.6097560975609756
3528,8.0,5.875,13.109375,20.0,15.25,4.875,7.625,0.8
3529,30.0,5.133333333333334,7.982222222222221,22.933333333333334,13.26222222222222,5.5,7.4,3.0
3530,12.0,60.25,649.6875,5.25,8.6875,6.583333333333333,8.666666666666666,0.15789473684210525
3531,21.0,4.142857142857143,9.551020408163263,23.142857142857142,24.503401360544217,5.571428571428571,6.9523809523809526,1.9090909090909092
3532,25.0,36.04,871.5584,33.24,363.30240000000003,5.52,5.4,0.2976190476190476
3533,22.0,36.31818181818182,326.4896694214876,29.363636363636363,292.5041322314049,5.181818181818182,4.454545454545454,0.44
3534,18.0,4.833333333333333,8.694444444444445,23.72222222222222,17.533950617283946,5.222222222222222,7.777777777777778,1.6363636363636365
3535,22.0,6.2727272727272725,5.834710743801653,21.681818181818183,20.035123966942148,5.136363636363637,7.590909090909091,2.4444444444444446
3536,7.0,12.571428571428571,18.24489795918367,36.142857142857146,90.40816326530611,5.0,1.8571428571428572,0.5833333333333334
3537,30.0,5.2,10.226666666666668,23.466666666666665,26.44888888888889,5.433333333333334,7.8,2.727272727272727
3538,30.0,16.633333333333333,110.23222222222222,28.9,1003.7566666666664,6.2,2.2,0.75
3539,14.0,36.07142857142857,485.7806122448979,34.57142857142857,377.81632653061223,5.5,4.785714285714286,0.2413793103448276
3540,14.0,6.428571428571429,9.530612244897961,23.857142857142858,20.97959183673469,5.357142857142857,6.714285714285714,1.2727272727272727
3541,9.0,4.777777777777778,11.950617283950615,21.88888888888889,16.987654320987655,5.333333333333333,7.222222222222222,0.8181818181818182
3542,13.0,4.461538461538462,7.171597633136094,22.923076923076923,18.68639053254438,5.769230769230769,7.615384615384615,1.1818181818181819
3543,16.0,14.125,94.484375,31.3125,129.83984375,4.4375,1.9375,0.5161290322580645
3544,29.0,25.517241379310345,108.11177170035673,24.862068965517242,968.3258026159334,6.413793103448276,2.310344827586207,0.7073170731707317
3545,17.0,19.176470588235293,77.55709342560554,33.05882352941177,1077.9377162629758,7.0588235294117645,1.1764705882352942,0.5151515151515151
3546,15.0,5.066666666666666,5.528888888888888,21.133333333333333,14.382222222222222,5.4,7.933333333333334,1.6666666666666667
3547,7.0,17.428571428571427,50.53061224489795,32.0,81.42857142857143,4.571428571428571,2.5714285714285716,0.3181818181818182
3548,18.0,33.05555555555556,497.38580246913574,35.666666666666664,211.11111111111111,5.444444444444445,5.611111111111111,0.29508196721311475
3549,22.0,5.681818181818182,9.307851239669422,23.40909090909091,16.87809917355372,5.090909090909091,7.7727272727272725,2.0
3550,30.0,48.86666666666667,690.5822222222224,32.46666666666667,271.248888888889,5.6,5.266666666666667,0.46153846153846156
3551,19.0,51.10526315789474,695.1468144044323,6.526315789473684,5.407202216066482,5.7894736842105265,8.526315789473685,0.21839080459770116
3552,17.0,10.352941176470589,27.16955017301038,82.6470588235294,54.69896193771626,6.0588235294117645,1.1764705882352942,0.9444444444444444
3553,21.0,9.714285714285714,32.87074829931972,75.80952380952381,104.15419501133788,7.285714285714286,0.8095238095238095,1.0
3554,21.0,5.0476190476190474,8.616780045351474,23.571428571428573,22.43537414965986,5.523809523809524,7.0,1.9090909090909092
3555,9.0,62.333333333333336,231.11111111111111,4.444444444444445,3.580246913580247,4.777777777777778,9.11111111111111,0.1956521739130435
3556,6.0,21.333333333333332,194.2222222222222,29.666666666666668,653.8888888888888,7.833333333333333,2.0,0.15384615384615385
3557,9.0,15.555555555555555,96.69135802469135,36.22222222222222,68.17283950617283,4.444444444444445,1.3333333333333333,0.2903225806451613
3558,30.0,8.8,40.42666666666666,81.9,121.75666666666666,7.033333333333333,1.0333333333333334,1.4285714285714286
3559,19.0,4.7368421052631575,9.141274238227147,22.157894736842106,19.0803324099723,5.421052631578948,7.473684210526316,1.7272727272727273
3560,25.0,8.92,24.9536,80.44,101.44640000000003,7.04,1.08,1.3888888888888888
3561,28.0,47.82142857142857,889.5038265306121,5.035714285714286,7.391581632653062,5.535714285714286,8.535714285714286,0.2828282828282828
3562,21.0,10.714285714285714,35.06122448979592,83.19047619047619,134.34467120181404,6.9523809523809526,0.9047619047619048,1.05
3563,21.0,44.523809523809526,685.7732426303855,34.333333333333336,211.2698412698413,6.238095238095238,4.904761904761905,0.31343283582089554
3564,25.0,39.84,387.4943999999999,32.76,284.9023999999999,5.16,4.08,0.43859649122807015
3565,8.0,5.0,7.5,22.625,14.484375,5.125,6.75,0.8888888888888888
3566,10.0,43.8,323.36,31.2,273.15999999999997,5.2,4.0,0.2127659574468085
3567,27.0,13.407407407407407,99.50068587105623,29.037037037037038,119.81344307270236,5.037037037037037,1.5925925925925926,0.8709677419354839
3568,16.0,18.8125,81.40234375,33.8125,108.27734375,5.0,1.75,0.5333333333333333
3569,26.0,42.46153846153846,824.5562130177514,36.03846153846154,331.8062130177515,5.576923076923077,5.615384615384615,0.3611111111111111
3570,20.0,15.65,79.2275,30.6,113.74000000000001,5.7,1.75,0.6666666666666666
3571,8.0,19.0,101.0,30.625,80.734375,4.625,2.25,0.25806451612903225
3572,18.0,10.666666666666666,28.88888888888889,84.38888888888889,154.3487654320988,6.611111111111111,0.7222222222222222,0.9
3573,15.0,23.533333333333335,136.3822222222222,22.533333333333335,604.3822222222224,6.333333333333333,2.3333333333333335,0.39473684210526316
3574,14.0,13.142857142857142,12.551020408163264,82.21428571428571,152.3112244897959,7.5,1.0714285714285714,1.0
3575,8.0,16.375,111.734375,32.125,143.609375,6.75,1.125,0.26666666666666666
3576,9.0,8.333333333333334,46.66666666666666,81.33333333333333,96.66666666666667,6.222222222222222,1.2222222222222223,0.5
3577,9.0,22.333333333333332,108.0,14.444444444444445,182.24691358024697,7.555555555555555,1.8888888888888888,0.2647058823529412
3578,8.0,52.875,349.609375,40.75,155.4375,6.0,4.375,0.16
3579,13.0,7.538461538461538,33.32544378698225,79.38461538461539,175.92899408284023,7.230769230769231,1.0769230769230769,0.7222222222222222
3580,26.0,50.46153846153846,804.4792899408286,5.269230769230769,6.658284023668639,5.384615384615385,8.346153846153847,0.29213483146067415
3581,5.0,18.0,37.2,31.8,115.75999999999999,4.8,1.0,0.2631578947368421
3582,28.0,15.0,77.07142857142857,32.142857142857146,87.05102040816325,4.035714285714286,2.2142857142857144,0.9032258064516129
3583,16.0,23.8125,131.77734375,29.0625,909.93359375,7.25,2.0625,0.43243243243243246
3584,6.0,11.333333333333334,31.222222222222218,71.16666666666667,51.80555555555555,6.166666666666667,1.0,0.35294117647058826
3585,5.0,53.0,420.4,5.4,7.840000000000001,4.6,9.4,0.08196721311475409
3586,9.0,34.22222222222222,692.8395061728395,6.555555555555555,2.469135802469136,5.666666666666667,7.777777777777778,0.0989010989010989
3587,7.0,8.571428571428571,30.530612244897952,79.57142857142857,130.24489795918367,6.428571428571429,1.0,0.4117647058823529
3588,6.0,13.5,48.25,39.666666666666664,40.888888888888886,6.666666666666667,2.3333333333333335,0.2857142857142857
3589,14.0,14.071428571428571,116.92346938775509,30.0,1009.0,7.5,1.9285714285714286,0.4666666666666667
3590,26.0,25.115384615384617,84.17899408284022,42.0,1487.3846153846155,6.769230769230769,1.6538461538461537,0.7647058823529411
3591,18.0,11.11111111111111,39.98765432098766,78.33333333333333,131.33333333333331,7.111111111111111,0.8888888888888888,0.9473684210526315
3592,9.0,4.888888888888889,9.209876543209878,22.666666666666668,11.11111111111111,5.444444444444445,7.222222222222222,1.0
3593,16.0,5.25,8.3125,23.0625,20.55859375,5.1875,7.75,1.6
3594,23.0,12.695652173913043,94.55954631379963,32.47826086956522,69.98865784499056,6.3478260869565215,1.7826086956521738,0.7419354838709677
3595,7.0,9.714285714285714,52.204081632653065,71.28571428571429,79.34693877551021,6.714285714285714,1.1428571428571428,0.35
3596,5.0,4.0,9.2,22.4,15.439999999999998,6.0,8.0,0.5555555555555556
3597,25.0,44.0,979.6,35.6,262.4800000000001,4.48,4.8,0.30120481927710846
3598,10.0,57.2,1079.76,5.2,8.760000000000002,5.7,8.2,0.11363636363636363
3599,10.0,36.6,361.44,26.8,169.56000000000003,4.7,4.7,0.1694915254237288
3600,21.0,48.857142857142854,1030.3129251700682,6.190476190476191,9.011337868480725,6.523809523809524,8.238095238095237,0.2079207920792079
3601,25.0,14.88,81.14560000000002,32.24,66.1824,5.64,1.88,0.8064516129032258
3602,13.0,14.923076923076923,67.14792899408283,33.69230769230769,982.828402366864,7.923076923076923,2.230769230769231,0.4642857142857143
3603,29.0,22.24137931034483,171.42449464922714,36.724137931034484,1190.1307966706302,7.448275862068965,1.9310344827586208,0.7073170731707317
3604,14.0,7.857142857142857,30.836734693877553,86.21428571428571,140.45408163265304,7.428571428571429,1.0714285714285714,0.7777777777777778
3605,15.0,22.0,140.93333333333334,42.46666666666667,1530.3822222222223,8.066666666666666,2.1333333333333333,0.38461538461538464
3606,12.0,14.833333333333334,98.6388888888889,47.666666666666664,1470.888888888889,7.083333333333333,2.1666666666666665,0.34285714285714286
3607,10.0,11.7,49.410000000000004,81.8,105.56000000000002,6.2,0.8,0.47619047619047616
3608,23.0,16.434782608695652,71.2022684310019,32.82608695652174,112.40453686200377,5.0,1.7826086956521738,0.8518518518518519
3609,18.0,37.333333333333336,534.7777777777778,32.72222222222222,302.0895061728395,6.0,5.444444444444445,0.29508196721311475
3610,24.0,11.958333333333334,74.28993055555554,32.875,101.19270833333333,5.875,1.75,0.8888888888888888
3611,26.0,4.769230769230769,9.869822485207099,21.96153846153846,19.036982248520708,5.615384615384615,7.038461538461538,2.3636363636363638
3612,18.0,8.5,26.916666666666668,78.44444444444444,116.58024691358024,7.611111111111111,0.7777777777777778,1.0588235294117647
3613,10.0,50.6,910.2400000000001,4.0,5.8,4.9,8.6,0.10204081632653061
3614,8.0,14.375,95.734375,59.875,1279.359375,9.125,2.875,0.23529411764705882
3615,8.0,12.5,49.0,29.125,97.609375,4.25,1.75,0.38095238095238093
3616,17.0,38.23529411764706,491.59169550173004,25.529411764705884,233.77854671280272,5.764705882352941,5.0,0.29310344827586204
3617,17.0,13.647058823529411,87.87543252595154,37.411764705882355,97.41868512110727,6.117647058823529,2.1176470588235294,0.5483870967741935
3618,15.0,59.2,904.8266666666665,4.866666666666666,6.248888888888889,5.866666666666666,8.2,0.16666666666666666
3619,20.0,4.85,11.1275,20.75,24.7875,5.5,7.45,1.8181818181818181
3620,14.0,14.857142857142858,94.12244897959182,38.92857142857143,106.78061224489797,6.642857142857143,1.9285714285714286,0.45161290322580644
3621,9.0,10.222222222222221,34.617283950617285,87.11111111111111,152.54320987654322,7.555555555555555,1.1111111111111112,0.5294117647058824
3622,7.0,10.0,18.857142857142858,29.285714285714285,64.77551020408164,5.857142857142857,1.7142857142857142,0.5
3623,16.0,37.3125,683.58984375,41.75,236.4375,5.125,5.375,0.24242424242424243
3624,28.0,50.82142857142857,963.218112244898,5.892857142857143,7.952806122448979,5.035714285714286,8.285714285714286,0.2978723404255319
3625,6.0,3.1666666666666665,7.805555555555556,26.5,5.583333333333333,4.666666666666667,7.0,0.75
3626,27.0,32.666666666666664,421.1111111111111,33.0,236.07407407407408,5.703703703703703,5.0,0.46551724137931033
3627,12.0,7.166666666666667,37.47222222222223,78.83333333333333,56.13888888888889,6.583333333333333,1.5,0.6666666666666666
3628,14.0,10.285714285714286,68.48979591836736,31.428571428571427,103.24489795918366,5.928571428571429,1.7857142857142858,0.5185185185185185
3629,29.0,21.586206896551722,130.03567181926277,25.344827586206897,830.4328180737219,6.448275862068965,1.7241379310344827,0.7435897435897436
3630,5.0,5.4,11.440000000000001,23.0,22.8,5.0,8.6,0.5
3631,30.0,53.9,609.6233333333334,5.9,8.423333333333334,6.066666666666666,8.7,0.3
3632,26.0,14.576923076923077,87.55177514792899,29.653846153846153,118.07248520710057,6.769230769230769,1.8846153846153846,0.8387096774193549
3633,25.0,8.2,32.64000000000001,77.6,142.08,6.88,1.04,1.25
3634,26.0,9.615384615384615,49.775147928994095,81.88461538461539,154.40976331360946,7.3076923076923075,1.2307692307692308,1.2380952380952381
3635,28.0,43.82142857142857,814.6466836734693,4.75,8.830357142857142,6.285714285714286,8.5,0.2916666666666667
3636,25.0,48.76,758.3423999999998,31.44,213.52640000000002,6.2,5.68,0.31645569620253167
3637,7.0,5.142857142857143,10.122448979591837,24.142857142857142,17.836734693877553,5.428571428571429,8.285714285714286,0.7777777777777778
3638,16.0,8.3125,33.21484375,81.5,134.625,7.6875,1.125,0.7619047619047619
3639,10.0,4.6,13.84,21.6,22.240000000000002,5.1,7.0,0.9090909090909091
3640,20.0,5.5,9.75,22.15,16.0275,5.7,7.75,1.8181818181818181
3641,18.0,4.222222222222222,11.950617283950617,21.333333333333332,16.66666666666667,5.333333333333333,7.388888888888889,1.6363636363636365
3642,25.0,10.28,36.1216,80.68,100.45760000000001,7.56,0.88,1.1904761904761905
3643,24.0,42.416666666666664,656.9930555555557,31.791666666666668,189.91493055555554,5.166666666666667,4.625,0.3380281690140845
3644,20.0,35.85,1064.4275000000002,5.6,6.44,5.45,8.25,0.20833333333333334
3645,30.0,52.7,788.7433333333333,5.833333333333333,8.272222222222224,4.733333333333333,8.5,0.3191489361702128
3646,24.0,4.666666666666667,14.138888888888888,22.875,14.442708333333334,5.375,8.166666666666666,2.1818181818181817
3647,12.0,3.5,8.75,22.583333333333332,14.576388888888891,5.416666666666667,7.75,1.3333333333333333
3648,12.0,28.416666666666668,226.40972222222217,30.166666666666668,245.6388888888889,6.333333333333333,5.75,0.23076923076923078
3649,22.0,10.909090909090908,38.35537190082644,80.13636363636364,218.57231404958682,7.045454545454546,0.8181818181818182,1.0476190476190477
3650,30.0,20.833333333333332,164.93888888888887,32.9,890.5566666666666,6.5,2.2333333333333334,0.7692307692307693
3651,25.0,21.84,157.0144,27.6,1035.5199999999998,6.24,1.92,0.625
3652,30.0,13.2,77.22666666666666,32.43333333333333,150.97888888888895,7.533333333333333,2.1666666666666665,1.0344827586206897
3653,26.0,12.115384615384615,29.871301775147927,79.61538461538461,137.92899408284023,7.3076923076923075,0.5769230769230769,1.2380952380952381
3654,6.0,18.0,80.66666666666667,32.5,120.25,4.333333333333333,2.5,0.2222222222222222
3655,18.0,15.61111111111111,95.79320987654322,31.055555555555557,136.83024691358025,5.833333333333333,2.2222222222222223,0.6
3656,26.0,4.615384615384615,14.928994082840237,21.692307692307693,21.28994082840236,5.461538461538462,7.846153846153846,2.3636363636363638
3657,23.0,5.304347826086956,10.2117202268431,21.434782608695652,22.941398865784496,5.695652173913044,7.478260869565218,2.090909090909091
3658,19.0,4.947368421052632,13.523545706371193,23.263157894736842,14.509695290858728,5.7368421052631575,7.7894736842105265,1.7272727272727273
3659,25.0,44.08,373.1136,37.04,248.67840000000004,4.28,4.44,0.4166666666666667
3660,24.0,19.833333333333332,164.38888888888889,30.083333333333332,959.1597222222223,7.666666666666667,1.875,0.6
3661,13.0,8.923076923076923,31.30177514792899,39.46153846153846,92.40236686390531,4.538461538461538,2.6153846153846154,0.65
3662,20.0,12.35,59.927499999999995,33.8,129.26,6.0,2.6,0.6666666666666666
3663,7.0,6.142857142857143,9.83673469387755,23.428571428571427,17.10204081632653,4.857142857142857,7.142857142857143,0.7
3664,18.0,11.944444444444445,44.94135802469136,77.77777777777777,138.6172839506173,7.0,1.0555555555555556,0.8571428571428571
3665,19.0,51.21052631578947,1094.376731301939,5.631578947368421,6.022160664819946,6.0,8.368421052631579,0.2
3666,20.0,4.95,8.1475,22.2,24.960000000000004,5.5,7.6,2.0
3667,30.0,23.266666666666666,142.86222222222221,20.533333333333335,570.648888888889,6.733333333333333,2.1666666666666665,0.75
3668,29.0,8.448275862068966,19.350772889417357,81.89655172413794,162.09274673008323,7.103448275862069,1.0,1.5263157894736843
3669,18.0,44.388888888888886,1040.0154320987654,4.888888888888889,8.098765432098766,5.388888888888889,8.666666666666666,0.18181818181818182
3670,16.0,14.0625,96.18359375,33.5,125.0,6.0625,1.4375,0.5333333333333333
3671,13.0,17.53846153846154,145.7869822485207,39.15384615384615,1414.1301775147929,6.846153846153846,2.0,0.325
3672,22.0,15.909090909090908,60.71900826446281,30.636363636363637,114.14049586776856,4.7727272727272725,1.6818181818181819,0.7333333333333333
3673,29.0,9.137931034482758,26.73959571938169,76.10344827586206,112.50653983353152,7.241379310344827,1.103448275862069,1.45
3674,16.0,44.6875,386.46484375,31.0625,236.43359375,5.1875,5.4375,0.2962962962962963
3675,11.0,47.0,625.6363636363636,26.90909090909091,300.26446280991735,6.0,5.909090909090909,0.171875
3676,24.0,40.791666666666664,494.2482638888889,26.291666666666668,181.03993055555557,4.791666666666667,5.083333333333333,0.375
3677,22.0,48.90909090909091,203.26446280991738,34.09090909090909,284.17355371900834,5.909090909090909,4.590909090909091,0.41509433962264153
3678,15.0,23.933333333333334,154.06222222222223,17.466666666666665,423.04888888888877,7.066666666666666,2.0,0.375
3679,19.0,22.68421052631579,143.26869806094183,23.263157894736842,852.5096952908585,6.2105263157894735,2.736842105263158,0.48717948717948717
3680,19.0,14.105263157894736,41.14681440443213,35.0,127.89473684210526,6.157894736842105,1.6842105263157894,0.7307692307692307
3681,29.0,38.93103448275862,332.1331747919144,36.86206896551724,235.36028537455414,4.793103448275862,4.448275862068965,0.58
3682,18.0,10.333333333333334,34.888888888888886,78.05555555555556,157.94135802469134,6.666666666666667,1.2222222222222223,0.9
3683,17.0,26.11764705882353,71.16262975778548,25.58823529411765,404.8304498269896,7.352941176470588,2.1176470588235294,0.53125
3684,8.0,20.75,55.1875,28.5,121.75,5.375,1.5,0.3333333333333333
3685,29.0,20.24137931034483,166.18311533888232,34.3448275862069,1142.3638525564804,6.0,1.793103448275862,0.725
3686,18.0,19.333333333333332,110.00000000000001,31.055555555555557,875.4969135802468,7.166666666666667,2.611111111111111,0.5294117647058824
3687,12.0,32.666666666666664,858.8888888888888,27.583333333333332,139.90972222222223,5.833333333333333,4.5,0.16
3688,13.0,4.153846153846154,9.514792899408283,21.846153846153847,15.207100591715975,4.923076923076923,7.0,1.1818181818181819
3689,14.0,13.428571428571429,64.10204081632652,32.5,804.3928571428571,7.642857142857143,2.357142857142857,0.56
3690,15.0,3.8666666666666667,10.382222222222222,23.933333333333334,24.062222222222214,5.333333333333333,7.933333333333334,1.3636363636363635
3691,28.0,18.75,143.90178571428572,39.392857142857146,1281.0242346938776,7.214285714285714,1.75,0.6829268292682927
3692,11.0,11.909090909090908,83.71900826446281,33.27272727272727,66.56198347107438,4.363636363636363,1.7272727272727273,0.36666666666666664
3693,16.0,49.3125,560.96484375,32.3125,200.71484375,4.6875,4.4375,0.24615384615384617
3694,15.0,13.0,102.4,28.6,81.57333333333334,5.066666666666666,2.466666666666667,0.4838709677419355
3695,9.0,8.0,26.88888888888889,79.44444444444444,155.80246913580245,7.333333333333333,0.8888888888888888,0.5
3696,18.0,4.777777777777778,11.061728395061728,22.555555555555557,19.469135802469133,5.555555555555555,7.722222222222222,1.8
3697,20.0,12.8,75.75999999999999,35.85,71.9275,4.95,1.85,0.6896551724137931
3698,22.0,46.04545454545455,622.6797520661158,32.18181818181818,231.23966942148763,5.2272727272727275,5.045454545454546,0.3235294117647059
3699,9.0,50.44444444444444,504.46913580246917,37.22222222222222,172.17283950617286,6.444444444444445,6.444444444444445,0.13846153846153847
3700,6.0,19.666666666666668,24.555555555555554,22.833333333333332,35.138888888888886,6.666666666666667,2.5,0.375
3701,25.0,44.52,1062.8895999999997,28.6,220.4,5.24,5.48,0.3125
3702,7.0,34.57142857142857,709.3877551020407,36.285714285714285,246.77551020408163,5.142857142857143,5.142857142857143,0.11864406779661017
3703,15.0,5.933333333333334,8.328888888888889,21.6,25.306666666666672,5.933333333333334,7.533333333333333,1.5
3704,14.0,18.571428571428573,145.53061224489792,37.285714285714285,1100.6326530612246,7.642857142857143,2.5,0.358974358974359
3705,12.0,5.75,7.1875,22.333333333333332,23.222222222222225,5.083333333333333,7.5,1.2
3706,18.0,9.555555555555555,25.024691358024693,79.5,124.02777777777777,7.388888888888889,1.2222222222222223,0.8571428571428571
3707,22.0,13.454545454545455,58.70247933884298,32.27272727272727,119.56198347107438,4.409090909090909,1.3636363636363635,0.7857142857142857
3708,18.0,39.27777777777778,1253.533950617284,27.055555555555557,244.60802469135808,6.166666666666667,5.166666666666667,0.21951219512195122
3709,21.0,11.380952380952381,33.47392290249433,75.71428571428571,164.96598639455783,6.857142857142857,0.7619047619047619,1.105263157894737
3710,7.0,14.714285714285714,74.20408163265304,40.57142857142857,1908.8163265306123,8.285714285714286,2.0,0.25
3711,6.0,22.833333333333332,130.80555555555554,41.333333333333336,1186.2222222222224,7.5,1.8333333333333333,0.18181818181818182
3712,28.0,22.857142857142858,170.55102040816328,31.571428571428573,1133.6020408163265,6.428571428571429,2.0714285714285716,0.6829268292682927
3713,6.0,15.333333333333334,40.22222222222222,32.666666666666664,119.55555555555554,3.8333333333333335,2.1666666666666665,0.2857142857142857
3714,7.0,38.285714285714285,549.061224489796,28.285714285714285,162.48979591836738,5.428571428571429,5.142857142857143,0.109375
3715,24.0,43.375,907.1510416666666,6.583333333333333,6.2430555555555545,4.5,9.166666666666666,0.2376237623762376
3716,7.0,30.142857142857142,312.97959183673464,5.857142857142857,9.83673469387755,5.714285714285714,8.857142857142858,0.1320754716981132
3717,18.0,13.0,65.88888888888889,33.888888888888886,143.76543209876544,4.555555555555555,2.388888888888889,0.6206896551724138
3718,16.0,4.0,4.75,24.25,25.8125,5.5,6.75,1.7777777777777777
3719,7.0,17.285714285714285,206.48979591836738,37.0,1306.5714285714287,8.714285714285714,2.0,0.18421052631578946
3720,22.0,8.727272727272727,21.016528925619834,74.81818181818181,151.42148760330576,7.090909090909091,0.8636363636363636,1.1578947368421053
3721,28.0,58.5,839.1071428571429,5.714285714285714,9.989795918367347,5.964285714285714,8.785714285714286,0.3010752688172043
3722,25.0,14.56,97.20639999999997,29.72,66.2016,5.8,2.4,0.8333333333333334
3723,25.0,31.32,910.9376,28.84,265.4943999999999,4.96,5.52,0.32894736842105265
3724,10.0,17.4,134.64000000000001,34.3,1276.21,6.4,2.2,0.24390243902439024
3725,12.0,14.5,72.91666666666667,29.666666666666668,99.72222222222221,5.583333333333333,1.4166666666666667,0.41379310344827586
3726,10.0,48.9,1106.89,3.4,3.8400000000000007,5.8,8.3,0.12048192771084337
3727,7.0,10.0,39.42857142857143,74.28571428571429,97.06122448979592,7.857142857142857,1.4285714285714286,0.3888888888888889
3728,21.0,19.761904761904763,144.3718820861678,15.380952380952381,347.75963718820867,6.761904761904762,2.238095238095238,0.525
3729,12.0,53.0,166.16666666666666,27.083333333333332,118.40972222222221,4.416666666666667,5.666666666666667,0.2553191489361702
3730,20.0,42.65,702.3275,5.45,9.4475,6.2,8.55,0.20618556701030927
3731,20.0,59.2,551.5600000000002,4.85,5.327500000000001,5.35,8.65,0.2222222222222222
3732,15.0,12.4,29.040000000000003,79.93333333333334,119.52888888888887,7.066666666666666,1.0,0.75
3733,16.0,20.3125,113.83984375,16.0,369.125,6.375,2.25,0.41025641025641024
3734,13.0,14.923076923076923,92.5325443786982,29.307692307692307,94.8284023668639,4.923076923076923,2.0,0.43333333333333335
3735,30.0,40.1,220.69000000000003,29.8,219.82666666666665,5.766666666666667,4.733333333333333,0.6666666666666666
3736,16.0,4.8125,8.27734375,20.4375,17.37109375,6.0625,7.4375,1.6
3737,15.0,4.733333333333333,12.195555555555556,24.733333333333334,20.328888888888898,5.866666666666666,6.8,1.3636363636363635
3738,20.0,64.1,877.4900000000001,6.0,8.4,6.65,8.85,0.20833333333333334
3739,5.0,40.2,1519.3600000000001,2.8,3.7600000000000002,5.0,7.6,0.054945054945054944
3740,10.0,14.7,64.41,25.6,1133.8400000000001,6.3,1.3,0.35714285714285715
3741,17.0,46.1764705882353,806.7335640138409,5.0588235294117645,7.820069204152249,5.411764705882353,8.882352941176471,0.17708333333333334
3742,8.0,21.875,51.859375,26.125,1129.109375,6.75,1.625,0.32
3743,25.0,44.6,703.68,4.72,7.801599999999999,4.68,8.24,0.25252525252525254
3744,20.0,45.7,685.3100000000001,25.85,257.7275000000001,5.95,4.45,0.29411764705882354
3745,28.0,11.964285714285714,32.74872448979592,78.32142857142857,143.71811224489792,6.607142857142857,0.8928571428571429,1.5555555555555556
3746,21.0,13.904761904761905,40.65759637188209,32.61904761904762,97.37868480725623,5.333333333333333,2.0,0.75
3747,16.0,12.8125,81.02734375,30.8125,69.65234375,7.25,1.6875,0.5517241379310345
3748,7.0,24.142857142857142,211.83673469387756,46.57142857142857,1231.387755102041,7.142857142857143,2.5714285714285716,0.175
3749,16.0,47.875,705.609375,5.125,5.984375,5.625,8.6875,0.16666666666666666
3750,25.0,20.6,109.2,32.6,1059.36,7.0,2.04,0.6578947368421053
3751,23.0,8.826086956521738,31.100189035916827,82.21739130434783,145.3875236294896,6.434782608695652,1.3478260869565217,1.2777777777777777
3752,13.0,5.153846153846154,6.745562130177514,21.846153846153847,5.514792899408284,5.615384615384615,7.846153846153846,1.1818181818181819
3753,8.0,11.0,34.25,81.125,171.859375,6.375,1.25,0.5
3754,24.0,6.083333333333333,8.743055555555557,24.541666666666668,22.581597222222218,5.375,7.75,2.1818181818181817
3755,17.0,20.647058823529413,170.93425605536336,21.764705882352942,463.0034602076125,7.0,2.823529411764706,0.4146341463414634
3756,17.0,50.588235294117645,904.8304498269895,5.352941176470588,9.287197231833911,5.352941176470588,8.176470588235293,0.17346938775510204
3757,28.0,40.17857142857143,444.71811224489795,34.82142857142857,188.43239795918367,5.678571428571429,4.464285714285714,0.4827586206896552
3758,6.0,11.166666666666666,30.472222222222214,84.0,101.66666666666667,6.5,0.5,0.3333333333333333
3759,15.0,71.8,789.7600000000001,5.2,8.293333333333333,4.866666666666666,8.4,0.15625
3760,26.0,20.692307692307693,107.1360946745562,38.38461538461539,1196.3136094674558,7.038461538461538,2.076923076923077,0.65
3761,12.0,41.75,765.1875,31.416666666666668,280.40972222222223,5.333333333333333,3.5833333333333335,0.16216216216216217
3762,29.0,17.03448275862069,160.51605231866827,31.482758620689655,874.387633769322,7.0,2.310344827586207,0.7073170731707317
3763,14.0,17.428571428571427,84.10204081632652,29.928571428571427,130.78061224489798,6.071428571428571,2.357142857142857,0.45161290322580644
3764,21.0,17.571428571428573,84.91156462585033,33.19047619047619,131.29705215419503,7.095238095238095,1.9523809523809523,0.7
3765,24.0,5.5,8.5,24.458333333333332,20.66493055555556,5.375,7.333333333333333,2.1818181818181817
3766,29.0,14.379310344827585,74.92508917954817,31.517241379310345,64.04280618311535,5.758620689655173,2.3793103448275863,0.9666666666666667
3767,19.0,26.894736842105264,106.30470914127423,29.105263157894736,1269.7783933518003,7.0,1.736842105263158,0.5277777777777778
3768,11.0,49.90909090909091,740.0826446280992,5.363636363636363,7.68595041322314,5.090909090909091,8.454545454545455,0.1375
3769,15.0,10.6,31.84,75.8,173.62666666666667,7.733333333333333,0.7333333333333333,0.7894736842105263
3770,7.0,10.0,58.285714285714285,86.71428571428571,154.77551020408166,6.428571428571429,1.1428571428571428,0.3684210526315789
3771,14.0,5.071428571428571,10.494897959183673,24.428571428571427,13.530612244897958,5.428571428571429,6.857142857142857,1.2727272727272727
3772,12.0,8.5,23.416666666666668,81.91666666666667,98.74305555555554,6.75,1.3333333333333333,0.6666666666666666
3773,7.0,5.285714285714286,4.489795918367347,21.571428571428573,15.673469387755103,5.285714285714286,7.571428571428571,1.0
3774,15.0,45.8,852.1600000000002,6.466666666666667,5.982222222222222,4.333333333333333,8.733333333333333,0.1724137931034483
3775,9.0,11.555555555555555,49.13580246913581,83.77777777777777,142.17283950617283,7.333333333333333,1.3333333333333333,0.42857142857142855
3776,18.0,5.388888888888889,11.015432098765432,23.11111111111111,11.65432098765432,5.388888888888889,7.5,1.6363636363636365
3777,26.0,8.307692307692308,30.59763313609467,78.0,138.69230769230768,6.5,1.0384615384615385,1.3
3778,12.0,45.833333333333336,684.4722222222223,31.166666666666668,304.97222222222223,6.083333333333333,5.333333333333333,0.1791044776119403
3779,28.0,32.035714285714285,337.0344387755102,34.82142857142857,206.71811224489792,6.321428571428571,5.5,0.45161290322580644
3780,20.0,42.65,636.5274999999999,38.6,181.34,4.5,5.3,0.2857142857142857
3781,13.0,8.846153846153847,49.51479289940828,81.84615384615384,99.05325443786981,7.769230769230769,0.7692307692307693,0.7222222222222222
3782,20.0,53.55,659.8475,6.15,6.627499999999998,5.25,8.25,0.24096385542168675
3783,23.0,9.521739130434783,27.98865784499055,83.30434782608695,86.21172022684308,6.826086956521739,1.0,1.0952380952380953
3784,7.0,10.714285714285714,22.20408163265306,81.28571428571429,181.0612244897959,7.571428571428571,1.1428571428571428,0.3888888888888889
3785,7.0,16.428571428571427,191.67346938775512,26.0,634.8571428571429,6.0,0.8571428571428571,0.18421052631578946
3786,11.0,6.090909090909091,7.355371900826446,24.272727272727273,13.289256198347108,5.2727272727272725,7.909090909090909,1.1
3787,23.0,17.130434782608695,170.6351606805293,36.30434782608695,1404.4725897920607,7.086956521739131,1.9130434782608696,0.6052631578947368
3788,25.0,18.28,62.681599999999996,29.04,98.19840000000002,5.0,1.8,0.8928571428571429
3789,10.0,22.1,194.08999999999997,38.3,1140.61,7.2,2.8,0.2777777777777778
3790,25.0,38.56,884.4863999999999,31.32,251.81759999999997,4.72,5.24,0.3424657534246575
3791,27.0,16.59259259259259,96.24142661179697,35.18518518518518,127.11385459533606,7.2592592592592595,2.259259259259259,0.8709677419354839
3792,18.0,7.5,31.25,78.94444444444444,120.49691358024691,6.777777777777778,0.8888888888888888,0.9
3793,24.0,40.791666666666664,395.1649305555557,31.666666666666668,368.22222222222223,6.166666666666667,4.958333333333333,0.47058823529411764
3794,6.0,37.833333333333336,541.4722222222222,27.666666666666668,310.88888888888886,3.5,5.166666666666667,0.10714285714285714
3795,30.0,13.833333333333334,65.20555555555556,36.56666666666667,98.1788888888889,5.766666666666667,1.9333333333333333,1.0
3796,5.0,75.2,1.3599999999999999,29.2,350.96000000000004,3.4,5.4,1.25
3797,13.0,41.76923076923077,787.1005917159763,30.384615384615383,369.1597633136094,4.769230769230769,3.6153846153846154,0.2
3798,19.0,12.210526315789474,40.166204986149594,82.63157894736842,52.864265927977854,7.315789473684211,1.4210526315789473,1.0
3799,23.0,10.173913043478262,39.6219281663516,76.47826086956522,124.33648393194709,6.913043478260869,1.0,1.0952380952380953
3800,6.0,11.666666666666666,60.55555555555555,81.0,176.0,6.333333333333333,1.0,0.2857142857142857
3801,13.0,45.38461538461539,743.1597633136096,28.53846153846154,220.71005917159766,5.923076923076923,4.769230769230769,0.19696969696969696
3802,5.0,15.8,44.56,33.2,156.16000000000003,3.0,2.4,0.25
3803,21.0,16.714285714285715,117.72789115646258,23.19047619047619,549.6780045351476,6.476190476190476,2.238095238095238,0.65625
3804,17.0,41.588235294117645,721.1833910034602,5.294117647058823,5.501730103806229,5.882352941176471,8.117647058823529,0.19101123595505617
3805,8.0,4.25,9.1875,23.5,26.0,6.0,7.5,0.7272727272727273
3806,16.0,11.4375,28.24609375,80.25,130.1875,6.375,0.9375,0.8888888888888888
3807,9.0,46.77777777777778,956.172839506173,6.333333333333333,4.666666666666667,4.111111111111111,8.666666666666666,0.10714285714285714
3808,23.0,45.34782608695652,967.531190926276,5.913043478260869,7.122873345935728,7.173913043478261,8.521739130434783,0.24468085106382978
3809,22.0,15.045454545454545,86.67975206611568,31.818181818181817,107.23966942148762,5.409090909090909,2.6363636363636362,0.7857142857142857
3810,5.0,21.6,65.04,31.6,1063.8400000000001,7.6,2.8,0.20833333333333334
3811,30.0,42.43333333333333,369.77888888888884,32.8,367.82666666666665,5.933333333333334,5.4,0.5172413793103449
3812,15.0,42.0,458.26666666666665,33.93333333333333,265.3955555555555,4.466666666666667,4.866666666666666,0.24193548387096775
3813,9.0,3.5555555555555554,6.6913580246913575,22.444444444444443,24.469135802469136,5.555555555555555,7.0,1.125
3814,14.0,57.214285714285715,1060.8826530612246,4.0,7.0,5.785714285714286,8.714285714285714,0.14583333333333334
3815,19.0,48.578947368421055,431.7174515235458,35.1578947368421,200.44875346260392,5.684210526315789,4.2105263157894735,0.3064516129032258
3816,17.0,9.882352941176471,30.69204152249134,76.29411764705883,148.08996539792386,6.470588235294118,1.1176470588235294,0.9444444444444444
3817,13.0,59.0,653.6923076923077,5.384615384615385,7.928994082840235,4.846153846153846,8.461538461538462,0.13402061855670103
3818,27.0,20.962962962962962,123.07270233196158,37.370370370370374,1304.6776406035663,7.037037037037037,2.185185185185185,0.75
3819,7.0,49.142857142857146,1197.5510204081634,6.285714285714286,9.061224489795919,4.571428571428571,9.142857142857142,0.07446808510638298
3820,15.0,46.06666666666667,430.59555555555556,41.86666666666667,170.51555555555555,4.066666666666666,5.4,0.26785714285714285
3821,7.0,49.714285714285715,1109.9183673469388,5.857142857142857,12.122448979591836,6.0,8.142857142857142,0.07865168539325842
3822,18.0,17.88888888888889,104.65432098765433,39.888888888888886,1143.5432098765434,7.166666666666667,1.2222222222222223,0.5142857142857142
3823,21.0,19.571428571428573,128.62585034013603,20.428571428571427,728.4353741496595,6.857142857142857,2.0,0.525
3824,8.0,19.125,24.859375,40.125,91.609375,3.25,2.75,0.5
3825,17.0,22.647058823529413,620.4636678200692,30.647058823529413,246.34602076124563,4.764705882352941,4.9411764705882355,0.21794871794871795
3826,28.0,61.82142857142857,789.5038265306123,6.0,7.571428571428571,5.857142857142857,8.607142857142858,0.2978723404255319
3827,19.0,8.421052631578947,46.03324099722992,78.36842105263158,181.70637119113573,6.947368421052632,1.0526315789473684,0.9047619047619048
3828,18.0,56.05555555555556,868.0524691358024,5.222222222222222,7.506172839506173,6.222222222222222,8.277777777777779,0.1875
3829,8.0,4.0,11.25,26.125,17.859375,5.75,7.5,0.8
3830,21.0,48.23809523809524,930.9433106575964,4.476190476190476,4.249433106575964,5.285714285714286,8.476190476190476,0.21212121212121213
3831,15.0,8.533333333333333,23.44888888888889,77.86666666666666,149.84888888888887,6.666666666666667,1.5333333333333334,0.8823529411764706
3832,19.0,10.842105263157896,42.764542936288095,82.05263157894737,155.3130193905817,7.526315789473684,0.6842105263157895,0.9047619047619048
3833,14.0,4.857142857142857,9.979591836734693,21.285714285714285,22.204081632653068,5.571428571428571,7.857142857142857,1.2727272727272727
3834,11.0,4.454545454545454,5.702479338842976,22.181818181818183,22.330578512396695,5.636363636363637,7.454545454545454,1.1
3835,17.0,19.41176470588235,59.77162629757787,34.94117647058823,88.29065743944638,4.705882352941177,2.9411764705882355,0.5666666666666667
3836,15.0,51.93333333333333,963.1288888888889,6.0,8.933333333333334,7.266666666666667,8.4,0.16304347826086957
3837,12.0,16.666666666666668,191.22222222222226,14.75,217.35416666666666,6.0,1.5,0.3076923076923077
3838,21.0,15.571428571428571,76.81632653061223,29.142857142857142,115.64625850340136,6.285714285714286,2.0,0.7
3839,23.0,16.130434782608695,64.98298676748583,28.52173913043478,92.85822306238185,5.217391304347826,2.0,0.7419354838709677
3840,30.0,27.8,697.1600000000002,31.366666666666667,320.7655555555556,6.0,4.833333333333333,0.45454545454545453
3841,24.0,5.5,12.5,21.625,22.151041666666668,5.458333333333333,7.166666666666667,2.1818181818181817
3842,5.0,19.6,155.84,20.6,93.84,7.4,0.6,0.1282051282051282
3843,6.0,17.166666666666668,50.47222222222222,34.5,108.25,5.333333333333333,2.8333333333333335,0.2727272727272727
3844,6.0,18.666666666666668,178.22222222222226,34.333333333333336,1313.888888888889,7.0,0.5,0.17142857142857143
3845,6.0,7.833333333333333,44.47222222222223,80.5,185.91666666666666,6.833333333333333,1.0,0.2857142857142857
3846,11.0,12.636363636363637,75.86776859504131,33.0,90.36363636363636,6.636363636363637,2.1818181818181817,0.3793103448275862
3847,20.0,9.45,55.547500000000014,82.0,140.7,6.25,0.75,0.9523809523809523
3848,29.0,17.379310344827587,128.64922711058264,33.06896551724138,1051.7883472057074,6.931034482758621,2.3448275862068964,0.725
3849,16.0,5.3125,8.46484375,22.0625,30.80859375,5.5625,7.9375,1.4545454545454546
3850,8.0,20.25,139.9375,35.125,1253.359375,6.375,1.25,0.21052631578947367
3851,27.0,4.333333333333333,9.629629629629628,22.40740740740741,22.611796982167355,5.814814814814815,7.555555555555555,2.4545454545454546
3852,17.0,10.823529411764707,44.85121107266436,81.23529411764706,103.47404844290656,6.705882352941177,1.2352941176470589,0.8095238095238095
3853,14.0,50.357142857142854,580.6581632653061,27.714285714285715,290.77551020408157,6.5,5.785714285714286,0.20588235294117646
3854,17.0,22.294117647058822,117.73702422145327,28.0,1072.8235294117646,6.705882352941177,2.0588235294117645,0.4594594594594595
3855,21.0,4.666666666666667,10.698412698412696,22.19047619047619,24.24943310657597,6.0,7.714285714285714,1.9090909090909092
3856,6.0,6.0,7.666666666666667,20.0,8.0,4.833333333333333,9.333333333333334,0.6
3857,6.0,16.833333333333332,73.80555555555554,35.333333333333336,53.22222222222222,4.166666666666667,2.5,0.24
3858,13.0,48.92307692307692,652.9940828402366,32.0,361.53846153846155,5.769230769230769,4.461538461538462,0.19402985074626866
3859,11.0,22.09090909090909,171.90082644628097,38.63636363636363,1239.5041322314048,6.818181818181818,2.1818181818181817,0.275
3860,5.0,16.0,108.4,14.8,113.35999999999999,6.8,2.0,0.16129032258064516
3861,16.0,6.125,6.734375,21.125,12.609375,5.5625,8.1875,1.6
3862,6.0,5.166666666666667,4.472222222222222,22.5,28.916666666666668,6.166666666666667,6.333333333333333,0.75
3863,17.0,34.88235294117647,947.3979238754325,40.0,239.1764705882353,5.705882352941177,4.294117647058823,0.22666666666666666
3864,24.0,40.875,637.2760416666666,32.083333333333336,351.2430555555555,5.833333333333333,5.416666666666667,0.34782608695652173
3865,24.0,4.75,8.6875,21.166666666666668,17.88888888888889,5.541666666666667,7.458333333333333,2.1818181818181817
3866,16.0,18.75,143.3125,38.0,1403.0,6.9375,1.5625,0.41025641025641024
3867,27.0,8.481481481481481,29.21262002743484,80.85185185185185,158.718792866941,7.074074074074074,0.8888888888888888,1.4210526315789473
3868,5.0,3.8,13.76,23.4,17.839999999999996,5.4,7.6,0.45454545454545453
3869,12.0,11.833333333333334,36.638888888888886,81.16666666666667,114.63888888888887,7.833333333333333,0.9166666666666666,0.6
3870,11.0,11.727272727272727,49.83471074380166,81.27272727272727,225.65289256198346,7.909090909090909,0.8181818181818182,0.5238095238095238
3871,7.0,13.428571428571429,24.530612244897956,75.14285714285714,203.26530612244895,7.714285714285714,0.8571428571428571,0.4375
3872,28.0,14.642857142857142,81.08673469387752,33.035714285714285,107.5344387755102,5.25,2.0,0.9333333333333333
3873,29.0,11.03448275862069,35.27467300832343,79.89655172413794,125.67895362663494,7.103448275862069,0.8620689655172413,1.380952380952381
3874,27.0,9.555555555555555,32.76543209876542,77.62962962962963,105.78875171467764,6.925925925925926,1.1481481481481481,1.4210526315789473
3875,12.0,26.333333333333332,434.7222222222222,35.5,207.75,5.0,5.25,0.19672131147540983
3876,26.0,14.461538461538462,59.63313609467456,34.96153846153846,141.03698224852073,6.423076923076923,1.8461538461538463,1.0
3877,29.0,44.41379310344828,499.89774078478007,4.896551724137931,7.816884661117719,4.9655172413793105,8.448275862068966,0.3411764705882353
3878,14.0,5.285714285714286,10.204081632653061,19.214285714285715,11.596938775510205,5.928571428571429,7.714285714285714,1.2727272727272727
3879,29.0,19.06896551724138,109.02972651605232,26.75862068965517,702.5279429250891,6.655172413793103,1.6551724137931034,0.7073170731707317
3880,5.0,5.2,3.7600000000000002,19.8,8.559999999999999,6.0,8.0,0.8333333333333334
3881,21.0,15.523809523809524,101.39229024943312,21.285714285714285,1055.156462585034,7.095238095238095,1.5714285714285714,0.5384615384615384
3882,24.0,41.666666666666664,812.9722222222221,5.875,9.109375,6.625,8.5,0.24242424242424243
3883,5.0,16.6,71.44000000000001,35.8,55.760000000000005,3.2,1.8,0.19230769230769232
3884,26.0,5.3076923076923075,11.905325443786982,21.23076923076923,23.331360946745562,5.269230769230769,7.384615384615385,2.3636363636363638
3885,19.0,45.26315789473684,885.3518005540164,33.421052631578945,280.5595567867036,5.315789473684211,5.2105263157894735,0.24358974358974358
3886,18.0,36.27777777777778,730.6450617283951,30.055555555555557,197.3858024691358,5.166666666666667,4.333333333333333,0.2222222222222222
3887,15.0,10.466666666666667,38.38222222222223,85.26666666666667,120.32888888888888,7.4,0.9333333333333333,0.7142857142857143
3888,25.0,48.32,1048.4576,6.0,8.24,5.84,8.52,0.25
3889,6.0,2.8333333333333335,5.138888888888888,21.833333333333332,28.13888888888889,6.0,7.0,0.75
3890,27.0,13.25925925925926,80.63648834019205,29.296296296296298,101.68998628257889,6.037037037037037,2.3703703703703702,0.8709677419354839
3891,12.0,51.083333333333336,910.9097222222222,4.833333333333333,8.972222222222223,5.0,8.583333333333334,0.12631578947368421
3892,27.0,41.44444444444444,310.6172839506173,34.48148148148148,243.95336076817554,5.333333333333333,5.37037037037037,0.48214285714285715
3893,8.0,47.0,661.0,3.625,3.984375,6.875,8.875,0.10666666666666667
3894,21.0,39.80952380952381,659.1065759637188,5.809523809523809,8.058956916099772,5.380952380952381,8.238095238095237,0.23076923076923078
3895,18.0,24.944444444444443,134.4969135802469,36.27777777777778,1316.5339506172838,6.5,2.0,0.47368421052631576
3896,7.0,5.714285714285714,18.48979591836735,83.28571428571429,143.3469387755102,5.428571428571429,1.2857142857142858,0.5384615384615384
3897,25.0,4.96,8.8384,22.8,17.12,5.2,7.32,2.272727272727273
3898,14.0,3.357142857142857,10.22959183673469,25.5,17.678571428571427,5.642857142857143,7.071428571428571,1.2727272727272727
3899,29.0,4.931034482758621,10.615933412604042,21.17241379310345,19.866825208085615,5.068965517241379,7.068965517241379,2.6363636363636362
3900,8.0,53.5,749.25,4.5,7.25,3.5,8.875,0.10256410256410256
3901,25.0,32.0,341.12,32.56,316.6464,5.2,5.6,0.43103448275862066
3902,20.0,41.1,810.0899999999999,31.9,242.38999999999996,5.75,4.75,0.25
3903,22.0,5.909090909090909,8.991735537190081,22.318181818181817,21.216942148760328,5.5,8.0,2.0
3904,24.0,5.583333333333333,9.909722222222225,24.458333333333332,16.414930555555557,5.625,7.666666666666667,2.1818181818181817
3905,18.0,29.444444444444443,254.91358024691363,31.27777777777778,357.75617283950606,5.5,5.166666666666667,0.3103448275862069
3906,18.0,30.0,396.44444444444446,36.94444444444444,290.38580246913585,5.555555555555555,5.166666666666667,0.2571428571428571
3907,14.0,19.428571428571427,210.67346938775512,27.0,1123.7142857142858,6.285714285714286,2.0,0.34146341463414637
3908,14.0,59.357142857142854,1140.8010204081634,5.571428571428571,5.959183673469387,5.928571428571429,8.571428571428571,0.1414141414141414
3909,5.0,7.0,8.8,17.0,0.8,5.4,8.8,0.625
3910,14.0,10.285714285714286,50.91836734693877,75.21428571428571,159.02551020408163,6.928571428571429,0.9285714285714286,0.6666666666666666
3911,9.0,8.88888888888889,14.765432098765432,81.66666666666667,80.44444444444444,7.444444444444445,1.0,0.75
3912,6.0,10.833333333333334,38.47222222222222,86.5,123.91666666666667,6.666666666666667,1.3333333333333333,0.3333333333333333
3913,21.0,8.857142857142858,32.8843537414966,81.80952380952381,111.86848072562357,7.380952380952381,1.2380952380952381,1.105263157894737
3914,20.0,60.55,516.4475000000001,3.7,5.3100000000000005,6.05,8.45,0.2222222222222222
3915,11.0,52.45454545454545,645.3388429752066,37.45454545454545,152.61157024793386,6.7272727272727275,4.2727272727272725,0.14864864864864866
3916,6.0,57.0,734.6666666666666,6.5,8.583333333333334,3.8333333333333335,8.333333333333334,0.07692307692307693
3917,16.0,12.375,44.609375,30.75,102.1875,5.5625,1.75,0.64
3918,11.0,16.181818181818183,58.87603305785124,34.90909090909091,73.7190082644628,6.545454545454546,2.272727272727273,0.5
3919,16.0,25.875,100.234375,37.5,1192.875,6.6875,2.0625,0.48484848484848486
3920,30.0,47.13333333333333,505.58222222222213,30.2,210.0266666666666,5.233333333333333,4.333333333333333,0.47619047619047616
3921,27.0,3.962962962962963,11.517146776406038,22.555555555555557,23.580246913580247,5.962962962962963,7.333333333333333,2.4545454545454546
3922,21.0,38.476190476190474,888.0589569160996,5.428571428571429,6.244897959183673,4.142857142857143,8.714285714285714,0.21428571428571427
3923,15.0,6.8,25.626666666666665,84.33333333333333,93.28888888888888,6.266666666666667,0.6666666666666666,0.8333333333333334
3924,24.0,56.833333333333336,562.6388888888889,29.75,242.9375,4.833333333333333,4.5,0.3116883116883117
3925,8.0,6.375,9.484375,22.625,15.234375,4.875,7.625,0.8
3926,13.0,15.076923076923077,62.224852071005934,33.30769230769231,135.2899408284024,6.153846153846154,2.0,0.4642857142857143
3927,10.0,32.0,788.0,5.0,9.6,5.3,8.7,0.1111111111111111
3928,12.0,6.333333333333333,13.888888888888891,87.83333333333333,66.97222222222223,7.5,1.1666666666666667,0.75
3929,13.0,55.30769230769231,792.0591715976332,27.153846153846153,151.36094674556213,4.846153846153846,5.384615384615385,0.19117647058823528
3930,30.0,14.866666666666667,68.11555555555555,34.43333333333333,97.71222222222221,4.566666666666666,2.066666666666667,1.0344827586206897
3931,23.0,9.521739130434783,37.20604914933838,78.6086956521739,140.49905482041586,6.043478260869565,1.0,1.15
3932,14.0,33.285714285714285,632.4897959183673,40.714285714285715,148.6326530612245,4.285714285714286,4.428571428571429,0.19718309859154928
3933,20.0,32.55,710.1474999999999,30.7,252.01,4.9,5.2,0.3125
3934,24.0,15.75,80.10416666666667,32.791666666666664,114.33159722222223,3.8333333333333335,2.25,0.7741935483870968
3935,19.0,12.105263157894736,92.19944598337948,28.736842105263158,143.77285318559558,5.947368421052632,2.0,0.6333333333333333
3936,6.0,5.166666666666667,9.805555555555555,20.166666666666668,16.472222222222225,4.833333333333333,8.0,0.6
3937,22.0,47.90909090909091,1020.2644628099174,4.954545454545454,8.497933884297522,5.363636363636363,8.727272727272727,0.2268041237113402
3938,25.0,46.36,767.0304000000001,5.32,8.4576,5.64,8.24,0.2808988764044944
3939,18.0,44.05555555555556,644.0524691358025,5.388888888888889,5.015432098765433,5.944444444444445,8.333333333333334,0.1875
3940,10.0,9.7,29.210000000000008,80.9,114.09,7.5,0.7,0.5882352941176471
3941,9.0,43.888888888888886,215.20987654320984,38.111111111111114,345.4320987654321,5.888888888888889,5.555555555555555,0.16071428571428573
3942,15.0,18.133333333333333,128.51555555555555,41.333333333333336,1101.0222222222224,7.933333333333334,2.6,0.4411764705882353
3943,23.0,14.0,91.1304347826087,31.782608695652176,101.3875236294896,5.043478260869565,1.6521739130434783,0.7666666666666667
3944,5.0,33.2,449.35999999999996,43.2,284.56000000000006,3.8,4.8,0.0847457627118644
3945,14.0,17.285714285714285,60.91836734693878,32.142857142857146,113.55102040816327,6.071428571428571,1.5714285714285714,0.5185185185185185
3946,30.0,53.666666666666664,594.4888888888889,4.633333333333334,7.032222222222222,6.166666666666667,8.5,0.38461538461538464
3947,25.0,10.96,57.07840000000001,81.36,116.9504,7.24,0.64,1.1904761904761905
3948,5.0,15.2,90.55999999999999,26.0,1143.6,6.0,2.4,0.18518518518518517
3949,7.0,16.285714285714285,98.77551020408161,32.57142857142857,149.3877551020408,4.857142857142857,1.0,0.25
3950,10.0,55.2,171.36000000000004,26.0,181.2,4.7,5.1,0.29411764705882354
3951,13.0,4.6923076923076925,9.751479289940827,21.615384615384617,12.390532544378697,5.0,8.23076923076923,1.4444444444444444
3952,29.0,5.344827586206897,5.950059453032103,23.06896551724138,17.167657550535075,5.413793103448276,8.0,2.6363636363636362
3953,24.0,4.666666666666667,9.222222222222221,22.75,22.6875,5.25,6.833333333333333,2.1818181818181817
3954,11.0,37.90909090909091,1277.1735537190082,31.545454545454547,260.79338842975204,5.7272727272727275,5.7272727272727275,0.14102564102564102
3955,30.0,17.933333333333334,118.32888888888888,28.933333333333334,883.3288888888891,6.233333333333333,1.9666666666666666,0.7692307692307693
3956,12.0,4.5,10.583333333333334,20.166666666666668,14.47222222222222,5.416666666666667,7.333333333333333,1.2
3957,18.0,51.888888888888886,778.4320987654321,6.222222222222222,10.506172839506172,5.833333333333333,8.5,0.21176470588235294
3958,10.0,10.3,34.61,77.1,126.08999999999999,6.4,1.1,0.5882352941176471
3959,5.0,42.2,1082.9599999999998,4.8,3.7600000000000002,7.2,9.2,0.05952380952380952
3960,12.0,17.5,103.25,33.833333333333336,934.3055555555555,7.666666666666667,1.5,0.375
3961,11.0,29.545454545454547,62.24793388429751,33.54545454545455,1251.5206611570247,7.545454545454546,2.3636363636363638,0.4583333333333333
3962,8.0,14.25,21.9375,78.0,106.0,7.0,1.375,0.5333333333333333
3963,9.0,8.11111111111111,16.320987654320987,82.66666666666667,79.11111111111111,7.333333333333333,0.8888888888888888,0.6428571428571429
3964,14.0,4.357142857142857,7.658163265306123,21.071428571428573,30.494897959183675,5.714285714285714,7.5,1.4
3965,8.0,10.75,53.1875,75.875,119.109375,7.875,1.125,0.38095238095238093
3966,13.0,6.923076923076923,30.686390532544376,77.0,96.92307692307692,7.230769230769231,1.3076923076923077,0.6842105263157895
3967,14.0,44.07142857142857,297.2091836734694,38.714285714285715,206.77551020408166,6.0,5.357142857142857,0.2978723404255319
3968,15.0,48.333333333333336,673.5555555555555,25.2,258.96,6.2,5.266666666666667,0.234375
3969,16.0,19.8125,152.40234375,44.8125,1727.15234375,6.5625,2.0,0.41025641025641024
3970,26.0,5.153846153846154,8.976331360946746,22.153846153846153,25.437869822485204,5.538461538461538,7.038461538461538,2.3636363636363638
3971,12.0,17.083333333333332,102.07638888888887,29.333333333333332,979.2222222222223,6.166666666666667,2.0,0.375
3972,23.0,16.08695652173913,65.20982986767486,31.08695652173913,98.51417769376181,4.3478260869565215,2.3043478260869565,0.8518518518518519
3973,26.0,10.5,42.17307692307692,80.3076923076923,132.75147928994082,7.576923076923077,1.1153846153846154,1.2380952380952381
3974,28.0,48.285714285714285,784.9183673469388,5.928571428571429,7.2806122448979576,4.964285714285714,8.535714285714286,0.29473684210526313
3975,22.0,50.63636363636363,1093.5041322314048,5.7727272727272725,9.539256198347108,5.318181818181818,8.681818181818182,0.2268041237113402
3976,22.0,22.318181818181817,135.67148760330576,33.45454545454545,1055.884297520661,7.545454545454546,1.3636363636363635,0.5945945945945946
3977,10.0,8.8,44.959999999999994,31.3,96.01000000000002,5.4,2.7,0.5263157894736842
3978,30.0,45.266666666666666,809.0622222222222,36.46666666666667,247.11555555555557,5.866666666666666,5.033333333333333,0.38961038961038963
3979,16.0,9.6875,28.83984375,79.8125,159.02734375,6.875,1.0,0.8
3980,17.0,12.823529411764707,72.96885813148789,27.529411764705884,62.013840830449844,5.823529411764706,1.9411764705882353,0.6296296296296297
3981,7.0,8.857142857142858,42.40816326530613,86.0,163.42857142857142,7.142857142857143,1.0,0.35
3982,9.0,11.88888888888889,22.098765432098762,75.0,116.88888888888889,7.0,0.7777777777777778,0.5625
3983,22.0,8.863636363636363,39.57231404958679,77.54545454545455,87.24793388429754,6.2727272727272725,1.0,1.0476190476190477
3984,18.0,18.22222222222222,111.95061728395063,42.388888888888886,1707.3487654320988,6.944444444444445,1.7222222222222223,0.47368421052631576
3985,18.0,11.777777777777779,31.061728395061728,82.61111111111111,161.79320987654322,6.888888888888889,0.9444444444444444,0.9473684210526315
3986,17.0,4.411764705882353,12.242214532871971,23.41176470588235,19.653979238754324,5.352941176470588,7.470588235294118,1.5454545454545454
3987,7.0,11.285714285714286,36.20408163265306,78.14285714285714,175.83673469387756,7.142857142857143,1.0,0.35
3988,5.0,9.6,23.44,79.2,46.959999999999994,7.2,1.0,0.3125
3989,10.0,11.9,101.48999999999998,43.9,1413.4900000000002,6.8,2.9,0.3125
3990,26.0,41.30769230769231,414.8284023668638,34.80769230769231,204.4630177514793,5.346153846153846,4.8076923076923075,0.4406779661016949
3991,29.0,18.0,145.58620689655172,27.06896551724138,938.4090368608798,7.068965517241379,2.4482758620689653,0.7837837837837838
3992,10.0,15.7,97.81,29.0,127.0,4.9,2.0,0.3333333333333333
3993,28.0,57.42857142857143,760.3163265306122,6.214285714285714,7.811224489795919,5.392857142857143,8.214285714285714,0.2857142857142857
3994,29.0,47.37931034482759,976.8561236623067,5.517241379310345,6.525564803804997,5.517241379310345,8.344827586206897,0.30851063829787234
3995,25.0,35.24,498.50239999999997,39.92,248.47360000000003,5.56,4.64,0.4098360655737705
3996,11.0,4.818181818181818,5.785123966942148,23.727272727272727,16.925619834710748,5.454545454545454,7.181818181818182,1.2222222222222223
3997,21.0,46.23809523809524,690.7528344671201,29.19047619047619,206.91609977324265,5.523809523809524,5.904761904761905,0.3230769230769231
3998,12.0,20.0,144.5,32.583333333333336,622.4097222222222,7.333333333333333,1.75,0.3076923076923077
3999,30.0,9.6,42.77333333333333,78.26666666666667,115.99555555555558,6.5,1.1,1.5
4000,20.0,14.3,49.11,32.75,65.5875,4.75,2.05,0.8
4001,16.0,23.25,122.6875,33.1875,996.65234375,6.375,2.0625,0.5
4002,6.0,5.833333333333333,12.472222222222223,23.166666666666668,21.805555555555557,5.333333333333333,8.333333333333334,0.6
4003,20.0,9.6,48.74,79.4,117.24000000000001,7.2,1.4,1.0
4004,18.0,9.333333333333334,23.666666666666668,79.27777777777777,145.31172839506175,6.944444444444445,0.8333333333333334,1.0
4005,15.0,21.0,134.66666666666666,43.93333333333333,1289.3955555555556,8.533333333333333,2.0,0.42857142857142855
4006,30.0,10.266666666666667,44.19555555555556,83.16666666666667,166.8055555555556,7.5,0.8333333333333334,1.4285714285714286
4007,13.0,14.846153846153847,51.514792899408285,30.76923076923077,128.79289940828403,4.461538461538462,1.8461538461538463,0.48148148148148145
4008,18.0,18.22222222222222,62.950617283950606,31.833333333333332,140.58333333333334,5.611111111111111,1.6666666666666667,0.6666666666666666
4009,27.0,7.555555555555555,34.098765432098766,77.11111111111111,90.9135802469136,7.222222222222222,1.1481481481481481,1.35
4010,25.0,3.76,8.2624,22.36,24.470400000000005,5.68,7.92,2.272727272727273
4011,11.0,38.54545454545455,530.4297520661156,4.909090909090909,9.173553719008265,6.0,8.727272727272727,0.13095238095238096
4012,17.0,13.647058823529411,62.4636678200692,37.88235294117647,116.22145328719724,5.9411764705882355,2.235294117647059,0.5862068965517241
4013,28.0,15.285714285714286,73.06122448979592,32.32142857142857,141.7895408163265,4.857142857142857,2.142857142857143,0.9655172413793104
4014,5.0,17.0,62.8,31.4,697.44,7.8,2.0,0.2
4015,24.0,19.208333333333332,122.08159722222221,45.958333333333336,1445.7065972222224,6.791666666666667,2.375,0.6153846153846154
4016,15.0,58.0,595.4666666666667,31.8,159.89333333333332,7.133333333333334,4.8,0.21739130434782608
4017,7.0,19.0,129.71428571428572,30.857142857142858,1371.8367346938774,6.428571428571429,1.0,0.19444444444444445
4018,6.0,18.666666666666668,95.88888888888887,31.666666666666668,28.555555555555554,6.833333333333333,2.0,0.25
4019,14.0,8.571428571428571,33.38775510204082,86.78571428571429,86.8826530612245,7.357142857142857,1.4285714285714286,0.7777777777777778
4020,19.0,45.8421052631579,508.44875346260386,29.36842105263158,265.2853185595567,5.947368421052632,5.684210526315789,0.2714285714285714
4021,10.0,8.3,38.81,25.9,82.28999999999999,5.5,2.5,0.45454545454545453
4022,5.0,6.2,32.96,32.8,102.16,5.0,2.2,0.3333333333333333
4023,27.0,4.037037037037037,10.035665294924554,21.88888888888889,19.358024691358022,5.333333333333333,7.37037037037037,2.4545454545454546
4024,23.0,8.304347826086957,37.51606805293005,83.52173913043478,138.42344045368623,7.3478260869565215,1.0869565217391304,1.15
4025,15.0,35.13333333333333,808.5155555555555,5.6,9.840000000000002,5.2,8.866666666666667,0.16129032258064516
4026,11.0,43.45454545454545,520.6115702479339,6.0,6.545454545454546,6.2727272727272725,8.272727272727273,0.14864864864864866
4027,10.0,17.4,56.44,31.8,96.36,4.8,1.9,0.37037037037037035
4028,21.0,45.95238095238095,589.0929705215419,29.571428571428573,216.62585034013605,6.238095238095238,5.333333333333333,0.2876712328767123
4029,18.0,8.38888888888889,27.459876543209877,80.11111111111111,113.98765432098766,7.611111111111111,1.0,1.0
4030,28.0,4.75,8.544642857142858,24.035714285714285,20.463010204081634,5.571428571428571,7.428571428571429,2.5454545454545454
4031,21.0,42.904761904761905,545.0385487528345,33.76190476190476,215.03854875283446,5.904761904761905,4.523809523809524,0.35
4032,21.0,40.42857142857143,342.3401360544217,28.761904761904763,254.18140589569157,6.428571428571429,4.476190476190476,0.39622641509433965
4033,12.0,15.333333333333334,91.05555555555556,33.083333333333336,140.74305555555557,4.166666666666667,2.25,0.42857142857142855
4034,8.0,29.5,555.0,41.375,162.484375,6.125,5.25,0.125
4035,13.0,46.38461538461539,515.4674556213017,6.230769230769231,7.100591715976331,7.538461538461538,8.923076923076923,0.17333333333333334
4036,18.0,10.11111111111111,32.98765432098765,79.11111111111111,112.43209876543207,7.277777777777778,0.9444444444444444,0.9
4037,23.0,5.0,9.565217391304348,22.217391304347824,18.170132325141775,6.043478260869565,7.173913043478261,2.090909090909091
4038,21.0,9.857142857142858,32.789115646258495,78.85714285714286,167.64625850340136,6.571428571428571,0.9523809523809523,1.105263157894737
4039,18.0,11.333333333333334,31.444444444444443,79.16666666666667,169.47222222222226,7.5,0.8888888888888888,0.9473684210526315
4040,20.0,53.7,680.21,5.25,7.7875,6.4,8.5,0.2
4041,14.0,17.785714285714285,58.454081632653065,37.214285714285715,68.31122448979592,5.928571428571429,2.2142857142857144,0.4827586206896552
4042,6.0,8.333333333333334,54.888888888888886,30.333333333333332,77.22222222222223,5.5,1.8333333333333333,0.2608695652173913
4043,19.0,40.0,465.57894736842104,28.94736842105263,234.57617728531855,4.473684210526316,3.736842105263158,0.2835820895522388
4044,30.0,51.9,953.8233333333333,6.0,6.066666666666666,5.933333333333334,8.766666666666667,0.30303030303030304
4045,27.0,57.148148148148145,806.644718792867,4.962962962962963,8.33196159122085,5.2592592592592595,8.592592592592593,0.3
4046,27.0,8.814814814814815,44.7434842249657,79.74074074074075,111.82167352537721,6.333333333333333,1.037037037037037,1.2857142857142858
4047,18.0,23.166666666666668,148.36111111111117,31.055555555555557,1129.9413580246912,7.333333333333333,2.4444444444444446,0.43902439024390244
4048,24.0,8.583333333333334,38.74305555555556,78.375,83.40104166666667,6.541666666666667,0.9166666666666666,1.1428571428571428
4049,13.0,20.153846153846153,97.0532544378698,29.692307692307693,1070.5207100591715,6.461538461538462,1.3076923076923077,0.38235294117647056
4050,26.0,10.615384615384615,40.082840236686394,78.3076923076923,174.44378698224853,6.076923076923077,0.9615384615384616,1.3
4051,23.0,4.173913043478261,8.230623818525517,24.0,15.043478260869565,5.6521739130434785,7.826086956521739,2.090909090909091
4052,7.0,66.85714285714286,282.6938775510204,5.857142857142857,6.6938775510204085,4.0,8.428571428571429,0.14
4053,22.0,65.9090909090909,593.1735537190084,4.7727272727272725,7.175619834710744,5.2272727272727275,8.590909090909092,0.23655913978494625
4054,27.0,44.148148148148145,1046.2743484224966,5.888888888888889,6.765432098765432,6.074074074074074,8.25925925925926,0.2755102040816326
4055,14.0,26.928571428571427,117.35204081632652,39.285714285714285,915.6326530612245,7.5,2.7142857142857144,0.4375
4056,27.0,18.59259259259259,86.46364883401922,33.18518518518518,789.4842249657064,6.777777777777778,1.9259259259259258,0.7714285714285715
4057,9.0,15.666666666666666,106.22222222222223,33.55555555555556,76.24691358024694,7.0,1.6666666666666667,0.3
4058,6.0,17.666666666666668,52.22222222222223,34.666666666666664,95.55555555555556,4.666666666666667,1.1666666666666667,0.2608695652173913
4059,26.0,17.26923076923077,87.1967455621302,34.84615384615385,114.20710059171596,4.615384615384615,2.0384615384615383,0.8666666666666667
4060,14.0,8.571428571428571,52.530612244897966,76.21428571428571,100.16836734693878,7.571428571428571,1.0,0.7
4061,30.0,41.63333333333333,775.6322222222225,5.6,8.173333333333336,5.933333333333334,8.3,0.32967032967032966
4062,27.0,46.888888888888886,988.0246913580248,5.777777777777778,9.135802469135802,5.185185185185185,8.37037037037037,0.28125
4063,22.0,16.227272727272727,80.63016528925618,32.18181818181818,115.42148760330578,5.7727272727272725,1.8181818181818181,0.7333333333333333
4064,15.0,4.333333333333333,9.955555555555557,23.266666666666666,27.395555555555557,5.266666666666667,8.133333333333333,1.3636363636363635
4065,28.0,4.892857142857143,13.381377551020407,23.107142857142858,20.23852040816326,5.428571428571429,7.571428571428571,2.5454545454545454
4066,16.0,8.0,42.75,80.8125,150.27734375,7.375,1.0,0.8
4067,5.0,54.2,166.95999999999998,30.4,225.43999999999997,5.6,5.8,0.17857142857142858
4068,18.0,4.611111111111111,10.793209876543209,22.11111111111111,23.543209876543205,5.166666666666667,7.611111111111111,1.6363636363636365
4069,14.0,14.357142857142858,65.9438775510204,27.142857142857142,73.83673469387756,3.7857142857142856,2.142857142857143,0.5384615384615384
4070,21.0,41.857142857142854,580.6938775510205,33.285714285714285,213.63265306122452,5.190476190476191,5.238095238095238,0.3230769230769231
4071,21.0,51.0,735.7142857142857,6.0476190476190474,9.473922902494333,5.428571428571429,8.523809523809524,0.22580645161290322
4072,6.0,6.5,3.25,22.166666666666668,35.80555555555555,5.333333333333333,7.5,1.0
4073,26.0,21.23076923076923,117.94674556213022,39.0,1130.6923076923076,6.3076923076923075,1.7692307692307692,0.6666666666666666
4074,30.0,47.53333333333333,766.848888888889,5.633333333333334,6.698888888888888,5.533333333333333,8.7,0.3157894736842105
4075,6.0,15.666666666666666,97.55555555555556,44.5,490.5833333333333,6.0,1.6666666666666667,0.2222222222222222
4076,11.0,23.272727272727273,112.56198347107441,18.90909090909091,510.62809917355384,7.2727272727272725,2.0,0.3142857142857143
4077,22.0,13.681818181818182,66.5805785123967,35.90909090909091,138.44628099173553,6.954545454545454,2.590909090909091,0.8148148148148148
4078,22.0,54.68181818181818,567.4896694214877,6.2272727272727275,7.902892561983472,6.0,8.863636363636363,0.2894736842105263
4079,26.0,8.461538461538462,20.710059171597628,79.42307692307692,108.8594674556213,7.115384615384615,1.0,1.3
4080,22.0,21.045454545454547,144.13429752066114,40.68181818181818,1277.8533057851241,6.5,2.090909090909091,0.5641025641025641
4081,9.0,40.666666666666664,761.7777777777778,29.22222222222222,183.28395061728395,5.888888888888889,4.444444444444445,0.13846153846153847
4082,5.0,2.8,8.959999999999999,22.0,12.4,5.6,7.4,0.5555555555555556
4083,13.0,3.4615384615384617,10.863905325443787,21.23076923076923,23.8698224852071,5.769230769230769,7.538461538461538,1.1818181818181819
4084,5.0,14.8,27.76,82.6,157.04000000000002,6.4,1.0,0.3125
4085,7.0,30.714285714285715,879.0612244897959,6.142857142857143,8.693877551020408,5.857142857142857,8.857142857142858,0.09090909090909091
4086,29.0,15.620689655172415,80.78715814506539,29.689655172413794,115.66230677764568,5.413793103448276,2.1379310344827585,1.0
4087,7.0,17.428571428571427,123.6734693877551,28.857142857142858,1028.9795918367345,7.857142857142857,1.2857142857142858,0.2
4088,6.0,60.666666666666664,540.5555555555555,5.666666666666667,4.555555555555556,6.0,8.5,0.09090909090909091
4089,19.0,9.210526315789474,43.6398891966759,82.63157894736842,154.23268698060943,7.0,1.0,0.9047619047619048
4090,11.0,15.0,76.18181818181819,28.0,136.72727272727272,4.909090909090909,2.1818181818181817,0.4074074074074074
4091,13.0,35.92307692307692,532.9940828402367,5.923076923076923,11.609467455621301,5.6923076923076925,8.461538461538462,0.1780821917808219
4092,10.0,23.6,83.44000000000001,30.1,831.29,7.5,2.6,0.29411764705882354
4093,11.0,2.1818181818181817,6.694214876033057,21.181818181818183,19.057851239669418,5.454545454545454,7.090909090909091,1.1
4094,27.0,4.666666666666667,8.074074074074078,22.11111111111111,21.432098765432098,5.592592592592593,7.7407407407407405,2.7
4095,21.0,44.23809523809524,710.8480725623584,28.904761904761905,217.2290249433107,5.857142857142857,5.666666666666667,0.3088235294117647
4096,29.0,9.172413793103448,37.65992865636149,78.6896551724138,121.24851367419738,6.896551724137931,1.0344827586206897,1.380952380952381
4097,5.0,58.0,375.2,6.0,1.6,4.8,7.8,0.10869565217391304
4098,28.0,13.892857142857142,85.95280612244895,31.714285714285715,85.63265306122449,4.142857142857143,2.0,0.9032258064516129
4099,17.0,43.470588235294116,783.6608996539794,31.529411764705884,333.6608996539793,5.529411764705882,5.0588235294117645,0.2698412698412698
4100,8.0,11.625,53.984375,29.25,124.9375,6.375,1.625,0.34782608695652173
4101,17.0,49.411764705882355,341.18339100346014,37.05882352941177,162.05536332179932,6.235294117647059,5.647058823529412,0.288135593220339
4102,24.0,5.125,9.109375,22.916666666666668,18.076388888888886,5.958333333333333,7.333333333333333,2.1818181818181817
4103,19.0,42.21052631578947,583.3240997229917,31.736842105263158,279.45706371191136,5.052631578947368,5.2631578947368425,0.2878787878787879
4104,9.0,5.888888888888889,8.543209876543209,24.77777777777778,22.17283950617284,5.333333333333333,7.555555555555555,0.9
4105,28.0,13.0,77.5,33.357142857142854,103.30102040816327,5.178571428571429,1.7857142857142858,0.9333333333333333
4106,20.0,15.4,62.93999999999998,32.2,82.96000000000001,4.75,2.3,0.6666666666666666
4107,5.0,31.4,389.84000000000003,35.4,259.0400000000001,6.4,5.0,0.09615384615384616
4108,11.0,69.0909090909091,541.7190082644628,7.0,4.909090909090909,4.909090909090909,8.545454545454545,0.15492957746478872
4109,26.0,10.615384615384615,32.3905325443787,78.03846153846153,151.88313609467457,6.961538461538462,0.8846153846153846,1.3
4110,21.0,7.0476190476190474,5.854875283446712,24.095238095238095,22.086167800453513,5.523809523809524,7.476190476190476,2.3333333333333335
4111,6.0,4.5,7.583333333333333,18.666666666666668,17.88888888888889,5.166666666666667,6.833333333333333,0.75
4112,12.0,5.166666666666667,8.472222222222221,22.166666666666668,12.805555555555557,5.333333333333333,7.416666666666667,1.0909090909090908
4113,10.0,39.0,884.4,38.3,216.61000000000004,5.9,5.1,0.12345679012345678
4114,25.0,16.12,88.5856,32.16,101.65440000000002,6.2,1.8,0.8333333333333334
4115,27.0,5.148148148148148,13.015089163237311,22.555555555555557,19.432098765432098,5.296296296296297,8.148148148148149,2.4545454545454546
4116,28.0,10.785714285714286,27.168367346938773,80.71428571428571,116.9183673469388,6.964285714285714,0.8928571428571429,1.4736842105263157
4117,25.0,35.8,679.84,33.16,238.37440000000007,4.88,5.04,0.35714285714285715
4118,9.0,57.22222222222222,871.5061728395062,6.111111111111111,4.765432098765432,6.444444444444445,8.88888888888889,0.1
4119,27.0,54.22222222222222,892.7654320987655,5.444444444444445,6.617283950617284,5.62962962962963,8.777777777777779,0.27835051546391754
4120,15.0,51.53333333333333,970.5155555555556,4.533333333333333,8.515555555555556,6.666666666666667,8.466666666666667,0.15151515151515152
4121,16.0,36.6875,903.08984375,28.8125,193.40234375,5.375,5.0,0.21333333333333335
4122,16.0,35.625,660.359375,37.625,293.109375,5.0,5.0,0.2318840579710145
4123,14.0,58.357142857142854,533.2295918367347,4.785714285714286,6.1683673469387745,5.357142857142857,8.428571428571429,0.19718309859154928
4124,14.0,5.428571428571429,9.387755102040815,24.428571428571427,22.816326530612248,5.785714285714286,6.857142857142857,1.2727272727272727
4125,19.0,4.052631578947368,11.839335180055405,23.736842105263158,20.088642659279778,5.578947368421052,6.947368421052632,1.7272727272727273
4126,22.0,9.363636363636363,31.140495867768593,79.81818181818181,126.87603305785127,6.863636363636363,0.9545454545454546,1.1578947368421053
4127,21.0,3.1904761904761907,9.678004535147391,21.38095238095238,22.61678004535148,5.714285714285714,8.0,1.9090909090909092
4128,12.0,16.666666666666668,140.38888888888889,11.666666666666666,209.55555555555557,7.416666666666667,2.3333333333333335,0.3076923076923077
4129,24.0,30.708333333333332,211.53993055555554,39.25,233.10416666666666,5.791666666666667,5.791666666666667,0.5
4130,23.0,19.956521739130434,108.73724007561435,29.91304347826087,1091.5576559546314,6.608695652173913,2.3043478260869565,0.6216216216216216
4131,16.0,20.1875,134.77734375,33.875,1066.484375,7.0625,2.125,0.42105263157894735
4132,27.0,15.962962962962964,95.73936899862828,32.111111111111114,1297.9506172839504,6.518518518518518,1.8148148148148149,0.84375
4133,29.0,21.482758620689655,134.8014268727705,35.758620689655174,1256.6658739595716,6.896551724137931,2.413793103448276,0.725
4134,12.0,44.166666666666664,654.9722222222222,35.916666666666664,272.2430555555556,4.666666666666667,5.25,0.17647058823529413
4135,11.0,63.09090909090909,300.6280991735538,22.363636363636363,99.32231404958678,5.7272727272727275,4.545454545454546,0.2619047619047619
4136,18.0,5.833333333333333,9.583333333333334,23.666666666666668,23.888888888888886,5.444444444444445,7.444444444444445,1.6363636363636365
4137,9.0,16.555555555555557,63.13580246913581,30.22222222222222,68.8395061728395,5.111111111111111,2.111111111111111,0.36
4138,14.0,5.214285714285714,11.168367346938775,23.071428571428573,20.637755102040817,5.642857142857143,7.142857142857143,1.2727272727272727
4139,28.0,48.464285714285715,718.3915816326531,30.535714285714285,271.24872448979596,5.392857142857143,4.75,0.417910447761194
4140,26.0,9.76923076923077,27.562130177514796,83.0,149.76923076923077,6.961538461538462,1.0384615384615385,1.3
4141,29.0,19.20689655172414,158.37098692033297,29.275862068965516,967.5790725326995,7.103448275862069,2.2413793103448274,0.7073170731707317
4142,25.0,13.44,82.48639999999999,30.64,78.71039999999999,4.72,1.44,0.8064516129032258
4143,19.0,37.63157894736842,540.443213296399,30.789473684210527,324.5872576177286,5.7894736842105265,5.421052631578948,0.3220338983050847
4144,15.0,9.0,39.733333333333334,82.66666666666667,58.08888888888889,7.0,0.9333333333333333,0.75
4145,24.0,19.041666666666668,143.3732638888889,37.5,1266.0,6.833333333333333,2.375,0.6153846153846154
4146,12.0,15.333333333333334,84.88888888888889,32.583333333333336,84.24305555555556,3.3333333333333335,2.25,0.3870967741935484
4147,5.0,20.2,68.56,33.8,98.96,3.2,2.2,0.19230769230769232
4148,24.0,50.416666666666664,449.3263888888889,32.583333333333336,173.49305555555551,6.5,5.083333333333333,0.4
4149,17.0,49.64705882352941,720.1107266435985,6.117647058823529,8.69204152249135,4.882352941176471,8.470588235294118,0.18681318681318682
4150,25.0,22.36,187.75039999999998,27.68,1042.8575999999998,7.92,1.84,0.625
4151,10.0,50.2,524.5600000000001,4.4,2.84,7.0,8.0,0.15625
4152,19.0,61.78947368421053,445.2188365650969,28.473684210526315,259.09141274238226,5.631578947368421,4.473684210526316,0.3064516129032258
4153,5.0,10.6,51.040000000000006,83.6,195.84,5.8,0.4,0.25
4154,21.0,32.095238095238095,528.8480725623583,29.904761904761905,198.08616780045352,5.238095238095238,5.190476190476191,0.3442622950819672
4155,23.0,15.695652173913043,96.21172022684311,29.217391304347824,90.77882797731567,4.739130434782608,1.391304347826087,0.7666666666666667
4156,7.0,17.857142857142858,88.40816326530611,33.857142857142854,175.83673469387756,6.142857142857143,1.4285714285714286,0.2692307692307692
4157,15.0,30.0,935.6,29.133333333333333,218.38222222222223,5.066666666666666,4.866666666666666,0.19230769230769232
4158,13.0,14.076923076923077,41.14792899408285,36.69230769230769,152.8284023668639,4.615384615384615,1.7692307692307692,0.6190476190476191
4159,12.0,15.083333333333334,160.07638888888889,34.75,1129.0208333333333,5.833333333333333,1.5833333333333333,0.2926829268292683
4160,21.0,42.333333333333336,773.7460317460319,6.238095238095238,9.133786848072564,4.761904761904762,8.428571428571429,0.24705882352941178
4161,22.0,53.13636363636363,1021.1177685950413,6.5,7.795454545454546,5.2272727272727275,8.272727272727273,0.2268041237113402
4162,30.0,46.96666666666667,811.898888888889,5.4,7.7733333333333325,6.133333333333334,8.366666666666667,0.32608695652173914
4163,25.0,4.92,9.593599999999999,22.16,21.894399999999997,5.56,7.48,2.272727272727273
4164,7.0,17.142857142857142,181.55102040816328,35.857142857142854,390.4081632653061,8.428571428571429,1.5714285714285714,0.20588235294117646
4165,29.0,42.310344827586206,605.3174791914387,32.241379310344826,276.18311533888226,5.655172413793103,5.275862068965517,0.4461538461538462
4166,23.0,37.608695652173914,900.3251417769376,34.21739130434783,195.30056710775048,5.434782608695652,5.478260869565218,0.3194444444444444
4167,7.0,42.857142857142854,112.69387755102044,3.7142857142857144,3.9183673469387754,4.285714285714286,8.714285714285714,0.20588235294117646
4168,16.0,18.5,64.5,35.375,117.734375,5.625,1.8125,0.64
4169,21.0,18.238095238095237,56.848072562358276,30.857142857142858,135.45578231292518,5.761904761904762,2.380952380952381,0.75
4170,6.0,44.833333333333336,675.4722222222223,40.0,141.33333333333334,5.833333333333333,3.8333333333333335,0.08955223880597014
4171,13.0,18.846153846153847,98.89940828402366,31.76923076923077,69.10059171597634,7.6923076923076925,2.0,0.43333333333333335
4172,22.0,46.90909090909091,996.3553719008264,4.7727272727272725,7.721074380165288,5.045454545454546,8.409090909090908,0.23404255319148937
4173,9.0,42.55555555555556,655.8024691358024,31.444444444444443,330.2469135802469,6.888888888888889,4.444444444444445,0.12857142857142856
4174,5.0,14.4,115.04,13.0,122.0,6.4,1.0,0.18518518518518517
4175,6.0,26.333333333333332,536.2222222222223,39.5,205.91666666666666,8.0,3.6666666666666665,0.1111111111111111
4176,21.0,14.666666666666666,82.5079365079365,28.142857142857142,77.83673469387755,5.333333333333333,2.1904761904761907,0.7
4177,26.0,4.423076923076923,10.167159763313608,21.923076923076923,21.532544378698223,5.846153846153846,7.8076923076923075,2.3636363636363638
4178,12.0,15.583333333333334,68.24305555555556,29.916666666666668,96.0763888888889,4.25,1.25,0.42857142857142855
4179,15.0,21.8,188.15999999999997,37.666666666666664,1171.5555555555557,6.2,2.0,0.36585365853658536
4180,28.0,5.321428571428571,9.789540816326532,23.107142857142858,30.88137755102041,5.678571428571429,7.75,2.5454545454545454
4181,24.0,31.875,764.109375,36.083333333333336,178.49305555555557,5.958333333333333,4.375,0.36923076923076925
4182,16.0,10.375,41.234375,32.375,55.484375,6.125,2.125,0.6956521739130435
4183,15.0,37.06666666666667,366.99555555555554,31.2,322.0266666666667,4.466666666666667,4.133333333333334,0.25862068965517243
4184,21.0,8.571428571428571,32.53061224489796,80.71428571428571,173.5374149659864,7.523809523809524,1.0,1.05
4185,22.0,36.0,521.6363636363636,31.90909090909091,384.900826446281,4.181818181818182,4.590909090909091,0.3283582089552239
4186,23.0,45.608695652173914,683.6294896030247,31.52173913043478,217.9886578449905,5.782608695652174,5.478260869565218,0.3709677419354839
4187,23.0,46.21739130434783,887.1266540642722,4.695652173913044,6.2117202268430995,5.130434782608695,8.304347826086957,0.25274725274725274
4188,25.0,18.64,97.59040000000003,35.08,110.23360000000001,6.52,2.28,0.8064516129032258
4189,12.0,49.666666666666664,980.2222222222222,7.333333333333333,5.5555555555555545,5.5,8.583333333333334,0.12903225806451613
4190,9.0,54.111111111111114,1274.320987654321,28.444444444444443,142.02469135802468,4.222222222222222,4.444444444444445,0.11392405063291139
4191,13.0,21.53846153846154,145.94082840236686,33.53846153846154,1163.1715976331361,6.923076923076923,3.076923076923077,0.3611111111111111
4192,30.0,54.56666666666667,754.7122222222224,6.033333333333333,7.565555555555553,4.9,8.733333333333333,0.3225806451612903
4193,8.0,20.0,150.25,28.5,607.25,6.125,2.375,0.24242424242424243
4194,18.0,4.277777777777778,9.200617283950617,23.5,20.13888888888889,5.666666666666667,7.666666666666667,1.6363636363636365
4195,27.0,17.962962962962962,87.66529492455419,33.25925925925926,101.15500685871055,4.666666666666667,2.111111111111111,0.8709677419354839
4196,27.0,5.185185185185185,10.299039780521264,23.296296296296298,18.208504801097394,5.481481481481482,7.333333333333333,2.4545454545454546
4197,8.0,12.375,37.484375,83.375,192.984375,6.75,1.0,0.4
4198,10.0,11.7,75.81,33.6,1147.44,6.5,1.3,0.3125
4199,30.0,15.5,69.85,30.166666666666668,111.73888888888888,4.533333333333333,1.6333333333333333,1.0344827586206897
4200,14.0,56.0,715.7142857142857,5.714285714285714,8.775510204081632,4.857142857142857,8.928571428571429,0.15730337078651685
4201,29.0,10.724137931034482,21.096313912009506,78.55172413793103,130.8680142687277,6.758620689655173,0.8620689655172413,1.5263157894736843
4202,10.0,42.6,576.0400000000001,6.4,5.64,5.6,8.1,0.13333333333333333
4203,13.0,4.923076923076923,6.686390532544379,23.153846153846153,17.668639053254438,5.769230769230769,7.230769230769231,1.4444444444444444
4204,9.0,4.222222222222222,7.950617283950617,23.666666666666668,19.999999999999996,5.666666666666667,6.888888888888889,0.9
4205,22.0,36.45454545454545,946.5206611570247,30.136363636363637,235.57231404958674,4.7727272727272725,4.454545454545454,0.28205128205128205
4206,14.0,51.285714285714285,988.9183673469387,5.214285714285714,9.311224489795919,6.0,7.785714285714286,0.14893617021276595
4207,18.0,43.55555555555556,353.91358024691357,35.111111111111114,229.20987654320984,6.111111111111111,4.888888888888889,0.29508196721311475
4208,20.0,13.25,133.7875,34.9,112.79,6.1,2.2,0.6666666666666666
4209,26.0,20.192307692307693,159.46301775147924,32.57692307692308,1119.3979289940826,6.769230769230769,1.4615384615384615,0.6341463414634146
4210,12.0,18.583333333333332,139.40972222222223,37.0,1233.3333333333333,6.666666666666667,2.1666666666666665,0.35294117647058826
4211,21.0,8.857142857142858,37.455782312925166,80.95238095238095,83.56916099773242,7.285714285714286,1.0,1.05
4212,11.0,14.0,102.36363636363636,27.636363636363637,47.32231404958677,6.0,2.5454545454545454,0.39285714285714285
4213,11.0,6.909090909090909,38.264462809917354,88.0909090909091,77.7190082644628,6.7272727272727275,1.0909090909090908,0.55
4214,21.0,11.904761904761905,84.84807256235828,33.42857142857143,104.14965986394559,6.0476190476190474,1.2380952380952381,0.7777777777777778
4215,15.0,18.333333333333332,92.08888888888889,30.266666666666666,100.19555555555556,4.8,2.2666666666666666,0.5
4216,25.0,20.08,121.83359999999998,30.4,1055.44,7.0,2.0,0.625
4217,23.0,40.78260869565217,411.12665406427226,31.304347826086957,246.38563327032134,6.434782608695652,5.739130434782608,0.42592592592592593
4218,10.0,22.7,306.40999999999997,30.4,179.64000000000001,5.8,5.2,0.16666666666666666
4219,21.0,5.809523809523809,8.439909297052152,23.142857142857142,20.31292517006803,6.190476190476191,7.380952380952381,1.9090909090909092
4220,19.0,8.842105263157896,35.9224376731302,81.42105263157895,118.77008310249307,7.2631578947368425,1.105263157894737,0.9047619047619048
4221,8.0,36.625,604.234375,6.75,3.4375,6.125,9.0,0.12121212121212122
4222,19.0,5.526315789473684,6.565096952908587,24.0,14.631578947368421,5.368421052631579,7.052631578947368,2.111111111111111
4223,10.0,14.8,57.56000000000002,34.3,72.80999999999999,5.4,1.7,0.35714285714285715
4224,13.0,20.0,201.84615384615384,34.92307692307692,1298.8402366863907,7.384615384615385,2.3076923076923075,0.325
4225,19.0,10.789473684210526,41.32409972299169,81.73684210526316,114.19390581717452,7.2631578947368425,1.105263157894737,1.0
4226,25.0,14.88,55.945600000000006,34.76,69.62239999999998,5.64,2.52,0.8620689655172413
4227,5.0,53.4,723.0400000000001,28.4,145.84,7.0,4.8,0.08620689655172414
4228,20.0,9.7,38.11,77.15,114.32750000000001,7.55,1.05,0.9523809523809523
4229,26.0,53.57692307692308,873.1671597633135,4.615384615384615,7.928994082840237,5.961538461538462,8.038461538461538,0.2708333333333333
4230,18.0,6.111111111111111,7.209876543209877,22.77777777777778,19.172839506172842,5.555555555555555,7.555555555555555,1.6363636363636365
4231,13.0,5.6923076923076925,7.443786982248521,24.0,23.53846153846154,5.923076923076923,7.6923076923076925,1.3
4232,16.0,8.1875,31.77734375,81.5625,112.49609375,6.75,1.1875,0.8421052631578947
4233,15.0,5.133333333333334,8.115555555555554,23.933333333333334,22.062222222222225,5.066666666666666,7.466666666666667,1.5
4234,9.0,9.88888888888889,29.20987654320988,78.88888888888889,185.2098765432099,7.333333333333333,1.1111111111111112,0.5
4235,28.0,22.428571428571427,166.9591836734694,25.464285714285715,1277.748724489796,7.5,2.5357142857142856,0.7
4236,22.0,45.72727272727273,722.5619834710743,5.363636363636363,5.231404958677686,5.2272727272727275,8.363636363636363,0.2268041237113402
4237,18.0,48.333333333333336,991.1111111111111,4.888888888888889,8.987654320987652,5.222222222222222,8.722222222222221,0.18947368421052632
4238,24.0,14.875,82.02604166666667,33.958333333333336,96.03993055555556,5.875,1.4166666666666667,0.7741935483870968
4239,26.0,15.23076923076923,92.40828402366864,32.38461538461539,97.0828402366864,5.5,2.1538461538461537,0.896551724137931
4240,26.0,42.46153846153846,581.0946745562129,5.269230769230769,8.196745562130177,5.038461538461538,8.346153846153847,0.30952380952380953
4241,17.0,52.705882352941174,1192.325259515571,5.470588235294118,8.719723183391004,4.823529411764706,9.058823529411764,0.18085106382978725
4242,30.0,46.733333333333334,947.3288888888889,5.0,7.333333333333333,5.2,8.333333333333334,0.3
4243,9.0,16.666666666666668,63.77777777777779,37.22222222222222,101.28395061728394,6.888888888888889,2.3333333333333335,0.36
4244,6.0,14.666666666666666,113.55555555555554,28.833333333333332,1137.138888888889,8.166666666666666,2.8333333333333335,0.21428571428571427
4245,17.0,46.94117647058823,427.114186851211,23.58823529411765,119.53633217993081,4.705882352941177,5.470588235294118,0.2786885245901639
4246,18.0,12.555555555555555,45.13580246913581,79.0,182.44444444444446,6.888888888888889,0.8888888888888888,0.9
4247,27.0,4.7407407407407405,13.599451303155004,23.037037037037038,15.146776406035675,5.407407407407407,6.962962962962963,2.4545454545454546
4248,27.0,48.2962962962963,779.764060356653,36.22222222222222,263.8024691358024,5.925925925925926,4.666666666666667,0.34615384615384615
4249,23.0,4.869565217391305,9.852551984877127,23.17391304347826,16.49149338374291,5.391304347826087,7.086956521739131,2.090909090909091
4250,16.0,21.4375,155.87109375,35.0,1168.125,6.875,2.125,0.41025641025641024
4251,21.0,9.285714285714286,40.48979591836734,76.52380952380952,158.72562358276642,6.809523809523809,0.8095238095238095,1.0
4252,10.0,18.5,113.05,34.8,1379.56,7.5,1.9,0.30303030303030304
4253,20.0,24.25,127.5875,26.0,826.2,7.3,2.15,0.5263157894736842
4254,24.0,14.875,58.526041666666664,32.375,106.31770833333333,6.375,1.9166666666666667,0.8571428571428571
4255,15.0,14.466666666666667,84.2488888888889,27.0,67.73333333333333,5.466666666666667,2.2666666666666666,0.4838709677419355
4256,13.0,39.0,314.7692307692308,34.92307692307692,321.1479289940828,5.230769230769231,5.076923076923077,0.2708333333333333
4257,23.0,9.08695652173913,29.20982986767486,80.47826086956522,127.72778827977318,7.391304347826087,1.0869565217391304,1.2777777777777777
4258,28.0,9.821428571428571,46.28954081632653,79.0,134.64285714285714,6.821428571428571,1.25,1.3333333333333333
4259,21.0,44.333333333333336,557.8412698412699,27.61904761904762,322.80725623582765,5.904761904761905,5.761904761904762,0.2916666666666667
4260,24.0,48.875,896.859375,5.666666666666667,6.888888888888889,4.708333333333333,8.791666666666666,0.2553191489361702
4261,25.0,10.76,36.6624,78.32,115.17760000000003,7.08,0.8,1.3157894736842106
4262,24.0,9.791666666666666,33.414930555555564,78.66666666666667,114.63888888888887,6.583333333333333,0.9166666666666666,1.2
4263,28.0,4.607142857142857,11.095663265306124,21.75,23.544642857142858,5.5,7.285714285714286,2.5454545454545454
4264,20.0,11.85,59.2275,33.0,121.0,4.25,2.2,0.7407407407407407
4265,7.0,56.0,1110.857142857143,7.0,8.857142857142858,4.142857142857143,9.285714285714286,0.07446808510638298
4266,21.0,33.19047619047619,760.8208616780042,29.904761904761905,272.56235827664403,6.238095238095238,4.904761904761905,0.29577464788732394
4267,28.0,20.035714285714285,128.89158163265304,34.32142857142857,1261.5038265306123,7.392857142857143,1.9642857142857142,0.7368421052631579
4268,24.0,5.5,11.75,22.916666666666668,19.659722222222225,5.166666666666667,7.5,2.1818181818181817
4269,10.0,38.9,425.89,5.6,4.64,5.8,8.9,0.14492753623188406
4270,27.0,39.592592592592595,865.4266117969826,38.407407407407405,256.4636488340193,4.407407407407407,5.7407407407407405,0.35064935064935066
4271,23.0,58.95652173913044,600.4763705103969,5.304347826086956,8.037807183364837,5.695652173913044,8.73913043478261,0.27058823529411763
4272,5.0,9.8,23.36,76.8,156.16,7.0,0.6,0.3333333333333333
4273,26.0,11.153846153846153,30.89940828402367,80.38461538461539,144.62130177514794,6.884615384615385,1.1538461538461537,1.2380952380952381
4274,24.0,52.458333333333336,879.6649305555555,6.375,8.484375,5.333333333333333,8.375,0.24242424242424243
4275,14.0,5.071428571428571,9.923469387755102,22.428571428571427,21.387755102040813,5.357142857142857,7.0,1.4
4276,28.0,15.571428571428571,115.60204081632655,36.785714285714285,1346.3112244897961,7.392857142857143,2.4285714285714284,0.7567567567567568
4277,13.0,48.38461538461539,820.5443786982249,31.46153846153846,296.71005917159766,5.384615384615385,4.461538461538462,0.18309859154929578
4278,28.0,21.0,155.85714285714286,26.214285714285715,941.1683673469389,7.678571428571429,2.1785714285714284,0.6829268292682927
4279,30.0,29.233333333333334,620.7788888888888,31.533333333333335,214.2488888888889,4.3,4.5,0.4411764705882353
4280,20.0,5.55,9.0475,22.45,16.8475,5.6,7.6,2.0
4281,6.0,7.166666666666667,6.805555555555556,23.5,42.583333333333336,5.5,7.166666666666667,0.8571428571428571
4282,15.0,10.8,27.093333333333337,81.73333333333333,96.59555555555558,7.066666666666666,1.2666666666666666,0.75
4283,20.0,5.75,11.9875,23.55,16.747499999999995,5.55,7.4,1.8181818181818181
4284,20.0,15.05,82.64750000000001,32.9,82.39000000000001,3.7,2.35,0.6666666666666666
4285,10.0,38.4,835.6400000000001,22.5,179.65,5.9,5.0,0.14285714285714285
4286,7.0,9.571428571428571,51.6734693877551,83.57142857142857,187.10204081632654,7.285714285714286,0.8571428571428571,0.3333333333333333
4287,17.0,54.411764705882355,801.7716262975778,5.529411764705882,11.77854671280277,5.882352941176471,8.411764705882353,0.18085106382978725
4288,9.0,11.777777777777779,42.617283950617285,73.0,102.22222222222223,7.222222222222222,1.0,0.45
4289,19.0,47.26315789473684,482.08864265927974,31.894736842105264,210.72576177285322,5.105263157894737,4.894736842105263,0.3114754098360656
4290,5.0,6.2,2.9600000000000004,25.2,10.959999999999999,5.4,8.0,0.8333333333333334
4291,22.0,9.318181818181818,31.944214876033058,80.0,109.81818181818181,7.590909090909091,0.8181818181818182,1.2222222222222223
4292,16.0,9.625,25.609375,85.3125,105.58984375,6.75,1.0,1.0
4293,22.0,7.5,32.06818181818182,75.81818181818181,131.69421487603307,7.0,1.1818181818181819,1.0476190476190477
4294,10.0,6.1,2.8900000000000006,20.9,12.490000000000004,5.0,7.2,1.4285714285714286
4295,11.0,3.8181818181818183,9.421487603305785,23.545454545454547,24.97520661157025,5.636363636363637,7.545454545454546,1.2222222222222223
4296,6.0,26.666666666666668,247.22222222222226,30.166666666666668,723.8055555555555,6.833333333333333,2.0,0.15384615384615385
4297,16.0,12.5,31.5,82.75,119.3125,6.1875,1.4375,0.8
4298,24.0,12.666666666666666,48.22222222222223,29.666666666666668,94.97222222222223,7.75,1.9166666666666667,0.8
4299,8.0,12.75,37.4375,84.375,135.484375,6.625,0.625,0.47058823529411764
4300,11.0,7.7272727272727275,16.92561983471074,75.27272727272727,149.65289256198346,7.090909090909091,0.5454545454545454,0.7857142857142857
4301,15.0,5.0,10.266666666666667,24.2,13.360000000000001,6.133333333333334,7.4,1.3636363636363635
4302,22.0,9.636363636363637,32.1404958677686,77.45454545454545,123.97520661157024,6.454545454545454,1.2727272727272727,1.0476190476190477
4303,13.0,17.384615384615383,96.3905325443787,15.923076923076923,452.07100591715977,7.230769230769231,2.1538461538461537,0.3611111111111111
4304,6.0,45.0,295.6666666666667,37.666666666666664,284.88888888888886,6.0,5.5,0.11320754716981132
4305,17.0,16.058823529411764,146.52595155709346,36.470588235294116,1337.8961937716263,6.470588235294118,2.4705882352941178,0.4473684210526316
4306,19.0,5.578947368421052,6.349030470914127,22.157894736842106,23.080332409972304,5.421052631578948,7.684210526315789,1.9
4307,20.0,16.8,173.56,33.4,1163.1399999999999,7.1,2.2,0.4878048780487805
4308,15.0,13.933333333333334,147.26222222222222,39.266666666666666,1115.9288888888889,6.8,2.066666666666667,0.39473684210526316
4309,20.0,46.15,515.6274999999999,29.85,190.0275,6.1,5.05,0.3125
4310,24.0,13.125,81.44270833333333,29.0,96.41666666666667,4.833333333333333,2.0416666666666665,0.7741935483870968
4311,10.0,12.7,65.60999999999999,31.9,116.09,6.3,2.0,0.3448275862068966
4312,19.0,41.94736842105263,608.1551246537396,30.473684210526315,183.19667590027703,5.2631578947368425,5.157894736842105,0.2753623188405797
4313,12.0,28.75,894.0208333333334,35.0,219.5,5.083333333333333,4.75,0.16666666666666666
4314,14.0,31.928571428571427,685.2091836734695,32.57142857142857,201.9591836734694,5.285714285714286,5.928571428571429,0.22580645161290322
4315,23.0,46.52173913043478,727.4669187145556,5.043478260869565,7.9546313799621915,4.565217391304348,8.521739130434783,0.26436781609195403
4316,8.0,21.625,84.734375,18.875,1079.859375,6.75,2.875,0.26666666666666666
4317,5.0,17.8,128.16000000000003,34.8,1051.7600000000002,7.4,1.8,0.18518518518518517
4318,20.0,20.05,174.54749999999996,24.2,804.8600000000001,6.6,2.1,0.5
4319,17.0,37.05882352941177,842.8788927335637,38.76470588235294,247.35640138408303,5.529411764705882,5.0588235294117645,0.24285714285714285
4320,20.0,10.0,37.2,74.75,93.3875,7.1,0.9,1.0
4321,27.0,5.0,10.296296296296296,21.703703703703702,21.393689986282578,5.555555555555555,7.074074074074074,2.4545454545454546
4322,24.0,8.75,34.104166666666664,81.41666666666667,130.99305555555557,6.416666666666667,1.2083333333333333,1.2
4323,26.0,5.230769230769231,9.254437869822484,22.923076923076923,24.224852071005913,5.538461538461538,7.6923076923076925,2.3636363636363638
4324,12.0,58.833333333333336,1120.8055555555554,3.25,5.020833333333333,6.0,8.166666666666666,0.12903225806451613
4325,21.0,19.285714285714285,191.25170068027208,36.61904761904762,1028.902494331066,6.714285714285714,2.0,0.5121951219512195
4326,5.0,7.2,21.759999999999998,80.0,114.4,6.4,1.4,0.38461538461538464
4327,23.0,44.869565217391305,779.5916824196598,6.043478260869565,7.085066162570888,5.043478260869565,8.26086956521739,0.23711340206185566
4328,23.0,8.782608695652174,30.865784499054822,73.43478260869566,110.59357277882798,7.043478260869565,0.8695652173913043,1.2777777777777777
4329,26.0,59.11538461538461,574.1789940828403,6.269230769230769,9.119822485207102,6.423076923076923,8.423076923076923,0.26
4330,15.0,24.066666666666666,108.99555555555555,9.8,106.82666666666664,6.533333333333333,2.2,0.46875
4331,26.0,42.15384615384615,656.9763313609467,36.19230769230769,231.84763313609466,5.653846153846154,4.8076923076923075,0.4
4332,29.0,5.241379310344827,7.49346016646849,21.655172413793103,21.605231866825207,5.517241379310345,7.655172413793103,2.9
4333,15.0,44.53333333333333,897.048888888889,6.066666666666666,5.528888888888889,6.066666666666666,8.533333333333333,0.15306122448979592
4334,5.0,12.6,150.63999999999996,62.0,942.8,7.4,2.0,0.13513513513513514
4335,7.0,7.0,8.0,24.714285714285715,19.061224489795922,6.0,6.142857142857143,0.875
4336,24.0,32.833333333333336,573.1388888888888,29.458333333333332,197.99826388888889,6.125,5.25,0.36923076923076925
4337,5.0,3.2,7.76,18.4,7.039999999999999,5.4,6.8,0.625
4338,10.0,6.0,9.4,23.0,17.6,5.3,8.4,1.0
4339,28.0,51.142857142857146,792.4795918367347,5.0,6.214285714285714,6.464285714285714,8.392857142857142,0.28865979381443296
4340,14.0,12.714285714285714,68.06122448979592,32.642857142857146,136.08673469387756,5.285714285714286,2.857142857142857,0.5
4341,18.0,11.777777777777779,31.7283950617284,80.0,173.55555555555554,6.777777777777778,0.8333333333333334,0.9473684210526315
4342,17.0,14.941176470588236,72.05536332179929,31.176470588235293,94.49826989619375,4.705882352941177,1.7647058823529411,0.5862068965517241
4343,9.0,32.22222222222222,253.0617283950617,28.666666666666668,190.66666666666666,4.666666666666667,4.666666666666667,0.15254237288135594
4344,23.0,15.130434782608695,66.46124763705104,30.652173913043477,74.74858223062381,5.565217391304348,2.4782608695652173,0.7666666666666667
4345,12.0,5.416666666666667,8.909722222222223,22.333333333333332,16.222222222222218,5.0,7.333333333333333,1.2
4346,24.0,33.833333333333336,737.9722222222222,34.958333333333336,208.4565972222222,4.916666666666667,5.458333333333333,0.3380281690140845
4347,20.0,29.9,258.9899999999999,30.45,265.84749999999997,5.65,4.95,0.32786885245901637
4348,7.0,14.428571428571429,39.95918367346939,33.285714285714285,156.48979591836738,5.857142857142857,2.4285714285714284,0.3333333333333333
4349,30.0,14.066666666666666,73.72888888888889,33.0,129.6,4.966666666666667,2.2333333333333334,1.0344827586206897
4350,6.0,38.5,409.5833333333333,30.0,158.66666666666666,6.0,4.833333333333333,0.12
4351,7.0,12.285714285714286,145.34693877551024,8.857142857142858,121.26530612244899,5.857142857142857,1.4285714285714286,0.2413793103448276
4352,16.0,20.0625,124.18359375,35.125,1059.984375,7.5,1.75,0.4444444444444444
4353,30.0,4.433333333333334,13.578888888888889,22.1,15.423333333333334,5.533333333333333,7.266666666666667,2.727272727272727
4354,9.0,6.222222222222222,8.395061728395062,22.555555555555557,15.802469135802466,5.888888888888889,7.666666666666667,0.8181818181818182
4355,27.0,9.148148148148149,30.2002743484225,79.55555555555556,122.0246913580247,7.407407407407407,1.0740740740740742,1.35
4356,7.0,60.285714285714285,327.06122448979596,4.285714285714286,7.918367346938775,4.714285714285714,8.857142857142858,0.1320754716981132
4357,12.0,50.333333333333336,923.5555555555555,4.666666666666667,5.055555555555555,5.25,9.25,0.13186813186813187
4358,14.0,39.642857142857146,1050.9438775510203,24.357142857142858,297.80102040816325,6.142857142857143,5.0,0.1728395061728395
4359,18.0,22.5,122.13888888888889,26.88888888888889,1100.432098765432,6.666666666666667,1.7777777777777777,0.46153846153846156
4360,11.0,46.54545454545455,653.1570247933885,5.545454545454546,6.975206611570249,6.2727272727272725,8.727272727272727,0.13580246913580246
4361,7.0,37.142857142857146,628.9795918367347,30.142857142857142,300.4081632653061,6.0,5.571428571428571,0.1076923076923077
4362,23.0,48.52173913043478,357.03213610586016,28.82608695652174,221.27410207939505,5.304347826086956,4.956521739130435,0.41818181818181815
4363,17.0,39.23529411764706,1002.885813148789,5.352941176470588,6.581314878892734,6.9411764705882355,8.176470588235293,0.16831683168316833
4364,20.0,23.35,160.52749999999997,25.7,961.8099999999997,7.05,1.4,0.5128205128205128
4365,14.0,18.571428571428573,71.95918367346938,36.5,101.53571428571429,3.7857142857142856,2.357142857142857,0.4666666666666667
4366,6.0,20.666666666666668,79.8888888888889,5.833333333333333,41.472222222222236,6.333333333333333,2.3333333333333335,0.23076923076923078
4367,11.0,4.818181818181818,8.512396694214877,22.90909090909091,14.809917355371901,5.818181818181818,7.818181818181818,1.1
4368,8.0,5.875,13.609375,23.0,24.25,4.875,7.875,0.8
4369,24.0,42.291666666666664,415.0399305555555,28.75,213.60416666666666,5.291666666666667,4.583333333333333,0.36923076923076925
4370,13.0,47.38461538461539,886.8520710059171,5.923076923076923,5.455621301775149,6.153846153846154,8.307692307692308,0.13978494623655913
4371,17.0,9.764705882352942,40.062283737024224,76.82352941176471,130.9688581314879,6.352941176470588,0.9411764705882353,0.85
4372,22.0,11.227272727272727,35.08471074380165,76.81818181818181,144.96694214876032,6.590909090909091,1.3181818181818181,1.0476190476190477
4373,9.0,59.44444444444444,470.46913580246917,5.555555555555555,6.469135802469136,5.222222222222222,8.666666666666666,0.11688311688311688
4374,8.0,16.0,90.5,33.25,140.1875,7.5,2.5,0.26666666666666666
4375,6.0,3.1666666666666665,11.472222222222223,81.5,92.25,9.333333333333334,1.3333333333333333,0.5454545454545454
4376,28.0,8.928571428571429,32.49489795918368,80.57142857142857,196.60204081632656,7.071428571428571,0.8571428571428571,1.4
4377,16.0,40.5,504.125,36.0,138.375,5.875,5.3125,0.24615384615384617
4378,29.0,51.03448275862069,1117.6195005945306,5.689655172413793,8.558858501783593,5.758620689655173,8.724137931034482,0.2871287128712871
4379,26.0,5.0,10.384615384615385,22.346153846153847,18.841715976331358,5.730769230769231,7.6923076923076925,2.3636363636363638
4380,26.0,41.76923076923077,993.2544378698226,6.115384615384615,7.332840236686392,5.423076923076923,8.73076923076923,0.2653061224489796
4381,30.0,45.166666666666664,442.6722222222223,36.666666666666664,322.28888888888906,6.533333333333333,4.566666666666666,0.4838709677419355
4382,15.0,57.13333333333333,714.5155555555557,27.6,115.57333333333332,4.6,4.4,0.19736842105263158
4383,5.0,67.6,1001.0400000000002,4.8,6.5600000000000005,6.4,8.2,0.05555555555555555
4384,24.0,35.583333333333336,657.8263888888893,34.166666666666664,225.30555555555563,6.041666666666667,5.0,0.35294117647058826
4385,12.0,5.416666666666667,9.076388888888888,23.333333333333332,23.555555555555554,5.333333333333333,7.583333333333333,1.0909090909090908
4386,28.0,47.82142857142857,477.21811224489795,32.0,276.42857142857144,5.142857142857143,4.821428571428571,0.4745762711864407
4387,15.0,16.6,78.1066666666667,33.666666666666664,113.55555555555553,3.6666666666666665,2.466666666666667,0.5172413793103449
4388,10.0,50.3,533.61,38.5,310.25,5.1,5.0,0.14285714285714285
4389,8.0,9.875,29.609375,80.875,159.109375,7.125,1.125,0.4444444444444444
4390,7.0,60.714285714285715,500.7755102040816,5.571428571428571,1.959183673469388,7.285714285714286,8.571428571428571,0.0958904109589041
4391,13.0,4.923076923076923,6.994082840236686,21.0,22.0,5.846153846153846,7.846153846153846,1.3
4392,11.0,39.72727272727273,745.107438016529,33.54545454545455,303.1570247933884,5.636363636363637,6.2727272727272725,0.16666666666666666
4393,16.0,34.75,1019.5625,5.25,9.8125,5.875,8.1875,0.16
4394,9.0,53.0,505.3333333333333,5.666666666666667,9.333333333333336,4.888888888888889,8.666666666666666,0.11842105263157894
4395,19.0,18.94736842105263,94.57617728531856,35.8421052631579,1205.9224376731302,6.578947368421052,1.5789473684210527,0.5428571428571428
4396,17.0,20.823529411764707,143.43944636678202,20.647058823529413,723.522491349481,6.9411764705882355,1.588235294117647,0.4594594594594595
4397,12.0,12.666666666666666,54.38888888888889,29.583333333333332,111.0763888888889,5.583333333333333,2.0833333333333335,0.4
4398,26.0,13.846153846153847,59.66863905325444,33.92307692307692,121.6863905325444,4.423076923076923,1.4615384615384615,0.896551724137931
4399,18.0,8.222222222222221,15.617283950617285,82.5,136.02777777777777,7.555555555555555,0.7222222222222222,1.2
4400,26.0,15.76923076923077,68.56213017751482,35.84615384615385,66.89940828402365,6.038461538461538,1.9615384615384615,0.8387096774193549
4401,14.0,47.5,913.5357142857143,3.7142857142857144,3.6326530612244903,5.357142857142857,8.285714285714286,0.14583333333333334
4402,5.0,64.6,694.64,5.0,4.0,5.8,8.8,0.06756756756756757
4403,23.0,16.73913043478261,73.14933837429112,31.73913043478261,97.84499054820417,4.0,2.3043478260869565,0.8214285714285714
4404,12.0,53.583333333333336,746.5763888888888,7.166666666666667,5.805555555555556,7.083333333333333,8.833333333333334,0.13043478260869565
4405,26.0,53.57692307692308,812.2440828402365,4.461538461538462,6.8639053254437865,5.1923076923076925,8.346153846153847,0.2708333333333333
4406,10.0,8.4,20.840000000000003,76.3,115.00999999999999,7.4,1.6,0.5882352941176471
4407,17.0,12.176470588235293,86.9688581314879,33.76470588235294,79.47404844290658,4.176470588235294,2.5294117647058822,0.5483870967741935
4408,8.0,4.875,4.109375,23.375,11.484375,5.0,6.5,1.0
4409,17.0,50.64705882352941,611.2871972318339,4.882352941176471,9.397923875432527,5.0588235294117645,8.470588235294118,0.2125
4410,26.0,16.692307692307693,108.98224852071006,19.384615384615383,760.3905325443785,6.769230769230769,1.9230769230769231,0.7222222222222222
4411,5.0,18.0,134.8,33.6,1286.2400000000002,6.0,1.4,0.16129032258064516
4412,10.0,32.6,1073.24,33.7,210.81000000000003,5.0,5.4,0.1282051282051282
4413,25.0,4.36,10.470400000000001,23.36,23.6704,5.84,7.48,2.272727272727273
4414,21.0,21.571428571428573,159.4829931972789,33.095238095238095,1348.4671201814062,6.476190476190476,1.6666666666666667,0.5384615384615384
4415,23.0,22.391304347826086,118.4990548204159,21.217391304347824,986.170132325142,6.739130434782608,1.9565217391304348,0.5897435897435898
4416,14.0,3.7857142857142856,9.739795918367347,23.857142857142858,28.551020408163264,5.571428571428571,7.714285714285714,1.5555555555555556
4417,14.0,10.785714285714286,40.025510204081634,80.35714285714286,144.9438775510204,7.071428571428571,1.5,0.7368421052631579
4418,23.0,19.0,162.7826086956522,44.608695652173914,987.3686200378071,8.434782608695652,2.6956521739130435,0.5609756097560976
4419,11.0,49.81818181818182,976.8760330578513,6.363636363636363,7.322314049586777,4.545454545454546,7.909090909090909,0.11578947368421053
4420,16.0,10.5625,28.49609375,79.6875,93.71484375,6.75,0.8125,0.8888888888888888
4421,25.0,5.12,11.385599999999997,21.92,24.873600000000007,5.48,7.48,2.272727272727273
4422,8.0,10.5,34.0,82.0,174.0,7.125,0.375,0.4
4423,13.0,5.3076923076923075,7.136094674556214,22.53846153846154,17.786982248520708,5.769230769230769,7.153846153846154,1.1818181818181819
4424,24.0,9.375,24.567708333333332,73.875,123.359375,6.875,0.9583333333333334,1.2
4425,18.0,5.388888888888889,8.6820987654321,22.555555555555557,26.024691358024693,5.611111111111111,7.722222222222222,1.6363636363636365
4426,22.0,3.909090909090909,8.355371900826444,22.272727272727273,23.74380165289256,5.181818181818182,7.818181818181818,2.2
4427,23.0,4.869565217391305,9.504725897920604,21.391304347826086,21.281663516068054,5.434782608695652,7.869565217391305,2.3
4428,26.0,22.884615384615383,176.48668639053253,31.46153846153846,1016.0177514792897,7.730769230769231,1.6538461538461537,0.6341463414634146
4429,21.0,12.19047619047619,87.20181405895693,34.80952380952381,101.96371882086169,5.190476190476191,1.8571428571428572,0.7
4430,25.0,15.6,63.35999999999999,34.32,101.2576,5.44,2.28,0.9259259259259259
4431,10.0,19.4,144.44,50.8,1275.76,7.1,1.9,0.25
4432,24.0,35.583333333333336,603.4097222222222,28.833333333333332,350.3888888888889,4.791666666666667,4.75,0.375
4433,7.0,7.285714285714286,63.3469387755102,31.285714285714285,64.48979591836734,7.428571428571429,1.8571428571428572,0.3181818181818182
4434,27.0,36.888888888888886,457.6543209876542,30.74074074074074,204.4883401920439,4.703703703703703,4.518518518518518,0.5
4435,8.0,12.75,137.9375,29.75,140.1875,6.5,2.125,0.25806451612903225
4436,12.0,16.75,90.1875,35.833333333333336,135.63888888888886,5.0,1.5833333333333333,0.3870967741935484
4437,17.0,59.588235294117645,824.0069204152251,4.470588235294118,7.30795847750865,5.352941176470588,8.529411764705882,0.18888888888888888
4438,16.0,9.75,29.5625,85.375,72.484375,6.1875,1.0625,0.8888888888888888
4439,9.0,20.11111111111111,87.20987654320987,34.333333333333336,151.11111111111111,5.0,1.7777777777777777,0.3333333333333333
4440,24.0,8.875,46.776041666666664,80.08333333333333,103.90972222222221,7.625,1.0833333333333333,1.2
4441,19.0,5.684210526315789,8.637119113573407,21.842105263157894,27.92243767313019,5.052631578947368,7.7368421052631575,1.7272727272727273
4442,7.0,20.0,23.142857142857142,36.0,116.57142857142857,6.285714285714286,1.0,0.4666666666666667
4443,13.0,71.0,936.4615384615385,5.153846153846154,6.1301775147929,6.461538461538462,8.384615384615385,0.13131313131313133
4444,27.0,4.481481481481482,7.8052126200274365,22.22222222222222,22.98765432098765,5.592592592592593,7.111111111111111,2.4545454545454546
4445,5.0,3.6,13.440000000000001,22.6,12.239999999999998,6.2,6.8,0.5
4446,30.0,5.066666666666666,12.062222222222221,23.533333333333335,20.182222222222222,5.6,7.866666666666666,2.727272727272727
4447,26.0,22.076923076923077,140.301775147929,21.615384615384617,969.2366863905324,6.846153846153846,1.8461538461538463,0.6842105263157895
4448,14.0,27.5,116.96428571428571,39.5,896.5357142857143,6.785714285714286,1.9285714285714286,0.3783783783783784
4449,18.0,12.38888888888889,48.237654320987644,76.94444444444444,100.27469135802467,7.222222222222222,1.0555555555555556,0.8571428571428571
4450,23.0,20.391304347826086,150.7599243856333,28.26086956521739,1114.0189035916824,7.260869565217392,2.0869565217391304,0.6052631578947368
4451,18.0,22.444444444444443,123.46913580246913,33.22222222222222,1075.0617283950617,7.444444444444445,1.9444444444444444,0.46153846153846156
4452,8.0,6.375,10.484375,22.0,11.0,6.0,8.125,0.7272727272727273
4453,17.0,22.823529411764707,158.14532871972318,44.8235294117647,1281.7923875432525,6.588235294117647,2.0588235294117645,0.425
4454,16.0,5.0,9.125,21.0625,18.05859375,5.75,7.5625,1.4545454545454546
4455,28.0,57.714285714285715,896.7755102040818,4.857142857142857,7.336734693877553,5.178571428571429,8.285714285714286,0.2916666666666667
4456,30.0,14.533333333333333,73.51555555555555,33.6,114.90666666666668,6.533333333333333,1.9333333333333333,1.0714285714285714
4457,21.0,31.285714285714285,386.2993197278912,34.095238095238095,243.9909297052155,4.571428571428571,5.095238095238095,0.35
4458,9.0,34.0,1088.2222222222222,42.0,222.44444444444446,5.444444444444445,5.222222222222222,0.10975609756097561
4459,23.0,41.30434782608695,496.47258979206055,26.608695652173914,153.9773156899811,4.826086956521739,5.391304347826087,0.34328358208955223
4460,27.0,17.14814814814815,123.23731138545953,34.407407407407405,1334.093278463649,7.148148148148148,2.2962962962962963,0.6585365853658537
4461,24.0,13.666666666666666,87.22222222222223,35.75,86.1875,4.083333333333333,2.1666666666666665,0.8
4462,8.0,46.375,722.234375,6.375,4.984375,4.75,8.25,0.08695652173913043
4463,15.0,19.8,125.49333333333334,40.6,1522.7733333333333,7.266666666666667,1.3333333333333333,0.40540540540540543
4464,27.0,10.37037037037037,42.15912208504801,78.48148148148148,119.36076817558302,7.444444444444445,0.9259259259259259,1.2857142857142858
4465,17.0,31.705882352941178,907.6193771626299,33.64705882352941,283.87543252595157,6.176470588235294,5.117647058823529,0.2328767123287671
4466,13.0,4.153846153846154,10.130177514792898,22.46153846153846,24.71005917159764,5.076923076923077,7.461538461538462,1.3
4467,18.0,10.11111111111111,23.987654320987655,79.38888888888889,146.34876543209876,6.833333333333333,0.9444444444444444,0.9
4468,11.0,14.0,84.54545454545455,35.81818181818182,95.23966942148762,4.545454545454546,1.9090909090909092,0.3548387096774194
4469,10.0,14.0,100.6,25.0,76.8,6.6,1.6,0.3448275862068966
4470,22.0,36.77272727272727,577.3574380165289,5.545454545454546,9.793388429752063,5.2727272727272725,9.0,0.24444444444444444
4471,24.0,15.208333333333334,104.66493055555556,37.75,1446.8541666666667,6.791666666666667,1.8333333333333333,0.7058823529411765
4472,16.0,41.25,210.6875,39.1875,288.15234375,4.75,5.0625,0.36363636363636365
4473,9.0,10.222222222222221,55.95061728395061,80.11111111111111,152.09876543209876,7.555555555555555,1.5555555555555556,0.45
4474,15.0,43.93333333333333,632.1955555555554,4.733333333333333,6.5955555555555545,6.4,8.466666666666667,0.1724137931034483
4475,28.0,22.571428571428573,157.53061224489798,19.25,670.9732142857143,6.964285714285714,2.4642857142857144,0.6829268292682927
4476,8.0,54.0,191.25,25.875,203.109375,5.125,5.5,0.17777777777777778
4477,15.0,4.4,9.973333333333333,22.466666666666665,17.58222222222222,5.2,7.733333333333333,1.5
4478,17.0,60.64705882352941,587.8754325259515,5.0,7.882352941176471,5.705882352941177,8.235294117647058,0.17346938775510204
4479,30.0,9.366666666666667,26.165555555555557,82.0,123.8,6.333333333333333,1.1666666666666667,1.5789473684210527
4480,20.0,18.45,142.3475,36.25,1230.4875,7.5,2.25,0.5128205128205128
4481,28.0,21.714285714285715,130.13265306122452,19.714285714285715,695.489795918367,7.357142857142857,2.3214285714285716,0.717948717948718
4482,5.0,11.6,3.44,83.2,138.56,6.6,1.8,0.8333333333333334
4483,17.0,3.8823529411764706,14.57439446366782,21.647058823529413,16.93425605536332,5.647058823529412,7.352941176470588,1.5454545454545454
4484,9.0,16.77777777777778,63.28395061728395,27.333333333333332,61.111111111111114,4.444444444444445,2.2222222222222223,0.32142857142857145
4485,28.0,32.214285714285715,569.3826530612245,31.571428571428573,214.8163265306123,4.678571428571429,5.357142857142857,0.4666666666666667
4486,6.0,23.166666666666668,38.47222222222222,31.0,820.3333333333334,7.166666666666667,1.5,0.3157894736842105
4487,21.0,13.952380952380953,94.80725623582765,31.333333333333332,146.50793650793653,3.5714285714285716,1.4285714285714286,0.6774193548387096
4488,10.0,13.7,40.01,76.8,141.16,6.2,0.9,0.47619047619047616
4489,11.0,16.272727272727273,106.38016528925623,32.36363636363637,1517.504132231405,6.0,2.272727272727273,0.36666666666666664
4490,18.0,20.555555555555557,139.0246913580247,25.88888888888889,892.3209876543211,6.833333333333333,1.9444444444444444,0.45
4491,19.0,20.473684210526315,147.40720221606648,29.36842105263158,1008.3379501385042,7.0,1.8421052631578947,0.475
4492,17.0,49.88235294117647,531.6332179930796,6.0588235294117645,6.408304498269897,6.117647058823529,8.941176470588236,0.19101123595505617
4493,28.0,21.535714285714285,127.17729591836735,24.214285714285715,788.5969387755101,6.821428571428571,2.25,0.717948717948718
4494,15.0,59.13333333333333,535.0488888888889,5.533333333333333,7.448888888888889,5.6,8.266666666666667,0.1744186046511628
4495,10.0,22.2,143.76000000000002,34.5,1328.25,5.7,2.4,0.2857142857142857
4496,30.0,19.166666666666668,183.4055555555555,46.93333333333333,1231.5955555555556,6.6,1.7333333333333334,0.75
4497,26.0,5.846153846153846,9.130177514792901,22.26923076923077,25.965976331360952,6.076923076923077,7.6923076923076925,2.3636363636363638
4498,25.0,42.68,654.4576,34.28,338.2816,4.92,4.96,0.373134328358209
4499,14.0,56.92857142857143,730.0663265306123,4.785714285714286,7.025510204081632,5.785714285714286,8.571428571428571,0.1590909090909091
4500,30.0,40.06666666666667,692.5955555555556,27.266666666666666,322.26222222222225,6.333333333333333,4.533333333333333,0.45454545454545453
4501,24.0,12.416666666666666,44.82638888888889,31.0,98.41666666666667,5.958333333333333,2.2083333333333335,1.0434782608695652
4502,10.0,37.7,625.2099999999999,30.8,207.95999999999998,4.7,5.8,0.1388888888888889
4503,30.0,11.3,41.81000000000002,81.9,186.29,7.1,0.8666666666666667,1.5
4504,25.0,55.6,820.64,5.72,9.0016,4.64,8.12,0.2717391304347826
4505,18.0,16.666666666666668,151.33333333333331,31.555555555555557,650.5802469135803,7.666666666666667,2.3333333333333335,0.46153846153846156
4506,28.0,4.428571428571429,13.602040816326536,23.178571428571427,18.50382653061224,5.428571428571429,7.428571428571429,2.5454545454545454
4507,16.0,17.5625,63.37109375,38.5,85.0,7.8125,1.875,0.5925925925925926
4508,10.0,51.8,478.96000000000004,5.3,9.209999999999999,6.4,8.1,0.12345679012345678
4509,30.0,16.966666666666665,87.09888888888888,34.63333333333333,111.76555555555557,4.366666666666666,2.0,1.0
4510,24.0,22.75,184.4375,27.208333333333332,733.748263888889,7.5,2.375,0.6
4511,18.0,16.61111111111111,72.01543209876543,32.94444444444444,61.2746913580247,5.111111111111111,2.4444444444444446,0.6666666666666666
4512,10.0,5.4,8.440000000000001,20.5,20.45,5.3,7.7,1.0
4513,28.0,12.75,89.75892857142857,33.82142857142857,96.78954081632652,5.142857142857143,2.142857142857143,0.9032258064516129
4514,26.0,46.03846153846154,519.4215976331361,30.884615384615383,198.10207100591717,5.038461538461538,5.038461538461538,0.35135135135135137
4515,19.0,8.105263157894736,34.304709141274245,78.15789473684211,124.86980609418285,7.368421052631579,0.9473684210526315,1.0
4516,25.0,52.96,798.9984000000001,4.92,7.833600000000001,5.52,8.4,0.25773195876288657
4517,27.0,4.444444444444445,8.617283950617283,20.814814814814813,21.11385459533608,5.703703703703703,8.296296296296296,2.7
4518,17.0,34.588235294117645,502.0069204152249,37.294117647058826,346.4429065743945,6.352941176470588,5.0588235294117645,0.2833333333333333
4519,21.0,18.571428571428573,120.43537414965985,22.238095238095237,639.0385487528345,7.380952380952381,2.5714285714285716,0.5121951219512195
4520,25.0,4.36,9.190400000000004,21.52,23.849600000000006,5.68,8.36,2.272727272727273
4521,11.0,9.363636363636363,45.867768595041326,78.18181818181819,130.1487603305785,7.2727272727272725,0.7272727272727273,0.5789473684210527
4522,26.0,5.730769230769231,9.504437869822484,23.346153846153847,18.841715976331365,5.461538461538462,7.346153846153846,2.6
4523,7.0,10.428571428571429,46.53061224489795,82.57142857142857,105.6734693877551,6.714285714285714,0.42857142857142855,0.3684210526315789
4524,30.0,22.133333333333333,131.4488888888889,29.033333333333335,856.6322222222224,7.266666666666667,1.9,0.75
4525,14.0,4.857142857142857,10.979591836734693,19.785714285714285,14.168367346938778,5.214285714285714,6.928571428571429,1.2727272727272727
4526,23.0,37.0,773.1304347826087,32.26086956521739,259.41020793950855,6.6521739130434785,4.6521739130434785,0.3333333333333333
4527,29.0,20.413793103448278,142.65636147443522,47.10344827586207,1340.9892984542214,7.551724137931035,2.1379310344827585,0.7631578947368421
4528,22.0,18.545454545454547,171.15702479338842,32.31818181818182,1060.8533057851241,7.2272727272727275,1.9090909090909092,0.5365853658536586
4529,18.0,4.833333333333333,8.472222222222221,23.0,22.444444444444443,5.555555555555555,7.444444444444445,1.8
4530,9.0,11.0,88.88888888888889,41.666666666666664,1980.6666666666667,7.333333333333333,2.2222222222222223,0.3103448275862069
4531,19.0,43.05263157894737,593.9445983379502,32.94736842105263,314.26038781163436,5.631578947368421,5.0,0.25675675675675674
4532,13.0,52.76923076923077,936.4852071005917,29.0,192.6153846153846,6.923076923076923,3.8461538461538463,0.16455696202531644
4533,24.0,13.5,78.58333333333333,31.708333333333332,93.95659722222223,5.458333333333333,1.875,0.8
4534,9.0,10.88888888888889,32.98765432098765,85.0,195.33333333333334,6.777777777777778,0.5555555555555556,0.5625
4535,26.0,12.76923076923077,57.40828402366862,35.15384615384615,78.59171597633136,5.230769230769231,2.1153846153846154,0.8666666666666667
4536,28.0,4.321428571428571,13.075255102040815,21.857142857142858,25.76530612244898,5.428571428571429,7.464285714285714,2.5454545454545454
4537,11.0,19.0,50.0,34.0,81.0909090909091,3.5454545454545454,1.9090909090909092,0.39285714285714285
4538,14.0,50.214285714285715,762.5969387755102,5.142857142857143,8.26530612244898,4.714285714285714,8.714285714285714,0.16666666666666666
4539,23.0,45.95652173913044,572.9981096408318,5.086956521739131,7.557655954631381,5.217391304347826,8.434782608695652,0.2875
4540,9.0,14.11111111111111,53.20987654320989,27.444444444444443,83.1358024691358,6.0,2.3333333333333335,0.391304347826087
4541,14.0,11.357142857142858,45.08673469387757,72.85714285714286,89.40816326530614,7.0,0.8571428571428571,0.7368421052631579
4542,25.0,56.56,987.8463999999997,5.84,8.294400000000001,5.72,8.68,0.2717391304347826
4543,18.0,21.833333333333332,119.69444444444444,31.5,1316.6944444444443,7.277777777777778,2.0555555555555554,0.4864864864864865
4544,7.0,47.714285714285715,466.204081632653,4.571428571428571,5.959183673469389,5.714285714285714,8.714285714285714,0.11290322580645161
4545,8.0,9.875,27.109375,77.875,84.359375,7.375,0.875,0.47058823529411764
4546,27.0,14.555555555555555,78.61728395061729,35.666666666666664,105.33333333333336,5.62962962962963,1.8148148148148149,0.9
4547,17.0,18.235294117647058,177.7093425605537,25.058823529411764,1105.5847750865048,6.764705882352941,1.4705882352941178,0.425
4548,15.0,24.333333333333332,108.75555555555556,39.333333333333336,1253.6888888888889,5.866666666666666,1.1333333333333333,0.5172413793103449
4549,14.0,3.9285714285714284,7.780612244897958,21.857142857142858,16.122448979591837,5.785714285714286,8.142857142857142,1.4
4550,20.0,5.7,11.410000000000002,22.9,20.089999999999996,5.55,7.25,1.8181818181818181
4551,8.0,7.375,35.484375,79.875,107.859375,6.75,0.5,0.47058823529411764
4552,24.0,15.625,74.984375,31.25,106.77083333333333,5.25,1.5416666666666667,0.7741935483870968
4553,25.0,48.96,865.8783999999999,5.2,8.319999999999999,6.8,8.28,0.25773195876288657
4554,9.0,47.0,430.0,4.888888888888889,10.098765432098764,4.0,8.333333333333334,0.1323529411764706
4555,24.0,42.416666666666664,794.7430555555557,36.208333333333336,263.16493055555554,4.833333333333333,4.375,0.3380281690140845
4556,11.0,5.909090909090909,7.719008264462811,21.181818181818183,17.2396694214876,4.818181818181818,7.454545454545454,1.0
4557,27.0,10.222222222222221,32.172839506172835,82.48148148148148,110.4718792866941,7.481481481481482,1.037037037037037,1.2857142857142858
4558,7.0,44.142857142857146,952.4081632653061,3.5714285714285716,10.816326530612246,5.857142857142857,7.857142857142857,0.08139534883720931
4559,7.0,27.142857142857142,100.12244897959184,33.714285714285715,1294.7755102040815,7.142857142857143,1.5714285714285714,0.21875
4560,25.0,11.44,35.20639999999999,84.12,102.34559999999999,6.64,1.12,1.1904761904761905
4561,8.0,4.5,6.75,19.5,6.0,5.75,6.875,0.8
4562,29.0,15.586206896551724,91.00118906064209,33.37931034482759,101.33888228299642,4.896551724137931,1.896551724137931,0.9354838709677419
4563,28.0,5.857142857142857,8.336734693877549,23.5,26.821428571428573,5.607142857142857,7.071428571428571,2.5454545454545454
4564,13.0,22.23076923076923,108.48520710059172,39.69230769230769,1357.905325443787,7.384615384615385,1.6923076923076923,0.35135135135135137
4565,9.0,34.55555555555556,779.5802469135803,4.333333333333333,9.11111111111111,4.444444444444445,8.333333333333334,0.0967741935483871
4566,5.0,53.8,589.76,5.0,6.4,4.0,8.8,0.07042253521126761
4567,9.0,53.55555555555556,357.5802469135802,25.88888888888889,281.43209876543216,6.666666666666667,4.666666666666667,0.16363636363636364
4568,10.0,14.5,94.25,26.2,60.56,7.9,1.7,0.3448275862068966
4569,15.0,20.4,140.90666666666667,33.6,1177.7066666666665,5.933333333333334,2.2,0.39473684210526316
4570,29.0,8.310344827586206,30.903686087990483,81.3103448275862,108.90368608799044,7.275862068965517,0.9655172413793104,1.380952380952381
4571,29.0,14.827586206896552,74.48751486325803,31.20689655172414,120.71581450653983,5.0,2.8620689655172415,0.9666666666666667
4572,15.0,10.133333333333333,37.715555555555554,82.0,190.66666666666666,6.133333333333334,0.7333333333333333,0.7142857142857143
4573,30.0,21.166666666666668,148.93888888888887,25.1,706.0233333333334,7.833333333333333,2.1666666666666665,0.75
4574,6.0,8.166666666666666,27.805555555555557,78.5,66.91666666666667,6.833333333333333,1.1666666666666667,0.35294117647058826
4575,25.0,49.12,218.82559999999998,32.76,244.7424,5.2,5.2,0.4807692307692308
4576,14.0,13.071428571428571,51.78061224489795,28.428571428571427,78.38775510204083,4.785714285714286,2.2142857142857144,0.5
4577,11.0,44.09090909090909,527.3553719008264,42.27272727272727,67.83471074380166,4.909090909090909,5.545454545454546,0.14285714285714285
4578,24.0,48.75,562.4375,31.75,312.1041666666667,5.083333333333333,5.0,0.36923076923076925
4579,14.0,17.071428571428573,56.35204081632654,32.07142857142857,58.78061224489796,3.0,1.6428571428571428,0.4827586206896552
4580,7.0,22.142857142857142,142.12244897959184,20.714285714285715,707.9183673469387,6.571428571428571,1.5714285714285714,0.20588235294117646
4581,23.0,10.08695652173913,26.862003780718336,81.78260869565217,118.34404536862003,7.3478260869565215,0.8260869565217391,1.2777777777777777
4582,10.0,34.9,440.89,5.8,9.56,4.9,8.2,0.14084507042253522
4583,6.0,24.333333333333332,124.8888888888889,46.166666666666664,1867.8055555555557,6.0,1.5,0.17142857142857143
4584,20.0,48.95,964.0474999999999,6.5,5.95,5.5,8.75,0.20408163265306123
4585,9.0,20.0,35.333333333333336,31.555555555555557,169.13580246913577,4.111111111111111,2.6666666666666665,0.5
4586,16.0,44.5625,1021.37109375,6.1875,7.77734375,5.5,8.5625,0.18181818181818182
4587,17.0,15.0,55.294117647058826,30.941176470588236,147.4671280276816,4.294117647058823,2.5294117647058822,0.68
4588,7.0,55.0,399.7142857142857,28.857142857142858,221.26530612244898,5.571428571428571,3.5714285714285716,0.11475409836065574
4589,25.0,5.72,12.601599999999996,22.6,24.16,5.4,7.72,2.272727272727273
4590,15.0,15.266666666666667,73.52888888888889,35.86666666666667,101.44888888888887,5.666666666666667,2.0,0.5357142857142857
4591,28.0,22.321428571428573,89.57525510204081,34.67857142857143,1316.4323979591843,7.392857142857143,2.107142857142857,0.8235294117647058
4592,19.0,37.89473684210526,650.8310249307481,35.10526315789474,240.409972299169,5.7894736842105265,5.631578947368421,0.2835820895522388
4593,16.0,17.0,102.125,32.875,1091.859375,7.4375,2.3125,0.47058823529411764
4594,9.0,38.666666666666664,1116.0,28.11111111111111,273.4320987654321,5.333333333333333,4.888888888888889,0.1111111111111111
4595,12.0,9.333333333333334,29.88888888888889,76.16666666666667,138.47222222222223,6.75,0.9166666666666666,0.7058823529411765
4596,12.0,15.416666666666666,133.74305555555557,46.083333333333336,1169.2430555555554,7.0,1.0833333333333333,0.3333333333333333
4597,22.0,18.0,175.27272727272728,24.545454545454547,930.3388429752064,7.318181818181818,1.8181818181818181,0.55
4598,11.0,41.81818181818182,443.7851239669421,30.181818181818183,465.6033057851239,5.363636363636363,6.090909090909091,0.18032786885245902
4599,16.0,6.25,10.8125,20.8125,15.15234375,5.5,7.6875,1.4545454545454546
4600,26.0,10.884615384615385,38.40976331360947,80.42307692307692,130.01331360946745,7.769230769230769,0.8846153846153846,1.368421052631579
4601,17.0,12.411764705882353,30.359861591695502,78.82352941176471,137.55709342560556,6.882352941176471,0.9411764705882353,1.0
4602,30.0,9.733333333333333,27.59555555555556,82.6,132.97333333333333,7.1,0.6666666666666666,1.5
4603,13.0,6.153846153846154,10.130177514792898,22.923076923076923,17.455621301775146,5.923076923076923,8.0,1.3
4604,14.0,42.5,631.5357142857143,26.785714285714285,176.59693877551015,6.428571428571429,4.571428571428571,0.2028985507246377
4605,14.0,8.5,37.392857142857146,78.5,157.53571428571428,6.928571428571429,1.1428571428571428,0.7
4606,10.0,32.9,571.6899999999999,21.1,97.69000000000001,4.4,4.9,0.17543859649122806
4607,13.0,20.46153846153846,127.01775147928994,29.384615384615383,730.2366863905324,6.153846153846154,1.2307692307692308,0.3333333333333333
4608,11.0,33.90909090909091,368.08264462809916,6.545454545454546,9.884297520661157,4.545454545454546,8.909090909090908,0.20754716981132076
4609,21.0,33.714285714285715,316.29931972789115,26.571428571428573,270.2448979591837,5.333333333333333,5.0476190476190474,0.42857142857142855
4610,16.0,54.9375,922.30859375,6.125,9.734375,5.375,8.3125,0.17777777777777778
4611,27.0,4.777777777777778,10.469135802469134,22.37037037037037,14.381344307270236,5.333333333333333,7.814814814814815,2.4545454545454546
4612,24.0,21.416666666666668,179.0763888888889,14.541666666666666,497.33159722222223,6.958333333333333,2.0,0.5853658536585366
4613,12.0,15.166666666666666,87.47222222222223,32.75,91.85416666666667,6.083333333333333,2.1666666666666665,0.4
4614,25.0,57.28,754.1216000000001,4.64,7.2703999999999995,5.36,8.32,0.26881720430107525
4615,6.0,22.0,425.6666666666667,34.833333333333336,201.80555555555554,5.333333333333333,6.666666666666667,0.10714285714285714
4616,6.0,5.666666666666667,9.555555555555555,22.666666666666668,23.888888888888886,6.0,7.833333333333333,0.5454545454545454
4617,25.0,4.8,10.4,23.12,23.465599999999995,5.28,7.4,2.272727272727273
4618,21.0,15.571428571428571,64.53061224489797,32.714285714285715,100.39455782312925,5.380952380952381,1.380952380952381,0.75
4619,24.0,20.541666666666668,179.16493055555554,32.5,1106.25,7.291666666666667,2.375,0.6153846153846154
4620,28.0,41.535714285714285,641.7487244897958,34.17857142857143,337.360969387755,5.571428571428571,4.714285714285714,0.3783783783783784
4621,7.0,41.142857142857146,379.265306122449,29.571428571428573,317.6734693877551,5.142857142857143,4.142857142857143,0.15217391304347827
4622,8.0,4.625,10.734375,21.75,19.9375,5.75,7.5,0.8
4623,26.0,16.0,69.3076923076923,30.346153846153847,116.84171597633137,5.769230769230769,1.9615384615384615,0.8387096774193549
4624,16.0,18.3125,195.83984375,31.9375,1441.43359375,6.8125,1.75,0.42105263157894735
4625,28.0,44.67857142857143,1071.2895408163265,35.535714285714285,268.24872448979596,4.678571428571429,5.0,0.35443037974683544
4626,18.0,12.222222222222221,25.83950617283951,81.72222222222223,183.08950617283952,6.555555555555555,0.8888888888888888,0.9473684210526315
4627,25.0,20.16,120.21439999999998,32.76,1004.0223999999997,7.32,2.04,0.625
4628,28.0,18.857142857142858,113.40816326530614,35.892857142857146,1208.6670918367347,8.071428571428571,1.9285714285714286,0.7567567567567568
4629,13.0,11.0,30.0,79.92307692307692,179.6094674556213,7.153846153846154,1.0769230769230769,0.7222222222222222
4630,9.0,23.333333333333332,167.55555555555554,42.0,1889.7777777777778,7.222222222222222,3.111111111111111,0.2647058823529412
4631,22.0,9.818181818181818,39.87603305785123,82.0,132.0909090909091,6.636363636363637,0.8636363636363636,1.1578947368421053
4632,17.0,54.05882352941177,592.4083044982699,5.411764705882353,10.71280276816609,4.882352941176471,8.294117647058824,0.2125
4633,28.0,59.392857142857146,952.452806122449,5.75,7.758928571428571,5.857142857142857,8.428571428571429,0.2857142857142857
4634,12.0,16.75,108.85416666666667,29.583333333333332,1441.2430555555557,7.083333333333333,2.0,0.34285714285714286
4635,11.0,15.818181818181818,28.330578512396695,37.45454545454545,107.15702479338843,4.363636363636363,1.6363636363636365,0.6111111111111112
4636,21.0,15.333333333333334,72.41269841269839,29.761904761904763,139.70521541950114,5.428571428571429,2.1904761904761907,0.8076923076923077
4637,23.0,10.0,35.21739130434783,78.52173913043478,125.11909262759926,7.826086956521739,1.2608695652173914,1.2105263157894737
4638,18.0,10.11111111111111,38.32098765432099,81.66666666666667,126.00000000000003,7.333333333333333,1.3333333333333333,0.8571428571428571
4639,8.0,54.25,762.6875,38.875,217.859375,5.25,4.5,0.12698412698412698
4640,13.0,65.46153846153847,887.6331360946746,5.615384615384615,5.928994082840237,4.384615384615385,8.615384615384615,0.14130434782608695
4641,12.0,5.75,9.1875,22.833333333333332,19.97222222222222,5.833333333333333,7.166666666666667,1.2
4642,7.0,5.0,5.714285714285714,24.0,32.857142857142854,5.428571428571429,7.142857142857143,0.7777777777777778
4643,13.0,4.846153846153846,11.053254437869821,23.076923076923077,20.840236686390536,4.923076923076923,7.923076923076923,1.3
4644,10.0,4.9,11.890000000000002,24.4,19.439999999999998,5.2,8.5,1.1111111111111112
4645,9.0,35.22222222222222,380.6172839506173,22.88888888888889,239.2098765432099,6.555555555555555,4.666666666666667,0.1875
4646,18.0,14.88888888888889,94.5432098765432,30.444444444444443,123.46913580246913,5.944444444444445,2.2222222222222223,0.6206896551724138
4647,14.0,13.357142857142858,78.08673469387757,31.071428571428573,74.35204081632654,4.285714285714286,1.7142857142857142,0.5384615384615384
4648,16.0,19.3125,139.21484375,28.25,838.4375,7.0625,2.1875,0.4
4649,14.0,5.5,11.821428571428571,20.785714285714285,13.311224489795919,6.0,8.142857142857142,1.2727272727272727
4650,10.0,16.0,88.2,35.0,110.2,4.8,2.2,0.3333333333333333
4651,19.0,11.842105263157896,26.65927977839335,84.0,99.15789473684211,6.526315789473684,0.9473684210526315,1.0
4652,10.0,34.6,677.24,29.9,92.49,5.1,4.6,0.14705882352941177
4653,15.0,3.933333333333333,8.728888888888887,22.2,29.493333333333332,5.8,7.733333333333333,1.3636363636363635
4654,8.0,6.0,29.25,71.125,34.609375,6.0,1.25,0.4444444444444444
4655,10.0,17.4,578.8399999999999,33.1,214.69,4.4,5.7,0.16666666666666666
4656,24.0,14.666666666666666,86.55555555555554,32.791666666666664,112.33159722222221,4.708333333333333,2.0416666666666665,0.7741935483870968
4657,10.0,20.5,127.45,24.8,921.36,7.2,2.5,0.29411764705882354
4658,26.0,18.423076923076923,105.93639053254438,30.192307692307693,1071.2322485207096,6.038461538461538,2.1923076923076925,0.6666666666666666
4659,21.0,16.238095238095237,139.60997732426304,27.761904761904763,1050.5623582766439,6.904761904761905,2.238095238095238,0.525
4660,17.0,38.23529411764706,601.1211072664361,28.88235294117647,264.1038062283737,6.764705882352941,5.294117647058823,0.2537313432835821
4661,7.0,54.0,394.85714285714283,30.857142857142858,222.40816326530611,4.714285714285714,5.714285714285714,0.12280701754385964
4662,18.0,5.722222222222222,12.089506172839505,21.61111111111111,11.793209876543209,5.444444444444445,7.277777777777778,1.6363636363636365
4663,26.0,9.923076923076923,33.917159763313606,79.03846153846153,141.11390532544377,7.384615384615385,1.1923076923076923,1.2380952380952381
4664,7.0,29.285714285714285,807.6326530612245,4.428571428571429,5.959183673469388,5.0,8.857142857142858,0.08139534883720931
4665,14.0,5.071428571428571,8.352040816326532,23.071428571428573,27.63775510204081,5.5,7.285714285714286,1.4
4666,29.0,10.0,28.689655172413794,76.89655172413794,123.74791914387635,7.482758620689655,1.1379310344827587,1.380952380952381
4667,19.0,36.89473684210526,415.4626038781164,36.1578947368421,225.50138504155123,6.526315789473684,4.842105263157895,0.2923076923076923
4668,9.0,29.333333333333332,510.44444444444457,29.88888888888889,228.5432098765432,4.333333333333333,5.333333333333333,0.14516129032258066
4669,15.0,13.466666666666667,88.11555555555555,34.6,161.70666666666668,3.6,2.066666666666667,0.5555555555555556
4670,19.0,8.210526315789474,39.32409972299169,84.94736842105263,129.41828254847644,6.105263157894737,0.5789473684210527,0.95
4671,18.0,18.11111111111111,175.76543209876547,27.333333333333332,930.3333333333334,7.555555555555555,1.9444444444444444,0.46153846153846156
4672,16.0,51.375,638.984375,5.9375,5.68359375,7.25,8.8125,0.20253164556962025
4673,19.0,18.263157894736842,87.14127423822713,30.63157894736842,993.6011080332411,6.526315789473684,2.6842105263157894,0.5588235294117647
4674,20.0,11.95,27.6475,79.15,136.22750000000002,7.25,0.95,1.0526315789473684
4675,28.0,17.928571428571427,103.63775510204086,25.535714285714285,1027.1772959183675,6.785714285714286,2.0714285714285716,0.7777777777777778
4676,17.0,18.470588235294116,140.95501730103805,36.8235294117647,1090.7335640138408,7.823529411764706,1.8235294117647058,0.4473684210526316
4677,24.0,12.375,40.984375,79.45833333333333,121.4982638888889,7.583333333333333,0.9583333333333334,1.263157894736842
4678,30.0,15.5,92.98333333333333,33.833333333333336,135.40555555555557,5.066666666666666,2.1,0.967741935483871
4679,10.0,22.9,108.09,29.0,1203.4,6.5,1.6,0.3125
4680,16.0,17.6875,87.21484375,32.8125,129.27734375,6.0,1.8125,0.5925925925925926
4681,27.0,12.481481481481481,29.138545953360772,79.81481481481481,98.07681755829906,6.925925925925926,0.6666666666666666,1.35
4682,27.0,11.88888888888889,73.65432098765432,32.074074074074076,108.51303155006859,5.518518518518518,2.259259259259259,0.9
4683,24.0,16.375,63.151041666666664,32.458333333333336,87.33159722222224,4.375,2.0833333333333335,0.8
4684,28.0,10.928571428571429,41.35204081632653,80.14285714285714,136.40816326530611,6.785714285714286,0.8928571428571429,1.4
4685,28.0,16.857142857142858,78.1938775510204,32.5,96.53571428571429,5.142857142857143,2.107142857142857,0.9032258064516129
4686,16.0,4.25,8.6875,21.25,17.5625,5.5625,7.9375,1.6
4687,11.0,3.6363636363636362,5.322314049586777,22.727272727272727,14.743801652892563,5.0,7.090909090909091,1.2222222222222223
4688,28.0,5.678571428571429,6.78954081632653,22.178571428571427,23.503826530612248,5.535714285714286,7.785714285714286,2.5454545454545454
4689,19.0,20.63157894736842,126.2326869806094,25.36842105263158,740.5484764542937,7.105263157894737,1.631578947368421,0.5135135135135135
4690,7.0,12.142857142857142,27.551020408163264,80.85714285714286,112.40816326530613,7.428571428571429,1.0,0.4375
4691,10.0,41.0,815.2,26.3,228.81,5.9,3.5,0.15384615384615385
4692,22.0,44.31818181818182,947.1260330578511,4.818181818181818,7.694214876033057,4.2272727272727275,8.545454545454545,0.25
4693,10.0,44.0,1412.4,5.0,11.6,6.3,7.9,0.10101010101010101
4694,7.0,24.0,53.142857142857146,18.285714285714285,833.3469387755104,7.285714285714286,2.2857142857142856,0.3181818181818182
4695,30.0,10.433333333333334,32.912222222222226,80.06666666666666,133.86222222222221,6.966666666666667,1.3333333333333333,1.5789473684210527
4696,11.0,13.727272727272727,67.83471074380166,30.727272727272727,56.19834710743801,4.545454545454546,1.7272727272727273,0.4583333333333333
4697,24.0,4.708333333333333,13.20659722222222,23.333333333333332,24.222222222222225,5.916666666666667,7.333333333333333,2.1818181818181817
4698,15.0,14.333333333333334,69.15555555555557,30.333333333333332,90.88888888888889,6.266666666666667,1.8,0.5555555555555556
4699,14.0,26.357142857142858,467.6581632653061,31.142857142857142,422.97959183673476,5.071428571428571,5.428571428571429,0.2
4700,8.0,38.0,787.25,36.75,92.1875,5.125,4.75,0.11764705882352941
4701,13.0,51.92307692307692,848.3786982248522,28.307692307692307,219.4437869822485,6.3076923076923075,4.846153846153846,0.18840579710144928
4702,21.0,16.095238095238095,97.70521541950113,32.38095238095238,113.18820861678003,3.857142857142857,1.619047619047619,0.6774193548387096
4703,25.0,13.68,78.4576,30.24,138.3424,5.92,2.28,0.8928571428571429
4704,8.0,53.5,608.0,3.0,4.75,6.0,9.0,0.09411764705882353
4705,23.0,10.26086956521739,36.975425330812854,79.78260869565217,207.30056710775048,7.173913043478261,1.0869565217391304,1.2105263157894737
4706,13.0,11.076923076923077,51.60946745562129,76.46153846153847,148.55621301775147,6.153846153846154,0.7692307692307693,0.6190476190476191
4707,26.0,45.73076923076923,621.1967455621302,32.11538461538461,283.17899408284023,5.3076923076923075,5.384615384615385,0.4
4708,12.0,42.916666666666664,635.9097222222223,5.666666666666667,8.888888888888888,7.0,8.5,0.1411764705882353
4709,18.0,41.22222222222222,781.9506172839506,31.666666666666668,161.22222222222226,5.388888888888889,5.0,0.23376623376623376
4710,22.0,47.13636363636363,987.2995867768597,4.863636363636363,6.299586776859505,5.090909090909091,8.318181818181818,0.25
4711,10.0,6.2,10.960000000000003,24.1,16.09,5.2,7.1,1.0
4712,14.0,10.142857142857142,34.69387755102041,81.07142857142857,156.49489795918367,7.0,0.7142857142857143,0.7777777777777778
4713,15.0,23.066666666666666,73.1288888888889,35.6,1180.9066666666665,6.666666666666667,1.7333333333333334,0.46875
4714,11.0,17.818181818181817,116.51239669421487,37.90909090909091,1108.809917355372,7.818181818181818,1.6363636363636365,0.2894736842105263
4715,27.0,12.074074074074074,44.14266117969822,81.37037037037037,121.49245541838133,6.851851851851852,0.8518518518518519,1.35
4716,20.0,36.95,688.6474999999998,30.4,295.74000000000007,5.85,4.85,0.3125
4717,23.0,21.782608695652176,172.95274102079395,37.391304347826086,1241.7164461247637,7.0,2.130434782608696,0.575
4718,21.0,4.238095238095238,10.75283446712018,21.0,16.095238095238095,5.619047619047619,7.714285714285714,1.9090909090909092
4719,7.0,14.571428571428571,9.387755102040817,84.42857142857143,159.95918367346937,7.571428571428571,1.0,0.7777777777777778
4720,24.0,54.291666666666664,924.8732638888887,5.458333333333333,6.664930555555556,5.458333333333333,8.208333333333334,0.24742268041237114
4721,5.0,7.8,28.559999999999995,85.4,63.44000000000001,7.2,1.6,0.3125
4722,16.0,5.125,6.984375,21.25,21.1875,5.5,7.1875,1.7777777777777777
4723,24.0,13.416666666666666,72.99305555555554,35.166666666666664,130.63888888888889,4.458333333333333,2.125,0.8275862068965517
4724,10.0,4.6,6.039999999999999,19.6,10.44,5.5,6.5,1.25
4725,26.0,10.653846153846153,27.07248520710059,75.53846153846153,156.01775147928996,6.846153846153846,1.1538461538461537,1.2380952380952381
4726,20.0,9.45,41.247499999999995,78.75,123.7875,6.4,1.2,0.9523809523809523
4727,28.0,61.785714285714285,681.0255102040818,5.607142857142857,7.167091836734691,5.785714285714286,8.928571428571429,0.2978723404255319
4728,24.0,5.708333333333333,10.539930555555554,22.833333333333332,23.55555555555556,5.416666666666667,7.916666666666667,2.1818181818181817
4729,9.0,16.555555555555557,119.58024691358024,28.88888888888889,71.87654320987654,4.111111111111111,1.6666666666666667,0.3
4730,29.0,9.793103448275861,26.784780023781217,77.65517241379311,188.15695600475627,7.724137931034483,0.7931034482758621,1.45
4731,28.0,5.178571428571429,6.932397959183674,23.142857142857142,19.479591836734695,5.464285714285714,7.285714285714286,2.8
4732,12.0,48.666666666666664,1005.888888888889,5.75,4.1875,6.916666666666667,9.416666666666666,0.13636363636363635
4733,26.0,43.80769230769231,457.53994082840256,34.03846153846154,276.7292899408284,4.8076923076923075,4.653846153846154,0.37142857142857144
4734,22.0,11.0,31.09090909090909,83.81818181818181,123.60330578512398,7.136363636363637,0.8636363636363636,1.1578947368421053
4735,8.0,20.5,64.5,35.375,48.734375,5.25,1.625,0.34782608695652173
4736,30.0,20.866666666666667,157.31555555555556,30.5,946.9833333333333,6.9,1.9,0.7317073170731707
4737,11.0,34.90909090909091,1257.3553719008264,26.818181818181817,244.14876033057854,5.636363636363637,3.8181818181818183,0.1375
4738,28.0,3.7857142857142856,8.311224489795919,23.75,16.830357142857142,5.678571428571429,7.714285714285714,2.5454545454545454
4739,11.0,65.45454545454545,920.611570247934,4.636363636363637,5.504132231404959,6.090909090909091,8.636363636363637,0.14102564102564102
4740,10.0,5.8,7.7600000000000025,24.7,20.61,5.6,7.6,1.0
4741,25.0,13.04,83.47840000000004,33.36,128.55040000000002,5.68,2.04,0.8064516129032258
4742,9.0,15.88888888888889,173.43209876543213,42.0,1466.888888888889,7.444444444444445,2.3333333333333335,0.225
4743,27.0,21.555555555555557,118.0246913580247,38.7037037037037,1358.1344307270235,6.37037037037037,1.7037037037037037,0.7105263157894737
4744,28.0,9.571428571428571,33.673469387755105,81.17857142857143,115.78954081632652,7.678571428571429,1.0357142857142858,1.3333333333333333
4745,22.0,49.0,599.8181818181819,29.181818181818183,195.96694214876035,5.681818181818182,4.7727272727272725,0.3142857142857143
4746,12.0,10.666666666666666,36.05555555555556,73.16666666666667,135.4722222222222,6.666666666666667,1.0833333333333333,0.6666666666666666
4747,27.0,60.370370370370374,709.4183813443072,5.481481481481482,7.286694101508916,5.185185185185185,8.481481481481481,0.2755102040816326
4748,23.0,4.391304347826087,8.49905482041588,21.565217391304348,20.50661625708885,5.3478260869565215,7.0,2.090909090909091
4749,16.0,55.8125,974.90234375,5.875,6.484375,5.75,8.6875,0.16842105263157894
4750,10.0,16.6,136.64000000000001,30.1,1677.69,6.5,2.5,0.30303030303030304
4751,25.0,11.6,26.16,84.0,138.0,6.64,1.04,1.4705882352941178
4752,26.0,9.538461538461538,51.17159763313608,82.65384615384616,152.76479289940826,6.461538461538462,1.0,1.3
4753,22.0,16.90909090909091,89.900826446281,31.318181818181817,104.94421487603307,4.818181818181818,2.227272727272727,0.7333333333333333
4754,11.0,10.090909090909092,21.537190082644628,78.54545454545455,93.52066115702478,7.818181818181818,1.0909090909090908,0.6875
4755,26.0,39.15384615384615,267.6686390532545,27.076923076923077,200.2248520710059,5.846153846153846,5.038461538461538,0.49056603773584906
4756,25.0,25.76,121.30239999999999,32.52,1001.9295999999996,6.92,1.92,0.7575757575757576
4757,13.0,10.076923076923077,22.224852071005916,78.53846153846153,154.4023668639053,7.076923076923077,1.0,0.6842105263157895
4758,8.0,16.0,204.5,32.0,1330.5,8.5,1.875,0.2
4759,27.0,43.370370370370374,371.4183813443073,40.51851851851852,192.39780521262003,6.0,5.296296296296297,0.45
4760,30.0,50.5,919.25,5.066666666666666,8.195555555555554,6.0,8.3,0.30303030303030304
4761,22.0,11.954545454545455,26.861570247933876,79.13636363636364,172.2995867768595,7.136363636363637,1.1818181818181819,1.1578947368421053
4762,8.0,22.25,90.4375,17.625,168.734375,7.25,1.625,0.2857142857142857
4763,29.0,10.03448275862069,37.826397146254465,77.65517241379311,132.22592152199763,6.862068965517241,0.896551724137931,1.380952380952381
4764,28.0,13.035714285714286,82.96301020408164,33.357142857142854,111.01530612244896,5.428571428571429,1.7857142857142858,0.9032258064516129
4765,23.0,13.08695652173913,65.12287334593574,34.130434782608695,101.33081285444237,4.782608695652174,1.826086956521739,0.8214285714285714
4766,15.0,34.13333333333333,726.1155555555556,6.0,8.0,5.8,8.466666666666667,0.1485148514851485
4767,12.0,10.416666666666666,48.90972222222222,77.91666666666667,153.40972222222223,7.0,1.0,0.5714285714285714
4768,23.0,15.217391304347826,107.38752362948959,30.17391304347826,123.53497164461245,6.130434782608695,1.8695652173913044,0.7666666666666667
4769,29.0,4.241379310344827,9.079667063020214,24.79310344827586,12.784780023781211,5.310344827586207,7.9655172413793105,2.9
4770,14.0,25.5,189.96428571428572,23.071428571428573,946.4948979591838,7.357142857142857,1.8571428571428572,0.3684210526315789
4771,29.0,4.827586206896552,10.625445897740784,23.0,22.413793103448278,5.551724137931035,7.551724137931035,2.6363636363636362
4772,26.0,32.07692307692308,730.7633136094676,34.73076923076923,258.7352071005917,6.538461538461538,4.576923076923077,0.34210526315789475
4773,14.0,42.57142857142857,517.3877551020408,27.714285714285715,167.48979591836732,6.0,4.928571428571429,0.21875
4774,24.0,10.166666666666666,44.47222222222222,75.04166666666667,138.37326388888889,8.0,0.875,1.1428571428571428
4775,24.0,33.416666666666664,321.07638888888886,31.666666666666668,200.63888888888889,5.625,4.541666666666667,0.46153846153846156
4776,13.0,48.07692307692308,617.9171597633137,31.23076923076923,238.02366863905326,4.615384615384615,5.615384615384615,0.20634920634920634
4777,11.0,39.18181818181818,534.6942148760331,30.09090909090909,212.0826446280992,6.7272727272727275,4.454545454545454,0.18333333333333332
4778,6.0,12.666666666666666,44.22222222222222,78.83333333333333,267.13888888888886,6.833333333333333,0.8333333333333334,0.3333333333333333
4779,13.0,11.461538461538462,45.63313609467456,80.92307692307692,152.9940828402367,7.461538461538462,1.3846153846153846,0.65
4780,24.0,14.083333333333334,69.07638888888887,38.583333333333336,64.07638888888889,6.0,1.5416666666666667,0.8571428571428571
4781,14.0,53.714285714285715,173.77551020408166,24.0,126.57142857142857,5.785714285714286,5.642857142857143,0.42424242424242425
4782,11.0,57.36363636363637,668.7768595041322,6.090909090909091,8.809917355371901,5.909090909090909,8.181818181818182,0.12941176470588237
4783,29.0,16.482758620689655,84.87039239001189,31.344827586206897,105.81212841854932,6.517241379310345,1.7586206896551724,0.9354838709677419
4784,10.0,9.6,40.04,79.8,216.35999999999999,7.7,0.9,0.5263157894736842
4785,24.0,16.041666666666668,73.28993055555556,32.208333333333336,116.91493055555553,5.083333333333333,2.3333333333333335,0.8275862068965517
4786,12.0,13.416666666666666,86.40972222222223,33.833333333333336,88.80555555555556,4.166666666666667,1.0833333333333333,0.4444444444444444
4787,14.0,62.285714285714285,890.6326530612242,5.5,9.25,6.0,8.142857142857142,0.16470588235294117
4788,8.0,22.5,123.0,4.75,53.4375,7.0,2.125,0.20512820512820512
4789,18.0,36.611111111111114,906.570987654321,36.44444444444444,269.9135802469137,5.277777777777778,5.166666666666667,0.225
4790,6.0,52.833333333333336,926.4722222222222,6.5,5.916666666666667,5.333333333333333,9.0,0.07142857142857142
4791,14.0,58.57142857142857,727.2448979591837,6.071428571428571,8.923469387755102,5.0,8.142857142857142,0.14893617021276595
4792,18.0,16.72222222222222,68.2006172839506,35.5,93.02777777777777,6.055555555555555,3.0,0.5806451612903226
4793,30.0,5.1,9.156666666666668,24.0,16.066666666666666,5.566666666666666,8.133333333333333,3.0
4794,12.0,4.916666666666667,9.576388888888888,24.25,27.6875,5.75,7.916666666666667,1.0909090909090908
4795,7.0,50.42857142857143,985.3877551020408,5.285714285714286,6.775510204081633,6.714285714285714,7.714285714285714,0.07526881720430108
4796,5.0,5.6,9.040000000000001,22.4,17.04,4.8,7.0,0.5
4797,22.0,42.68181818181818,936.7623966942151,4.590909090909091,8.423553719008266,5.681818181818182,8.272727272727273,0.2391304347826087
4798,9.0,58.111111111111114,612.320987654321,6.0,7.111111111111111,5.777777777777778,8.333333333333334,0.12857142857142856
4799,13.0,7.384615384615385,3.775147928994083,24.384615384615383,17.467455621301774,5.461538461538462,7.615384615384615,1.4444444444444444
4800,10.0,12.5,39.45,86.4,104.23999999999998,6.7,1.4,0.5263157894736842
4801,11.0,6.545454545454546,42.611570247933884,82.0,165.0909090909091,6.7272727272727275,1.0909090909090908,0.5238095238095238
4802,29.0,9.827586206896552,41.521997621878704,79.72413793103448,99.92390011890609,7.206896551724138,0.9655172413793104,1.380952380952381
4803,7.0,6.714285714285714,43.06122448979591,78.14285714285714,206.69387755102045,7.428571428571429,0.7142857142857143,0.3684210526315789
4804,30.0,19.4,107.30666666666667,31.133333333333333,1114.448888888889,7.033333333333333,2.066666666666667,0.7894736842105263
4805,7.0,67.85714285714286,484.4081632653062,6.142857142857143,6.408163265306123,6.0,8.857142857142858,0.09333333333333334
4806,22.0,46.54545454545455,620.3388429752066,5.454545454545454,9.884297520661157,5.454545454545454,8.227272727272727,0.25
4807,18.0,9.166666666666666,37.1388888888889,84.38888888888889,130.23765432098767,6.777777777777778,1.0,0.9
4808,11.0,25.636363636363637,98.59504132231406,23.727272727272727,488.92561983471074,7.636363636363637,1.9090909090909092,0.36666666666666664
4809,25.0,4.72,7.881599999999997,22.52,23.769599999999997,5.76,6.96,2.272727272727273
4810,17.0,15.470588235294118,78.48442906574395,34.705882352941174,101.2664359861592,3.823529411764706,2.2941176470588234,0.5666666666666667
4811,13.0,5.384615384615385,6.390532544378699,21.46153846153846,31.32544378698225,5.153846153846154,7.384615384615385,1.3
4812,25.0,54.04,876.5184000000002,6.52,6.009599999999999,6.36,8.2,0.25510204081632654
4813,22.0,19.136363636363637,126.1177685950413,28.954545454545453,1140.4070247933882,6.363636363636363,2.227272727272727,0.5945945945945946
4814,15.0,5.6,11.440000000000001,22.466666666666665,16.648888888888894,5.266666666666667,7.133333333333334,1.3636363636363635
4815,19.0,51.1578947368421,1089.2908587257618,4.473684210526316,3.617728531855956,6.052631578947368,8.0,0.1958762886597938
4816,6.0,14.666666666666666,113.55555555555554,36.166666666666664,82.1388888888889,5.5,1.8333333333333333,0.20689655172413793
4817,15.0,46.0,736.1333333333333,5.266666666666667,9.262222222222222,6.2,8.4,0.15463917525773196
4818,13.0,61.53846153846154,935.9408284023668,5.384615384615385,9.928994082840235,6.0,7.769230769230769,0.14772727272727273
4819,20.0,15.25,71.1875,29.6,79.64000000000001,4.35,1.9,0.7142857142857143
4820,9.0,59.333333333333336,537.7777777777778,38.22222222222222,255.28395061728395,5.666666666666667,4.666666666666667,0.13846153846153847
4821,18.0,12.555555555555555,23.024691358024693,79.66666666666667,151.55555555555554,6.722222222222222,1.0,0.9473684210526315
4822,17.0,4.470588235294118,11.54325259515571,21.647058823529413,23.993079584775085,5.823529411764706,6.705882352941177,1.5454545454545454
4823,11.0,27.727272727272727,129.47107438016528,32.45454545454545,606.7933884297521,6.181818181818182,1.4545454545454546,0.3142857142857143
4824,26.0,14.423076923076923,60.936390532544365,32.07692307692308,100.30177514792898,5.8076923076923075,2.0384615384615383,0.8387096774193549
4825,7.0,10.285714285714286,37.3469387755102,84.42857142857143,63.673469387755105,7.142857142857143,1.1428571428571428,0.3888888888888889
4826,12.0,22.25,718.6875,37.0,330.3333333333333,5.333333333333333,4.0,0.1791044776119403
4827,26.0,19.5,125.5576923076923,24.423076923076923,950.3210059171598,6.884615384615385,2.0,0.7027027027027027
4828,18.0,5.055555555555555,11.274691358024693,22.555555555555557,11.580246913580241,5.222222222222222,7.055555555555555,1.6363636363636365
4829,7.0,5.285714285714286,12.775510204081632,22.285714285714285,26.77551020408163,6.0,8.142857142857142,0.7
4830,14.0,36.142857142857146,1153.1224489795918,5.642857142857143,9.372448979591836,5.642857142857143,8.0,0.14583333333333334
4831,30.0,15.166666666666666,61.87222222222221,34.7,73.81,4.2,1.8,1.0
4832,7.0,12.285714285714286,42.204081632653065,76.85714285714286,180.40816326530617,7.142857142857143,1.1428571428571428,0.3888888888888889
4833,15.0,9.533333333333333,36.24888888888889,80.13333333333334,122.38222222222221,7.933333333333334,1.2,0.75
4834,29.0,5.344827586206897,10.50178359096314,23.103448275862068,22.851367419738402,5.379310344827586,7.620689655172414,2.6363636363636362
4835,10.0,64.2,624.56,7.2,6.360000000000001,6.0,8.5,0.1388888888888889
4836,20.0,18.45,162.64749999999998,34.35,1534.9275,6.95,2.1,0.5405405405405406
4837,5.0,4.4,9.040000000000001,18.0,14.4,5.2,6.8,0.5555555555555556
4838,11.0,11.636363636363637,15.867768595041325,82.36363636363636,161.68595041322317,7.181818181818182,1.2727272727272727,0.7857142857142857
4839,5.0,11.6,40.64,28.0,179.2,4.4,2.4,0.25
4840,7.0,43.857142857142854,544.6938775510204,37.0,298.2857142857143,5.714285714285714,4.285714285714286,0.11666666666666667
4841,29.0,51.827586206896555,948.9013079667064,5.0344827586206895,6.171224732461354,5.758620689655173,8.413793103448276,0.29292929292929293
4842,22.0,15.636363636363637,71.77685950413223,30.136363636363637,86.02685950413223,7.409090909090909,2.1818181818181817,0.7586206896551724
4843,14.0,7.0,7.285714285714286,21.785714285714285,13.739795918367347,5.571428571428571,7.5,1.4
4844,18.0,8.5,33.47222222222222,78.83333333333333,140.47222222222223,6.222222222222222,1.1666666666666667,0.9
4845,18.0,16.944444444444443,64.94135802469134,28.555555555555557,77.02469135802468,7.444444444444445,2.3333333333333335,0.6206896551724138
4846,30.0,14.066666666666666,79.1288888888889,34.2,116.29333333333331,4.433333333333334,1.9333333333333333,1.0
4847,5.0,32.6,1010.64,25.8,328.15999999999997,5.4,4.6,0.07352941176470588
4848,21.0,40.04761904761905,379.47392290249434,41.0,210.57142857142858,6.380952380952381,4.904761904761905,0.3888888888888889
4849,8.0,36.375,386.984375,4.875,8.109375,5.875,9.0,0.14035087719298245
4850,17.0,9.294117647058824,38.67820069204153,80.52941176470588,96.71972318339101,6.705882352941177,0.8823529411764706,0.8095238095238095
4851,7.0,4.142857142857143,9.265306122448978,20.571428571428573,8.816326530612246,5.428571428571429,7.142857142857143,0.6363636363636364
4852,26.0,53.34615384615385,974.4571005917161,6.1923076923076925,7.463017751479288,4.923076923076923,8.5,0.26804123711340205
4853,14.0,11.071428571428571,29.20918367346939,85.07142857142857,158.78061224489798,5.642857142857143,1.0,0.7368421052631579
4854,7.0,19.428571428571427,136.81632653061223,61.857142857142854,823.2653061224489,7.285714285714286,2.7142857142857144,0.18421052631578946
4855,10.0,23.0,101.6,31.8,1305.9600000000003,7.4,2.0,0.24390243902439024
4856,29.0,17.896551724137932,133.47205707491085,24.82758620689655,929.6599286563616,7.551724137931035,2.206896551724138,0.7435897435897436
4857,23.0,8.521739130434783,22.771266540642724,82.0,120.08695652173913,7.217391304347826,0.8695652173913043,1.2777777777777777
4858,30.0,21.366666666666667,139.49888888888887,29.2,872.2933333333333,7.133333333333334,2.2666666666666666,0.7317073170731707
4859,26.0,21.96153846153846,157.19082840236686,32.5,1059.0192307692307,6.961538461538462,1.9230769230769231,0.6341463414634146
4860,24.0,22.333333333333332,93.30555555555556,34.458333333333336,1378.9982638888887,6.958333333333333,1.7083333333333333,0.631578947368421
4861,18.0,54.27777777777778,764.0895061728395,6.0,6.888888888888889,4.555555555555555,8.166666666666666,0.2222222222222222
4862,20.0,4.95,8.3475,19.75,16.7875,5.5,7.65,1.8181818181818181
4863,23.0,56.34782608695652,687.2703213610587,5.260869565217392,7.584120982986768,5.217391304347826,8.304347826086957,0.23711340206185566
4864,9.0,8.11111111111111,37.65432098765432,81.77777777777777,84.61728395061729,6.444444444444445,0.8888888888888888,0.45
4865,14.0,6.0,9.285714285714286,23.142857142857142,8.551020408163266,5.357142857142857,7.571428571428571,1.2727272727272727
4866,22.0,43.90909090909091,482.17355371900834,32.5,219.97727272727272,4.954545454545454,5.0,0.3728813559322034
4867,15.0,4.733333333333333,8.72888888888889,21.533333333333335,22.915555555555557,5.866666666666666,7.466666666666667,1.5
4868,9.0,3.0,7.111111111111111,23.88888888888889,23.4320987654321,5.444444444444445,6.888888888888889,1.0
4869,29.0,49.03448275862069,1098.653983353151,5.448275862068965,8.109393579072533,5.344827586206897,7.862068965517241,0.29292929292929293
4870,24.0,18.041666666666668,116.8732638888889,36.541666666666664,1468.081597222222,6.625,2.4166666666666665,0.7272727272727273
4871,6.0,4.833333333333333,10.13888888888889,23.666666666666668,2.555555555555556,6.166666666666667,8.166666666666666,0.6
4872,11.0,9.272727272727273,40.38016528925619,73.54545454545455,40.4297520661157,7.0,1.3636363636363635,0.55
4873,28.0,42.892857142857146,689.8099489795917,34.32142857142857,137.00382653061223,6.357142857142857,5.214285714285714,0.417910447761194
4874,23.0,10.956521739130435,34.47637051039696,78.08695652173913,117.12287334593574,6.478260869565218,1.2173913043478262,1.0952380952380953
4875,6.0,17.166666666666668,91.1388888888889,31.0,97.33333333333333,5.333333333333333,2.1666666666666665,0.25
4876,20.0,4.85,9.0275,21.05,21.047500000000003,5.25,6.8,1.8181818181818181
4877,5.0,3.0,5.2,25.6,1.8399999999999999,5.2,5.8,0.7142857142857143
4878,11.0,11.181818181818182,35.785123966942145,78.27272727272727,61.83471074380165,7.454545454545454,0.9090909090909091,0.6111111111111112
4879,8.0,13.25,65.6875,27.25,97.6875,6.625,1.875,0.2857142857142857
4880,14.0,9.071428571428571,35.35204081632653,75.35714285714286,152.22959183673467,7.0,1.0714285714285714,0.7368421052631579
4881,30.0,10.033333333333333,31.098888888888883,79.13333333333334,159.1822222222222,7.433333333333334,1.0333333333333334,1.5
4882,13.0,38.0,724.0,24.53846153846154,264.5562130177515,4.153846153846154,4.0,0.18571428571428572
4883,14.0,10.5,25.678571428571427,81.14285714285714,115.6938775510204,7.285714285714286,1.2142857142857142,0.7368421052631579
4884,26.0,22.807692307692307,120.23224852071004,34.15384615384615,1151.5917159763314,6.884615384615385,2.576923076923077,0.7222222222222222
4885,7.0,25.142857142857142,227.26530612244898,36.285714285714285,1126.204081632653,7.571428571428571,1.5714285714285714,0.18421052631578946
4886,28.0,5.142857142857143,10.265306122448981,21.857142857142858,19.122448979591837,5.428571428571429,7.928571428571429,2.5454545454545454
4887,29.0,35.724137931034484,729.0963139120095,4.9655172413793105,6.240190249702737,5.724137931034483,8.379310344827585,0.32222222222222224
4888,16.0,55.3125,856.21484375,5.25,9.6875,6.1875,8.0,0.16326530612244897
4889,11.0,6.818181818181818,21.421487603305785,80.54545454545455,170.7933884297521,7.454545454545454,1.0,0.7333333333333333
4890,9.0,45.0,697.3333333333334,29.0,159.11111111111111,5.444444444444445,4.0,0.13636363636363635
4891,20.0,19.4,131.04,22.1,883.9900000000001,6.9,1.95,0.5
4892,30.0,42.36666666666667,617.498888888889,33.53333333333333,257.18222222222226,4.866666666666666,4.366666666666666,0.46875
4893,10.0,27.9,116.69000000000001,14.1,513.69,6.3,2.0,0.2777777777777778
4894,20.0,10.65,21.327500000000004,82.7,116.21,7.3,0.95,1.1111111111111112
4895,27.0,54.592592592592595,831.6488340192045,4.777777777777778,7.950617283950617,5.555555555555555,8.555555555555555,0.28125
4896,13.0,5.846153846153846,9.668639053254438,22.23076923076923,20.33136094674556,5.615384615384615,7.6923076923076925,1.1818181818181819
4897,16.0,48.4375,802.62109375,4.1875,9.27734375,6.5,8.8125,0.1839080459770115
4898,10.0,5.5,6.25,23.5,20.45,6.4,7.9,1.1111111111111112
4899,26.0,9.461538461538462,30.786982248520708,81.53846153846153,160.24852071005918,7.346153846153846,1.1153846153846154,1.3
4900,11.0,11.363636363636363,32.95867768595041,83.72727272727273,139.83471074380165,7.545454545454546,0.9090909090909091,0.6470588235294118
4901,20.0,13.55,81.8475,33.35,123.82749999999999,5.25,2.0,0.6896551724137931
4902,10.0,43.1,1046.0899999999997,5.7,6.21,4.2,9.3,0.10309278350515463
4903,11.0,28.363636363636363,70.77685950413222,28.181818181818183,950.3305785123968,6.363636363636363,2.272727272727273,0.3548387096774194
4904,9.0,15.555555555555555,108.69135802469135,32.44444444444444,138.69135802469134,5.111111111111111,1.8888888888888888,0.3
4905,12.0,4.833333333333333,7.972222222222221,21.083333333333332,17.07638888888889,5.25,7.0,1.0909090909090908
4906,27.0,19.0,56.148148148148145,34.074074074074076,96.06858710562413,4.851851851851852,1.6296296296296295,1.0
4907,27.0,5.555555555555555,7.876543209876543,22.59259259259259,25.056241426611795,5.666666666666667,7.37037037037037,2.4545454545454546
4908,16.0,4.6875,7.96484375,21.0625,16.18359375,5.625,7.625,1.6
4909,17.0,43.529411764705884,996.7197231833908,6.0,7.176470588235294,7.294117647058823,8.529411764705882,0.1717171717171717
4910,29.0,44.41379310344828,807.5529131985729,28.896551724137932,220.78240190249696,4.068965517241379,4.793103448275862,0.4084507042253521
4911,6.0,36.0,470.3333333333333,7.0,8.0,4.666666666666667,8.0,0.1111111111111111
4912,13.0,41.76923076923077,444.1775147928994,32.0,300.0,5.846153846153846,5.384615384615385,0.19402985074626866
4913,14.0,5.5,9.821428571428571,23.785714285714285,24.311224489795915,4.857142857142857,7.0,1.2727272727272727
4914,8.0,19.875,136.359375,25.125,855.359375,6.0,1.625,0.26666666666666666
4915,6.0,10.833333333333334,60.47222222222222,38.5,125.91666666666667,5.166666666666667,2.1666666666666665,0.2727272727272727
4916,25.0,11.0,39.12,84.92,179.11359999999993,7.32,1.16,1.25
4917,21.0,20.952380952380953,175.56916099773244,29.714285714285715,792.9659863945578,6.904761904761905,1.7619047619047619,0.5121951219512195
4918,23.0,45.08695652173913,481.296786389414,33.91304347826087,261.5576559546314,5.826086956521739,4.782608695652174,0.38333333333333336
4919,27.0,15.0,88.5925925925926,33.55555555555556,124.98765432098764,5.2592592592592595,2.259259259259259,0.8709677419354839
4920,14.0,22.857142857142858,175.6938775510204,38.714285714285715,1299.3469387755104,7.071428571428571,2.2142857142857144,0.358974358974359
4921,28.0,45.42857142857143,768.1020408163265,5.071428571428571,8.494897959183673,5.178571428571429,8.678571428571429,0.28865979381443296
4922,19.0,51.421052631578945,469.82271468144046,5.631578947368421,11.18005540166205,4.7894736842105265,8.736842105263158,0.24675324675324675
4923,24.0,13.958333333333334,64.03993055555556,33.5,94.58333333333333,6.0,2.0833333333333335,0.8571428571428571
4924,25.0,44.48,314.96960000000007,28.92,287.43359999999996,5.96,5.68,0.5
4925,8.0,3.875,7.609375,23.625,23.984375,5.375,6.875,0.8
4926,16.0,22.0625,150.05859375,29.5,1157.125,6.25,1.6875,0.41025641025641024
4927,28.0,15.357142857142858,72.72959183673468,34.42857142857143,80.67346938775509,6.071428571428571,2.0357142857142856,0.9655172413793104
4928,20.0,40.25,417.3875,28.15,286.7275,5.7,5.05,0.38461538461538464
4929,5.0,7.4,43.44000000000001,74.0,68.8,7.4,1.6,0.2777777777777778
4930,28.0,9.571428571428571,45.316326530612244,77.89285714285714,148.6670918367347,7.107142857142857,1.0357142857142858,1.3333333333333333
4931,14.0,18.857142857142858,159.83673469387753,24.071428571428573,963.7806122448982,6.642857142857143,2.357142857142857,0.358974358974359
4932,6.0,13.0,105.0,36.666666666666664,54.22222222222222,5.833333333333333,2.5,0.21428571428571427
4933,25.0,3.48,6.649599999999998,22.6,20.080000000000002,5.48,7.44,2.5
4934,16.0,8.75,42.5625,83.375,115.609375,7.5,1.1875,0.7619047619047619
4935,28.0,10.392857142857142,49.73852040816326,79.64285714285714,126.87244897959185,7.5,1.0714285714285714,1.3333333333333333
4936,24.0,46.583333333333336,851.9097222222222,36.541666666666664,212.8315972222222,5.666666666666667,4.666666666666667,0.3287671232876712
4937,29.0,5.862068965517241,9.222354340071341,22.17241379310345,22.62544589774079,5.758620689655173,7.310344827586207,2.6363636363636362
4938,6.0,55.333333333333336,1368.888888888889,5.833333333333333,8.472222222222223,4.666666666666667,9.0,0.06451612903225806
4939,17.0,15.823529411764707,111.67474048442908,34.64705882352941,83.75778546712802,3.411764705882353,2.0588235294117645,0.5483870967741935
4940,10.0,50.3,905.8100000000001,4.9,12.09,6.6,8.5,0.10101010101010101
4941,23.0,12.521739130434783,72.16257088846882,32.73913043478261,117.32325141776937,5.260869565217392,1.8695652173913044,0.7666666666666667
4942,9.0,38.666666666666664,309.7777777777777,27.555555555555557,232.91358024691363,5.444444444444445,4.333333333333333,0.16071428571428573
4943,17.0,35.1764705882353,543.0865051903114,28.11764705882353,295.75086505190313,5.411764705882353,4.9411764705882355,0.2537313432835821
4944,8.0,63.0,163.0,35.5,297.0,6.5,5.125,0.25806451612903225
4945,11.0,44.45454545454545,740.0661157024794,6.909090909090909,6.991735537190084,4.636363636363637,8.272727272727273,0.11
4946,18.0,39.94444444444444,433.71913580246905,30.833333333333332,192.58333333333334,5.388888888888889,5.222222222222222,0.34615384615384615
4947,29.0,37.41379310344828,701.2770511296077,33.62068965517241,283.614744351962,5.068965517241379,5.0344827586206895,0.4084507042253521
4948,16.0,45.8125,308.02734375,37.9375,215.30859375,5.625,4.75,0.2909090909090909
4949,18.0,4.444444444444445,7.802469135802468,23.666666666666668,29.000000000000007,5.388888888888889,7.722222222222222,1.6363636363636365
4950,26.0,38.30769230769231,699.4437869822485,30.192307692307693,255.8476331360947,6.3076923076923075,5.0,0.37681159420289856
4951,7.0,11.857142857142858,66.6938775510204,31.714285714285715,138.20408163265304,7.285714285714286,2.142857142857143,0.30434782608695654
4952,16.0,15.125,94.984375,33.5,148.0,4.375,2.625,0.5161290322580645
4953,16.0,12.0,61.5,30.875,110.109375,6.0,1.5625,0.5333333333333333
4954,26.0,10.461538461538462,45.86390532544379,80.1923076923077,145.77071005917162,7.384615384615385,0.8846153846153846,1.2380952380952381
4955,15.0,55.266666666666666,949.3955555555556,6.333333333333333,6.222222222222223,5.0,8.666666666666666,0.15
4956,26.0,4.269230769230769,9.119822485207102,23.576923076923077,23.244082840236697,5.846153846153846,7.576923076923077,2.6
4957,17.0,48.588235294117645,741.3010380622836,40.705882352941174,177.03114186851212,5.235294117647059,4.9411764705882355,0.2537313432835821
4958,15.0,35.53333333333333,438.24888888888887,36.2,236.29333333333332,5.333333333333333,5.533333333333333,0.22727272727272727
4959,26.0,22.346153846153847,153.45710059171594,42.23076923076923,1311.1005917159762,6.576923076923077,1.9230769230769231,0.6666666666666666
4960,15.0,51.13333333333333,559.0488888888889,32.333333333333336,306.88888888888886,6.0,4.666666666666667,0.2112676056338028
4961,10.0,40.3,809.8100000000001,6.7,4.8100000000000005,4.1,8.3,0.125
4962,9.0,33.666666666666664,502.0000000000001,29.11111111111111,66.32098765432099,3.6666666666666665,5.111111111111111,0.14516129032258066
4963,15.0,56.266666666666666,572.7288888888888,6.0,8.533333333333333,5.733333333333333,8.4,0.17045454545454544
4964,29.0,10.620689655172415,42.37336504161713,84.79310344827586,80.37098692033294,6.931034482758621,1.1379310344827587,1.380952380952381
4965,17.0,5.705882352941177,10.442906574394463,23.941176470588236,9.467128027681662,5.294117647058823,7.352941176470588,1.7
4966,8.0,32.25,568.1875,26.5,293.5,6.125,5.0,0.11267605633802817
4967,15.0,8.466666666666667,33.84888888888889,80.33333333333333,151.4222222222222,7.666666666666667,0.8666666666666667,0.7894736842105263
4968,16.0,47.375,996.359375,6.0,7.375,4.75,8.5,0.17582417582417584
4969,11.0,51.63636363636363,604.2314049586777,28.363636363636363,269.1404958677686,6.0,5.636363636363637,0.1746031746031746
4970,13.0,54.07692307692308,809.301775147929,5.615384615384615,7.005917159763313,5.3076923076923075,8.923076923076923,0.14606741573033707
4971,26.0,5.038461538461538,5.652366863905325,22.153846153846153,13.05325443786982,5.576923076923077,7.269230769230769,2.3636363636363638
4972,14.0,39.0,746.8571428571429,5.5,4.678571428571429,5.428571428571429,8.5,0.15730337078651685
4973,26.0,8.692307692307692,29.05917159763313,76.65384615384616,104.45710059171596,7.461538461538462,1.1153846153846154,1.368421052631579
4974,25.0,9.68,26.697599999999998,84.0,162.16,7.32,1.16,1.25
4975,29.0,9.379310344827585,33.7526753864447,75.41379310344827,97.27705112960761,6.689655172413793,0.9310344827586207,1.380952380952381
4976,15.0,4.466666666666667,6.648888888888888,21.866666666666667,25.182222222222222,5.6,8.866666666666667,1.5
4977,17.0,20.823529411764707,130.73356401384083,26.941176470588236,1173.9377162629762,7.411764705882353,2.5294117647058822,0.4146341463414634
4978,24.0,5.208333333333333,8.748263888888888,21.583333333333332,22.159722222222218,5.333333333333333,7.958333333333333,2.1818181818181817
4979,24.0,45.75,604.8541666666666,36.25,261.6875,6.333333333333333,4.916666666666667,0.34285714285714286
4980,22.0,13.363636363636363,63.95867768595041,35.95454545454545,108.04338842975207,6.318181818181818,2.3181818181818183,0.7333333333333333
4981,26.0,5.230769230769231,10.79289940828402,22.26923076923077,15.119822485207102,5.615384615384615,7.384615384615385,2.3636363636363638
4982,28.0,3.5357142857142856,9.605867346938778,21.107142857142858,20.167091836734695,5.428571428571429,7.0,2.5454545454545454
4983,5.0,4.2,4.5600000000000005,21.4,19.44,5.4,8.0,0.7142857142857143
4984,15.0,4.866666666666666,4.515555555555555,21.733333333333334,33.12888888888889,5.733333333333333,7.8,1.6666666666666667
4985,25.0,52.2,682.32,4.52,5.849599999999998,5.6,9.0,0.2604166666666667
4986,19.0,20.157894736842106,142.5540166204986,20.789473684210527,688.2714681440444,7.2105263157894735,2.0526315789473686,0.48717948717948717
4987,30.0,23.166666666666668,85.27222222222225,32.03333333333333,1236.4322222222222,6.9,1.9333333333333333,0.7894736842105263
4988,15.0,4.4,6.373333333333333,22.0,18.266666666666666,5.6,7.533333333333333,1.6666666666666667
4989,21.0,9.142857142857142,38.97959183673469,82.95238095238095,112.99773242630387,6.666666666666667,1.0476190476190477,1.0
4990,27.0,9.851851851851851,37.53360768175583,80.29629629629629,91.61591220850481,7.037037037037037,1.2962962962962963,1.2857142857142858
4991,25.0,66.24,459.70240000000007,4.6,7.920000000000003,5.12,8.36,0.33783783783783783
4992,11.0,51.90909090909091,327.53719008264466,39.81818181818182,245.96694214876032,5.636363636363637,5.2727272727272725,0.18333333333333332
4993,17.0,9.588235294117647,36.006920415224926,81.52941176470588,149.30795847750863,7.117647058823529,1.0588235294117647,0.8095238095238095
4994,20.0,10.75,40.8875,74.8,151.05999999999997,7.7,0.65,0.9523809523809523
4995,22.0,5.045454545454546,7.497933884297521,22.272727272727273,27.56198347107438,5.409090909090909,7.0,2.0
4996,7.0,3.4285714285714284,6.816326530612244,18.857142857142858,6.6938775510204085,6.142857142857143,6.857142857142857,1.0
4997,27.0,10.185185185185185,34.965706447187934,81.81481481481481,134.66941015089162,7.333333333333333,1.3333333333333333,1.35
4998,22.0,45.95454545454545,656.2252066115702,25.636363636363637,228.77685950413226,5.5,4.954545454545454,0.36065573770491804
4999,7.0,53.285714285714285,916.2040816326532,5.571428571428571,7.959183673469388,6.0,9.0,0.08860759493670886
5000,25.0,40.24,432.9824,32.76,331.8624,5.48,5.08,0.43103448275862066
