workload_id,pid,arrival_time,burst_time,priority,io_frequency,workload_type
5001,1,2,74,6,0,cpu_bound
5001,2,4,63,5,1,cpu_bound
5001,3,6,93,9,2,cpu_bound
5001,4,9,99,10,2,cpu_bound
5001,5,6,65,5,1,cpu_bound
5001,6,19,98,8,0,cpu_bound
5001,7,18,90,6,2,cpu_bound
5001,8,9,88,8,2,cpu_bound
5001,9,20,64,5,2,cpu_bound
5001,10,17,96,7,0,cpu_bound
5002,1,4,20,6,7,fairness
5002,2,0,21,5,6,fairness
5002,3,8,28,4,6,fairness
5002,4,6,21,7,5,fairness
5002,5,0,24,4,9,fairness
5002,6,8,24,4,6,fairness
5002,7,1,21,6,10,fairness
5002,8,10,20,6,9,fairness
5002,9,6,24,4,7,fairness
5002,10,5,24,6,9,fairness
5002,11,4,17,6,8,fairness
5002,12,2,27,5,8,fairness
5002,13,7,19,5,9,fairness
5002,14,2,18,5,10,fairness
5002,15,0,16,7,6,fairness
5002,16,8,17,5,7,fairness
5002,17,0,29,5,8,fairness
5002,18,5,30,5,5,fairness
5002,19,9,18,7,10,fairness
5002,20,8,24,6,10,fairness
5002,21,7,19,5,5,fairness
5002,22,4,21,6,5,fairness
5002,23,7,16,4,6,fairness
5003,1,6,30,10,0,priority_heavy
5003,2,5,48,1,2,priority_heavy
5003,3,12,38,10,1,priority_heavy
5003,4,9,48,9,4,priority_heavy
5003,5,3,21,2,2,priority_heavy
5003,6,23,15,2,3,priority_heavy
5003,7,28,36,2,2,priority_heavy
5003,8,3,37,9,1,priority_heavy
5003,9,26,38,10,2,priority_heavy
5003,10,7,20,1,2,priority_heavy
5003,11,27,41,1,4,priority_heavy
5004,1,0,16,4,10,fairness
5004,2,9,15,5,6,fairness
5004,3,9,26,4,10,fairness
5004,4,5,23,5,6,fairness
5004,5,5,30,6,10,fairness
5004,6,10,19,6,6,fairness
5004,7,3,16,5,7,fairness
5004,8,4,21,4,10,fairness
5004,9,8,22,6,7,fairness
5004,10,7,28,7,6,fairness
5004,11,1,22,4,10,fairness
5004,12,10,21,7,6,fairness
5004,13,2,17,6,7,fairness
5004,14,5,15,4,5,fairness
5004,15,5,27,4,7,fairness
5004,16,6,25,4,8,fairness
5004,17,6,18,6,9,fairness
5004,18,3,24,7,7,fairness
5004,19,6,27,7,6,fairness
5005,1,7,81,9,2,cpu_bound
5005,2,18,93,8,1,cpu_bound
5005,3,2,60,6,0,cpu_bound
5005,4,20,60,8,1,cpu_bound
5005,5,17,84,5,2,cpu_bound
5005,6,12,62,7,0,cpu_bound
5005,7,11,86,4,1,cpu_bound
5005,8,2,73,10,0,cpu_bound
5005,9,2,75,8,1,cpu_bound
5005,10,0,73,6,0,cpu_bound
5006,1,7,30,1,4,priority_heavy
5006,2,15,33,10,0,priority_heavy
5006,3,26,17,1,1,priority_heavy
5006,4,26,17,9,2,priority_heavy
5006,5,17,28,10,1,priority_heavy
5006,6,3,37,2,2,priority_heavy
5006,7,29,18,9,3,priority_heavy
5006,8,30,32,1,0,priority_heavy
5006,9,4,21,9,0,priority_heavy
5006,10,28,37,9,3,priority_heavy
5006,11,21,34,10,3,priority_heavy
5006,12,29,31,2,0,priority_heavy
5006,13,24,26,1,3,priority_heavy
5006,14,22,21,10,2,priority_heavy
5007,1,2,65,10,2,cpu_bound
5007,2,3,71,9,2,cpu_bound
5007,3,10,93,8,0,cpu_bound
5007,4,17,71,8,1,cpu_bound
5007,5,15,79,8,2,cpu_bound
5008,1,41,54,2,8,bursty
5008,2,41,22,5,5,bursty
5008,3,79,11,4,6,bursty
5008,4,0,43,6,4,bursty
5008,5,77,46,9,6,bursty
5008,6,45,20,2,3,bursty
5008,7,47,34,1,6,bursty
5008,8,5,16,5,7,bursty
5008,9,44,16,10,4,bursty
5008,10,79,12,10,7,bursty
5008,11,42,40,3,4,bursty
5008,12,79,58,3,4,bursty
5008,13,79,34,6,2,bursty
5008,14,79,16,4,6,bursty
5008,15,6,17,7,3,bursty
5008,16,0,48,6,8,bursty
5008,17,82,35,9,4,bursty
5008,18,44,34,1,4,bursty
5008,19,44,15,2,6,bursty
5008,20,0,31,2,3,bursty
5008,21,81,34,8,2,bursty
5008,22,42,56,3,2,bursty
5008,23,3,58,1,2,bursty
5008,24,3,31,5,5,bursty
5009,1,39,8,1,10,interactive
5009,2,41,2,2,8,interactive
5009,3,94,8,8,7,interactive
5009,4,91,6,3,9,interactive
5009,5,92,7,8,10,interactive
5009,6,93,9,4,7,interactive
5009,7,35,1,4,8,interactive
5009,8,23,1,8,10,interactive
5009,9,45,1,8,7,interactive
5010,1,83,29,1,8,bursty
5010,2,16,51,4,3,bursty
5010,3,18,44,6,2,bursty
5010,4,22,5,3,7,bursty
5010,5,20,42,5,6,bursty
5010,6,80,21,4,3,bursty
5010,7,77,24,5,8,bursty
5010,8,19,28,9,7,bursty
5010,9,43,49,2,3,bursty
5010,10,18,5,2,3,bursty
5010,11,80,22,8,2,bursty
5010,12,44,55,5,5,bursty
5010,13,21,60,2,2,bursty
5011,1,7,29,5,10,fairness
5011,2,2,28,7,8,fairness
5011,3,8,24,7,7,fairness
5011,4,3,18,4,7,fairness
5011,5,9,23,5,6,fairness
5011,6,9,15,5,7,fairness
5011,7,2,24,5,7,fairness
5011,8,6,18,4,6,fairness
5011,9,7,17,5,8,fairness
5011,10,10,28,5,5,fairness
5011,11,8,26,6,7,fairness
5011,12,5,29,6,10,fairness
5011,13,4,27,4,8,fairness
5011,14,8,30,4,7,fairness
5011,15,8,23,7,6,fairness
5011,16,9,22,5,7,fairness
5011,17,2,15,6,6,fairness
5011,18,5,22,4,6,fairness
5011,19,10,21,4,8,fairness
5011,20,0,25,7,6,fairness
5011,21,10,22,6,10,fairness
5011,22,8,21,4,5,fairness
5011,23,2,22,6,5,fairness
5011,24,9,21,5,8,fairness
5011,25,2,21,5,8,fairness
5011,26,7,18,4,6,fairness
5011,27,1,18,6,5,fairness
5011,28,2,22,6,5,fairness
5011,29,1,17,6,10,fairness
5011,30,7,29,4,9,fairness
5012,1,22,30,10,2,priority_heavy
5012,2,18,42,1,3,priority_heavy
5012,3,17,37,2,4,priority_heavy
5012,4,15,29,1,1,priority_heavy
5012,5,14,21,1,4,priority_heavy
5012,6,28,16,1,4,priority_heavy
5012,7,20,28,9,4,priority_heavy
5012,8,2,23,9,4,priority_heavy
5012,9,27,25,1,0,priority_heavy
5012,10,8,33,9,1,priority_heavy
5012,11,17,26,9,1,priority_heavy
5012,12,4,20,10,1,priority_heavy
5012,13,17,42,1,2,priority_heavy
5012,14,21,32,9,1,priority_heavy
5012,15,0,39,1,0,priority_heavy
5012,16,20,44,2,3,priority_heavy
5012,17,21,31,9,0,priority_heavy
5012,18,10,46,1,3,priority_heavy
5012,19,1,38,2,0,priority_heavy
5012,20,21,30,10,2,priority_heavy
5013,1,24,41,1,0,priority_heavy
5013,2,14,24,10,2,priority_heavy
5013,3,29,26,2,3,priority_heavy
5013,4,20,45,2,4,priority_heavy
5013,5,23,41,9,3,priority_heavy
5013,6,11,28,1,1,priority_heavy
5013,7,27,44,10,1,priority_heavy
5013,8,24,20,10,1,priority_heavy
5013,9,28,46,9,1,priority_heavy
5013,10,25,49,1,1,priority_heavy
5013,11,5,20,1,4,priority_heavy
5013,12,28,15,10,3,priority_heavy
5013,13,3,31,1,2,priority_heavy
5013,14,8,26,10,3,priority_heavy
5013,15,11,45,2,4,priority_heavy
5013,16,7,45,2,1,priority_heavy
5013,17,4,48,9,4,priority_heavy
5013,18,16,43,9,0,priority_heavy
5013,19,21,49,2,0,priority_heavy
5013,20,19,43,9,2,priority_heavy
5013,21,17,46,9,0,priority_heavy
5014,1,20,49,10,3,priority_heavy
5014,2,28,22,2,2,priority_heavy
5014,3,9,50,1,0,priority_heavy
5014,4,9,41,2,3,priority_heavy
5014,5,24,30,1,2,priority_heavy
5014,6,2,37,9,1,priority_heavy
5014,7,15,34,1,3,priority_heavy
5014,8,6,26,10,1,priority_heavy
5014,9,28,36,9,1,priority_heavy
5014,10,15,21,2,0,priority_heavy
5014,11,27,24,1,1,priority_heavy
5014,12,2,29,10,0,priority_heavy
5014,13,10,24,1,4,priority_heavy
5014,14,13,36,1,2,priority_heavy
5014,15,25,42,2,0,priority_heavy
5014,16,19,47,1,1,priority_heavy
5014,17,12,29,10,1,priority_heavy
5014,18,15,35,10,4,priority_heavy
5014,19,23,38,9,3,priority_heavy
5014,20,6,15,9,0,priority_heavy
5014,21,20,46,10,3,priority_heavy
5014,22,19,17,9,0,priority_heavy
5014,23,30,28,2,3,priority_heavy
5014,24,24,24,1,3,priority_heavy
5014,25,27,19,10,1,priority_heavy
5014,26,13,37,2,2,priority_heavy
5014,27,2,33,10,2,priority_heavy
5014,28,8,17,9,2,priority_heavy
5014,29,8,47,9,1,priority_heavy
5015,1,19,78,9,1,cpu_bound
5015,2,4,61,10,2,cpu_bound
5015,3,0,69,10,2,cpu_bound
5015,4,2,76,5,0,cpu_bound
5015,5,16,96,7,1,cpu_bound
5015,6,5,84,6,0,cpu_bound
5015,7,4,78,6,2,cpu_bound
5015,8,16,72,9,2,cpu_bound
5015,9,7,87,9,2,cpu_bound
5015,10,2,91,6,2,cpu_bound
5015,11,5,90,10,0,cpu_bound
5015,12,3,80,9,2,cpu_bound
5015,13,5,83,7,2,cpu_bound
5015,14,5,65,7,1,cpu_bound
5016,1,66,23,5,6,bursty
5016,2,69,37,4,3,bursty
5016,3,35,49,4,7,bursty
5016,4,40,30,6,5,bursty
5016,5,22,46,1,7,bursty
5016,6,17,21,7,6,bursty
5016,7,36,18,7,7,bursty
5016,8,35,33,2,5,bursty
5016,9,67,27,4,2,bursty
5016,10,41,54,6,5,bursty
5016,11,66,9,9,7,bursty
5016,12,22,58,3,5,bursty
5016,13,38,13,9,4,bursty
5016,14,40,13,9,7,bursty
5016,15,35,17,1,6,bursty
5016,16,38,8,10,8,bursty
5016,17,38,33,6,8,bursty
5017,1,17,30,9,4,priority_heavy
5017,2,27,42,1,1,priority_heavy
5017,3,26,36,2,0,priority_heavy
5017,4,9,37,1,4,priority_heavy
5017,5,17,17,1,3,priority_heavy
5017,6,26,17,1,4,priority_heavy
5017,7,13,29,9,4,priority_heavy
5017,8,22,47,9,0,priority_heavy
5017,9,6,48,2,3,priority_heavy
5017,10,10,36,9,4,priority_heavy
5017,11,27,18,2,1,priority_heavy
5017,12,30,21,1,1,priority_heavy
5017,13,7,19,10,2,priority_heavy
5017,14,30,28,2,1,priority_heavy
5017,15,23,22,9,2,priority_heavy
5017,16,27,43,9,2,priority_heavy
5017,17,4,33,9,2,priority_heavy
5017,18,15,37,2,0,priority_heavy
5017,19,16,38,1,0,priority_heavy
5017,20,10,42,2,0,priority_heavy
5018,1,6,25,10,1,sjf_friendly
5018,2,17,92,8,3,sjf_friendly
5018,3,33,34,5,3,sjf_friendly
5018,4,0,5,4,0,sjf_friendly
5018,5,10,3,10,0,sjf_friendly
5018,6,3,98,4,4,sjf_friendly
5018,7,27,25,5,4,sjf_friendly
5018,8,26,1,7,1,sjf_friendly
5018,9,34,4,4,4,sjf_friendly
5018,10,21,27,5,2,sjf_friendly
5018,11,20,33,9,4,sjf_friendly
5018,12,19,4,10,4,sjf_friendly
5018,13,33,35,10,1,sjf_friendly
5018,14,24,3,5,2,sjf_friendly
5018,15,30,77,6,4,sjf_friendly
5018,16,17,92,6,1,sjf_friendly
5018,17,20,23,7,1,sjf_friendly
5018,18,37,1,6,3,sjf_friendly
5019,1,4,7,9,10,interactive
5019,2,67,7,4,7,interactive
5019,3,2,1,3,10,interactive
5019,4,94,10,7,9,interactive
5019,5,79,9,8,7,interactive
5019,6,33,5,2,7,interactive
5019,7,76,2,6,9,interactive
5019,8,41,3,7,10,interactive
5019,9,24,4,5,9,interactive
5019,10,80,3,6,8,interactive
5019,11,97,6,7,10,interactive
5019,12,83,2,5,10,interactive
5019,13,91,2,9,7,interactive
5020,1,18,17,7,2,bursty
5020,2,75,53,3,7,bursty
5020,3,50,15,10,6,bursty
5020,4,47,19,5,2,bursty
5020,5,76,34,6,5,bursty
5020,6,48,51,4,7,bursty
5020,7,53,32,3,3,bursty
5020,8,51,27,3,4,bursty
5020,9,72,9,10,8,bursty
5020,10,52,58,6,7,bursty
5020,11,51,35,8,8,bursty
5020,12,50,40,3,7,bursty
5020,13,53,14,7,2,bursty
5020,14,19,35,9,3,bursty
5020,15,73,16,10,4,bursty
5020,16,19,22,3,4,bursty
5020,17,72,55,8,6,bursty
5020,18,47,19,4,4,bursty
5020,19,22,30,9,4,bursty
5020,20,49,42,7,3,bursty
5020,21,73,19,5,7,bursty
5020,22,49,12,10,6,bursty
5020,23,76,33,8,7,bursty
5020,24,77,32,6,2,bursty
5020,25,23,34,1,4,bursty
5020,26,72,58,8,7,bursty
5020,27,76,25,9,4,bursty
5020,28,23,28,9,8,bursty
5020,29,74,55,4,4,bursty
5021,1,37,40,4,2,sjf_friendly
5021,2,14,35,5,1,sjf_friendly
5021,3,3,23,8,3,sjf_friendly
5021,4,36,4,6,4,sjf_friendly
5021,5,9,4,6,2,sjf_friendly
5021,6,7,5,8,3,sjf_friendly
5021,7,10,5,8,4,sjf_friendly
5021,8,4,4,10,0,sjf_friendly
5021,9,23,2,7,0,sjf_friendly
5021,10,37,2,4,0,sjf_friendly
5021,11,32,4,9,4,sjf_friendly
5021,12,22,4,10,3,sjf_friendly
5021,13,39,2,9,0,sjf_friendly
5021,14,33,3,4,3,sjf_friendly
5021,15,22,32,6,0,sjf_friendly
5021,16,10,78,6,2,sjf_friendly
5021,17,11,98,5,3,sjf_friendly
5021,18,2,1,6,1,sjf_friendly
5021,19,34,32,9,0,sjf_friendly
5021,20,39,4,8,2,sjf_friendly
5021,21,26,92,8,1,sjf_friendly
5021,22,23,36,10,3,sjf_friendly
5021,23,11,1,4,4,sjf_friendly
5022,1,7,45,2,0,priority_heavy
5022,2,24,31,10,4,priority_heavy
5022,3,28,43,2,1,priority_heavy
5022,4,15,23,10,0,priority_heavy
5022,5,8,33,10,2,priority_heavy
5022,6,7,19,2,4,priority_heavy
5022,7,17,30,9,1,priority_heavy
5022,8,22,46,9,4,priority_heavy
5022,9,2,25,10,2,priority_heavy
5022,10,26,36,1,4,priority_heavy
5022,11,12,48,9,4,priority_heavy
5022,12,11,43,9,0,priority_heavy
5022,13,29,48,2,4,priority_heavy
5022,14,18,46,10,1,priority_heavy
5022,15,28,23,1,3,priority_heavy
5022,16,4,38,10,4,priority_heavy
5022,17,13,25,1,0,priority_heavy
5022,18,14,39,2,0,priority_heavy
5022,19,10,21,10,2,priority_heavy
5022,20,11,42,2,4,priority_heavy
5022,21,29,49,10,0,priority_heavy
5022,22,7,16,1,2,priority_heavy
5022,23,22,49,10,2,priority_heavy
5022,24,0,24,10,0,priority_heavy
5022,25,1,17,1,3,priority_heavy
5022,26,24,29,9,0,priority_heavy
5022,27,10,36,1,0,priority_heavy
5022,28,26,40,9,3,priority_heavy
5022,29,23,19,10,4,priority_heavy
5023,1,70,2,6,8,interactive
5023,2,40,5,6,9,interactive
5023,3,18,5,5,10,interactive
5023,4,4,9,7,10,interactive
5023,5,9,6,6,7,interactive
5023,6,38,1,9,7,interactive
5023,7,38,10,5,7,interactive
5024,1,75,59,8,2,bursty
5024,2,40,40,2,8,bursty
5024,3,7,44,3,3,bursty
5024,4,76,21,3,6,bursty
5024,5,6,38,7,3,bursty
5024,6,38,11,8,4,bursty
5024,7,35,49,10,5,bursty
5024,8,38,39,6,6,bursty
5024,9,40,36,5,3,bursty
5024,10,41,43,6,8,bursty
5024,11,41,20,10,6,bursty
5024,12,9,43,8,6,bursty
5024,13,11,32,5,4,bursty
5024,14,10,25,2,4,bursty
5024,15,41,38,1,3,bursty
5024,16,40,23,9,7,bursty
5024,17,72,26,5,5,bursty
5024,18,41,39,8,5,bursty
5024,19,39,34,8,7,bursty
5024,20,41,30,8,8,bursty
5024,21,6,56,1,5,bursty
5024,22,35,9,7,7,bursty
5025,1,3,28,5,5,bursty
5025,2,3,53,10,4,bursty
5025,3,58,31,1,4,bursty
5025,4,63,21,8,5,bursty
5025,5,60,11,1,2,bursty
5025,6,61,24,6,6,bursty
5025,7,50,29,9,8,bursty
5025,8,49,54,3,5,bursty
5025,9,58,50,7,7,bursty
5025,10,62,11,6,8,bursty
5025,11,47,45,10,6,bursty
5025,12,2,22,3,6,bursty
5026,1,16,39,1,1,priority_heavy
5026,2,7,27,1,4,priority_heavy
5026,3,12,33,10,0,priority_heavy
5026,4,4,42,1,2,priority_heavy
5026,5,17,30,10,1,priority_heavy
5026,6,1,29,9,4,priority_heavy
5026,7,16,39,1,0,priority_heavy
5026,8,0,23,9,1,priority_heavy
5026,9,5,24,2,1,priority_heavy
5026,10,20,25,9,3,priority_heavy
5026,11,14,34,10,1,priority_heavy
5026,12,8,27,2,3,priority_heavy
5026,13,8,33,9,0,priority_heavy
5026,14,3,47,9,4,priority_heavy
5026,15,21,42,10,3,priority_heavy
5026,16,14,36,2,0,priority_heavy
5026,17,7,26,2,2,priority_heavy
5026,18,16,42,1,3,priority_heavy
5026,19,2,49,2,1,priority_heavy
5026,20,30,30,10,3,priority_heavy
5026,21,19,17,1,0,priority_heavy
5026,22,12,44,2,1,priority_heavy
5026,23,15,29,10,2,priority_heavy
5026,24,27,49,2,4,priority_heavy
5026,25,19,38,2,0,priority_heavy
5027,1,72,3,9,10,interactive
5027,2,41,10,5,8,interactive
5027,3,59,4,8,8,interactive
5027,4,38,2,2,10,interactive
5027,5,83,9,7,8,interactive
5027,6,4,8,6,10,interactive
5027,7,46,5,5,8,interactive
5027,8,44,1,1,10,interactive
5027,9,76,2,1,10,interactive
5027,10,35,4,7,7,interactive
5027,11,43,1,9,10,interactive
5027,12,85,8,9,7,interactive
5027,13,64,6,7,8,interactive
5027,14,35,3,4,9,interactive
5027,15,25,4,7,10,interactive
5027,16,27,3,10,7,interactive
5027,17,84,3,10,10,interactive
5027,18,47,1,6,9,interactive
5027,19,63,10,7,8,interactive
5027,20,22,2,5,9,interactive
5027,21,63,9,9,8,interactive
5027,22,12,9,1,7,interactive
5027,23,84,4,10,8,interactive
5027,24,70,6,4,10,interactive
5027,25,24,3,6,7,interactive
5027,26,27,7,8,9,interactive
5027,27,32,2,9,8,interactive
5028,1,8,73,5,1,cpu_bound
5028,2,11,81,6,2,cpu_bound
5028,3,15,83,5,2,cpu_bound
5028,4,17,67,10,0,cpu_bound
5028,5,11,80,10,0,cpu_bound
5028,6,10,64,7,1,cpu_bound
5028,7,3,97,7,1,cpu_bound
5028,8,19,74,10,1,cpu_bound
5028,9,3,95,7,1,cpu_bound
5028,10,8,78,10,1,cpu_bound
5029,1,18,69,4,1,cpu_bound
5029,2,10,100,6,1,cpu_bound
5029,3,10,61,7,1,cpu_bound
5029,4,8,89,4,0,cpu_bound
5029,5,16,96,10,2,cpu_bound
5029,6,9,73,7,2,cpu_bound
5029,7,16,95,10,1,cpu_bound
5029,8,18,85,8,2,cpu_bound
5029,9,6,91,6,2,cpu_bound
5030,1,16,50,9,1,priority_heavy
5030,2,12,28,1,3,priority_heavy
5030,3,10,30,1,1,priority_heavy
5030,4,28,17,9,2,priority_heavy
5030,5,14,37,10,3,priority_heavy
5030,6,18,15,10,0,priority_heavy
5031,1,36,37,4,0,sjf_friendly
5031,2,34,5,10,1,sjf_friendly
5031,3,22,3,6,4,sjf_friendly
5031,4,19,89,5,3,sjf_friendly
5031,5,27,71,4,1,sjf_friendly
5031,6,37,4,10,4,sjf_friendly
5031,7,14,98,4,3,sjf_friendly
5031,8,22,79,4,3,sjf_friendly
5031,9,32,26,9,2,sjf_friendly
5031,10,0,3,4,2,sjf_friendly
5031,11,13,74,4,0,sjf_friendly
5031,12,3,1,5,2,sjf_friendly
5031,13,2,77,4,1,sjf_friendly
5031,14,36,2,4,2,sjf_friendly
5031,15,27,3,6,2,sjf_friendly
5031,16,13,3,9,0,sjf_friendly
5031,17,17,2,5,1,sjf_friendly
5031,18,0,1,7,0,sjf_friendly
5031,19,2,35,4,4,sjf_friendly
5031,20,14,3,4,2,sjf_friendly
5031,21,3,3,7,3,sjf_friendly
5031,22,7,23,9,0,sjf_friendly
5031,23,15,92,4,4,sjf_friendly
5031,24,17,2,5,1,sjf_friendly
5031,25,38,81,8,3,sjf_friendly
5032,1,4,78,8,1,cpu_bound
5032,2,13,81,10,0,cpu_bound
5032,3,19,94,10,2,cpu_bound
5032,4,19,75,5,2,cpu_bound
5032,5,18,77,5,1,cpu_bound
5032,6,1,74,7,0,cpu_bound
5032,7,5,98,10,0,cpu_bound
5032,8,0,88,8,2,cpu_bound
5032,9,10,75,8,0,cpu_bound
5032,10,17,85,6,1,cpu_bound
5032,11,19,74,9,1,cpu_bound
5032,12,6,83,6,0,cpu_bound
5032,13,3,97,8,1,cpu_bound
5032,14,20,70,6,1,cpu_bound
5032,15,18,93,4,1,cpu_bound
5032,16,11,65,8,0,cpu_bound
5032,17,16,88,9,1,cpu_bound
5032,18,12,82,10,0,cpu_bound
5033,1,35,39,4,1,sjf_friendly
5033,2,26,3,6,2,sjf_friendly
5033,3,24,100,4,4,sjf_friendly
5033,4,31,78,8,2,sjf_friendly
5033,5,10,2,9,0,sjf_friendly
5033,6,7,1,6,2,sjf_friendly
5033,7,6,3,6,1,sjf_friendly
5033,8,21,26,9,4,sjf_friendly
5033,9,34,1,5,0,sjf_friendly
5033,10,20,5,5,2,sjf_friendly
5033,11,17,96,7,2,sjf_friendly
5034,1,7,26,5,10,fairness
5034,2,4,15,4,8,fairness
5034,3,10,23,6,6,fairness
5034,4,0,20,5,9,fairness
5034,5,3,15,4,8,fairness
5034,6,3,26,6,8,fairness
5035,1,13,83,6,1,cpu_bound
5035,2,2,69,6,1,cpu_bound
5035,3,1,63,8,1,cpu_bound
5035,4,19,84,9,1,cpu_bound
5035,5,1,71,5,0,cpu_bound
5035,6,1,76,7,0,cpu_bound
5035,7,15,84,10,0,cpu_bound
5035,8,6,95,4,0,cpu_bound
5035,9,6,79,4,1,cpu_bound
5035,10,20,60,9,0,cpu_bound
5035,11,16,81,5,1,cpu_bound
5035,12,2,99,7,1,cpu_bound
5035,13,20,78,10,2,cpu_bound
5035,14,7,94,4,0,cpu_bound
5036,1,4,26,10,0,priority_heavy
5036,2,4,22,10,0,priority_heavy
5036,3,19,16,1,1,priority_heavy
5036,4,5,31,1,2,priority_heavy
5036,5,13,33,10,3,priority_heavy
5036,6,8,31,9,3,priority_heavy
5036,7,22,17,1,1,priority_heavy
5036,8,11,21,10,3,priority_heavy
5036,9,23,35,9,2,priority_heavy
5036,10,5,49,1,2,priority_heavy
5036,11,17,44,2,3,priority_heavy
5036,12,27,30,2,2,priority_heavy
5036,13,24,30,10,2,priority_heavy
5036,14,14,25,1,1,priority_heavy
5036,15,14,32,2,0,priority_heavy
5036,16,15,34,10,0,priority_heavy
5036,17,29,29,9,3,priority_heavy
5036,18,29,44,9,4,priority_heavy
5037,1,32,38,1,7,bursty
5037,2,80,58,5,6,bursty
5037,3,12,25,2,3,bursty
5037,4,33,34,1,3,bursty
5037,5,77,50,2,4,bursty
5037,6,8,58,5,6,bursty
5037,7,32,44,3,2,bursty
5037,8,31,12,7,8,bursty
5037,9,31,5,2,2,bursty
5037,10,78,28,1,3,bursty
5037,11,77,21,8,4,bursty
5037,12,80,38,5,8,bursty
5037,13,11,24,2,5,bursty
5037,14,29,56,4,4,bursty
5037,15,12,7,3,2,bursty
5037,16,75,51,1,6,bursty
5037,17,76,21,8,7,bursty
5037,18,11,14,4,3,bursty
5037,19,6,55,4,7,bursty
5037,20,77,44,10,5,bursty
5037,21,78,5,6,3,bursty
5037,22,81,50,9,2,bursty
5037,23,11,46,6,2,bursty
5037,24,77,60,6,5,bursty
5037,25,10,35,7,8,bursty
5037,26,79,47,2,4,bursty
5037,27,29,38,7,2,bursty
5038,1,12,17,10,0,priority_heavy
5038,2,1,42,1,1,priority_heavy
5038,3,1,41,10,2,priority_heavy
5038,4,5,20,1,4,priority_heavy
5038,5,9,39,1,0,priority_heavy
5038,6,21,43,1,4,priority_heavy
5038,7,3,19,9,4,priority_heavy
5038,8,8,27,2,2,priority_heavy
5039,1,47,22,2,6,bursty
5039,2,45,59,4,4,bursty
5039,3,2,57,7,3,bursty
5039,4,70,33,3,3,bursty
5039,5,68,19,6,7,bursty
5039,6,73,48,2,5,bursty
5039,7,72,60,5,7,bursty
5039,8,48,40,1,2,bursty
5039,9,70,46,7,7,bursty
5039,10,70,58,2,3,bursty
5039,11,71,40,2,3,bursty
5039,12,4,36,2,4,bursty
5039,13,1,17,9,2,bursty
5039,14,67,24,2,6,bursty
5039,15,0,33,5,6,bursty
5039,16,4,44,4,5,bursty
5039,17,4,33,5,7,bursty
5039,18,0,13,6,3,bursty
5039,19,71,52,2,7,bursty
5039,20,2,32,6,5,bursty
5039,21,43,42,10,2,bursty
5039,22,43,30,7,7,bursty
5039,23,0,22,10,2,bursty
5039,24,70,38,8,5,bursty
5039,25,72,51,1,3,bursty
5039,26,68,48,8,8,bursty
5039,27,47,17,5,7,bursty
5039,28,67,42,9,7,bursty
5040,1,18,89,9,2,sjf_friendly
5040,2,31,1,8,2,sjf_friendly
5040,3,22,4,9,2,sjf_friendly
5040,4,24,87,10,0,sjf_friendly
5040,5,4,25,9,0,sjf_friendly
5040,6,30,4,7,1,sjf_friendly
5040,7,33,22,5,3,sjf_friendly
5040,8,17,31,10,2,sjf_friendly
5040,9,15,21,4,1,sjf_friendly
5040,10,27,28,10,3,sjf_friendly
5040,11,28,30,10,4,sjf_friendly
5040,12,6,77,9,4,sjf_friendly
5040,13,0,25,9,2,sjf_friendly
5040,14,27,2,8,3,sjf_friendly
5041,1,16,5,9,2,sjf_friendly
5041,2,24,2,4,4,sjf_friendly
5041,3,3,94,4,2,sjf_friendly
5041,4,18,4,7,2,sjf_friendly
5041,5,40,85,9,1,sjf_friendly
5041,6,6,5,8,2,sjf_friendly
5041,7,19,24,4,1,sjf_friendly
5041,8,30,28,5,3,sjf_friendly
5041,9,10,71,8,4,sjf_friendly
5041,10,34,3,8,4,sjf_friendly
5041,11,11,1,10,4,sjf_friendly
5041,12,37,92,5,0,sjf_friendly
5041,13,33,23,4,4,sjf_friendly
5041,14,22,23,10,1,sjf_friendly
5041,15,29,84,9,1,sjf_friendly
5041,16,16,1,7,3,sjf_friendly
5041,17,28,5,6,1,sjf_friendly
5041,18,32,39,9,0,sjf_friendly
5041,19,40,5,8,3,sjf_friendly
5041,20,27,1,6,1,sjf_friendly
5041,21,25,3,10,4,sjf_friendly
5041,22,33,20,5,2,sjf_friendly
5042,1,0,1,9,7,interactive
5042,2,14,2,4,10,interactive
5042,3,76,7,6,7,interactive
5042,4,100,9,10,9,interactive
5042,5,90,7,10,9,interactive
5042,6,14,1,3,8,interactive
5042,7,77,10,4,9,interactive
5042,8,85,1,5,7,interactive
5042,9,94,7,5,8,interactive
5042,10,19,6,5,8,interactive
5042,11,81,7,3,9,interactive
5042,12,1,2,8,8,interactive
5042,13,35,6,7,10,interactive
5042,14,33,5,3,7,interactive
5042,15,97,5,10,10,interactive
5042,16,93,2,7,9,interactive
5042,17,12,9,3,8,interactive
5042,18,16,8,6,9,interactive
5042,19,57,7,6,9,interactive
5042,20,31,6,3,9,interactive
5042,21,22,2,4,10,interactive
5042,22,92,5,2,10,interactive
5043,1,18,37,1,4,priority_heavy
5043,2,6,27,9,4,priority_heavy
5043,3,3,29,9,1,priority_heavy
5043,4,14,48,2,0,priority_heavy
5043,5,10,29,1,0,priority_heavy
5043,6,0,45,2,2,priority_heavy
5043,7,0,42,9,2,priority_heavy
5043,8,4,37,9,3,priority_heavy
5043,9,1,36,1,4,priority_heavy
5043,10,13,19,1,1,priority_heavy
5043,11,15,39,10,1,priority_heavy
5044,1,11,37,10,4,priority_heavy
5044,2,25,43,10,1,priority_heavy
5044,3,28,23,2,1,priority_heavy
5044,4,11,40,10,1,priority_heavy
5044,5,17,33,9,1,priority_heavy
5044,6,25,20,2,1,priority_heavy
5044,7,9,38,10,4,priority_heavy
5044,8,20,45,1,4,priority_heavy
5044,9,17,16,2,0,priority_heavy
5044,10,30,37,2,0,priority_heavy
5044,11,22,38,10,4,priority_heavy
5044,12,24,19,9,4,priority_heavy
5044,13,21,43,9,4,priority_heavy
5044,14,5,22,9,2,priority_heavy
5044,15,12,15,10,3,priority_heavy
5044,16,20,21,10,0,priority_heavy
5044,17,3,32,1,0,priority_heavy
5044,18,8,47,2,4,priority_heavy
5044,19,25,25,10,0,priority_heavy
5044,20,9,39,1,3,priority_heavy
5044,21,24,19,1,2,priority_heavy
5045,1,20,39,9,2,bursty
5045,2,68,49,2,4,bursty
5045,3,22,44,8,7,bursty
5045,4,35,51,2,7,bursty
5045,5,70,49,1,3,bursty
5045,6,18,43,7,4,bursty
5045,7,67,21,6,4,bursty
5045,8,17,22,7,8,bursty
5045,9,72,52,3,5,bursty
5045,10,20,54,5,3,bursty
5045,11,33,55,10,5,bursty
5045,12,68,32,2,5,bursty
5045,13,34,42,3,3,bursty
5045,14,32,14,5,5,bursty
5045,15,33,36,4,4,bursty
5045,16,18,40,5,3,bursty
5045,17,71,36,5,5,bursty
5045,18,36,49,1,8,bursty
5045,19,23,40,6,4,bursty
5046,1,25,17,2,3,priority_heavy
5046,2,5,33,10,3,priority_heavy
5046,3,21,25,2,2,priority_heavy
5046,4,4,35,1,4,priority_heavy
5046,5,5,15,1,2,priority_heavy
5046,6,6,49,2,2,priority_heavy
5047,1,6,27,7,9,fairness
5047,2,3,15,7,6,fairness
5047,3,2,15,6,9,fairness
5047,4,10,30,4,7,fairness
5047,5,5,27,4,9,fairness
5047,6,2,25,6,10,fairness
5047,7,6,22,7,6,fairness
5047,8,1,17,5,10,fairness
5047,9,10,16,6,10,fairness
5047,10,0,28,7,8,fairness
5047,11,3,25,4,6,fairness
5047,12,10,29,5,5,fairness
5047,13,5,19,6,7,fairness
5047,14,5,18,5,5,fairness
5047,15,1,23,6,5,fairness
5048,1,26,22,1,4,priority_heavy
5048,2,14,26,10,0,priority_heavy
5048,3,5,42,9,2,priority_heavy
5048,4,12,41,2,4,priority_heavy
5048,5,0,26,10,1,priority_heavy
5048,6,19,22,1,4,priority_heavy
5048,7,10,34,9,2,priority_heavy
5048,8,20,33,10,2,priority_heavy
5048,9,25,32,1,3,priority_heavy
5048,10,28,26,10,4,priority_heavy
5048,11,12,36,9,4,priority_heavy
5048,12,19,40,10,0,priority_heavy
5048,13,11,44,2,1,priority_heavy
5048,14,9,33,9,3,priority_heavy
5048,15,9,18,1,2,priority_heavy
5048,16,13,42,10,1,priority_heavy
5048,17,7,34,9,4,priority_heavy
5048,18,23,41,2,4,priority_heavy
5048,19,8,37,2,1,priority_heavy
5048,20,23,34,9,2,priority_heavy
5048,21,24,42,1,0,priority_heavy
5049,1,3,20,1,0,priority_heavy
5049,2,22,22,10,2,priority_heavy
5049,3,29,30,1,0,priority_heavy
5049,4,1,44,10,1,priority_heavy
5049,5,21,48,2,4,priority_heavy
5049,6,18,21,9,2,priority_heavy
5049,7,10,42,10,2,priority_heavy
5049,8,15,20,1,3,priority_heavy
5049,9,27,41,10,1,priority_heavy
5049,10,15,50,10,1,priority_heavy
5049,11,3,48,1,4,priority_heavy
5049,12,1,31,1,4,priority_heavy
5049,13,27,27,9,2,priority_heavy
5049,14,9,29,1,2,priority_heavy
5049,15,14,27,9,1,priority_heavy
5049,16,17,38,9,3,priority_heavy
5050,1,17,35,6,6,bursty
5050,2,43,57,2,3,bursty
5050,3,64,13,3,3,bursty
5050,4,43,19,7,2,bursty
5050,5,17,15,8,8,bursty
5050,6,40,34,10,2,bursty
5050,7,43,15,2,6,bursty
5050,8,20,20,2,3,bursty
5050,9,45,20,3,5,bursty
5050,10,40,54,5,6,bursty
5050,11,70,57,10,2,bursty
5050,12,69,50,4,6,bursty
5050,13,46,47,10,4,bursty
5050,14,46,20,4,5,bursty
5050,15,68,42,3,4,bursty
5050,16,69,10,4,8,bursty
5050,17,46,47,9,5,bursty
5050,18,45,6,6,7,bursty
5050,19,16,7,2,3,bursty
5051,1,44,18,5,4,bursty
5051,2,69,40,4,3,bursty
5051,3,71,21,9,4,bursty
5051,4,48,55,1,7,bursty
5051,5,73,23,2,2,bursty
5051,6,12,20,9,6,bursty
5051,7,70,38,4,7,bursty
5051,8,10,33,1,5,bursty
5051,9,10,34,8,8,bursty
5051,10,44,23,1,3,bursty
5051,11,44,19,8,3,bursty
5051,12,43,21,2,5,bursty
5051,13,10,47,8,4,bursty
5051,14,72,47,10,5,bursty
5051,15,48,9,4,2,bursty
5051,16,71,46,7,5,bursty
5051,17,43,57,7,7,bursty
5052,1,3,24,1,1,priority_heavy
5052,2,1,30,10,4,priority_heavy
5052,3,3,37,2,2,priority_heavy
5052,4,20,42,10,0,priority_heavy
5052,5,30,20,2,2,priority_heavy
5052,6,6,31,10,3,priority_heavy
5052,7,26,19,10,2,priority_heavy
5052,8,3,45,1,0,priority_heavy
5052,9,17,18,2,4,priority_heavy
5052,10,3,45,10,4,priority_heavy
5052,11,28,35,9,1,priority_heavy
5052,12,4,40,10,2,priority_heavy
5052,13,7,21,1,4,priority_heavy
5052,14,11,47,10,4,priority_heavy
5052,15,20,18,9,0,priority_heavy
5052,16,7,26,9,3,priority_heavy
5052,17,27,32,9,2,priority_heavy
5052,18,20,49,10,4,priority_heavy
5052,19,29,22,9,2,priority_heavy
5053,1,12,5,7,3,sjf_friendly
5053,2,12,3,6,3,sjf_friendly
5053,3,27,4,9,0,sjf_friendly
5053,4,6,3,8,3,sjf_friendly
5053,5,33,94,6,1,sjf_friendly
5053,6,34,34,6,2,sjf_friendly
5053,7,18,24,9,4,sjf_friendly
5053,8,26,1,10,1,sjf_friendly
5053,9,11,39,5,0,sjf_friendly
5053,10,30,5,4,0,sjf_friendly
5053,11,29,32,8,2,sjf_friendly
5053,12,33,21,6,0,sjf_friendly
5053,13,5,84,9,2,sjf_friendly
5053,14,1,23,9,4,sjf_friendly
5053,15,25,3,8,3,sjf_friendly
5053,16,34,2,10,0,sjf_friendly
5053,17,17,87,5,3,sjf_friendly
5053,18,13,25,5,3,sjf_friendly
5053,19,39,34,6,2,sjf_friendly
5053,20,19,3,10,3,sjf_friendly
5053,21,6,2,4,1,sjf_friendly
5053,22,1,72,4,4,sjf_friendly
5053,23,40,1,5,3,sjf_friendly
5054,1,36,90,7,3,sjf_friendly
5054,2,31,4,4,0,sjf_friendly
5054,3,37,38,5,3,sjf_friendly
5054,4,15,24,4,4,sjf_friendly
5054,5,28,4,5,2,sjf_friendly
5054,6,37,2,7,3,sjf_friendly
5054,7,18,21,4,4,sjf_friendly
5055,1,3,75,4,1,cpu_bound
5055,2,9,84,5,2,cpu_bound
5055,3,11,76,5,2,cpu_bound
5055,4,19,83,6,0,cpu_bound
5055,5,14,94,10,2,cpu_bound
5055,6,3,91,4,1,cpu_bound
5055,7,11,76,4,1,cpu_bound
5055,8,6,72,10,2,cpu_bound
5055,9,17,66,7,1,cpu_bound
5055,10,0,70,6,1,cpu_bound
5055,11,6,64,5,0,cpu_bound
5055,12,5,94,10,1,cpu_bound
5055,13,19,95,8,2,cpu_bound
5055,14,9,88,7,1,cpu_bound
5056,1,32,2,7,3,sjf_friendly
5056,2,25,26,6,2,sjf_friendly
5056,3,5,36,8,1,sjf_friendly
5056,4,29,37,8,3,sjf_friendly
5056,5,16,39,9,4,sjf_friendly
5056,6,29,3,8,1,sjf_friendly
5056,7,18,76,7,3,sjf_friendly
5056,8,30,97,10,3,sjf_friendly
5056,9,19,34,4,0,sjf_friendly
5056,10,33,70,4,4,sjf_friendly
5056,11,20,89,9,3,sjf_friendly
5056,12,6,32,7,3,sjf_friendly
5056,13,27,1,6,3,sjf_friendly
5056,14,9,99,5,0,sjf_friendly
5056,15,8,4,5,3,sjf_friendly
5056,16,31,2,9,0,sjf_friendly
5056,17,0,27,10,2,sjf_friendly
5056,18,18,21,9,0,sjf_friendly
5056,19,20,5,10,0,sjf_friendly
5056,20,5,2,4,3,sjf_friendly
5056,21,10,4,9,0,sjf_friendly
5056,22,38,36,7,4,sjf_friendly
5057,1,70,3,9,10,interactive
5057,2,83,8,1,7,interactive
5057,3,8,2,2,10,interactive
5057,4,7,4,1,7,interactive
5057,5,14,9,6,9,interactive
5057,6,89,6,7,10,interactive
5057,7,95,2,5,10,interactive
5058,1,4,82,7,2,cpu_bound
5058,2,11,67,10,0,cpu_bound
5058,3,17,67,6,2,cpu_bound
5058,4,5,81,5,2,cpu_bound
5058,5,8,80,6,2,cpu_bound
5058,6,1,91,7,1,cpu_bound
5058,7,7,66,8,0,cpu_bound
5058,8,4,89,9,2,cpu_bound
5058,9,16,92,5,2,cpu_bound
5058,10,13,68,8,0,cpu_bound
5058,11,4,75,7,1,cpu_bound
5058,12,1,67,8,0,cpu_bound
5058,13,11,76,10,0,cpu_bound
5059,1,95,3,9,7,interactive
5059,2,31,10,6,10,interactive
5059,3,21,5,10,10,interactive
5059,4,19,1,1,7,interactive
5059,5,98,5,7,9,interactive
5059,6,68,6,5,7,interactive
5059,7,24,9,4,8,interactive
5059,8,82,2,2,8,interactive
5059,9,78,6,5,8,interactive
5059,10,15,7,10,7,interactive
5059,11,37,6,5,7,interactive
5059,12,77,8,8,8,interactive
5059,13,47,6,8,8,interactive
5059,14,77,9,6,7,interactive
5059,15,5,4,8,10,interactive
5059,16,85,7,1,9,interactive
5059,17,49,7,3,9,interactive
5059,18,77,10,2,8,interactive
5059,19,21,5,6,8,interactive
5059,20,63,5,1,10,interactive
5059,21,91,7,1,8,interactive
5059,22,14,9,5,8,interactive
5059,23,8,4,3,7,interactive
5059,24,27,7,7,7,interactive
5059,25,93,3,7,10,interactive
5059,26,99,5,9,10,interactive
5059,27,93,6,5,8,interactive
5060,1,6,76,4,0,sjf_friendly
5060,2,8,99,6,2,sjf_friendly
5060,3,27,26,7,4,sjf_friendly
5060,4,18,30,5,0,sjf_friendly
5060,5,24,37,7,3,sjf_friendly
5060,6,10,37,4,4,sjf_friendly
5060,7,17,94,5,3,sjf_friendly
5060,8,23,30,7,2,sjf_friendly
5060,9,40,3,9,2,sjf_friendly
5060,10,24,88,6,1,sjf_friendly
5060,11,33,3,6,4,sjf_friendly
5060,12,30,21,5,4,sjf_friendly
5060,13,28,4,8,0,sjf_friendly
5061,1,11,26,9,8,bursty
5061,2,66,31,10,7,bursty
5061,3,9,12,8,8,bursty
5061,4,46,34,8,8,bursty
5061,5,70,14,3,6,bursty
5061,6,47,12,2,4,bursty
5061,7,44,45,4,2,bursty
5061,8,9,60,8,3,bursty
5061,9,10,14,5,4,bursty
5061,10,9,28,9,2,bursty
5061,11,47,46,7,2,bursty
5061,12,12,32,3,8,bursty
5061,13,9,19,6,3,bursty
5061,14,70,19,5,4,bursty
5061,15,50,14,10,3,bursty
5061,16,9,19,8,3,bursty
5061,17,67,52,10,3,bursty
5061,18,65,13,4,2,bursty
5061,19,12,23,10,6,bursty
5061,20,71,26,9,8,bursty
5061,21,12,56,2,8,bursty
5062,1,92,3,2,8,interactive
5062,2,23,5,9,8,interactive
5062,3,38,8,9,8,interactive
5062,4,67,6,10,10,interactive
5062,5,24,1,6,9,interactive
5062,6,46,6,5,7,interactive
5062,7,15,7,4,8,interactive
5062,8,80,8,5,9,interactive
5062,9,89,6,2,7,interactive
5062,10,26,1,3,10,interactive
5062,11,34,3,7,10,interactive
5062,12,85,2,9,7,interactive
5062,13,89,3,3,10,interactive
5062,14,14,9,6,10,interactive
5062,15,69,2,9,8,interactive
5062,16,59,9,1,10,interactive
5062,17,38,1,1,10,interactive
5062,18,3,2,4,9,interactive
5062,19,15,10,6,9,interactive
5062,20,85,10,5,7,interactive
5062,21,2,7,6,10,interactive
5062,22,15,10,1,9,interactive
5062,23,31,10,4,8,interactive
5062,24,91,7,2,9,interactive
5062,25,27,7,1,8,interactive
5062,26,87,5,10,10,interactive
5062,27,66,8,8,7,interactive
5062,28,0,3,8,8,interactive
5063,1,4,32,10,2,bursty
5063,2,8,11,10,8,bursty
5063,3,4,23,9,7,bursty
5063,4,4,53,1,7,bursty
5063,5,65,25,3,7,bursty
5063,6,45,18,1,5,bursty
5064,1,2,15,5,8,fairness
5064,2,10,29,6,9,fairness
5064,3,2,24,5,7,fairness
5064,4,2,30,6,6,fairness
5064,5,2,23,5,8,fairness
5064,6,2,24,7,8,fairness
5064,7,9,21,5,7,fairness
5064,8,3,19,4,7,fairness
5064,9,4,23,5,5,fairness
5064,10,10,26,6,5,fairness
5064,11,6,23,4,6,fairness
5064,12,7,20,5,8,fairness
5064,13,3,17,5,6,fairness
5064,14,5,29,5,9,fairness
5064,15,4,20,6,6,fairness
5064,16,3,30,4,5,fairness
5064,17,7,24,7,5,fairness
5064,18,8,15,6,10,fairness
5064,19,8,29,5,8,fairness
5064,20,2,15,6,10,fairness
5064,21,9,29,5,7,fairness
5064,22,2,29,7,10,fairness
5064,23,3,19,5,10,fairness
5064,24,8,19,6,6,fairness
5064,25,8,21,4,7,fairness
5064,26,6,15,5,7,fairness
5065,1,6,40,4,4,bursty
5065,2,7,23,3,6,bursty
5065,3,47,27,3,8,bursty
5065,4,47,19,3,2,bursty
5065,5,9,21,5,4,bursty
5065,6,46,54,3,8,bursty
5065,7,73,7,1,3,bursty
5065,8,45,30,7,7,bursty
5065,9,71,23,7,7,bursty
5065,10,46,17,1,8,bursty
5065,11,6,7,5,7,bursty
5065,12,7,28,2,3,bursty
5065,13,44,49,10,5,bursty
5065,14,45,52,8,5,bursty
5065,15,72,33,7,6,bursty
5065,16,11,28,6,4,bursty
5065,17,41,6,10,5,bursty
5065,18,5,28,1,6,bursty
5065,19,73,50,3,3,bursty
5066,1,8,26,6,6,fairness
5066,2,5,18,4,7,fairness
5066,3,2,21,7,6,fairness
5066,4,5,27,7,10,fairness
5066,5,1,21,5,7,fairness
5066,6,7,15,4,8,fairness
5066,7,1,21,6,8,fairness
5066,8,0,26,7,8,fairness
5066,9,9,15,4,5,fairness
5066,10,7,17,4,7,fairness
5066,11,7,22,5,5,fairness
5066,12,7,23,5,10,fairness
5066,13,9,18,6,8,fairness
5066,14,1,16,7,10,fairness
5066,15,5,21,5,6,fairness
5066,16,5,24,7,5,fairness
5066,17,6,19,4,7,fairness
5066,18,8,16,6,10,fairness
5066,19,2,23,6,9,fairness
5066,20,9,15,6,10,fairness
5066,21,8,19,5,9,fairness
5066,22,6,26,5,6,fairness
5066,23,3,25,4,6,fairness
5066,24,2,23,7,6,fairness
5066,25,3,27,5,6,fairness
5067,1,8,84,4,1,cpu_bound
5067,2,0,77,5,1,cpu_bound
5067,3,14,72,4,2,cpu_bound
5067,4,2,73,9,0,cpu_bound
5067,5,0,86,8,1,cpu_bound
5067,6,18,74,5,0,cpu_bound
5067,7,2,82,8,2,cpu_bound
5067,8,20,93,9,0,cpu_bound
5067,9,14,72,4,0,cpu_bound
5067,10,17,92,8,1,cpu_bound
5067,11,17,78,7,1,cpu_bound
5067,12,4,95,4,2,cpu_bound
5067,13,16,91,9,1,cpu_bound
5067,14,2,61,5,0,cpu_bound
5067,15,2,81,7,1,cpu_bound
5067,16,14,78,5,0,cpu_bound
5067,17,17,66,4,2,cpu_bound
5067,18,12,65,10,1,cpu_bound
5067,19,6,72,8,2,cpu_bound
5067,20,13,97,8,0,cpu_bound
5067,21,3,96,9,0,cpu_bound
5067,22,20,95,5,2,cpu_bound
5067,23,0,94,5,0,cpu_bound
5068,1,8,27,9,3,priority_heavy
5068,2,6,26,10,4,priority_heavy
5068,3,27,20,1,1,priority_heavy
5068,4,24,32,1,4,priority_heavy
5068,5,24,44,9,4,priority_heavy
5068,6,19,41,9,1,priority_heavy
5068,7,13,50,9,2,priority_heavy
5068,8,8,44,10,4,priority_heavy
5068,9,2,16,9,0,priority_heavy
5068,10,8,21,10,0,priority_heavy
5069,1,50,60,9,7,bursty
5069,2,5,38,8,3,bursty
5069,3,6,15,7,6,bursty
5069,4,78,21,2,8,bursty
5069,5,47,51,7,8,bursty
5069,6,10,48,5,7,bursty
5069,7,48,27,1,4,bursty
5069,8,82,38,5,8,bursty
5069,9,83,35,8,8,bursty
5069,10,10,12,3,5,bursty
5069,11,77,49,10,2,bursty
5069,12,8,26,1,7,bursty
5069,13,78,40,9,8,bursty
5069,14,48,18,4,4,bursty
5069,15,6,54,10,2,bursty
5069,16,52,54,4,8,bursty
5069,17,82,36,3,2,bursty
5069,18,8,60,1,8,bursty
5069,19,80,25,9,3,bursty
5069,20,53,59,8,6,bursty
5069,21,49,47,10,7,bursty
5069,22,11,24,4,5,bursty
5069,23,80,51,9,8,bursty
5069,24,79,53,3,4,bursty
5069,25,50,44,10,2,bursty
5069,26,50,49,3,5,bursty
5069,27,48,53,3,4,bursty
5070,1,52,5,6,9,interactive
5070,2,37,9,1,8,interactive
5070,3,60,4,10,10,interactive
5070,4,93,7,10,7,interactive
5070,5,75,5,7,9,interactive
5070,6,94,3,3,7,interactive
5071,1,60,60,8,3,bursty
5071,2,65,36,6,2,bursty
5071,3,34,18,6,8,bursty
5071,4,2,31,3,8,bursty
5071,5,5,12,1,5,bursty
5071,6,32,36,4,4,bursty
5071,7,62,5,1,7,bursty
5071,8,3,20,2,5,bursty
5071,9,35,26,8,5,bursty
5071,10,2,19,2,5,bursty
5071,11,32,42,6,8,bursty
5071,12,6,17,5,8,bursty
5071,13,4,33,2,2,bursty
5071,14,59,51,4,6,bursty
5072,1,17,45,10,3,priority_heavy
5072,2,18,48,2,4,priority_heavy
5072,3,0,19,10,0,priority_heavy
5072,4,8,45,1,0,priority_heavy
5072,5,28,41,9,4,priority_heavy
5072,6,21,32,9,0,priority_heavy
5072,7,12,49,1,1,priority_heavy
5072,8,8,38,9,1,priority_heavy
5072,9,6,35,10,3,priority_heavy
5072,10,15,38,9,3,priority_heavy
5072,11,6,15,2,3,priority_heavy
5072,12,28,31,2,4,priority_heavy
5072,13,19,36,2,4,priority_heavy
5072,14,24,15,9,2,priority_heavy
5072,15,5,15,9,1,priority_heavy
5072,16,10,47,2,4,priority_heavy
5072,17,20,26,10,1,priority_heavy
5072,18,4,46,2,4,priority_heavy
5072,19,1,45,9,3,priority_heavy
5072,20,22,28,1,0,priority_heavy
5072,21,5,41,10,1,priority_heavy
5072,22,24,43,1,1,priority_heavy
5072,23,11,22,9,4,priority_heavy
5072,24,24,43,10,4,priority_heavy
5072,25,2,44,10,3,priority_heavy
5072,26,26,49,1,0,priority_heavy
5072,27,7,31,10,1,priority_heavy
5072,28,8,36,2,4,priority_heavy
5073,1,10,28,6,7,fairness
5073,2,3,19,4,5,fairness
5073,3,2,24,6,5,fairness
5073,4,0,26,7,10,fairness
5073,5,0,16,4,7,fairness
5073,6,4,22,6,6,fairness
5073,7,0,28,5,9,fairness
5073,8,10,27,7,5,fairness
5073,9,10,23,4,8,fairness
5073,10,5,18,6,7,fairness
5073,11,1,29,5,7,fairness
5073,12,2,17,6,5,fairness
5073,13,9,22,4,5,fairness
5073,14,9,23,7,7,fairness
5074,1,3,5,5,1,sjf_friendly
5074,2,21,70,5,0,sjf_friendly
5074,3,7,23,4,4,sjf_friendly
5074,4,20,5,7,1,sjf_friendly
5074,5,4,25,7,1,sjf_friendly
5074,6,29,35,9,2,sjf_friendly
5075,1,17,66,7,1,cpu_bound
5075,2,11,93,6,0,cpu_bound
5075,3,20,73,6,2,cpu_bound
5075,4,10,73,7,2,cpu_bound
5075,5,15,85,4,0,cpu_bound
5075,6,20,79,8,0,cpu_bound
5075,7,0,93,7,1,cpu_bound
5075,8,18,65,7,2,cpu_bound
5075,9,20,91,9,2,cpu_bound
5075,10,16,77,7,0,cpu_bound
5075,11,7,82,10,1,cpu_bound
5075,12,2,95,5,2,cpu_bound
5075,13,20,69,5,2,cpu_bound
5075,14,4,93,8,1,cpu_bound
5075,15,18,68,4,0,cpu_bound
5075,16,4,83,10,0,cpu_bound
5075,17,6,77,8,0,cpu_bound
5075,18,0,77,6,1,cpu_bound
5075,19,6,79,9,2,cpu_bound
5076,1,23,20,2,4,priority_heavy
5076,2,9,29,9,2,priority_heavy
5076,3,1,50,2,3,priority_heavy
5076,4,16,28,9,2,priority_heavy
5076,5,21,18,10,3,priority_heavy
5076,6,6,31,1,4,priority_heavy
5076,7,11,22,1,4,priority_heavy
5076,8,13,40,10,2,priority_heavy
5076,9,20,45,1,2,priority_heavy
5076,10,13,39,1,0,priority_heavy
5076,11,21,20,10,3,priority_heavy
5076,12,1,40,1,1,priority_heavy
5076,13,13,41,10,4,priority_heavy
5076,14,23,24,9,1,priority_heavy
5076,15,1,18,2,3,priority_heavy
5076,16,4,50,2,1,priority_heavy
5076,17,2,32,1,3,priority_heavy
5076,18,21,28,9,3,priority_heavy
5076,19,28,32,9,1,priority_heavy
5076,20,9,48,2,3,priority_heavy
5076,21,12,15,1,1,priority_heavy
5076,22,3,40,1,3,priority_heavy
5076,23,27,19,9,1,priority_heavy
5076,24,14,47,10,1,priority_heavy
5076,25,20,32,9,3,priority_heavy
5076,26,11,17,9,4,priority_heavy
5076,27,18,39,1,1,priority_heavy
5076,28,21,33,2,2,priority_heavy
5076,29,11,19,10,0,priority_heavy
5077,1,1,22,4,10,fairness
5077,2,0,19,4,9,fairness
5077,3,0,19,4,10,fairness
5077,4,1,18,5,8,fairness
5077,5,2,24,7,10,fairness
5077,6,2,24,6,10,fairness
5077,7,4,20,4,9,fairness
5077,8,3,28,5,6,fairness
5077,9,9,25,4,5,fairness
5077,10,4,18,7,8,fairness
5077,11,9,15,4,7,fairness
5077,12,6,23,6,6,fairness
5077,13,6,29,5,7,fairness
5077,14,3,22,6,5,fairness
5077,15,5,20,7,10,fairness
5077,16,5,15,4,6,fairness
5077,17,5,16,6,9,fairness
5077,18,3,20,4,8,fairness
5077,19,6,26,4,10,fairness
5077,20,9,21,6,6,fairness
5077,21,2,29,4,7,fairness
5077,22,9,15,4,5,fairness
5077,23,8,23,4,6,fairness
5077,24,5,20,7,8,fairness
5077,25,1,24,4,8,fairness
5077,26,4,20,6,9,fairness
5077,27,4,30,4,5,fairness
5077,28,10,29,4,8,fairness
5077,29,8,25,6,8,fairness
5078,1,7,19,5,6,fairness
5078,2,3,20,7,6,fairness
5078,3,3,29,4,6,fairness
5078,4,1,22,5,6,fairness
5078,5,3,16,5,10,fairness
5078,6,10,27,6,7,fairness
5079,1,22,7,3,8,interactive
5079,2,66,3,7,7,interactive
5079,3,13,10,6,8,interactive
5079,4,78,3,3,7,interactive
5079,5,33,2,6,8,interactive
5079,6,45,10,7,9,interactive
5079,7,29,1,2,9,interactive
5079,8,27,3,3,9,interactive
5079,9,82,10,7,8,interactive
5079,10,81,1,4,8,interactive
5079,11,30,6,1,10,interactive
5079,12,66,3,10,9,interactive
5079,13,38,1,10,10,interactive
5079,14,26,5,9,7,interactive
5079,15,37,4,4,9,interactive
5079,16,71,7,8,9,interactive
5079,17,50,2,3,8,interactive
5079,18,55,9,4,10,interactive
5079,19,66,1,2,9,interactive
5079,20,17,6,7,10,interactive
5079,21,63,9,1,7,interactive
5079,22,38,7,7,10,interactive
5079,23,57,7,8,9,interactive
5079,24,28,4,9,8,interactive
5079,25,3,5,6,9,interactive
5079,26,37,5,8,10,interactive
5079,27,68,4,6,9,interactive
5079,28,9,7,7,8,interactive
5079,29,21,3,8,10,interactive
5080,1,6,70,8,2,cpu_bound
5080,2,20,66,6,1,cpu_bound
5080,3,20,94,5,0,cpu_bound
5080,4,12,96,5,1,cpu_bound
5080,5,11,97,9,2,cpu_bound
5080,6,10,60,6,2,cpu_bound
5081,1,14,83,6,0,cpu_bound
5081,2,14,80,9,2,cpu_bound
5081,3,8,65,6,1,cpu_bound
5081,4,6,81,9,0,cpu_bound
5081,5,9,83,5,2,cpu_bound
5081,6,17,67,5,0,cpu_bound
5081,7,15,70,6,1,cpu_bound
5081,8,10,93,5,1,cpu_bound
5081,9,12,64,6,0,cpu_bound
5081,10,19,72,6,0,cpu_bound
5081,11,9,79,10,0,cpu_bound
5081,12,11,81,8,1,cpu_bound
5081,13,20,75,5,0,cpu_bound
5081,14,0,68,7,1,cpu_bound
5081,15,12,64,8,1,cpu_bound
5081,16,19,63,9,1,cpu_bound
5081,17,15,91,4,0,cpu_bound
5081,18,8,67,4,0,cpu_bound
5081,19,11,73,9,2,cpu_bound
5081,20,19,78,6,1,cpu_bound
5081,21,15,96,9,2,cpu_bound
5081,22,20,89,7,0,cpu_bound
5081,23,20,79,6,2,cpu_bound
5081,24,16,79,5,1,cpu_bound
5081,25,3,71,6,0,cpu_bound
5081,26,11,80,6,0,cpu_bound
5081,27,15,95,5,0,cpu_bound
5082,1,5,15,6,7,fairness
5082,2,1,30,7,6,fairness
5082,3,0,20,6,7,fairness
5082,4,8,25,6,9,fairness
5082,5,9,18,7,7,fairness
5082,6,5,28,7,10,fairness
5082,7,5,17,4,9,fairness
5082,8,7,27,6,6,fairness
5082,9,10,29,6,9,fairness
5082,10,10,24,7,10,fairness
5082,11,6,26,6,5,fairness
5082,12,9,17,5,9,fairness
5082,13,0,21,5,5,fairness
5082,14,2,19,7,7,fairness
5082,15,4,17,6,10,fairness
5082,16,6,30,7,5,fairness
5083,1,24,37,9,2,priority_heavy
5083,2,20,31,1,1,priority_heavy
5083,3,27,48,10,2,priority_heavy
5083,4,29,38,10,1,priority_heavy
5083,5,5,43,2,0,priority_heavy
5083,6,30,23,9,4,priority_heavy
5083,7,9,15,9,4,priority_heavy
5083,8,15,42,9,2,priority_heavy
5083,9,14,26,10,0,priority_heavy
5083,10,23,37,10,4,priority_heavy
5083,11,28,16,2,4,priority_heavy
5083,12,30,49,2,4,priority_heavy
5083,13,2,37,1,2,priority_heavy
5083,14,21,44,9,0,priority_heavy
5083,15,12,32,9,2,priority_heavy
5083,16,10,21,10,4,priority_heavy
5083,17,14,19,1,3,priority_heavy
5083,18,2,34,2,4,priority_heavy
5083,19,5,39,2,4,priority_heavy
5083,20,5,16,9,0,priority_heavy
5084,1,7,2,9,2,sjf_friendly
5084,2,24,22,9,2,sjf_friendly
5084,3,36,1,9,0,sjf_friendly
5084,4,28,70,7,1,sjf_friendly
5084,5,20,3,9,1,sjf_friendly
5084,6,28,83,10,2,sjf_friendly
5084,7,19,5,5,0,sjf_friendly
5084,8,37,74,10,2,sjf_friendly
5084,9,31,77,8,2,sjf_friendly
5084,10,7,25,9,0,sjf_friendly
5084,11,19,71,5,1,sjf_friendly
5084,12,0,85,4,0,sjf_friendly
5084,13,25,5,7,0,sjf_friendly
5084,14,16,99,7,2,sjf_friendly
5084,15,4,22,10,3,sjf_friendly
5084,16,26,34,4,1,sjf_friendly
5084,17,5,2,9,1,sjf_friendly
5084,18,27,70,5,1,sjf_friendly
5084,19,35,2,7,4,sjf_friendly
5084,20,9,23,7,0,sjf_friendly
5084,21,37,1,6,0,sjf_friendly
5084,22,13,35,6,1,sjf_friendly
5084,23,40,5,9,4,sjf_friendly
5084,24,33,4,4,2,sjf_friendly
5084,25,38,4,4,3,sjf_friendly
5084,26,7,1,4,3,sjf_friendly
5084,27,13,36,9,0,sjf_friendly
5084,28,37,86,7,3,sjf_friendly
5084,29,3,1,10,3,sjf_friendly
5084,30,38,23,4,3,sjf_friendly
5085,1,26,50,10,2,priority_heavy
5085,2,20,30,9,3,priority_heavy
5085,3,26,46,2,0,priority_heavy
5085,4,14,39,2,2,priority_heavy
5085,5,6,37,1,1,priority_heavy
5085,6,0,40,2,3,priority_heavy
5085,7,25,24,2,0,priority_heavy
5085,8,5,44,10,2,priority_heavy
5085,9,22,25,1,2,priority_heavy
5085,10,12,24,9,4,priority_heavy
5085,11,5,23,1,0,priority_heavy
5085,12,3,41,2,2,priority_heavy
5085,13,20,39,2,1,priority_heavy
5085,14,13,16,2,1,priority_heavy
5085,15,20,39,9,1,priority_heavy
5085,16,21,35,9,0,priority_heavy
5085,17,19,44,9,1,priority_heavy
5085,18,17,25,2,4,priority_heavy
5085,19,0,49,10,4,priority_heavy
5085,20,30,20,10,0,priority_heavy
5086,1,10,26,7,6,fairness
5086,2,0,25,7,5,fairness
5086,3,1,30,6,10,fairness
5086,4,5,28,6,8,fairness
5086,5,5,18,5,8,fairness
5086,6,3,30,7,7,fairness
5086,7,5,25,4,6,fairness
5086,8,5,23,6,10,fairness
5086,9,4,25,6,8,fairness
5086,10,6,18,4,9,fairness
5086,11,3,19,6,10,fairness
5086,12,4,27,6,9,fairness
5086,13,3,26,7,8,fairness
5086,14,7,16,5,5,fairness
5086,15,8,15,4,9,fairness
5086,16,5,20,7,9,fairness
5086,17,10,17,6,9,fairness
5086,18,10,19,4,6,fairness
5086,19,7,24,5,7,fairness
5086,20,4,16,5,7,fairness
5086,21,10,22,4,10,fairness
5086,22,6,27,6,10,fairness
5086,23,10,27,4,9,fairness
5086,24,8,27,7,5,fairness
5086,25,9,22,4,5,fairness
5086,26,0,29,5,8,fairness
5086,27,2,28,7,9,fairness
5086,28,0,19,7,6,fairness
5086,29,8,26,5,7,fairness
5086,30,8,24,5,10,fairness
5087,1,10,77,7,2,cpu_bound
5087,2,4,66,8,2,cpu_bound
5087,3,6,86,7,0,cpu_bound
5087,4,10,79,9,0,cpu_bound
5087,5,8,77,10,2,cpu_bound
5087,6,14,100,9,1,cpu_bound
5087,7,7,85,8,2,cpu_bound
5087,8,8,99,9,0,cpu_bound
5087,9,19,80,10,1,cpu_bound
5087,10,1,66,8,1,cpu_bound
5087,11,4,67,10,1,cpu_bound
5087,12,12,70,10,2,cpu_bound
5087,13,9,91,9,0,cpu_bound
5087,14,7,93,8,1,cpu_bound
5087,15,15,63,9,0,cpu_bound
5087,16,4,68,9,0,cpu_bound
5087,17,7,79,5,1,cpu_bound
5087,18,17,85,5,0,cpu_bound
5087,19,15,74,6,0,cpu_bound
5087,20,14,92,9,2,cpu_bound
5088,1,66,4,6,8,interactive
5088,2,82,2,2,8,interactive
5088,3,58,5,8,9,interactive
5088,4,25,5,2,8,interactive
5088,5,56,10,10,8,interactive
5088,6,99,6,1,8,interactive
5088,7,18,4,6,9,interactive
5088,8,27,4,9,8,interactive
5088,9,20,6,2,7,interactive
5088,10,81,9,3,7,interactive
5089,1,39,21,4,6,bursty
5089,2,74,20,10,4,bursty
5089,3,75,27,3,5,bursty
5089,4,80,31,4,2,bursty
5089,5,7,60,8,3,bursty
5089,6,3,16,3,3,bursty
5089,7,40,38,8,4,bursty
5089,8,77,5,9,2,bursty
5089,9,7,28,5,2,bursty
5089,10,8,26,10,2,bursty
5089,11,44,8,3,7,bursty
5089,12,74,19,1,3,bursty
5089,13,5,48,4,2,bursty
5089,14,2,45,9,6,bursty
5089,15,74,7,5,6,bursty
5089,16,4,33,7,8,bursty
5089,17,77,58,3,7,bursty
5089,18,2,6,1,7,bursty
5089,19,7,25,7,3,bursty
5089,20,74,21,6,5,bursty
5090,1,26,2,6,4,sjf_friendly
5090,2,8,5,5,3,sjf_friendly
5090,3,30,3,10,0,sjf_friendly
5090,4,33,25,5,3,sjf_friendly
5090,5,7,78,4,1,sjf_friendly
5090,6,32,25,5,1,sjf_friendly
5090,7,35,2,9,1,sjf_friendly
5090,8,31,1,10,3,sjf_friendly
5090,9,5,1,10,0,sjf_friendly
5090,10,24,96,10,1,sjf_friendly
5090,11,33,4,5,4,sjf_friendly
5090,12,5,96,10,2,sjf_friendly
5090,13,37,97,6,3,sjf_friendly
5090,14,33,4,6,0,sjf_friendly
5090,15,9,29,6,0,sjf_friendly
5090,16,14,1,9,4,sjf_friendly
5090,17,13,34,5,3,sjf_friendly
5090,18,11,99,8,3,sjf_friendly
5090,19,24,79,8,4,sjf_friendly
5090,20,19,72,10,0,sjf_friendly
5090,21,1,26,6,2,sjf_friendly
5090,22,30,72,9,2,sjf_friendly
5090,23,37,37,8,0,sjf_friendly
5090,24,19,38,9,2,sjf_friendly
5090,25,40,91,5,0,sjf_friendly
5090,26,32,72,10,1,sjf_friendly
5091,1,5,25,4,10,fairness
5091,2,1,24,4,9,fairness
5091,3,7,30,7,9,fairness
5091,4,2,17,5,5,fairness
5091,5,9,19,5,9,fairness
5091,6,6,15,6,8,fairness
5091,7,6,25,4,10,fairness
5091,8,10,26,4,8,fairness
5091,9,9,18,6,7,fairness
5091,10,5,18,7,7,fairness
5092,1,0,17,4,5,fairness
5092,2,4,27,7,8,fairness
5092,3,2,23,6,5,fairness
5092,4,7,15,4,10,fairness
5092,5,7,26,6,10,fairness
5093,1,2,20,7,10,fairness
5093,2,9,15,5,9,fairness
5093,3,7,24,6,9,fairness
5093,4,3,15,5,8,fairness
5093,5,4,17,5,7,fairness
5093,6,6,27,7,9,fairness
5093,7,9,23,7,9,fairness
5093,8,0,25,5,6,fairness
5093,9,8,18,4,9,fairness
5094,1,35,27,10,4,bursty
5094,2,65,34,5,7,bursty
5094,3,4,56,10,6,bursty
5094,4,30,22,3,5,bursty
5094,5,5,41,10,2,bursty
5094,6,35,11,5,3,bursty
5094,7,69,19,10,5,bursty
5094,8,69,42,7,4,bursty
5094,9,69,48,4,4,bursty
5094,10,29,23,4,3,bursty
5094,11,69,29,4,4,bursty
5094,12,29,57,1,6,bursty
5094,13,69,46,8,8,bursty
5094,14,65,50,1,7,bursty
5094,15,2,12,4,6,bursty
5094,16,33,34,2,6,bursty
5094,17,67,35,2,7,bursty
5094,18,34,22,7,3,bursty
5094,19,31,6,3,2,bursty
5094,20,67,11,10,4,bursty
5094,21,70,22,10,2,bursty
5094,22,66,20,2,7,bursty
5095,1,8,28,5,10,fairness
5095,2,9,22,6,9,fairness
5095,3,10,26,7,5,fairness
5095,4,8,18,6,9,fairness
5095,5,3,25,6,7,fairness
5095,6,7,22,5,10,fairness
5095,7,1,23,4,7,fairness
5095,8,10,29,4,8,fairness
5095,9,0,20,5,8,fairness
5095,10,6,20,6,7,fairness
5095,11,1,19,7,5,fairness
5095,12,9,29,6,6,fairness
5095,13,0,24,6,6,fairness
5095,14,9,18,6,6,fairness
5095,15,6,29,6,6,fairness
5095,16,10,21,5,10,fairness
5095,17,3,26,5,9,fairness
5095,18,6,22,6,5,fairness
5095,19,9,22,4,5,fairness
5095,20,1,24,4,9,fairness
5095,21,10,20,6,6,fairness
5095,22,0,23,5,9,fairness
5095,23,10,27,7,7,fairness
5095,24,1,21,4,6,fairness
5095,25,8,23,6,5,fairness
5096,1,31,20,6,4,sjf_friendly
5096,2,20,87,9,2,sjf_friendly
5096,3,21,21,10,0,sjf_friendly
5096,4,6,4,10,2,sjf_friendly
5096,5,35,21,4,0,sjf_friendly
5096,6,1,3,10,2,sjf_friendly
5096,7,39,89,10,0,sjf_friendly
5096,8,40,32,8,1,sjf_friendly
5096,9,29,3,9,3,sjf_friendly
5096,10,2,83,9,4,sjf_friendly
5096,11,24,2,9,4,sjf_friendly
5096,12,16,3,10,0,sjf_friendly
5096,13,17,34,6,4,sjf_friendly
5096,14,19,71,10,4,sjf_friendly
5096,15,36,2,8,2,sjf_friendly
5096,16,3,84,9,3,sjf_friendly
5096,17,6,1,8,3,sjf_friendly
5096,18,33,4,7,1,sjf_friendly
5096,19,21,3,4,2,sjf_friendly
5096,20,2,1,4,2,sjf_friendly
5096,21,4,92,5,4,sjf_friendly
5097,1,19,97,6,0,cpu_bound
5097,2,1,76,10,0,cpu_bound
5097,3,7,84,4,2,cpu_bound
5097,4,20,96,7,0,cpu_bound
5097,5,0,99,5,1,cpu_bound
5097,6,3,98,6,1,cpu_bound
5097,7,6,82,9,1,cpu_bound
5097,8,1,92,10,1,cpu_bound
5097,9,9,92,4,0,cpu_bound
5097,10,0,95,4,0,cpu_bound
5098,1,1,15,7,6,fairness
5098,2,1,27,5,7,fairness
5098,3,0,19,5,9,fairness
5098,4,7,18,4,6,fairness
5098,5,9,28,5,10,fairness
5098,6,8,21,7,8,fairness
5098,7,2,21,6,5,fairness
5098,8,3,22,4,7,fairness
5098,9,0,28,6,8,fairness
5098,10,2,27,4,9,fairness
5098,11,6,22,4,10,fairness
5099,1,8,96,9,1,cpu_bound
5099,2,14,87,7,2,cpu_bound
5099,3,12,98,5,2,cpu_bound
5099,4,20,90,6,2,cpu_bound
5099,5,3,91,9,0,cpu_bound
5099,6,10,98,8,0,cpu_bound
5099,7,1,71,6,0,cpu_bound
5099,8,5,61,4,0,cpu_bound
5099,9,13,86,9,2,cpu_bound
5099,10,5,95,5,2,cpu_bound
5099,11,19,78,9,2,cpu_bound
5099,12,8,61,4,1,cpu_bound
5099,13,19,81,10,1,cpu_bound
5099,14,9,73,6,1,cpu_bound
5099,15,7,78,7,1,cpu_bound
5099,16,10,87,7,2,cpu_bound
5099,17,12,95,9,0,cpu_bound
5099,18,20,60,6,0,cpu_bound
5099,19,0,99,6,1,cpu_bound
5099,20,4,62,8,0,cpu_bound
5099,21,2,94,4,1,cpu_bound
5099,22,19,70,10,2,cpu_bound
5099,23,2,83,4,0,cpu_bound
5099,24,2,95,8,2,cpu_bound
5099,25,14,78,10,1,cpu_bound
5099,26,16,71,5,0,cpu_bound
5100,1,0,61,7,2,cpu_bound
5100,2,16,60,8,1,cpu_bound
5100,3,15,60,9,2,cpu_bound
5100,4,0,81,4,2,cpu_bound
5100,5,3,78,8,0,cpu_bound
5100,6,14,69,4,2,cpu_bound
5100,7,0,71,6,1,cpu_bound
5100,8,11,79,7,0,cpu_bound
5100,9,9,69,10,2,cpu_bound
5100,10,20,73,7,2,cpu_bound
5100,11,18,61,8,1,cpu_bound
5100,12,14,91,8,2,cpu_bound
5100,13,14,82,9,1,cpu_bound
5100,14,16,66,9,0,cpu_bound
5100,15,13,73,10,1,cpu_bound
5100,16,16,62,4,1,cpu_bound
5100,17,5,90,7,0,cpu_bound
5100,18,4,74,10,0,cpu_bound
5100,19,16,75,9,1,cpu_bound
5100,20,20,73,10,0,cpu_bound
5100,21,4,77,7,1,cpu_bound
5100,22,13,89,9,2,cpu_bound
5100,23,15,96,7,1,cpu_bound
5100,24,8,85,9,0,cpu_bound
5100,25,12,77,6,2,cpu_bound
5100,26,3,80,5,0,cpu_bound
5100,27,18,72,9,1,cpu_bound
5101,1,29,46,8,4,bursty
5101,2,12,47,4,4,bursty
5101,3,6,40,1,5,bursty
5101,4,10,40,5,8,bursty
5101,5,9,39,10,7,bursty
5101,6,10,26,9,6,bursty
5101,7,6,10,10,8,bursty
5101,8,78,12,2,5,bursty
5101,9,30,19,6,5,bursty
5102,1,32,99,4,0,sjf_friendly
5102,2,37,2,8,4,sjf_friendly
5102,3,29,3,9,1,sjf_friendly
5102,4,2,4,8,4,sjf_friendly
5102,5,36,1,5,4,sjf_friendly
5102,6,22,4,6,3,sjf_friendly
5102,7,1,25,10,0,sjf_friendly
5102,8,39,4,8,1,sjf_friendly
5102,9,32,24,6,0,sjf_friendly
5102,10,31,87,5,3,sjf_friendly
5102,11,5,93,5,2,sjf_friendly
5102,12,22,38,5,2,sjf_friendly
5102,13,22,2,5,3,sjf_friendly
5102,14,1,77,4,2,sjf_friendly
5102,15,5,2,10,1,sjf_friendly
5102,16,10,37,10,3,sjf_friendly
5102,17,4,33,9,4,sjf_friendly
5102,18,12,2,4,1,sjf_friendly
5102,19,8,3,8,2,sjf_friendly
5102,20,8,5,6,1,sjf_friendly
5102,21,0,34,9,4,sjf_friendly
5103,1,0,97,9,0,cpu_bound
5103,2,1,71,6,1,cpu_bound
5103,3,7,62,5,1,cpu_bound
5103,4,16,86,4,2,cpu_bound
5103,5,3,73,9,2,cpu_bound
5103,6,19,80,6,1,cpu_bound
5103,7,7,77,7,1,cpu_bound
5103,8,15,81,7,2,cpu_bound
5103,9,15,99,4,2,cpu_bound
5103,10,9,70,9,0,cpu_bound
5103,11,2,70,10,1,cpu_bound
5103,12,12,88,7,1,cpu_bound
5103,13,16,76,7,2,cpu_bound
5103,14,13,95,8,2,cpu_bound
5103,15,19,83,9,0,cpu_bound
5103,16,2,83,10,2,cpu_bound
5103,17,14,68,10,0,cpu_bound
5103,18,12,77,7,2,cpu_bound
5103,19,10,64,9,2,cpu_bound
5103,20,14,96,10,0,cpu_bound
5103,21,11,74,5,1,cpu_bound
5103,22,12,85,7,2,cpu_bound
5103,23,20,69,8,2,cpu_bound
5103,24,19,93,9,0,cpu_bound
5103,25,5,64,10,2,cpu_bound
5104,1,3,40,2,4,priority_heavy
5104,2,18,28,1,3,priority_heavy
5104,3,6,35,1,4,priority_heavy
5104,4,7,21,2,4,priority_heavy
5104,5,24,38,9,1,priority_heavy
5104,6,2,36,10,0,priority_heavy
5104,7,30,32,9,1,priority_heavy
5104,8,13,25,1,3,priority_heavy
5104,9,22,50,10,4,priority_heavy
5104,10,12,23,10,1,priority_heavy
5104,11,7,30,10,3,priority_heavy
5105,1,2,94,5,2,cpu_bound
5105,2,12,65,5,2,cpu_bound
5105,3,16,81,6,2,cpu_bound
5105,4,13,82,5,0,cpu_bound
5105,5,17,61,5,2,cpu_bound
5105,6,17,63,8,1,cpu_bound
5105,7,13,92,5,0,cpu_bound
5105,8,15,61,8,0,cpu_bound
5105,9,18,83,7,2,cpu_bound
5106,1,30,35,10,1,sjf_friendly
5106,2,3,97,5,3,sjf_friendly
5106,3,2,3,7,3,sjf_friendly
5106,4,17,25,5,0,sjf_friendly
5106,5,40,34,9,1,sjf_friendly
5106,6,12,22,4,1,sjf_friendly
5106,7,28,5,10,1,sjf_friendly
5106,8,35,24,5,0,sjf_friendly
5106,9,33,38,7,1,sjf_friendly
5106,10,12,71,4,0,sjf_friendly
5106,11,11,5,8,4,sjf_friendly
5106,12,33,1,4,2,sjf_friendly
5106,13,5,4,9,1,sjf_friendly
5106,14,30,35,4,3,sjf_friendly
5106,15,32,79,10,3,sjf_friendly
5106,16,36,1,9,3,sjf_friendly
5106,17,32,86,5,3,sjf_friendly
5106,18,14,96,6,0,sjf_friendly
5106,19,27,1,9,0,sjf_friendly
5107,1,7,28,4,10,fairness
5107,2,4,17,6,8,fairness
5107,3,0,19,4,7,fairness
5107,4,3,26,5,6,fairness
5107,5,0,18,4,9,fairness
5107,6,8,30,6,6,fairness
5107,7,8,28,7,8,fairness
5107,8,1,27,6,10,fairness
5107,9,8,19,7,7,fairness
5107,10,4,19,6,8,fairness
5107,11,4,15,6,8,fairness
5107,12,0,23,5,6,fairness
5107,13,7,20,7,7,fairness
5107,14,5,25,7,9,fairness
5107,15,4,28,4,5,fairness
5108,1,16,8,5,8,interactive
5108,2,49,8,6,7,interactive
5108,3,43,7,10,7,interactive
5108,4,12,3,4,10,interactive
5108,5,45,7,3,10,interactive
5108,6,65,5,5,8,interactive
5108,7,67,4,3,9,interactive
5108,8,71,4,7,10,interactive
5108,9,20,7,7,8,interactive
5108,10,20,7,1,10,interactive
5108,11,63,7,9,7,interactive
5108,12,92,4,2,10,interactive
5108,13,48,10,3,8,interactive
5108,14,81,9,5,8,interactive
5108,15,82,8,1,7,interactive
5108,16,89,4,5,10,interactive
5108,17,78,9,1,10,interactive
5108,18,80,4,9,8,interactive
5108,19,95,3,5,9,interactive
5108,20,69,1,10,10,interactive
5108,21,46,8,2,9,interactive
5108,22,28,10,5,9,interactive
5108,23,32,10,10,8,interactive
5108,24,26,3,7,7,interactive
5109,1,11,96,10,0,sjf_friendly
5109,2,18,72,8,2,sjf_friendly
5109,3,31,2,5,0,sjf_friendly
5109,4,32,3,8,3,sjf_friendly
5109,5,31,1,4,4,sjf_friendly
5109,6,10,2,8,1,sjf_friendly
5109,7,2,23,4,1,sjf_friendly
5109,8,13,35,9,1,sjf_friendly
5109,9,29,3,8,4,sjf_friendly
5109,10,11,23,4,2,sjf_friendly
5109,11,18,24,5,2,sjf_friendly
5109,12,11,31,6,0,sjf_friendly
5109,13,19,38,4,2,sjf_friendly
5109,14,31,20,6,2,sjf_friendly
5109,15,31,36,4,3,sjf_friendly
5109,16,12,34,10,1,sjf_friendly
5109,17,39,97,6,1,sjf_friendly
5109,18,40,5,6,3,sjf_friendly
5109,19,8,4,8,1,sjf_friendly
5109,20,25,37,8,4,sjf_friendly
5110,1,33,6,7,10,interactive
5110,2,93,5,1,9,interactive
5110,3,32,6,3,7,interactive
5110,4,6,6,2,10,interactive
5110,5,5,2,2,9,interactive
5110,6,99,4,10,10,interactive
5110,7,10,10,6,7,interactive
5110,8,79,5,3,9,interactive
5110,9,22,9,3,7,interactive
5110,10,20,9,10,9,interactive
5110,11,83,1,5,9,interactive
5110,12,17,9,8,10,interactive
5110,13,40,3,8,9,interactive
5110,14,80,2,3,10,interactive
5110,15,99,10,7,10,interactive
5110,16,42,6,4,10,interactive
5110,17,78,2,1,10,interactive
5110,18,39,6,8,8,interactive
5110,19,47,6,6,8,interactive
5110,20,27,10,1,8,interactive
5110,21,8,7,8,7,interactive
5110,22,48,9,6,8,interactive
5110,23,26,2,3,10,interactive
5110,24,95,4,5,7,interactive
5110,25,100,9,10,10,interactive
5111,1,100,7,5,8,interactive
5111,2,41,6,5,7,interactive
5111,3,29,3,8,9,interactive
5111,4,86,6,5,8,interactive
5111,5,66,4,4,7,interactive
5111,6,27,5,9,9,interactive
5111,7,33,1,10,10,interactive
5111,8,62,8,10,10,interactive
5111,9,78,5,7,10,interactive
5111,10,67,2,5,9,interactive
5111,11,18,5,7,8,interactive
5111,12,67,1,5,8,interactive
5112,1,16,40,1,0,priority_heavy
5112,2,1,22,1,3,priority_heavy
5112,3,26,18,10,4,priority_heavy
5112,4,13,32,10,1,priority_heavy
5112,5,28,25,2,2,priority_heavy
5112,6,28,26,10,3,priority_heavy
5112,7,9,41,2,1,priority_heavy
5112,8,7,18,9,0,priority_heavy
5112,9,5,31,2,0,priority_heavy
5112,10,18,19,1,0,priority_heavy
5112,11,27,23,2,2,priority_heavy
5112,12,9,19,9,1,priority_heavy
5112,13,29,47,1,2,priority_heavy
5112,14,15,23,1,1,priority_heavy
5113,1,93,7,8,7,interactive
5113,2,75,8,5,10,interactive
5113,3,91,1,3,8,interactive
5113,4,97,3,7,7,interactive
5113,5,0,8,2,9,interactive
5113,6,97,5,10,7,interactive
5113,7,89,2,3,8,interactive
5113,8,17,5,6,9,interactive
5113,9,99,2,7,8,interactive
5113,10,96,8,6,8,interactive
5113,11,87,8,4,8,interactive
5113,12,60,3,2,7,interactive
5113,13,68,8,9,9,interactive
5113,14,1,4,9,7,interactive
5114,1,61,55,1,3,bursty
5114,2,33,6,8,7,bursty
5114,3,64,55,8,7,bursty
5114,4,39,20,4,3,bursty
5114,5,64,55,7,7,bursty
5114,6,9,24,6,2,bursty
5114,7,10,25,6,4,bursty
5114,8,39,11,7,7,bursty
5114,9,33,35,7,5,bursty
5114,10,64,51,9,6,bursty
5114,11,7,36,1,6,bursty
5114,12,7,53,10,3,bursty
5114,13,33,7,8,8,bursty
5114,14,62,25,3,4,bursty
5114,15,35,22,1,8,bursty
5114,16,65,7,8,6,bursty
5114,17,59,47,6,6,bursty
5114,18,7,21,2,2,bursty
5114,19,38,6,2,5,bursty
5114,20,33,47,7,2,bursty
5114,21,62,52,9,4,bursty
5114,22,60,38,7,2,bursty
5114,23,10,5,1,7,bursty
5114,24,59,32,3,5,bursty
5114,25,65,22,4,3,bursty
5114,26,38,9,2,6,bursty
5114,27,64,45,7,5,bursty
5115,1,74,5,9,4,bursty
5115,2,13,15,6,5,bursty
5115,3,13,18,8,5,bursty
5115,4,72,17,4,5,bursty
5115,5,75,9,5,5,bursty
5115,6,50,48,2,6,bursty
5115,7,13,13,10,8,bursty
5115,8,15,33,8,2,bursty
5115,9,48,23,5,7,bursty
5115,10,45,56,1,5,bursty
5115,11,12,58,6,4,bursty
5115,12,47,6,3,2,bursty
5115,13,74,15,8,5,bursty
5115,14,45,36,7,5,bursty
5116,1,4,30,5,8,fairness
5116,2,1,28,7,8,fairness
5116,3,9,26,6,10,fairness
5116,4,7,21,6,5,fairness
5116,5,3,19,4,9,fairness
5116,6,8,28,5,7,fairness
5116,7,6,24,5,7,fairness
5117,1,10,27,1,3,priority_heavy
5117,2,26,43,2,1,priority_heavy
5117,3,21,31,9,2,priority_heavy
5117,4,8,39,10,3,priority_heavy
5117,5,27,35,10,3,priority_heavy
5117,6,10,44,2,4,priority_heavy
5117,7,3,30,2,0,priority_heavy
5117,8,23,17,1,4,priority_heavy
5117,9,27,34,1,1,priority_heavy
5117,10,8,27,1,1,priority_heavy
5117,11,6,48,2,2,priority_heavy
5117,12,0,45,2,3,priority_heavy
5117,13,24,17,2,2,priority_heavy
5117,14,10,27,2,4,priority_heavy
5117,15,27,19,2,3,priority_heavy
5117,16,7,27,9,4,priority_heavy
5117,17,12,24,9,4,priority_heavy
5117,18,30,39,2,3,priority_heavy
5117,19,7,45,10,4,priority_heavy
5117,20,26,47,10,1,priority_heavy
5117,21,24,15,9,4,priority_heavy
5118,1,2,67,6,2,cpu_bound
5118,2,12,95,9,1,cpu_bound
5118,3,4,95,4,2,cpu_bound
5118,4,6,99,5,1,cpu_bound
5118,5,7,88,8,1,cpu_bound
5118,6,20,91,7,1,cpu_bound
5118,7,0,93,5,0,cpu_bound
5118,8,5,76,7,0,cpu_bound
5118,9,14,78,10,1,cpu_bound
5118,10,4,66,9,0,cpu_bound
5118,11,3,63,6,0,cpu_bound
5118,12,4,66,8,1,cpu_bound
5118,13,6,95,5,0,cpu_bound
5118,14,20,67,4,0,cpu_bound
5118,15,2,64,10,1,cpu_bound
5118,16,13,62,6,1,cpu_bound
5118,17,6,89,5,0,cpu_bound
5118,18,3,64,8,0,cpu_bound
5118,19,2,99,4,0,cpu_bound
5118,20,8,98,5,2,cpu_bound
5118,21,15,97,4,1,cpu_bound
5118,22,3,96,8,1,cpu_bound
5118,23,13,97,9,2,cpu_bound
5118,24,0,95,4,1,cpu_bound
5118,25,16,98,8,0,cpu_bound
5118,26,3,77,4,2,cpu_bound
5118,27,20,80,8,1,cpu_bound
5118,28,15,68,5,2,cpu_bound
5118,29,16,64,7,2,cpu_bound
5119,1,2,64,8,2,cpu_bound
5119,2,3,68,6,1,cpu_bound
5119,3,6,83,10,0,cpu_bound
5119,4,10,98,4,1,cpu_bound
5119,5,10,90,6,2,cpu_bound
5119,6,6,66,6,1,cpu_bound
5119,7,14,88,10,0,cpu_bound
5119,8,19,71,4,2,cpu_bound
5119,9,4,94,10,2,cpu_bound
5119,10,8,83,5,1,cpu_bound
5119,11,5,78,6,1,cpu_bound
5119,12,6,94,5,1,cpu_bound
5119,13,5,98,9,1,cpu_bound
5119,14,15,75,5,2,cpu_bound
5119,15,0,81,10,1,cpu_bound
5119,16,6,94,5,1,cpu_bound
5119,17,19,62,8,1,cpu_bound
5120,1,9,19,7,6,fairness
5120,2,6,17,4,8,fairness
5120,3,3,17,4,10,fairness
5120,4,3,18,5,10,fairness
5120,5,9,24,6,8,fairness
5120,6,9,25,5,9,fairness
5120,7,8,17,4,7,fairness
5121,1,10,17,4,8,fairness
5121,2,10,29,7,6,fairness
5121,3,8,29,4,5,fairness
5121,4,10,26,6,9,fairness
5121,5,5,18,5,8,fairness
5121,6,3,27,7,6,fairness
5121,7,10,20,6,6,fairness
5121,8,5,25,7,9,fairness
5121,9,3,20,5,8,fairness
5122,1,16,36,8,2,sjf_friendly
5122,2,36,90,6,1,sjf_friendly
5122,3,19,82,5,4,sjf_friendly
5122,4,19,3,5,3,sjf_friendly
5122,5,14,4,8,0,sjf_friendly
5122,6,9,5,10,1,sjf_friendly
5122,7,33,21,4,3,sjf_friendly
5122,8,40,5,9,2,sjf_friendly
5122,9,21,25,10,2,sjf_friendly
5122,10,12,98,5,1,sjf_friendly
5122,11,26,80,9,0,sjf_friendly
5123,1,53,29,10,8,bursty
5123,2,0,18,5,2,bursty
5123,3,53,12,8,4,bursty
5123,4,50,25,5,8,bursty
5123,5,47,41,5,2,bursty
5124,1,3,42,6,4,bursty
5124,2,3,45,5,2,bursty
5124,3,63,36,2,4,bursty
5124,4,6,7,5,5,bursty
5124,5,67,56,4,2,bursty
5124,6,34,8,9,3,bursty
5124,7,67,57,2,3,bursty
5124,8,34,8,6,4,bursty
5124,9,35,51,5,3,bursty
5124,10,31,31,7,6,bursty
5124,11,9,15,6,2,bursty
5124,12,67,50,6,4,bursty
5124,13,3,49,3,7,bursty
5124,14,6,14,8,7,bursty
5124,15,7,22,5,4,bursty
5124,16,67,33,10,4,bursty
5124,17,67,47,3,8,bursty
5124,18,64,52,4,4,bursty
5124,19,4,35,7,5,bursty
5124,20,66,49,3,5,bursty
5124,21,34,16,9,5,bursty
5124,22,65,26,5,7,bursty
5124,23,62,56,6,6,bursty
5124,24,4,20,5,6,bursty
5124,25,62,43,3,3,bursty
5124,26,36,39,5,7,bursty
5124,27,9,18,5,7,bursty
5124,28,64,43,1,2,bursty
5124,29,9,24,7,7,bursty
5125,1,9,84,4,0,sjf_friendly
5125,2,9,2,5,4,sjf_friendly
5125,3,26,27,5,2,sjf_friendly
5125,4,14,31,6,4,sjf_friendly
5125,5,21,34,10,4,sjf_friendly
5125,6,37,77,9,0,sjf_friendly
5125,7,36,3,6,1,sjf_friendly
5125,8,15,29,9,3,sjf_friendly
5125,9,2,33,8,2,sjf_friendly
5125,10,35,22,8,0,sjf_friendly
5125,11,28,25,10,3,sjf_friendly
5125,12,23,5,8,1,sjf_friendly
5125,13,1,74,10,4,sjf_friendly
5125,14,33,2,6,2,sjf_friendly
5125,15,37,3,8,1,sjf_friendly
5125,16,16,91,6,2,sjf_friendly
5125,17,35,4,9,0,sjf_friendly
5125,18,35,30,4,3,sjf_friendly
5125,19,15,36,5,0,sjf_friendly
5125,20,30,100,5,4,sjf_friendly
5125,21,21,4,9,1,sjf_friendly
5125,22,26,39,8,2,sjf_friendly
5125,23,23,2,9,0,sjf_friendly
5125,24,38,22,4,4,sjf_friendly
5125,25,39,4,10,0,sjf_friendly
5125,26,31,21,4,0,sjf_friendly
5125,27,9,98,6,2,sjf_friendly
5126,1,9,89,7,1,cpu_bound
5126,2,6,75,7,2,cpu_bound
5126,3,10,83,5,1,cpu_bound
5126,4,13,88,7,1,cpu_bound
5126,5,11,67,7,0,cpu_bound
5126,6,11,79,10,0,cpu_bound
5126,7,15,89,9,2,cpu_bound
5126,8,8,71,9,1,cpu_bound
5126,9,8,95,10,0,cpu_bound
5126,10,14,89,9,1,cpu_bound
5126,11,10,74,10,2,cpu_bound
5126,12,19,98,5,2,cpu_bound
5127,1,37,1,6,1,sjf_friendly
5127,2,39,1,8,4,sjf_friendly
5127,3,39,2,8,0,sjf_friendly
5127,4,36,23,9,3,sjf_friendly
5127,5,9,1,9,3,sjf_friendly
5127,6,8,36,9,1,sjf_friendly
5127,7,6,37,7,1,sjf_friendly
5127,8,26,3,9,0,sjf_friendly
5127,9,17,82,4,0,sjf_friendly
5127,10,16,89,4,1,sjf_friendly
5127,11,24,22,6,3,sjf_friendly
5127,12,12,31,7,1,sjf_friendly
5127,13,24,97,8,2,sjf_friendly
5127,14,12,1,6,0,sjf_friendly
5127,15,32,4,6,1,sjf_friendly
5127,16,24,1,9,4,sjf_friendly
5127,17,0,5,8,0,sjf_friendly
5127,18,21,30,6,4,sjf_friendly
5127,19,20,98,10,0,sjf_friendly
5127,20,16,84,8,1,sjf_friendly
5127,21,29,85,5,2,sjf_friendly
5128,1,47,58,4,5,bursty
5128,2,5,18,10,4,bursty
5128,3,52,11,9,6,bursty
5128,4,4,54,7,8,bursty
5128,5,49,48,7,5,bursty
5128,6,71,22,1,7,bursty
5129,1,18,3,9,10,interactive
5129,2,82,2,6,9,interactive
5129,3,80,6,4,9,interactive
5129,4,74,4,9,7,interactive
5129,5,38,3,6,10,interactive
5129,6,54,8,1,7,interactive
5129,7,29,3,3,8,interactive
5129,8,76,8,8,10,interactive
5129,9,86,3,8,8,interactive
5129,10,21,6,10,7,interactive
5129,11,9,8,7,9,interactive
5129,12,1,1,3,10,interactive
5129,13,61,3,10,9,interactive
5129,14,21,10,5,10,interactive
5129,15,79,8,10,7,interactive
5129,16,49,7,5,9,interactive
5129,17,49,8,3,9,interactive
5129,18,39,1,5,9,interactive
5129,19,29,5,3,7,interactive
5129,20,61,8,8,7,interactive
5129,21,51,10,8,7,interactive
5129,22,65,5,8,10,interactive
5129,23,11,9,10,8,interactive
5130,1,4,25,5,10,fairness
5130,2,9,16,7,5,fairness
5130,3,1,28,5,5,fairness
5130,4,2,24,7,7,fairness
5130,5,6,15,6,10,fairness
5130,6,0,19,7,6,fairness
5130,7,4,20,5,8,fairness
5130,8,9,22,6,7,fairness
5130,9,8,16,6,6,fairness
5130,10,9,15,7,10,fairness
5130,11,2,17,6,6,fairness
5130,12,6,17,7,5,fairness
5130,13,8,25,5,10,fairness
5131,1,27,22,9,2,sjf_friendly
5131,2,23,20,5,4,sjf_friendly
5131,3,26,77,9,3,sjf_friendly
5131,4,24,5,9,2,sjf_friendly
5131,5,35,22,7,2,sjf_friendly
5131,6,29,25,9,4,sjf_friendly
5131,7,29,2,10,0,sjf_friendly
5131,8,0,3,6,2,sjf_friendly
5131,9,0,32,9,2,sjf_friendly
5131,10,10,1,8,3,sjf_friendly
5131,11,6,81,7,3,sjf_friendly
5131,12,20,20,7,1,sjf_friendly
5131,13,20,28,8,1,sjf_friendly
5131,14,39,3,4,4,sjf_friendly
5131,15,34,5,9,0,sjf_friendly
5131,16,36,36,6,4,sjf_friendly
5131,17,35,35,7,0,sjf_friendly
5131,18,35,2,7,4,sjf_friendly
5131,19,2,5,10,0,sjf_friendly
5131,20,32,2,9,0,sjf_friendly
5132,1,25,29,2,1,priority_heavy
5132,2,14,36,2,1,priority_heavy
5132,3,17,38,9,1,priority_heavy
5132,4,18,49,2,2,priority_heavy
5132,5,29,34,9,0,priority_heavy
5132,6,8,41,2,0,priority_heavy
5132,7,1,33,10,2,priority_heavy
5132,8,18,23,2,0,priority_heavy
5132,9,4,39,1,3,priority_heavy
5132,10,30,35,2,0,priority_heavy
5132,11,4,19,9,4,priority_heavy
5132,12,18,31,10,0,priority_heavy
5133,1,43,15,8,5,bursty
5133,2,41,7,4,5,bursty
5133,3,71,27,6,6,bursty
5133,4,42,5,4,8,bursty
5133,5,70,30,9,3,bursty
5133,6,74,36,5,6,bursty
5133,7,43,30,5,7,bursty
5133,8,47,10,7,8,bursty
5133,9,6,12,6,6,bursty
5133,10,5,8,8,2,bursty
5133,11,47,15,9,2,bursty
5133,12,4,53,3,6,bursty
5133,13,70,17,1,2,bursty
5133,14,46,60,5,7,bursty
5133,15,3,18,5,3,bursty
5133,16,72,25,3,3,bursty
5133,17,72,30,2,8,bursty
5133,18,69,47,4,3,bursty
5133,19,42,28,9,8,bursty
5133,20,68,29,9,6,bursty
5133,21,45,10,3,6,bursty
5133,22,73,13,4,8,bursty
5133,23,74,30,2,4,bursty
5134,1,15,40,8,2,sjf_friendly
5134,2,22,27,7,4,sjf_friendly
5134,3,0,99,6,4,sjf_friendly
5134,4,17,86,6,0,sjf_friendly
5134,5,23,30,5,0,sjf_friendly
5134,6,22,3,7,1,sjf_friendly
5134,7,7,4,10,2,sjf_friendly
5134,8,28,4,8,1,sjf_friendly
5134,9,34,2,4,1,sjf_friendly
5134,10,19,74,5,3,sjf_friendly
5134,11,22,1,4,2,sjf_friendly
5135,1,2,17,2,1,priority_heavy
5135,2,7,28,2,0,priority_heavy
5135,3,25,46,9,3,priority_heavy
5135,4,16,48,9,3,priority_heavy
5135,5,10,17,9,4,priority_heavy
5135,6,27,19,9,4,priority_heavy
5135,7,20,48,1,0,priority_heavy
5135,8,8,20,10,0,priority_heavy
5135,9,8,30,2,0,priority_heavy
5136,1,11,44,4,2,bursty
5136,2,11,14,2,5,bursty
5136,3,12,12,5,6,bursty
5136,4,13,14,5,5,bursty
5136,5,58,52,3,4,bursty
5136,6,16,42,2,5,bursty
5136,7,11,27,9,4,bursty
5136,8,17,24,1,2,bursty
5136,9,12,37,4,7,bursty
5137,1,29,8,7,10,interactive
5137,2,83,6,10,10,interactive
5137,3,49,9,5,10,interactive
5137,4,61,1,7,8,interactive
5137,5,9,10,2,9,interactive
5137,6,20,4,4,8,interactive
5137,7,50,3,5,8,interactive
5137,8,14,6,3,8,interactive
5137,9,48,10,7,9,interactive
5137,10,7,5,1,10,interactive
5138,1,35,26,10,3,sjf_friendly
5138,2,3,4,4,4,sjf_friendly
5138,3,6,20,4,3,sjf_friendly
5138,4,19,71,10,4,sjf_friendly
5138,5,38,27,5,0,sjf_friendly
5138,6,38,2,10,3,sjf_friendly
5138,7,15,5,6,0,sjf_friendly
5138,8,29,5,4,4,sjf_friendly
5139,1,65,37,10,6,bursty
5139,2,66,15,1,7,bursty
5139,3,12,59,6,3,bursty
5139,4,46,12,2,8,bursty
5139,5,49,56,3,6,bursty
5139,6,50,10,6,5,bursty
5139,7,62,24,7,2,bursty
5139,8,15,19,8,5,bursty
5139,9,10,41,10,2,bursty
5139,10,15,8,1,6,bursty
5139,11,63,8,6,8,bursty
5139,12,12,60,7,6,bursty
5139,13,47,37,7,3,bursty
5139,14,48,7,8,8,bursty
5139,15,61,12,2,8,bursty
5139,16,47,37,6,2,bursty
5139,17,49,39,7,2,bursty
5139,18,46,11,7,2,bursty
5139,19,49,10,5,6,bursty
5139,20,60,38,6,6,bursty
5139,21,52,60,1,2,bursty
5140,1,10,37,10,3,priority_heavy
5140,2,1,23,1,4,priority_heavy
5140,3,18,28,9,0,priority_heavy
5140,4,8,18,9,0,priority_heavy
5140,5,27,29,9,4,priority_heavy
5140,6,14,39,1,4,priority_heavy
5140,7,2,31,9,4,priority_heavy
5140,8,17,44,10,3,priority_heavy
5140,9,5,49,1,3,priority_heavy
5140,10,3,17,10,0,priority_heavy
5140,11,1,40,1,1,priority_heavy
5140,12,3,39,9,1,priority_heavy
5140,13,8,21,2,2,priority_heavy
5141,1,32,15,8,3,bursty
5141,2,6,48,7,3,bursty
5141,3,2,7,2,5,bursty
5141,4,35,35,10,5,bursty
5141,5,7,19,1,4,bursty
5141,6,31,43,1,4,bursty
5141,7,35,59,8,3,bursty
5141,8,67,25,9,2,bursty
5141,9,6,6,10,8,bursty
5141,10,6,35,7,6,bursty
5141,11,30,60,1,8,bursty
5141,12,1,37,7,5,bursty
5141,13,5,20,6,2,bursty
5141,14,65,45,3,3,bursty
5141,15,31,55,2,3,bursty
5141,16,4,39,10,2,bursty
5141,17,31,15,8,3,bursty
5141,18,68,36,7,8,bursty
5141,19,70,44,10,3,bursty
5141,20,66,51,1,2,bursty
5141,21,36,33,1,7,bursty
5141,22,2,21,3,5,bursty
5141,23,4,51,6,5,bursty
5141,24,64,31,2,7,bursty
5141,25,34,35,5,5,bursty
5141,26,5,25,3,7,bursty
5141,27,30,8,9,6,bursty
5141,28,6,40,1,4,bursty
5142,1,13,4,7,1,sjf_friendly
5142,2,28,4,8,2,sjf_friendly
5142,3,14,5,6,1,sjf_friendly
5142,4,7,30,9,3,sjf_friendly
5142,5,2,2,8,2,sjf_friendly
5142,6,23,79,4,2,sjf_friendly
5142,7,39,3,7,4,sjf_friendly
5142,8,2,1,4,3,sjf_friendly
5142,9,38,80,4,2,sjf_friendly
5142,10,13,1,10,2,sjf_friendly
5142,11,17,88,9,0,sjf_friendly
5142,12,15,1,9,4,sjf_friendly
5142,13,33,3,5,1,sjf_friendly
5142,14,15,82,7,3,sjf_friendly
5142,15,12,25,8,0,sjf_friendly
5142,16,6,97,4,1,sjf_friendly
5142,17,6,1,9,3,sjf_friendly
5142,18,4,71,4,4,sjf_friendly
5142,19,28,36,9,1,sjf_friendly
5142,20,10,94,9,1,sjf_friendly
5142,21,13,2,9,0,sjf_friendly
5142,22,38,4,7,1,sjf_friendly
5142,23,8,38,8,3,sjf_friendly
5142,24,12,4,6,0,sjf_friendly
5142,25,37,4,8,2,sjf_friendly
5142,26,1,3,6,0,sjf_friendly
5142,27,34,4,6,0,sjf_friendly
5142,28,37,5,7,1,sjf_friendly
5142,29,19,98,8,3,sjf_friendly
5142,30,15,79,5,2,sjf_friendly
5143,1,41,26,1,2,bursty
5143,2,8,60,3,4,bursty
5143,3,43,38,7,3,bursty
5143,4,4,14,3,4,bursty
5143,5,43,37,8,8,bursty
5143,6,78,10,6,7,bursty
5143,7,79,17,3,3,bursty
5143,8,76,21,7,5,bursty
5143,9,79,9,6,8,bursty
5143,10,4,60,5,3,bursty
5143,11,43,24,10,7,bursty
5143,12,42,14,3,6,bursty
5143,13,44,17,8,3,bursty
5143,14,5,54,8,8,bursty
5143,15,42,9,3,2,bursty
5143,16,6,6,2,6,bursty
5143,17,77,29,5,4,bursty
5143,18,76,39,6,8,bursty
5144,1,34,54,4,5,bursty
5144,2,72,24,1,5,bursty
5144,3,19,6,7,4,bursty
5144,4,69,32,3,6,bursty
5144,5,38,8,8,8,bursty
5144,6,20,56,8,4,bursty
5144,7,69,29,4,5,bursty
5144,8,37,54,2,8,bursty
5144,9,16,10,7,7,bursty
5144,10,15,6,1,5,bursty
5144,11,72,48,5,6,bursty
5144,12,70,33,6,7,bursty
5144,13,71,8,6,8,bursty
5144,14,35,9,8,6,bursty
5144,15,36,28,1,4,bursty
5144,16,34,12,10,5,bursty
5144,17,35,32,3,2,bursty
5144,18,75,8,5,7,bursty
5144,19,70,19,7,7,bursty
5144,20,15,47,1,7,bursty
5144,21,34,28,6,5,bursty
5144,22,37,38,10,5,bursty
5144,23,32,34,1,7,bursty
5144,24,36,5,3,4,bursty
5144,25,19,7,6,6,bursty
5145,1,11,6,3,7,interactive
5145,2,57,7,10,10,interactive
5145,3,30,4,7,8,interactive
5145,4,79,1,1,10,interactive
5145,5,66,10,1,9,interactive
5145,6,80,3,1,7,interactive
5145,7,0,4,2,7,interactive
5145,8,94,1,1,8,interactive
5145,9,3,8,8,8,interactive
5145,10,60,9,9,10,interactive
5145,11,96,9,4,10,interactive
5145,12,43,2,7,8,interactive
5145,13,31,9,9,10,interactive
5145,14,83,5,5,7,interactive
5146,1,65,49,10,5,bursty
5146,2,65,44,2,8,bursty
5146,3,61,32,9,5,bursty
5146,4,40,23,2,3,bursty
5146,5,46,20,1,7,bursty
5146,6,41,39,1,7,bursty
5146,7,40,49,6,3,bursty
5146,8,1,46,1,6,bursty
5146,9,42,34,7,8,bursty
5146,10,46,36,10,6,bursty
5146,11,46,7,6,6,bursty
5146,12,4,13,4,5,bursty
5146,13,0,20,8,3,bursty
5146,14,41,55,3,7,bursty
5146,15,46,47,7,3,bursty
5146,16,0,32,4,4,bursty
5146,17,64,8,2,2,bursty
5147,1,16,46,2,3,priority_heavy
5147,2,10,44,10,3,priority_heavy
5147,3,25,34,10,0,priority_heavy
5147,4,6,49,2,2,priority_heavy
5147,5,19,46,9,4,priority_heavy
5147,6,18,26,10,4,priority_heavy
5147,7,30,40,2,2,priority_heavy
5147,8,17,32,2,4,priority_heavy
5147,9,12,24,10,0,priority_heavy
5147,10,12,27,9,1,priority_heavy
5147,11,9,34,1,1,priority_heavy
5147,12,19,49,1,2,priority_heavy
5147,13,4,30,10,1,priority_heavy
5147,14,8,48,10,4,priority_heavy
5147,15,20,32,9,0,priority_heavy
5147,16,11,37,1,3,priority_heavy
5147,17,10,48,2,4,priority_heavy
5147,18,23,45,9,0,priority_heavy
5147,19,28,37,2,3,priority_heavy
5147,20,17,16,1,0,priority_heavy
5147,21,27,34,1,3,priority_heavy
5147,22,9,42,9,2,priority_heavy
5147,23,20,44,9,0,priority_heavy
5148,1,3,4,5,4,sjf_friendly
5148,2,34,89,6,4,sjf_friendly
5148,3,19,26,10,0,sjf_friendly
5148,4,6,5,7,1,sjf_friendly
5148,5,16,2,8,2,sjf_friendly
5148,6,8,37,5,2,sjf_friendly
5148,7,22,28,5,1,sjf_friendly
5148,8,24,5,9,0,sjf_friendly
5148,9,1,4,10,0,sjf_friendly
5148,10,37,4,10,1,sjf_friendly
5148,11,39,70,7,1,sjf_friendly
5148,12,38,22,8,4,sjf_friendly
5148,13,8,4,8,0,sjf_friendly
5148,14,16,81,6,4,sjf_friendly
5148,15,27,81,4,3,sjf_friendly
5148,16,29,3,6,2,sjf_friendly
5148,17,22,5,7,4,sjf_friendly
5148,18,20,3,7,0,sjf_friendly
5148,19,19,3,6,1,sjf_friendly
5148,20,26,1,4,2,sjf_friendly
5148,21,40,5,9,4,sjf_friendly
5148,22,15,2,10,3,sjf_friendly
5148,23,32,76,5,2,sjf_friendly
5148,24,25,38,7,1,sjf_friendly
5148,25,32,24,9,4,sjf_friendly
5148,26,23,1,10,2,sjf_friendly
5149,1,28,5,5,0,sjf_friendly
5149,2,32,100,6,4,sjf_friendly
5149,3,5,3,6,4,sjf_friendly
5149,4,21,4,9,2,sjf_friendly
5149,5,36,1,5,4,sjf_friendly
5149,6,24,93,7,2,sjf_friendly
5149,7,7,38,4,2,sjf_friendly
5149,8,13,28,8,0,sjf_friendly
5149,9,17,29,9,4,sjf_friendly
5149,10,39,34,5,0,sjf_friendly
5149,11,32,31,6,0,sjf_friendly
5149,12,27,1,7,2,sjf_friendly
5149,13,3,94,4,1,sjf_friendly
5149,14,8,3,7,0,sjf_friendly
5149,15,18,4,8,1,sjf_friendly
5149,16,17,4,10,4,sjf_friendly
5149,17,30,4,4,2,sjf_friendly
5149,18,27,1,5,1,sjf_friendly
5149,19,24,95,7,1,sjf_friendly
5149,20,9,1,5,0,sjf_friendly
5149,21,15,4,4,2,sjf_friendly
5149,22,19,31,8,3,sjf_friendly
5149,23,21,1,6,1,sjf_friendly
5149,24,33,27,4,0,sjf_friendly
5149,25,2,25,4,2,sjf_friendly
5149,26,11,5,6,2,sjf_friendly
5149,27,27,1,8,2,sjf_friendly
5150,1,29,33,2,4,priority_heavy
5150,2,28,15,2,4,priority_heavy
5150,3,9,42,1,4,priority_heavy
5150,4,22,43,2,1,priority_heavy
5150,5,28,35,9,3,priority_heavy
5150,6,9,31,2,1,priority_heavy
5150,7,23,49,9,3,priority_heavy
5150,8,17,31,2,1,priority_heavy
5150,9,24,37,9,0,priority_heavy
5150,10,4,50,1,3,priority_heavy
5150,11,26,17,10,0,priority_heavy
5150,12,29,31,9,0,priority_heavy
5150,13,12,18,1,2,priority_heavy
5150,14,16,45,1,0,priority_heavy
5150,15,12,34,9,2,priority_heavy
5150,16,13,20,1,4,priority_heavy
5150,17,1,34,10,2,priority_heavy
5150,18,3,29,1,0,priority_heavy
5150,19,29,29,9,4,priority_heavy
5150,20,13,24,2,1,priority_heavy
5150,21,16,30,9,1,priority_heavy
5150,22,15,27,1,4,priority_heavy
5150,23,17,25,1,1,priority_heavy
5150,24,3,29,10,3,priority_heavy
5150,25,6,28,2,0,priority_heavy
5150,26,11,21,10,3,priority_heavy
5150,27,28,30,9,0,priority_heavy
5150,28,20,41,10,4,priority_heavy
5150,29,15,27,10,4,priority_heavy
5150,30,1,48,10,1,priority_heavy
5151,1,11,34,9,3,priority_heavy
5151,2,9,23,10,1,priority_heavy
5151,3,16,42,10,2,priority_heavy
5151,4,0,39,10,4,priority_heavy
5151,5,14,44,2,2,priority_heavy
5151,6,29,20,10,3,priority_heavy
5151,7,18,24,9,1,priority_heavy
5151,8,22,41,10,0,priority_heavy
5152,1,5,22,4,9,fairness
5152,2,1,18,7,8,fairness
5152,3,8,22,4,5,fairness
5152,4,9,22,7,6,fairness
5152,5,2,18,4,9,fairness
5152,6,7,17,4,10,fairness
5152,7,2,28,7,7,fairness
5152,8,8,18,5,10,fairness
5152,9,7,16,6,9,fairness
5152,10,10,29,4,7,fairness
5152,11,4,29,6,8,fairness
5152,12,10,17,6,10,fairness
5152,13,3,24,5,5,fairness
5152,14,0,22,6,7,fairness
5152,15,8,25,6,6,fairness
5152,16,4,16,4,10,fairness
5152,17,0,15,5,8,fairness
5152,18,8,16,5,9,fairness
5152,19,7,15,5,5,fairness
5152,20,3,18,7,5,fairness
5152,21,4,16,4,5,fairness
5152,22,1,21,6,9,fairness
5152,23,4,15,4,7,fairness
5152,24,6,22,7,6,fairness
5152,25,9,29,6,6,fairness
5153,1,40,2,6,1,sjf_friendly
5153,2,19,40,6,4,sjf_friendly
5153,3,23,70,10,0,sjf_friendly
5153,4,39,79,7,1,sjf_friendly
5153,5,34,39,10,2,sjf_friendly
5153,6,28,2,7,2,sjf_friendly
5153,7,22,1,8,1,sjf_friendly
5153,8,10,26,4,0,sjf_friendly
5153,9,31,2,5,1,sjf_friendly
5153,10,13,1,5,0,sjf_friendly
5153,11,1,2,8,4,sjf_friendly
5153,12,8,71,8,3,sjf_friendly
5153,13,24,79,5,0,sjf_friendly
5153,14,7,88,6,0,sjf_friendly
5153,15,8,4,9,4,sjf_friendly
5153,16,28,86,7,0,sjf_friendly
5153,17,11,39,5,3,sjf_friendly
5153,18,9,90,7,2,sjf_friendly
5153,19,13,2,4,1,sjf_friendly
5153,20,40,3,9,0,sjf_friendly
5153,21,12,31,9,1,sjf_friendly
5153,22,27,2,6,0,sjf_friendly
5153,23,2,37,5,2,sjf_friendly
5153,24,38,76,4,0,sjf_friendly
5154,1,78,33,1,2,bursty
5154,2,33,56,6,6,bursty
5154,3,3,41,9,4,bursty
5154,4,35,59,9,3,bursty
5154,5,31,43,3,4,bursty
5154,6,32,45,2,4,bursty
5154,7,35,24,7,8,bursty
5154,8,77,47,10,6,bursty
5154,9,33,13,9,5,bursty
5154,10,5,51,8,4,bursty
5154,11,81,54,3,7,bursty
5154,12,77,51,3,4,bursty
5154,13,5,44,4,3,bursty
5154,14,31,26,10,5,bursty
5154,15,31,41,4,5,bursty
5154,16,33,24,3,4,bursty
5154,17,2,12,10,7,bursty
5154,18,30,51,1,5,bursty
5154,19,33,14,7,2,bursty
5154,20,4,50,2,7,bursty
5154,21,77,8,4,8,bursty
5154,22,77,29,10,3,bursty
5154,23,4,35,7,4,bursty
5154,24,3,20,8,6,bursty
5154,25,33,54,8,6,bursty
5154,26,3,28,6,5,bursty
5154,27,82,48,7,5,bursty
5154,28,30,60,5,7,bursty
5155,1,36,38,9,5,bursty
5155,2,39,46,6,6,bursty
5155,3,5,7,10,5,bursty
5155,4,11,32,1,3,bursty
5155,5,35,29,5,6,bursty
5155,6,9,16,1,6,bursty
5155,7,8,31,5,2,bursty
5155,8,39,10,3,2,bursty
5155,9,60,48,1,4,bursty
5155,10,34,9,8,3,bursty
5155,11,6,17,4,4,bursty
5155,12,36,11,9,3,bursty
5155,13,63,50,8,7,bursty
5155,14,61,38,4,4,bursty
5155,15,11,30,10,5,bursty
5155,16,40,23,10,2,bursty
5155,17,6,56,7,8,bursty
5155,18,39,20,5,5,bursty
5155,19,36,49,4,6,bursty
5155,20,63,39,8,8,bursty
5155,21,60,56,4,4,bursty
5155,22,61,45,7,6,bursty
5156,1,59,6,3,9,interactive
5156,2,81,9,5,8,interactive
5156,3,4,4,10,8,interactive
5156,4,9,10,4,10,interactive
5156,5,92,7,5,7,interactive
5157,1,17,75,10,1,cpu_bound
5157,2,5,84,9,2,cpu_bound
5157,3,4,98,7,2,cpu_bound
5157,4,17,84,8,2,cpu_bound
5157,5,8,72,4,0,cpu_bound
5158,1,1,30,4,8,fairness
5158,2,4,26,4,9,fairness
5158,3,5,29,7,9,fairness
5158,4,5,26,5,6,fairness
5158,5,3,21,6,9,fairness
5159,1,29,50,10,4,priority_heavy
5159,2,18,41,2,2,priority_heavy
5159,3,30,20,10,3,priority_heavy
5159,4,20,17,9,4,priority_heavy
5159,5,30,30,1,4,priority_heavy
5159,6,16,26,10,4,priority_heavy
5159,7,10,47,1,2,priority_heavy
5159,8,29,26,2,0,priority_heavy
5159,9,30,22,2,4,priority_heavy
5159,10,4,50,10,0,priority_heavy
5159,11,1,18,9,3,priority_heavy
5159,12,18,46,9,4,priority_heavy
5159,13,4,28,9,2,priority_heavy
5159,14,10,30,1,2,priority_heavy
5159,15,19,28,2,3,priority_heavy
5159,16,16,39,10,2,priority_heavy
5159,17,23,22,9,0,priority_heavy
5159,18,7,50,10,4,priority_heavy
5159,19,2,50,2,4,priority_heavy
5159,20,16,26,10,4,priority_heavy
5159,21,24,18,10,0,priority_heavy
5159,22,29,19,1,0,priority_heavy
5159,23,21,35,1,0,priority_heavy
5159,24,22,24,2,4,priority_heavy
5159,25,12,36,10,4,priority_heavy
5159,26,11,42,1,4,priority_heavy
5159,27,2,19,9,2,priority_heavy
5160,1,30,46,1,3,priority_heavy
5160,2,23,35,1,1,priority_heavy
5160,3,23,46,9,2,priority_heavy
5160,4,21,22,9,0,priority_heavy
5160,5,12,24,1,4,priority_heavy
5160,6,22,40,2,2,priority_heavy
5160,7,6,23,10,1,priority_heavy
5160,8,15,27,9,4,priority_heavy
5160,9,23,45,10,3,priority_heavy
5160,10,22,43,1,3,priority_heavy
5160,11,22,28,1,0,priority_heavy
5160,12,0,41,10,3,priority_heavy
5160,13,21,40,2,3,priority_heavy
5160,14,1,19,2,4,priority_heavy
5160,15,24,30,10,3,priority_heavy
5160,16,14,28,2,4,priority_heavy
5160,17,13,44,10,2,priority_heavy
5160,18,16,21,9,4,priority_heavy
5160,19,6,39,1,0,priority_heavy
5160,20,28,40,1,4,priority_heavy
5160,21,10,21,9,4,priority_heavy
5161,1,19,1,10,9,interactive
5161,2,13,6,9,7,interactive
5161,3,27,2,7,8,interactive
5161,4,83,1,5,7,interactive
5161,5,17,1,8,9,interactive
5161,6,52,9,6,9,interactive
5161,7,70,2,3,10,interactive
5161,8,1,4,6,7,interactive
5161,9,28,4,2,10,interactive
5161,10,94,4,7,9,interactive
5161,11,4,6,2,9,interactive
5161,12,86,8,2,9,interactive
5161,13,90,7,6,7,interactive
5161,14,2,1,4,10,interactive
5161,15,41,9,3,9,interactive
5161,16,18,10,6,10,interactive
5161,17,15,4,6,8,interactive
5161,18,92,10,1,10,interactive
5161,19,44,6,10,8,interactive
5161,20,60,1,3,9,interactive
5161,21,82,9,2,10,interactive
5161,22,45,8,6,7,interactive
5161,23,48,5,9,8,interactive
5161,24,48,10,6,9,interactive
5161,25,57,6,3,9,interactive
5161,26,30,8,2,8,interactive
5161,27,15,3,9,10,interactive
5162,1,95,3,2,9,interactive
5162,2,39,3,4,9,interactive
5162,3,32,1,3,8,interactive
5162,4,82,3,5,9,interactive
5162,5,8,5,9,8,interactive
5162,6,32,4,8,7,interactive
5162,7,20,9,10,10,interactive
5162,8,87,2,8,8,interactive
5163,1,26,1,4,0,sjf_friendly
5163,2,1,83,10,3,sjf_friendly
5163,3,40,1,7,4,sjf_friendly
5163,4,22,26,8,2,sjf_friendly
5163,5,26,88,6,4,sjf_friendly
5163,6,1,87,4,4,sjf_friendly
5163,7,21,73,7,1,sjf_friendly
5163,8,29,3,9,2,sjf_friendly
5163,9,38,1,6,0,sjf_friendly
5164,1,6,19,6,5,fairness
5164,2,10,28,5,10,fairness
5164,3,8,22,5,5,fairness
5164,4,7,20,6,8,fairness
5164,5,10,21,5,5,fairness
5164,6,10,27,7,5,fairness
5164,7,6,22,4,5,fairness
5164,8,10,27,5,8,fairness
5164,9,3,25,5,9,fairness
5164,10,1,30,6,8,fairness
5164,11,0,22,4,6,fairness
5164,12,4,15,5,9,fairness
5164,13,4,20,7,6,fairness
5165,1,9,19,7,8,fairness
5165,2,3,20,5,10,fairness
5165,3,3,19,7,10,fairness
5165,4,2,29,4,5,fairness
5165,5,0,19,6,5,fairness
5165,6,8,18,6,10,fairness
5165,7,4,22,5,10,fairness
5165,8,0,29,7,6,fairness
5165,9,4,23,6,7,fairness
5165,10,5,28,6,10,fairness
5165,11,9,29,6,7,fairness
5165,12,2,28,5,5,fairness
5165,13,0,21,5,9,fairness
5165,14,8,27,4,6,fairness
5165,15,7,24,5,9,fairness
5165,16,0,25,4,10,fairness
5165,17,9,27,7,10,fairness
5166,1,8,20,6,8,fairness
5166,2,5,26,4,10,fairness
5166,3,2,29,4,8,fairness
5166,4,2,18,7,9,fairness
5166,5,8,22,4,5,fairness
5166,6,3,17,5,6,fairness
5166,7,7,17,6,10,fairness
5166,8,10,16,4,7,fairness
5166,9,6,28,6,5,fairness
5166,10,5,25,5,5,fairness
5166,11,7,19,7,8,fairness
5166,12,0,30,6,10,fairness
5166,13,7,23,4,5,fairness
5166,14,3,17,4,10,fairness
5166,15,9,26,4,5,fairness
5166,16,5,29,6,10,fairness
5167,1,8,27,10,3,priority_heavy
5167,2,14,48,2,0,priority_heavy
5167,3,3,32,9,1,priority_heavy
5167,4,17,15,1,1,priority_heavy
5167,5,19,49,9,0,priority_heavy
5167,6,24,45,9,3,priority_heavy
5167,7,3,43,2,0,priority_heavy
5167,8,9,30,10,1,priority_heavy
5167,9,18,36,2,4,priority_heavy
5167,10,20,18,10,2,priority_heavy
5167,11,20,20,2,1,priority_heavy
5167,12,27,26,2,3,priority_heavy
5167,13,29,49,10,1,priority_heavy
5167,14,14,42,9,4,priority_heavy
5167,15,16,38,1,2,priority_heavy
5167,16,9,17,9,1,priority_heavy
5167,17,16,15,1,2,priority_heavy
5167,18,19,25,1,0,priority_heavy
5167,19,28,17,1,0,priority_heavy
5167,20,25,35,1,4,priority_heavy
5167,21,28,32,10,3,priority_heavy
5167,22,2,37,10,3,priority_heavy
5167,23,7,22,2,1,priority_heavy
5167,24,5,47,9,0,priority_heavy
5167,25,28,37,9,1,priority_heavy
5167,26,3,49,9,4,priority_heavy
5167,27,22,49,2,0,priority_heavy
5168,1,9,63,4,2,cpu_bound
5168,2,9,64,7,1,cpu_bound
5168,3,15,85,7,2,cpu_bound
5168,4,2,80,7,1,cpu_bound
5168,5,16,63,10,2,cpu_bound
5168,6,2,75,8,1,cpu_bound
5168,7,9,63,9,1,cpu_bound
5168,8,19,79,7,1,cpu_bound
5168,9,17,65,10,0,cpu_bound
5168,10,13,71,7,2,cpu_bound
5168,11,12,99,9,0,cpu_bound
5168,12,11,72,4,0,cpu_bound
5168,13,4,61,6,1,cpu_bound
5168,14,12,90,6,2,cpu_bound
5168,15,16,83,9,0,cpu_bound
5168,16,18,81,6,1,cpu_bound
5169,1,9,24,4,10,fairness
5169,2,4,26,4,8,fairness
5169,3,9,28,7,9,fairness
5169,4,7,17,7,6,fairness
5169,5,1,20,4,10,fairness
5169,6,2,15,7,6,fairness
5169,7,0,29,4,10,fairness
5169,8,1,19,7,7,fairness
5169,9,2,24,5,6,fairness
5169,10,7,25,4,7,fairness
5169,11,9,25,7,9,fairness
5169,12,7,18,4,7,fairness
5169,13,10,17,4,6,fairness
5169,14,1,26,6,9,fairness
5169,15,8,25,5,6,fairness
5169,16,10,18,7,7,fairness
5169,17,4,22,5,6,fairness
5169,18,0,23,6,8,fairness
5169,19,10,23,6,5,fairness
5169,20,0,20,4,7,fairness
5169,21,0,30,7,8,fairness
5169,22,2,29,4,7,fairness
5169,23,9,28,6,10,fairness
5169,24,2,16,5,9,fairness
5169,25,3,25,7,10,fairness
5169,26,6,16,5,6,fairness
5169,27,1,17,7,6,fairness
5169,28,6,23,5,6,fairness
5169,29,5,19,6,10,fairness
5170,1,16,93,7,1,cpu_bound
5170,2,20,83,6,0,cpu_bound
5170,3,20,87,9,0,cpu_bound
5170,4,2,62,5,1,cpu_bound
5170,5,18,71,7,1,cpu_bound
5171,1,16,9,10,7,interactive
5171,2,81,9,1,7,interactive
5171,3,86,8,4,8,interactive
5171,4,79,5,2,8,interactive
5171,5,5,8,7,8,interactive
5171,6,48,10,6,8,interactive
5171,7,47,6,10,9,interactive
5171,8,75,5,5,9,interactive
5171,9,0,10,10,9,interactive
5171,10,83,1,4,10,interactive
5171,11,43,8,4,10,interactive
5171,12,2,10,5,8,interactive
5171,13,23,10,7,9,interactive
5171,14,45,7,7,8,interactive
5171,15,29,3,7,10,interactive
5171,16,4,9,9,8,interactive
5171,17,55,3,9,9,interactive
5171,18,27,3,2,7,interactive
5171,19,29,3,7,9,interactive
5172,1,8,4,5,9,interactive
5172,2,73,1,3,7,interactive
5172,3,78,5,10,10,interactive
5172,4,64,5,2,7,interactive
5172,5,10,8,10,10,interactive
5172,6,2,10,7,9,interactive
5172,7,11,9,7,7,interactive
5172,8,57,3,3,7,interactive
5172,9,3,5,5,7,interactive
5172,10,60,6,5,9,interactive
5172,11,77,6,1,10,interactive
5172,12,91,1,3,8,interactive
5172,13,72,6,8,10,interactive
5172,14,64,3,8,10,interactive
5172,15,99,2,2,7,interactive
5172,16,3,9,1,7,interactive
5172,17,31,9,9,7,interactive
5172,18,49,4,10,8,interactive
5172,19,27,7,5,10,interactive
5172,20,28,10,8,7,interactive
5172,21,46,8,8,8,interactive
5172,22,49,10,2,9,interactive
5172,23,27,10,3,8,interactive
5172,24,91,4,6,9,interactive
5172,25,52,6,9,10,interactive
5173,1,24,2,6,3,sjf_friendly
5173,2,10,40,10,1,sjf_friendly
5173,3,8,99,6,1,sjf_friendly
5173,4,36,4,8,0,sjf_friendly
5173,5,20,36,10,0,sjf_friendly
5173,6,33,84,4,3,sjf_friendly
5173,7,4,30,7,2,sjf_friendly
5173,8,40,77,6,2,sjf_friendly
5173,9,19,79,5,4,sjf_friendly
5173,10,4,79,8,4,sjf_friendly
5173,11,29,5,5,2,sjf_friendly
5173,12,23,90,9,3,sjf_friendly
5173,13,25,1,5,3,sjf_friendly
5173,14,15,3,7,4,sjf_friendly
5173,15,37,98,10,4,sjf_friendly
5173,16,18,2,7,0,sjf_friendly
5173,17,4,1,8,3,sjf_friendly
5173,18,14,82,5,2,sjf_friendly
5173,19,30,99,8,3,sjf_friendly
5173,20,26,35,6,2,sjf_friendly
5173,21,5,3,6,0,sjf_friendly
5173,22,13,100,9,3,sjf_friendly
5174,1,15,92,6,2,cpu_bound
5174,2,20,64,4,2,cpu_bound
5174,3,2,62,8,2,cpu_bound
5174,4,17,95,8,2,cpu_bound
5174,5,15,71,7,1,cpu_bound
5174,6,12,72,9,1,cpu_bound
5174,7,11,71,5,1,cpu_bound
5174,8,15,94,9,1,cpu_bound
5174,9,15,100,6,0,cpu_bound
5174,10,13,60,4,1,cpu_bound
5174,11,20,80,9,0,cpu_bound
5174,12,3,92,5,2,cpu_bound
5175,1,20,30,2,0,priority_heavy
5175,2,25,47,10,1,priority_heavy
5175,3,24,46,10,0,priority_heavy
5175,4,10,46,9,1,priority_heavy
5175,5,6,35,9,1,priority_heavy
5175,6,27,35,9,0,priority_heavy
5175,7,28,42,9,3,priority_heavy
5175,8,20,35,10,1,priority_heavy
5175,9,7,20,2,0,priority_heavy
5175,10,24,35,2,3,priority_heavy
5175,11,1,31,9,4,priority_heavy
5175,12,3,34,2,1,priority_heavy
5175,13,21,17,2,3,priority_heavy
5175,14,11,29,9,3,priority_heavy
5175,15,0,27,10,3,priority_heavy
5175,16,21,38,2,2,priority_heavy
5175,17,25,15,1,1,priority_heavy
5175,18,17,22,1,2,priority_heavy
5175,19,16,24,2,4,priority_heavy
5175,20,25,45,2,3,priority_heavy
5175,21,17,35,1,2,priority_heavy
5175,22,16,15,2,0,priority_heavy
5175,23,23,24,1,3,priority_heavy
5175,24,29,28,10,2,priority_heavy
5175,25,7,34,10,3,priority_heavy
5175,26,25,43,10,2,priority_heavy
5175,27,5,45,9,4,priority_heavy
5175,28,17,17,1,0,priority_heavy
5176,1,3,81,9,1,cpu_bound
5176,2,9,82,5,0,cpu_bound
5176,3,6,71,10,0,cpu_bound
5176,4,8,61,9,0,cpu_bound
5176,5,11,89,10,1,cpu_bound
5176,6,8,79,7,2,cpu_bound
5176,7,8,89,6,0,cpu_bound
5176,8,4,74,6,0,cpu_bound
5176,9,9,68,6,0,cpu_bound
5176,10,14,80,7,0,cpu_bound
5177,1,3,22,6,5,fairness
5177,2,4,20,4,9,fairness
5177,3,6,25,7,5,fairness
5177,4,0,18,7,5,fairness
5177,5,5,16,7,10,fairness
5177,6,5,18,4,10,fairness
5177,7,4,15,6,6,fairness
5177,8,5,18,5,5,fairness
5177,9,10,20,7,7,fairness
5177,10,0,23,4,5,fairness
5177,11,7,20,4,10,fairness
5177,12,3,26,5,5,fairness
5177,13,1,15,4,10,fairness
5177,14,2,15,7,10,fairness
5177,15,4,27,4,7,fairness
5177,16,3,25,6,5,fairness
5177,17,8,15,7,8,fairness
5177,18,10,23,6,9,fairness
5177,19,1,22,7,8,fairness
5177,20,7,21,5,5,fairness
5177,21,10,19,7,7,fairness
5177,22,3,15,5,7,fairness
5177,23,9,29,6,6,fairness
5177,24,3,23,4,10,fairness
5177,25,1,26,5,5,fairness
5177,26,1,16,4,9,fairness
5178,1,10,72,9,4,sjf_friendly
5178,2,19,23,6,0,sjf_friendly
5178,3,8,5,8,3,sjf_friendly
5178,4,38,33,10,4,sjf_friendly
5178,5,13,2,6,4,sjf_friendly
5178,6,5,2,4,2,sjf_friendly
5178,7,38,35,6,1,sjf_friendly
5179,1,51,8,7,10,interactive
5179,2,85,1,1,9,interactive
5179,3,6,1,5,9,interactive
5179,4,4,9,2,10,interactive
5179,5,4,4,4,9,interactive
5179,6,97,1,2,8,interactive
5179,7,0,8,5,7,interactive
5179,8,80,3,2,10,interactive
5179,9,79,2,8,7,interactive
5179,10,96,6,7,10,interactive
5179,11,23,4,1,8,interactive
5180,1,93,4,6,8,interactive
5180,2,41,3,10,9,interactive
5180,3,35,7,4,10,interactive
5180,4,86,10,2,8,interactive
5180,5,18,8,10,7,interactive
5180,6,84,6,4,10,interactive
5180,7,25,3,4,7,interactive
5180,8,54,8,7,10,interactive
5180,9,43,10,9,9,interactive
5180,10,55,2,1,10,interactive
5180,11,76,4,9,9,interactive
5181,1,17,78,9,0,sjf_friendly
5181,2,26,5,6,0,sjf_friendly
5181,3,4,26,4,0,sjf_friendly
5181,4,6,4,4,3,sjf_friendly
5181,5,20,5,5,2,sjf_friendly
5181,6,10,94,4,0,sjf_friendly
5181,7,13,2,5,2,sjf_friendly
5181,8,8,5,6,3,sjf_friendly
5181,9,33,30,8,0,sjf_friendly
5181,10,40,3,8,4,sjf_friendly
5181,11,37,74,5,2,sjf_friendly
5182,1,32,20,10,2,bursty
5182,2,2,29,8,6,bursty
5182,3,70,57,3,5,bursty
5182,4,31,24,3,4,bursty
5182,5,68,54,2,8,bursty
5182,6,35,11,7,4,bursty
5182,7,3,54,8,6,bursty
5182,8,66,25,9,7,bursty
5182,9,35,40,10,2,bursty
5182,10,69,25,5,5,bursty
5182,11,0,5,7,2,bursty
5182,12,67,17,9,4,bursty
5182,13,68,30,4,4,bursty
5182,14,0,37,2,6,bursty
5182,15,35,16,6,2,bursty
5182,16,36,44,1,6,bursty
5182,17,0,31,3,5,bursty
5182,18,70,6,4,3,bursty
5182,19,2,6,7,3,bursty
5182,20,66,22,9,3,bursty
5183,1,10,29,6,6,fairness
5183,2,9,16,5,10,fairness
5183,3,9,24,6,5,fairness
5183,4,10,19,5,10,fairness
5183,5,2,19,4,10,fairness
5183,6,6,21,7,7,fairness
5183,7,0,30,7,8,fairness
5183,8,9,26,7,5,fairness
5183,9,5,26,4,6,fairness
5183,10,0,21,4,8,fairness
5183,11,4,18,5,10,fairness
5183,12,2,16,4,5,fairness
5183,13,0,23,6,8,fairness
5183,14,2,24,5,8,fairness
5183,15,7,18,6,8,fairness
5183,16,6,17,7,10,fairness
5183,17,10,28,4,7,fairness
5183,18,2,26,7,5,fairness
5183,19,2,30,7,5,fairness
5184,1,4,100,4,1,cpu_bound
5184,2,16,84,8,1,cpu_bound
5184,3,3,84,7,2,cpu_bound
5184,4,8,80,4,0,cpu_bound
5184,5,9,86,4,2,cpu_bound
5185,1,10,10,1,10,interactive
5185,2,100,3,6,8,interactive
5185,3,31,7,9,9,interactive
5185,4,78,8,10,8,interactive
5185,5,20,1,7,9,interactive
5185,6,36,3,9,10,interactive
5185,7,19,7,5,7,interactive
5185,8,15,7,7,10,interactive
5185,9,75,8,10,7,interactive
5185,10,47,9,2,9,interactive
5186,1,10,8,10,9,interactive
5186,2,89,8,3,10,interactive
5186,3,58,6,5,9,interactive
5186,4,21,2,2,8,interactive
5186,5,28,4,4,10,interactive
5186,6,87,4,9,9,interactive
5186,7,26,5,9,7,interactive
5186,8,78,1,2,9,interactive
5186,9,74,3,6,7,interactive
5186,10,67,9,7,7,interactive
5186,11,41,10,4,7,interactive
5186,12,83,7,3,8,interactive
5186,13,5,4,7,9,interactive
5186,14,81,10,7,8,interactive
5186,15,7,8,5,9,interactive
5186,16,90,2,7,10,interactive
5186,17,2,1,7,8,interactive
5187,1,53,8,3,10,interactive
5187,2,54,10,2,7,interactive
5187,3,65,1,5,9,interactive
5187,4,9,9,8,9,interactive
5187,5,90,8,7,10,interactive
5187,6,24,4,3,8,interactive
5187,7,83,10,3,7,interactive
5187,8,38,10,2,8,interactive
5187,9,74,9,2,9,interactive
5187,10,71,2,6,7,interactive
5187,11,35,9,10,10,interactive
5187,12,73,8,10,10,interactive
5187,13,55,10,1,8,interactive
5187,14,28,6,1,10,interactive
5187,15,8,7,9,10,interactive
5187,16,89,8,3,7,interactive
5187,17,93,5,3,8,interactive
5187,18,80,1,6,9,interactive
5187,19,52,4,1,10,interactive
5187,20,39,2,1,10,interactive
5187,21,91,2,5,7,interactive
5187,22,3,7,1,8,interactive
5187,23,2,1,2,10,interactive
5187,24,81,8,7,7,interactive
5187,25,37,6,5,10,interactive
5187,26,7,10,1,8,interactive
5187,27,41,7,8,8,interactive
5188,1,10,1,10,10,interactive
5188,2,84,5,3,7,interactive
5188,3,96,10,1,7,interactive
5188,4,95,1,1,10,interactive
5188,5,10,5,3,9,interactive
5188,6,2,2,10,7,interactive
5188,7,84,7,7,8,interactive
5188,8,47,1,4,7,interactive
5188,9,7,3,9,9,interactive
5188,10,47,9,4,8,interactive
5188,11,23,5,1,10,interactive
5188,12,59,1,8,10,interactive
5188,13,19,2,8,7,interactive
5188,14,11,2,7,9,interactive
5188,15,39,2,1,9,interactive
5188,16,99,9,8,7,interactive
5188,17,6,5,10,7,interactive
5188,18,73,3,8,9,interactive
5188,19,22,4,2,9,interactive
5188,20,22,1,5,8,interactive
5188,21,3,1,5,10,interactive
5188,22,8,2,2,8,interactive
5188,23,90,1,8,10,interactive
5188,24,53,8,5,9,interactive
5188,25,65,8,7,7,interactive
5188,26,45,6,7,9,interactive
5188,27,81,1,3,7,interactive
5188,28,76,3,2,7,interactive
5188,29,99,7,6,10,interactive
5188,30,71,4,1,9,interactive
5189,1,7,84,7,2,cpu_bound
5189,2,16,80,5,1,cpu_bound
5189,3,15,95,5,1,cpu_bound
5189,4,13,87,6,0,cpu_bound
5189,5,18,86,10,0,cpu_bound
5189,6,15,84,7,1,cpu_bound
5189,7,5,70,6,1,cpu_bound
5189,8,4,97,6,1,cpu_bound
5189,9,18,74,4,1,cpu_bound
5189,10,12,73,7,2,cpu_bound
5189,11,14,97,4,2,cpu_bound
5189,12,12,76,6,2,cpu_bound
5190,1,40,21,6,2,sjf_friendly
5190,2,24,2,4,2,sjf_friendly
5190,3,22,4,6,4,sjf_friendly
5190,4,29,1,8,2,sjf_friendly
5190,5,9,35,10,4,sjf_friendly
5190,6,36,4,9,1,sjf_friendly
5190,7,29,1,8,0,sjf_friendly
5190,8,33,1,5,3,sjf_friendly
5190,9,1,23,6,1,sjf_friendly
5191,1,9,30,6,10,fairness
5191,2,8,30,6,7,fairness
5191,3,3,18,6,9,fairness
5191,4,2,25,4,9,fairness
5191,5,8,29,5,7,fairness
5191,6,3,28,7,6,fairness
5191,7,0,28,7,6,fairness
5191,8,10,25,5,9,fairness
5191,9,2,15,7,7,fairness
5191,10,8,23,6,9,fairness
5191,11,9,16,6,8,fairness
5191,12,7,23,6,7,fairness
5191,13,1,21,5,9,fairness
5191,14,7,19,4,5,fairness
5191,15,1,15,7,10,fairness
5191,16,5,29,7,9,fairness
5191,17,2,25,5,9,fairness
5191,18,10,20,7,10,fairness
5192,1,10,29,4,10,fairness
5192,2,1,28,5,9,fairness
5192,3,6,15,7,7,fairness
5192,4,8,16,6,6,fairness
5192,5,3,26,5,8,fairness
5192,6,10,19,4,6,fairness
5192,7,2,17,5,8,fairness
5192,8,3,16,6,9,fairness
5192,9,7,23,4,6,fairness
5192,10,8,16,4,7,fairness
5192,11,3,29,5,6,fairness
5192,12,0,17,4,9,fairness
5192,13,2,30,7,5,fairness
5192,14,7,15,5,5,fairness
5192,15,9,16,7,7,fairness
5192,16,10,21,4,10,fairness
5192,17,5,16,5,5,fairness
5192,18,7,22,4,10,fairness
5192,19,1,18,6,7,fairness
5193,1,6,76,9,1,cpu_bound
5193,2,9,76,10,2,cpu_bound
5193,3,9,65,5,1,cpu_bound
5193,4,10,84,10,0,cpu_bound
5193,5,12,87,6,2,cpu_bound
5193,6,11,86,10,0,cpu_bound
5193,7,10,63,4,1,cpu_bound
5193,8,4,82,9,1,cpu_bound
5193,9,17,73,5,0,cpu_bound
5193,10,13,89,9,0,cpu_bound
5193,11,3,60,9,1,cpu_bound
5193,12,16,89,8,0,cpu_bound
5193,13,9,61,6,0,cpu_bound
5193,14,3,77,8,2,cpu_bound
5193,15,12,67,10,0,cpu_bound
5193,16,6,74,7,0,cpu_bound
5193,17,13,75,9,1,cpu_bound
5193,18,11,95,7,2,cpu_bound
5193,19,9,79,9,0,cpu_bound
5193,20,20,74,8,2,cpu_bound
5193,21,14,70,9,2,cpu_bound
5193,22,3,71,10,2,cpu_bound
5193,23,6,95,10,0,cpu_bound
5193,24,5,79,10,0,cpu_bound
5193,25,13,88,4,2,cpu_bound
5193,26,3,93,10,0,cpu_bound
5193,27,13,75,8,0,cpu_bound
5193,28,12,69,4,2,cpu_bound
5194,1,25,4,6,3,sjf_friendly
5194,2,3,99,7,4,sjf_friendly
5194,3,27,3,9,4,sjf_friendly
5194,4,13,40,8,3,sjf_friendly
5194,5,13,1,8,2,sjf_friendly
5194,6,39,84,6,4,sjf_friendly
5194,7,14,5,5,2,sjf_friendly
5194,8,6,80,4,4,sjf_friendly
5194,9,19,27,10,2,sjf_friendly
5194,10,10,94,6,1,sjf_friendly
5194,11,25,25,6,3,sjf_friendly
5195,1,1,8,6,8,interactive
5195,2,45,3,3,9,interactive
5195,3,60,4,8,7,interactive
5195,4,9,7,3,8,interactive
5195,5,37,7,2,9,interactive
5195,6,59,9,3,8,interactive
5195,7,50,5,9,7,interactive
5195,8,92,2,1,10,interactive
5195,9,91,9,8,10,interactive
5195,10,80,10,7,8,interactive
5195,11,9,8,5,10,interactive
5195,12,65,3,1,10,interactive
5195,13,11,10,6,9,interactive
5195,14,38,7,7,10,interactive
5196,1,64,9,3,8,interactive
5196,2,28,7,3,9,interactive
5196,3,1,5,10,10,interactive
5196,4,1,10,3,9,interactive
5196,5,49,10,10,8,interactive
5196,6,24,6,6,10,interactive
5196,7,20,6,3,10,interactive
5196,8,71,1,7,7,interactive
5196,9,4,10,9,8,interactive
5197,1,6,28,4,10,fairness
5197,2,4,29,6,10,fairness
5197,3,3,18,7,5,fairness
5197,4,7,21,4,9,fairness
5197,5,0,26,7,7,fairness
5197,6,6,17,5,7,fairness
5197,7,3,26,4,10,fairness
5197,8,10,15,7,10,fairness
5197,9,3,17,6,5,fairness
5197,10,1,22,7,10,fairness
5197,11,9,22,7,7,fairness
5197,12,3,16,4,6,fairness
5197,13,0,21,5,6,fairness
5197,14,10,20,7,8,fairness
5197,15,3,29,4,7,fairness
5197,16,4,21,4,7,fairness
5197,17,9,26,6,8,fairness
5197,18,9,27,6,9,fairness
5197,19,3,15,5,10,fairness
5197,20,1,18,4,7,fairness
5197,21,9,24,6,5,fairness
5197,22,4,27,4,8,fairness
5197,23,7,19,4,5,fairness
5197,24,2,15,7,5,fairness
5197,25,3,26,4,9,fairness
5197,26,3,20,5,5,fairness
5197,27,6,18,5,10,fairness
5197,28,7,17,7,9,fairness
5197,29,10,29,4,7,fairness
5197,30,3,28,7,6,fairness
5198,1,62,8,2,5,bursty
5198,2,3,19,6,3,bursty
5198,3,8,54,8,6,bursty
5198,4,36,38,1,3,bursty
5198,5,7,31,4,8,bursty
5198,6,32,52,5,3,bursty
5198,7,63,34,8,7,bursty
5198,8,59,59,10,2,bursty
5198,9,63,27,1,8,bursty
5198,10,3,26,7,7,bursty
5199,1,22,36,2,3,priority_heavy
5199,2,28,45,10,0,priority_heavy
5199,3,27,30,9,4,priority_heavy
5199,4,10,16,9,3,priority_heavy
5199,5,23,48,9,2,priority_heavy
5199,6,22,47,9,3,priority_heavy
5199,7,26,32,10,3,priority_heavy
5200,1,2,76,5,2,cpu_bound
5200,2,2,73,8,2,cpu_bound
5200,3,1,78,10,0,cpu_bound
5200,4,0,100,5,2,cpu_bound
5200,5,0,65,4,1,cpu_bound
5200,6,11,71,6,1,cpu_bound
5200,7,13,65,4,2,cpu_bound
5200,8,16,76,10,1,cpu_bound
5200,9,19,62,7,0,cpu_bound
5200,10,3,91,5,2,cpu_bound
5200,11,3,76,6,1,cpu_bound
5200,12,19,98,5,1,cpu_bound
5200,13,18,68,8,2,cpu_bound
5200,14,17,100,4,2,cpu_bound
5200,15,17,97,9,1,cpu_bound
5200,16,17,73,7,2,cpu_bound
5200,17,12,75,6,1,cpu_bound
5200,18,3,94,7,2,cpu_bound
5200,19,1,75,6,2,cpu_bound
5200,20,12,91,7,2,cpu_bound
5200,21,18,73,9,0,cpu_bound
5200,22,14,97,5,2,cpu_bound
5201,1,33,1,10,2,sjf_friendly
5201,2,20,35,9,4,sjf_friendly
5201,3,3,1,6,2,sjf_friendly
5201,4,10,5,7,0,sjf_friendly
5201,5,26,4,8,0,sjf_friendly
5201,6,23,77,10,3,sjf_friendly
5201,7,7,35,6,4,sjf_friendly
5201,8,6,82,9,0,sjf_friendly
5201,9,39,98,5,1,sjf_friendly
5201,10,35,29,9,1,sjf_friendly
5201,11,11,1,8,2,sjf_friendly
5201,12,20,21,7,3,sjf_friendly
5201,13,0,97,4,1,sjf_friendly
5201,14,9,81,6,2,sjf_friendly
5201,15,32,3,9,2,sjf_friendly
5201,16,27,2,8,2,sjf_friendly
5201,17,38,85,10,1,sjf_friendly
5201,18,38,1,7,0,sjf_friendly
5201,19,24,4,8,4,sjf_friendly
5201,20,31,4,4,3,sjf_friendly
5201,21,18,81,9,1,sjf_friendly
5201,22,11,27,6,2,sjf_friendly
5201,23,26,5,9,1,sjf_friendly
5202,1,37,29,6,2,sjf_friendly
5202,2,23,34,9,2,sjf_friendly
5202,3,10,1,7,0,sjf_friendly
5202,4,11,36,5,4,sjf_friendly
5202,5,31,2,10,3,sjf_friendly
5202,6,40,3,8,4,sjf_friendly
5202,7,38,2,9,4,sjf_friendly
5202,8,9,82,10,0,sjf_friendly
5202,9,38,34,10,0,sjf_friendly
5202,10,27,40,9,3,sjf_friendly
5202,11,23,98,6,1,sjf_friendly
5202,12,38,3,10,3,sjf_friendly
5202,13,32,79,7,2,sjf_friendly
5202,14,21,38,6,0,sjf_friendly
5202,15,35,81,7,0,sjf_friendly
5202,16,40,75,5,4,sjf_friendly
5202,17,26,5,10,4,sjf_friendly
5202,18,12,27,9,0,sjf_friendly
5202,19,6,23,9,4,sjf_friendly
5202,20,16,1,7,1,sjf_friendly
5202,21,25,37,5,2,sjf_friendly
5202,22,33,5,7,0,sjf_friendly
5202,23,9,21,9,3,sjf_friendly
5202,24,7,32,6,2,sjf_friendly
5203,1,10,17,7,6,fairness
5203,2,4,20,7,9,fairness
5203,3,9,16,4,8,fairness
5203,4,2,19,6,5,fairness
5203,5,6,19,4,8,fairness
5203,6,8,18,6,5,fairness
5203,7,8,24,5,5,fairness
5203,8,8,16,7,7,fairness
5203,9,8,18,5,5,fairness
5203,10,7,24,5,9,fairness
5203,11,7,21,7,9,fairness
5203,12,6,18,7,9,fairness
5203,13,0,23,4,9,fairness
5203,14,7,16,7,7,fairness
5203,15,9,16,6,9,fairness
5204,1,10,100,10,2,cpu_bound
5204,2,5,98,5,2,cpu_bound
5204,3,0,87,9,2,cpu_bound
5204,4,9,84,5,1,cpu_bound
5204,5,7,92,5,1,cpu_bound
5204,6,14,91,9,2,cpu_bound
5204,7,11,93,6,2,cpu_bound
5204,8,4,60,6,1,cpu_bound
5204,9,16,91,5,2,cpu_bound
5204,10,20,73,9,0,cpu_bound
5204,11,11,79,6,2,cpu_bound
5204,12,9,65,4,0,cpu_bound
5205,1,10,19,4,5,fairness
5205,2,4,28,7,5,fairness
5205,3,5,29,7,5,fairness
5205,4,3,15,7,8,fairness
5205,5,9,16,6,8,fairness
5205,6,3,24,4,10,fairness
5205,7,10,30,4,7,fairness
5205,8,3,26,4,9,fairness
5205,9,8,28,4,7,fairness
5205,10,6,20,4,7,fairness
5205,11,7,21,6,10,fairness
5205,12,4,21,7,10,fairness
5205,13,3,26,4,10,fairness
5205,14,2,16,6,7,fairness
5205,15,9,19,5,9,fairness
5205,16,4,25,4,7,fairness
5205,17,5,22,7,6,fairness
5205,18,0,16,5,9,fairness
5205,19,10,23,5,8,fairness
5205,20,7,30,7,10,fairness
5205,21,7,21,6,9,fairness
5205,22,0,27,6,10,fairness
5205,23,3,23,7,6,fairness
5205,24,7,18,6,5,fairness
5205,25,9,23,4,5,fairness
5205,26,10,16,7,6,fairness
5206,1,0,23,7,8,fairness
5206,2,10,24,4,10,fairness
5206,3,5,27,6,7,fairness
5206,4,0,17,4,7,fairness
5206,5,10,17,6,6,fairness
5206,6,2,30,5,5,fairness
5206,7,3,27,5,10,fairness
5206,8,5,19,6,8,fairness
5206,9,10,18,6,5,fairness
5206,10,1,18,6,10,fairness
5206,11,1,17,6,8,fairness
5206,12,0,25,6,10,fairness
5206,13,10,22,6,6,fairness
5206,14,5,25,4,5,fairness
5206,15,7,28,6,10,fairness
5207,1,31,1,5,1,sjf_friendly
5207,2,8,85,10,2,sjf_friendly
5207,3,32,97,5,0,sjf_friendly
5207,4,5,31,6,2,sjf_friendly
5207,5,22,81,7,3,sjf_friendly
5207,6,9,28,4,4,sjf_friendly
5207,7,13,3,6,0,sjf_friendly
5207,8,16,26,7,2,sjf_friendly
5207,9,27,20,5,0,sjf_friendly
5207,10,36,37,8,1,sjf_friendly
5207,11,19,38,8,4,sjf_friendly
5207,12,15,99,5,3,sjf_friendly
5208,1,9,19,6,8,fairness
5208,2,0,28,7,10,fairness
5208,3,6,16,4,6,fairness
5208,4,2,20,6,5,fairness
5208,5,10,18,4,5,fairness
5208,6,1,18,6,10,fairness
5208,7,10,30,5,6,fairness
5208,8,3,18,5,6,fairness
5208,9,7,29,7,5,fairness
5208,10,10,22,5,8,fairness
5208,11,3,19,6,8,fairness
5208,12,0,23,5,7,fairness
5208,13,10,16,6,9,fairness
5208,14,2,16,4,7,fairness
5208,15,5,26,5,10,fairness
5208,16,1,29,7,7,fairness
5208,17,8,27,6,10,fairness
5208,18,7,22,7,9,fairness
5208,19,10,21,5,8,fairness
5208,20,7,22,4,5,fairness
5209,1,38,72,5,1,sjf_friendly
5209,2,30,75,4,2,sjf_friendly
5209,3,26,3,8,1,sjf_friendly
5209,4,27,1,7,1,sjf_friendly
5209,5,33,97,8,1,sjf_friendly
5209,6,24,39,7,2,sjf_friendly
5209,7,14,5,4,3,sjf_friendly
5209,8,27,76,10,0,sjf_friendly
5209,9,28,28,6,2,sjf_friendly
5209,10,4,90,8,3,sjf_friendly
5209,11,11,5,9,3,sjf_friendly
5209,12,10,1,5,1,sjf_friendly
5209,13,15,21,6,1,sjf_friendly
5209,14,31,1,9,4,sjf_friendly
5209,15,30,27,5,4,sjf_friendly
5209,16,14,82,8,3,sjf_friendly
5209,17,5,4,4,2,sjf_friendly
5209,18,6,38,5,1,sjf_friendly
5209,19,14,73,8,4,sjf_friendly
5209,20,13,2,4,3,sjf_friendly
5209,21,12,5,5,4,sjf_friendly
5210,1,32,2,4,0,sjf_friendly
5210,2,24,5,8,3,sjf_friendly
5210,3,33,26,7,2,sjf_friendly
5210,4,17,86,4,4,sjf_friendly
5210,5,28,4,10,2,sjf_friendly
5210,6,4,4,4,4,sjf_friendly
5210,7,6,3,6,1,sjf_friendly
5210,8,19,26,8,1,sjf_friendly
5210,9,12,3,5,0,sjf_friendly
5210,10,16,1,10,0,sjf_friendly
5210,11,4,21,5,0,sjf_friendly
5210,12,28,4,4,0,sjf_friendly
5210,13,39,72,10,0,sjf_friendly
5210,14,11,3,4,1,sjf_friendly
5210,15,39,5,7,4,sjf_friendly
5210,16,26,21,5,1,sjf_friendly
5210,17,32,99,6,1,sjf_friendly
5210,18,14,27,10,1,sjf_friendly
5210,19,22,3,5,1,sjf_friendly
5210,20,27,24,4,3,sjf_friendly
5210,21,25,90,10,3,sjf_friendly
5210,22,0,30,7,1,sjf_friendly
5210,23,16,1,7,4,sjf_friendly
5210,24,31,2,4,2,sjf_friendly
5211,1,7,59,3,8,bursty
5211,2,12,13,5,4,bursty
5211,3,70,25,5,5,bursty
5211,4,73,30,7,2,bursty
5211,5,8,22,7,2,bursty
5211,6,67,33,10,8,bursty
5211,7,33,29,6,8,bursty
5211,8,9,50,1,2,bursty
5211,9,72,17,3,5,bursty
5211,10,37,42,2,5,bursty
5211,11,6,18,4,6,bursty
5211,12,33,43,3,5,bursty
5211,13,35,40,10,3,bursty
5211,14,6,53,8,8,bursty
5211,15,36,57,7,8,bursty
5211,16,34,7,1,7,bursty
5212,1,15,18,9,2,priority_heavy
5212,2,3,15,1,2,priority_heavy
5212,3,6,17,9,3,priority_heavy
5212,4,7,35,9,3,priority_heavy
5212,5,8,47,9,3,priority_heavy
5212,6,7,33,1,0,priority_heavy
5212,7,29,19,10,0,priority_heavy
5212,8,0,15,2,3,priority_heavy
5212,9,1,37,10,2,priority_heavy
5212,10,1,19,10,0,priority_heavy
5212,11,19,45,2,2,priority_heavy
5213,1,60,52,8,6,bursty
5213,2,57,53,4,5,bursty
5213,3,19,28,10,4,bursty
5213,4,18,24,6,4,bursty
5213,5,59,42,6,2,bursty
5213,6,41,17,7,4,bursty
5213,7,57,54,8,7,bursty
5213,8,19,29,3,2,bursty
5214,1,2,19,7,8,fairness
5214,2,0,22,7,6,fairness
5214,3,3,26,6,10,fairness
5214,4,4,22,6,5,fairness
5214,5,2,29,5,10,fairness
5214,6,8,23,5,6,fairness
5214,7,9,25,4,7,fairness
5214,8,5,17,4,9,fairness
5214,9,1,26,7,9,fairness
5214,10,8,19,4,5,fairness
5214,11,7,24,6,10,fairness
5214,12,8,28,4,6,fairness
5214,13,3,19,4,9,fairness
5214,14,6,15,5,9,fairness
5214,15,6,29,5,5,fairness
5214,16,1,29,5,8,fairness
5214,17,6,25,5,7,fairness
5214,18,9,17,5,9,fairness
5214,19,5,16,5,6,fairness
5214,20,1,22,6,6,fairness
5214,21,8,15,4,7,fairness
5214,22,3,15,6,7,fairness
5215,1,27,32,4,1,sjf_friendly
5215,2,2,2,7,3,sjf_friendly
5215,3,22,76,9,3,sjf_friendly
5215,4,9,100,9,1,sjf_friendly
5215,5,13,89,6,1,sjf_friendly
5215,6,7,100,10,3,sjf_friendly
5215,7,21,5,9,0,sjf_friendly
5215,8,29,34,9,4,sjf_friendly
5215,9,17,97,6,1,sjf_friendly
5215,10,13,4,7,1,sjf_friendly
5215,11,22,1,9,4,sjf_friendly
5215,12,11,4,9,4,sjf_friendly
5215,13,38,82,6,3,sjf_friendly
5215,14,8,82,10,2,sjf_friendly
5215,15,7,4,7,4,sjf_friendly
5215,16,29,70,5,4,sjf_friendly
5215,17,0,5,6,0,sjf_friendly
5215,18,10,3,8,3,sjf_friendly
5216,1,19,74,8,2,cpu_bound
5216,2,0,91,7,0,cpu_bound
5216,3,8,65,10,0,cpu_bound
5216,4,4,63,5,2,cpu_bound
5216,5,15,65,9,2,cpu_bound
5216,6,1,76,9,1,cpu_bound
5216,7,0,86,9,2,cpu_bound
5216,8,16,96,10,1,cpu_bound
5216,9,15,65,8,1,cpu_bound
5216,10,8,75,7,2,cpu_bound
5216,11,15,82,10,1,cpu_bound
5216,12,7,90,8,0,cpu_bound
5216,13,13,62,8,0,cpu_bound
5216,14,20,94,5,2,cpu_bound
5217,1,7,41,1,5,bursty
5217,2,59,58,7,4,bursty
5217,3,64,44,8,6,bursty
5217,4,12,7,4,3,bursty
5217,5,39,25,8,6,bursty
5217,6,59,38,3,3,bursty
5217,7,64,40,2,6,bursty
5217,8,37,22,8,6,bursty
5217,9,38,49,1,6,bursty
5217,10,62,26,6,8,bursty
5217,11,64,45,5,4,bursty
5217,12,33,18,1,6,bursty
5217,13,10,22,8,6,bursty
5217,14,62,53,9,7,bursty
5217,15,58,15,9,8,bursty
5217,16,61,20,1,5,bursty
5217,17,9,57,2,5,bursty
5217,18,39,5,3,8,bursty
5217,19,36,54,9,3,bursty
5217,20,7,41,3,6,bursty
5217,21,9,21,8,7,bursty
5217,22,9,17,6,4,bursty
5217,23,10,27,3,3,bursty
5217,24,8,58,3,3,bursty
5217,25,59,49,2,7,bursty
5217,26,11,9,9,6,bursty
5217,27,11,31,5,6,bursty
5218,1,2,26,10,0,priority_heavy
5218,2,3,23,2,2,priority_heavy
5218,3,7,29,1,4,priority_heavy
5218,4,4,36,2,3,priority_heavy
5218,5,14,48,10,4,priority_heavy
5218,6,23,39,1,0,priority_heavy
5218,7,30,36,2,3,priority_heavy
5218,8,21,27,2,1,priority_heavy
5218,9,12,34,2,2,priority_heavy
5218,10,9,24,1,2,priority_heavy
5218,11,9,34,2,3,priority_heavy
5218,12,24,17,2,1,priority_heavy
5218,13,9,25,10,2,priority_heavy
5218,14,0,17,10,4,priority_heavy
5218,15,4,30,1,3,priority_heavy
5218,16,15,17,2,2,priority_heavy
5218,17,4,21,1,3,priority_heavy
5218,18,5,24,1,4,priority_heavy
5218,19,25,23,2,1,priority_heavy
5218,20,29,24,1,4,priority_heavy
5218,21,27,20,1,1,priority_heavy
5218,22,6,41,10,0,priority_heavy
5218,23,5,16,9,1,priority_heavy
5218,24,13,29,1,4,priority_heavy
5218,25,19,29,1,2,priority_heavy
5218,26,12,21,1,0,priority_heavy
5218,27,29,39,1,4,priority_heavy
5218,28,26,44,2,3,priority_heavy
5219,1,9,26,7,10,fairness
5219,2,8,16,4,6,fairness
5219,3,8,24,5,10,fairness
5219,4,4,30,5,7,fairness
5219,5,4,18,5,6,fairness
5219,6,6,29,7,6,fairness
5219,7,7,21,7,8,fairness
5219,8,5,17,4,6,fairness
5219,9,4,22,6,6,fairness
5219,10,1,16,7,9,fairness
5219,11,1,18,7,10,fairness
5219,12,1,28,6,6,fairness
5219,13,0,22,7,7,fairness
5219,14,2,25,5,5,fairness
5219,15,7,15,6,7,fairness
5219,16,2,16,6,8,fairness
5219,17,2,23,6,9,fairness
5219,18,9,16,4,9,fairness
5219,19,5,15,7,10,fairness
5219,20,0,23,5,6,fairness
5219,21,0,25,4,7,fairness
5219,22,6,28,5,5,fairness
5219,23,1,26,7,7,fairness
5219,24,8,17,6,10,fairness
5219,25,10,15,6,5,fairness
5219,26,1,21,5,5,fairness
5220,1,16,4,2,8,interactive
5220,2,8,5,8,10,interactive
5220,3,68,8,10,8,interactive
5220,4,93,7,5,10,interactive
5220,5,78,6,7,9,interactive
5220,6,4,5,4,7,interactive
5220,7,7,3,3,7,interactive
5220,8,45,6,1,7,interactive
5220,9,20,2,5,8,interactive
5220,10,90,10,3,8,interactive
5220,11,81,2,9,7,interactive
5220,12,73,9,9,10,interactive
5220,13,78,8,1,9,interactive
5221,1,15,44,1,2,priority_heavy
5221,2,4,37,9,3,priority_heavy
5221,3,2,17,10,2,priority_heavy
5221,4,4,43,9,1,priority_heavy
5221,5,26,39,1,4,priority_heavy
5221,6,30,30,1,3,priority_heavy
5221,7,2,49,2,4,priority_heavy
5221,8,8,45,1,3,priority_heavy
5221,9,21,20,2,3,priority_heavy
5221,10,14,38,1,0,priority_heavy
5221,11,28,18,1,1,priority_heavy
5221,12,30,23,9,2,priority_heavy
5221,13,7,35,1,2,priority_heavy
5221,14,9,27,10,4,priority_heavy
5222,1,2,17,6,7,fairness
5222,2,1,24,6,5,fairness
5222,3,5,30,4,10,fairness
5222,4,1,25,5,9,fairness
5222,5,5,20,7,5,fairness
5222,6,10,20,6,10,fairness
5222,7,3,17,4,6,fairness
5222,8,9,27,7,9,fairness
5223,1,71,7,2,7,bursty
5223,2,37,40,5,6,bursty
5223,3,5,42,8,2,bursty
5223,4,71,48,6,5,bursty
5223,5,6,58,9,7,bursty
5223,6,6,48,6,5,bursty
5223,7,9,15,8,4,bursty
5223,8,38,52,7,3,bursty
5223,9,37,18,3,8,bursty
5223,10,4,56,2,4,bursty
5223,11,75,25,6,6,bursty
5223,12,32,47,1,7,bursty
5223,13,37,40,10,7,bursty
5223,14,10,55,10,6,bursty
5223,15,34,19,4,5,bursty
5224,1,15,2,2,8,interactive
5224,2,87,7,9,9,interactive
5224,3,45,7,8,7,interactive
5224,4,64,2,2,10,interactive
5224,5,78,8,9,7,interactive
5224,6,62,5,5,10,interactive
5224,7,81,9,3,8,interactive
5224,8,13,2,2,7,interactive
5224,9,68,6,2,7,interactive
5224,10,74,6,4,9,interactive
5224,11,84,6,5,8,interactive
5224,12,15,3,1,9,interactive
5225,1,30,35,1,1,priority_heavy
5225,2,1,32,1,3,priority_heavy
5225,3,14,29,10,4,priority_heavy
5225,4,1,29,10,0,priority_heavy
5225,5,28,37,9,1,priority_heavy
5226,1,8,48,9,0,priority_heavy
5226,2,11,44,9,3,priority_heavy
5226,3,3,32,9,4,priority_heavy
5226,4,5,31,9,3,priority_heavy
5226,5,9,44,10,2,priority_heavy
5226,6,30,33,10,1,priority_heavy
5226,7,16,37,1,1,priority_heavy
5226,8,26,32,1,0,priority_heavy
5226,9,15,35,9,0,priority_heavy
5226,10,20,37,2,4,priority_heavy
5227,1,61,44,3,3,bursty
5227,2,0,24,3,6,bursty
5227,3,51,44,1,3,bursty
5227,4,65,30,7,4,bursty
5227,5,65,53,7,7,bursty
5227,6,4,18,7,6,bursty
5227,7,48,6,8,4,bursty
5227,8,65,22,9,7,bursty
5227,9,49,23,5,3,bursty
5227,10,61,17,2,3,bursty
5227,11,1,58,10,8,bursty
5227,12,66,53,1,8,bursty
5227,13,1,25,9,4,bursty
5227,14,0,42,2,5,bursty
5227,15,64,6,10,8,bursty
5227,16,50,31,9,4,bursty
5227,17,63,43,6,2,bursty
5227,18,3,39,5,2,bursty
5227,19,61,57,9,4,bursty
5227,20,48,17,1,6,bursty
5227,21,65,6,5,7,bursty
5227,22,0,32,1,4,bursty
5227,23,4,38,5,8,bursty
5227,24,2,33,7,6,bursty
5228,1,5,30,6,3,sjf_friendly
5228,2,8,4,8,1,sjf_friendly
5228,3,35,4,8,4,sjf_friendly
5228,4,8,3,10,1,sjf_friendly
5228,5,11,92,10,3,sjf_friendly
5228,6,36,4,8,3,sjf_friendly
5228,7,6,35,8,0,sjf_friendly
5228,8,2,1,5,2,sjf_friendly
5228,9,3,92,10,1,sjf_friendly
5228,10,2,3,7,4,sjf_friendly
5228,11,39,22,4,4,sjf_friendly
5228,12,33,38,6,2,sjf_friendly
5229,1,13,71,10,1,cpu_bound
5229,2,10,90,4,2,cpu_bound
5229,3,6,91,7,2,cpu_bound
5229,4,18,95,10,1,cpu_bound
5229,5,12,94,4,1,cpu_bound
5229,6,12,74,9,0,cpu_bound
5229,7,9,90,7,2,cpu_bound
5229,8,14,85,4,2,cpu_bound
5229,9,8,88,7,0,cpu_bound
5229,10,4,89,6,1,cpu_bound
5229,11,13,98,10,0,cpu_bound
5229,12,6,96,4,0,cpu_bound
5229,13,5,80,7,2,cpu_bound
5229,14,4,99,7,2,cpu_bound
5229,15,5,74,4,1,cpu_bound
5229,16,11,75,7,2,cpu_bound
5229,17,5,88,7,1,cpu_bound
5229,18,15,62,5,2,cpu_bound
5229,19,20,75,4,1,cpu_bound
5229,20,12,94,7,1,cpu_bound
5229,21,14,88,10,2,cpu_bound
5229,22,1,73,7,2,cpu_bound
5229,23,18,60,9,1,cpu_bound
5229,24,14,98,10,0,cpu_bound
5229,25,14,75,8,1,cpu_bound
5229,26,14,69,10,1,cpu_bound
5229,27,18,90,8,0,cpu_bound
5229,28,18,82,9,1,cpu_bound
5229,29,15,87,9,0,cpu_bound
5230,1,7,23,7,8,fairness
5230,2,3,21,7,5,fairness
5230,3,9,30,4,8,fairness
5230,4,6,27,7,9,fairness
5230,5,4,18,6,10,fairness
5230,6,9,21,7,9,fairness
5230,7,5,27,7,5,fairness
5230,8,3,30,6,10,fairness
5230,9,1,21,5,8,fairness
5230,10,8,29,7,5,fairness
5230,11,7,16,7,9,fairness
5230,12,2,27,7,9,fairness
5230,13,1,20,4,9,fairness
5231,1,17,79,5,1,cpu_bound
5231,2,12,82,8,0,cpu_bound
5231,3,4,85,9,2,cpu_bound
5231,4,3,100,5,1,cpu_bound
5231,5,9,82,7,2,cpu_bound
5231,6,12,71,10,1,cpu_bound
5231,7,2,60,6,2,cpu_bound
5231,8,16,81,9,2,cpu_bound
5231,9,2,74,10,1,cpu_bound
5231,10,9,85,10,0,cpu_bound
5231,11,6,83,4,2,cpu_bound
5231,12,0,64,4,1,cpu_bound
5232,1,17,28,1,4,priority_heavy
5232,2,30,48,2,2,priority_heavy
5232,3,12,25,1,1,priority_heavy
5232,4,22,16,9,1,priority_heavy
5232,5,1,29,10,4,priority_heavy
5232,6,18,17,10,2,priority_heavy
5232,7,28,31,1,3,priority_heavy
5232,8,1,26,9,4,priority_heavy
5232,9,8,50,2,0,priority_heavy
5232,10,3,42,10,2,priority_heavy
5232,11,26,50,9,2,priority_heavy
5232,12,22,37,1,1,priority_heavy
5232,13,15,21,9,2,priority_heavy
5232,14,28,40,10,0,priority_heavy
5233,1,10,25,1,3,priority_heavy
5233,2,11,19,2,1,priority_heavy
5233,3,15,45,9,4,priority_heavy
5233,4,12,19,2,1,priority_heavy
5233,5,8,44,9,1,priority_heavy
5233,6,3,47,1,1,priority_heavy
5233,7,14,17,1,4,priority_heavy
5233,8,0,28,2,0,priority_heavy
5233,9,13,34,9,0,priority_heavy
5233,10,2,28,2,0,priority_heavy
5233,11,9,19,1,4,priority_heavy
5233,12,27,39,2,4,priority_heavy
5233,13,5,26,2,1,priority_heavy
5233,14,30,42,2,4,priority_heavy
5233,15,20,43,10,1,priority_heavy
5233,16,20,46,1,1,priority_heavy
5233,17,9,24,10,4,priority_heavy
5233,18,22,19,10,2,priority_heavy
5233,19,4,49,9,1,priority_heavy
5234,1,3,29,5,9,fairness
5234,2,2,15,6,5,fairness
5234,3,3,29,6,6,fairness
5234,4,6,17,4,9,fairness
5234,5,7,25,6,9,fairness
5234,6,8,27,6,9,fairness
5234,7,7,30,5,10,fairness
5234,8,2,29,6,10,fairness
5234,9,4,23,6,9,fairness
5234,10,0,30,5,9,fairness
5234,11,3,16,4,7,fairness
5234,12,7,17,7,9,fairness
5234,13,5,16,4,6,fairness
5234,14,1,22,6,10,fairness
5234,15,3,22,6,8,fairness
5234,16,2,30,7,8,fairness
5234,17,6,25,6,7,fairness
5234,18,7,20,6,5,fairness
5234,19,9,29,4,9,fairness
5234,20,9,21,7,9,fairness
5234,21,9,24,6,6,fairness
5234,22,4,23,6,8,fairness
5234,23,3,21,7,6,fairness
5234,24,8,15,7,5,fairness
5234,25,7,28,6,7,fairness
5234,26,7,23,6,9,fairness
5234,27,3,17,4,8,fairness
5234,28,6,19,4,7,fairness
5234,29,1,29,6,10,fairness
5234,30,7,21,4,9,fairness
5235,1,18,1,9,2,sjf_friendly
5235,2,1,71,4,0,sjf_friendly
5235,3,14,25,7,3,sjf_friendly
5235,4,20,23,9,2,sjf_friendly
5235,5,33,25,9,4,sjf_friendly
5235,6,6,1,8,3,sjf_friendly
5235,7,16,2,6,2,sjf_friendly
5235,8,13,27,8,1,sjf_friendly
5235,9,7,1,6,3,sjf_friendly
5236,1,20,89,9,0,cpu_bound
5236,2,9,90,5,0,cpu_bound
5236,3,4,93,7,0,cpu_bound
5236,4,15,83,9,2,cpu_bound
5236,5,18,85,10,1,cpu_bound
5236,6,15,62,4,0,cpu_bound
5236,7,16,81,10,1,cpu_bound
5236,8,3,84,8,2,cpu_bound
5236,9,18,61,8,0,cpu_bound
5236,10,11,66,9,2,cpu_bound
5236,11,14,83,7,0,cpu_bound
5236,12,13,73,10,2,cpu_bound
5236,13,2,81,9,0,cpu_bound
5236,14,17,68,10,2,cpu_bound
5236,15,9,91,8,1,cpu_bound
5236,16,11,73,7,2,cpu_bound
5236,17,8,87,10,0,cpu_bound
5236,18,9,94,10,0,cpu_bound
5236,19,20,61,9,0,cpu_bound
5236,20,4,84,5,1,cpu_bound
5236,21,20,69,8,2,cpu_bound
5236,22,7,60,9,0,cpu_bound
5236,23,8,96,10,1,cpu_bound
5236,24,10,97,8,0,cpu_bound
5236,25,13,65,6,2,cpu_bound
5236,26,6,76,10,0,cpu_bound
5237,1,7,1,7,1,sjf_friendly
5237,2,10,33,5,0,sjf_friendly
5237,3,25,1,6,0,sjf_friendly
5237,4,1,2,10,4,sjf_friendly
5237,5,3,94,8,1,sjf_friendly
5237,6,20,2,4,0,sjf_friendly
5237,7,18,70,9,0,sjf_friendly
5237,8,19,36,7,0,sjf_friendly
5237,9,34,2,6,3,sjf_friendly
5237,10,4,26,9,1,sjf_friendly
5237,11,37,1,7,0,sjf_friendly
5237,12,16,32,7,2,sjf_friendly
5237,13,15,2,9,3,sjf_friendly
5237,14,22,4,9,1,sjf_friendly
5237,15,23,1,6,2,sjf_friendly
5238,1,6,1,1,7,interactive
5238,2,79,10,9,10,interactive
5238,3,75,7,6,8,interactive
5238,4,23,2,5,9,interactive
5238,5,85,3,9,7,interactive
5238,6,79,4,4,9,interactive
5238,7,5,5,3,9,interactive
5238,8,79,9,4,10,interactive
5238,9,36,3,5,10,interactive
5238,10,3,2,4,9,interactive
5238,11,25,6,1,10,interactive
5238,12,5,5,2,10,interactive
5238,13,27,8,6,9,interactive
5238,14,67,8,9,10,interactive
5238,15,48,6,7,7,interactive
5238,16,85,9,5,10,interactive
5238,17,12,4,7,10,interactive
5239,1,47,39,3,6,bursty
5239,2,65,21,6,6,bursty
5239,3,11,58,4,5,bursty
5239,4,9,15,2,6,bursty
5239,5,11,48,10,4,bursty
5239,6,45,53,4,2,bursty
5239,7,46,12,1,7,bursty
5239,8,66,57,10,8,bursty
5239,9,10,55,8,4,bursty
5239,10,44,36,1,8,bursty
5239,11,13,18,9,5,bursty
5239,12,42,40,7,8,bursty
5239,13,64,17,7,8,bursty
5239,14,43,8,2,4,bursty
5239,15,43,34,2,6,bursty
5239,16,12,46,7,6,bursty
5239,17,62,26,7,2,bursty
5239,18,60,54,7,7,bursty
5239,19,62,56,1,7,bursty
5240,1,54,9,1,9,interactive
5240,2,87,6,2,7,interactive
5240,3,4,8,7,7,interactive
5240,4,48,9,3,10,interactive
5240,5,21,2,8,7,interactive
5240,6,57,4,9,7,interactive
5240,7,90,4,3,7,interactive
5240,8,98,6,1,9,interactive
5241,1,7,27,10,3,priority_heavy
5241,2,27,26,9,1,priority_heavy
5241,3,1,30,9,4,priority_heavy
5241,4,22,49,10,2,priority_heavy
5241,5,11,48,2,2,priority_heavy
5241,6,25,29,9,3,priority_heavy
5241,7,30,30,9,1,priority_heavy
5241,8,5,30,10,1,priority_heavy
5241,9,16,29,1,4,priority_heavy
5241,10,5,49,10,0,priority_heavy
5241,11,15,47,1,0,priority_heavy
5241,12,1,35,9,1,priority_heavy
5241,13,29,41,2,4,priority_heavy
5241,14,7,16,1,1,priority_heavy
5241,15,11,29,9,3,priority_heavy
5242,1,1,27,6,7,fairness
5242,2,9,19,7,7,fairness
5242,3,7,30,6,5,fairness
5242,4,9,17,6,10,fairness
5242,5,3,29,7,10,fairness
5243,1,19,9,1,8,interactive
5243,2,11,5,5,10,interactive
5243,3,51,2,4,10,interactive
5243,4,76,6,5,10,interactive
5243,5,27,7,3,7,interactive
5243,6,42,9,8,9,interactive
5243,7,90,8,3,10,interactive
5243,8,90,8,4,10,interactive
5243,9,15,1,8,7,interactive
5243,10,51,4,7,7,interactive
5244,1,45,6,10,8,interactive
5244,2,37,7,4,9,interactive
5244,3,25,8,1,7,interactive
5244,4,37,2,8,8,interactive
5244,5,65,8,7,8,interactive
5244,6,29,2,4,10,interactive
5244,7,7,7,10,9,interactive
5244,8,89,9,8,10,interactive
5244,9,16,3,9,7,interactive
5244,10,37,10,3,7,interactive
5244,11,2,5,1,10,interactive
5244,12,99,1,3,9,interactive
5244,13,50,5,5,8,interactive
5244,14,95,1,1,9,interactive
5244,15,64,9,4,10,interactive
5244,16,6,2,2,7,interactive
5244,17,27,10,7,9,interactive
5244,18,66,4,8,7,interactive
5244,19,81,6,9,7,interactive
5244,20,32,3,9,7,interactive
5244,21,76,1,3,9,interactive
5244,22,48,6,8,9,interactive
5244,23,13,8,1,8,interactive
5244,24,56,3,10,9,interactive
5244,25,37,7,9,10,interactive
5244,26,13,3,5,8,interactive
5244,27,65,1,1,9,interactive
5245,1,78,10,7,10,interactive
5245,2,94,7,7,9,interactive
5245,3,87,7,4,10,interactive
5245,4,97,4,7,8,interactive
5245,5,71,6,4,8,interactive
5245,6,79,6,6,10,interactive
5245,7,42,5,1,9,interactive
5245,8,95,1,10,8,interactive
5245,9,43,5,9,7,interactive
5245,10,51,7,2,8,interactive
5245,11,82,2,3,10,interactive
5245,12,24,3,10,8,interactive
5245,13,36,7,2,10,interactive
5245,14,19,2,1,9,interactive
5245,15,62,1,9,8,interactive
5246,1,7,63,5,2,cpu_bound
5246,2,6,74,4,1,cpu_bound
5246,3,16,97,6,1,cpu_bound
5246,4,19,80,9,0,cpu_bound
5246,5,8,90,10,1,cpu_bound
5246,6,1,75,7,1,cpu_bound
5246,7,4,95,8,0,cpu_bound
5246,8,12,68,7,2,cpu_bound
5246,9,6,60,5,2,cpu_bound
5246,10,12,64,6,2,cpu_bound
5246,11,12,62,4,0,cpu_bound
5247,1,65,3,6,8,interactive
5247,2,100,3,7,7,interactive
5247,3,83,2,5,9,interactive
5247,4,59,9,7,10,interactive
5247,5,78,6,5,7,interactive
5247,6,32,4,5,8,interactive
5247,7,96,8,6,10,interactive
5247,8,79,7,9,8,interactive
5247,9,75,6,6,7,interactive
5247,10,14,7,6,9,interactive
5247,11,79,5,7,10,interactive
5247,12,90,6,4,8,interactive
5247,13,35,5,5,8,interactive
5247,14,71,8,7,8,interactive
5247,15,67,10,6,10,interactive
5247,16,74,10,8,9,interactive
5247,17,59,2,1,9,interactive
5247,18,75,4,6,9,interactive
5247,19,80,6,1,7,interactive
5247,20,66,1,9,7,interactive
5247,21,56,1,10,9,interactive
5247,22,39,2,5,9,interactive
5247,23,67,3,3,9,interactive
5247,24,89,6,1,7,interactive
5247,25,36,5,9,9,interactive
5247,26,57,5,7,9,interactive
5247,27,45,1,8,9,interactive
5247,28,47,1,3,9,interactive
5248,1,17,17,9,1,priority_heavy
5248,2,5,42,2,3,priority_heavy
5248,3,18,37,9,1,priority_heavy
5248,4,5,33,1,2,priority_heavy
5248,5,5,17,10,0,priority_heavy
5248,6,1,33,10,1,priority_heavy
5248,7,19,30,1,2,priority_heavy
5248,8,3,27,10,3,priority_heavy
5248,9,7,27,2,4,priority_heavy
5248,10,2,49,2,4,priority_heavy
5248,11,8,33,1,1,priority_heavy
5248,12,12,39,10,0,priority_heavy
5248,13,9,34,9,0,priority_heavy
5248,14,8,32,10,4,priority_heavy
5248,15,25,33,10,4,priority_heavy
5248,16,8,19,1,2,priority_heavy
5248,17,16,33,2,2,priority_heavy
5248,18,30,24,2,4,priority_heavy
5248,19,0,32,10,0,priority_heavy
5248,20,9,27,2,4,priority_heavy
5248,21,27,47,10,4,priority_heavy
5248,22,5,33,9,3,priority_heavy
5248,23,6,29,9,4,priority_heavy
5248,24,13,47,10,4,priority_heavy
5248,25,26,21,10,1,priority_heavy
5248,26,26,25,9,3,priority_heavy
5248,27,8,22,1,3,priority_heavy
5248,28,15,30,1,1,priority_heavy
5249,1,22,8,6,8,interactive
5249,2,50,1,6,7,interactive
5249,3,13,1,3,9,interactive
5249,4,89,2,6,8,interactive
5249,5,49,10,4,7,interactive
5249,6,51,7,1,8,interactive
5249,7,40,5,5,10,interactive
5249,8,83,6,7,7,interactive
5249,9,82,6,10,7,interactive
5249,10,37,10,3,10,interactive
5249,11,48,10,2,10,interactive
5249,12,33,8,8,9,interactive
5249,13,34,9,7,8,interactive
5249,14,75,7,1,8,interactive
5249,15,29,8,7,10,interactive
5249,16,71,2,10,7,interactive
5249,17,0,7,2,8,interactive
5249,18,48,6,3,8,interactive
5249,19,76,9,10,8,interactive
5249,20,6,3,10,7,interactive
5249,21,25,5,1,7,interactive
5249,22,61,8,10,9,interactive
5249,23,17,2,5,10,interactive
5249,24,5,4,6,10,interactive
5249,25,91,2,5,7,interactive
5249,26,70,3,4,10,interactive
5249,27,16,1,7,7,interactive
5250,1,11,50,1,0,priority_heavy
5250,2,1,41,10,1,priority_heavy
5250,3,29,29,1,2,priority_heavy
5250,4,18,18,1,3,priority_heavy
5250,5,5,30,1,3,priority_heavy
5250,6,8,27,9,2,priority_heavy
5250,7,26,43,9,4,priority_heavy
5250,8,17,37,9,2,priority_heavy
5250,9,4,24,2,1,priority_heavy
5250,10,9,41,9,4,priority_heavy
5250,11,17,43,9,1,priority_heavy
5250,12,2,21,10,3,priority_heavy
5250,13,25,47,2,1,priority_heavy
5250,14,14,25,1,3,priority_heavy
5250,15,13,19,2,2,priority_heavy
5250,16,12,36,9,2,priority_heavy
5250,17,27,40,1,2,priority_heavy
5250,18,27,46,1,3,priority_heavy
5250,19,30,37,10,4,priority_heavy
5250,20,15,17,10,4,priority_heavy
5250,21,27,25,2,2,priority_heavy
5250,22,20,36,1,4,priority_heavy
5250,23,30,15,1,3,priority_heavy
5250,24,14,19,10,2,priority_heavy
5250,25,1,29,2,0,priority_heavy
5250,26,25,36,1,1,priority_heavy
5250,27,16,50,2,4,priority_heavy
5250,28,8,16,10,2,priority_heavy
5250,29,16,31,2,4,priority_heavy
5250,30,11,45,1,1,priority_heavy
5251,1,0,22,2,2,priority_heavy
5251,2,19,31,2,3,priority_heavy
5251,3,15,42,2,2,priority_heavy
5251,4,19,37,9,4,priority_heavy
5251,5,12,38,1,4,priority_heavy
5251,6,9,16,10,1,priority_heavy
5251,7,23,47,9,0,priority_heavy
5251,8,14,26,9,2,priority_heavy
5251,9,20,49,10,3,priority_heavy
5251,10,10,23,1,1,priority_heavy
5251,11,4,40,1,4,priority_heavy
5251,12,11,30,2,4,priority_heavy
5251,13,0,45,1,0,priority_heavy
5251,14,5,50,2,2,priority_heavy
5251,15,8,37,2,3,priority_heavy
5251,16,27,44,9,4,priority_heavy
5251,17,19,37,2,1,priority_heavy
5251,18,17,29,10,0,priority_heavy
5251,19,16,38,10,4,priority_heavy
5251,20,11,35,2,2,priority_heavy
5251,21,7,45,1,3,priority_heavy
5251,22,20,21,1,1,priority_heavy
5251,23,28,19,9,1,priority_heavy
5251,24,13,19,10,2,priority_heavy
5251,25,26,28,10,2,priority_heavy
5251,26,20,31,2,3,priority_heavy
5251,27,8,44,10,0,priority_heavy
5251,28,19,17,10,4,priority_heavy
5251,29,15,31,10,1,priority_heavy
5252,1,33,36,9,2,bursty
5252,2,34,21,4,7,bursty
5252,3,18,34,7,3,bursty
5252,4,33,37,5,7,bursty
5252,5,69,26,4,7,bursty
5252,6,35,12,3,3,bursty
5252,7,34,37,5,4,bursty
5252,8,65,40,4,8,bursty
5252,9,33,16,8,5,bursty
5252,10,32,38,10,3,bursty
5252,11,35,58,9,8,bursty
5252,12,14,15,2,4,bursty
5252,13,32,55,8,4,bursty
5253,1,5,70,5,1,cpu_bound
5253,2,14,89,7,1,cpu_bound
5253,3,19,95,7,0,cpu_bound
5253,4,11,83,8,1,cpu_bound
5253,5,1,66,6,2,cpu_bound
5253,6,8,68,8,1,cpu_bound
5253,7,11,72,8,1,cpu_bound
5253,8,17,88,10,0,cpu_bound
5253,9,17,95,4,0,cpu_bound
5253,10,0,74,10,0,cpu_bound
5253,11,20,84,4,0,cpu_bound
5253,12,19,89,6,1,cpu_bound
5253,13,16,68,10,1,cpu_bound
5253,14,5,67,7,1,cpu_bound
5253,15,9,93,9,0,cpu_bound
5254,1,42,15,4,4,bursty
5254,2,44,10,1,3,bursty
5254,3,65,54,8,2,bursty
5254,4,66,28,1,4,bursty
5254,5,4,21,8,6,bursty
5254,6,46,15,8,3,bursty
5254,7,64,22,7,4,bursty
5254,8,5,9,9,3,bursty
5254,9,3,26,10,6,bursty
5254,10,62,5,7,6,bursty
5254,11,40,44,10,5,bursty
5254,12,3,39,6,8,bursty
5254,13,64,59,3,3,bursty
5254,14,40,35,10,7,bursty
5254,15,67,43,1,7,bursty
5254,16,8,9,7,7,bursty
5254,17,67,19,9,4,bursty
5254,18,40,32,2,3,bursty
5254,19,44,17,5,8,bursty
5254,20,43,59,7,6,bursty
5254,21,45,29,4,3,bursty
5254,22,45,23,10,5,bursty
5254,23,40,57,4,4,bursty
5254,24,64,21,10,8,bursty
5254,25,65,52,6,6,bursty
5254,26,42,59,1,6,bursty
5254,27,8,17,9,3,bursty
5254,28,65,51,2,6,bursty
5255,1,71,8,1,7,interactive
5255,2,0,8,8,8,interactive
5255,3,100,4,2,7,interactive
5255,4,57,6,8,8,interactive
5255,5,48,7,9,10,interactive
5255,6,48,2,4,9,interactive
5255,7,13,2,3,9,interactive
5255,8,71,7,10,8,interactive
5255,9,57,2,8,8,interactive
5255,10,70,2,8,8,interactive
5255,11,31,8,3,10,interactive
5255,12,14,5,8,10,interactive
5255,13,72,5,8,10,interactive
5255,14,50,9,2,7,interactive
5255,15,26,6,1,7,interactive
5255,16,90,10,4,10,interactive
5255,17,91,6,5,10,interactive
5255,18,23,10,3,9,interactive
5255,19,63,8,6,10,interactive
5255,20,73,1,6,9,interactive
5255,21,54,7,1,10,interactive
5255,22,59,6,2,7,interactive
5255,23,92,1,5,9,interactive
5255,24,52,4,5,8,interactive
5255,25,40,5,9,8,interactive
5256,1,0,68,7,1,cpu_bound
5256,2,10,95,7,2,cpu_bound
5256,3,10,76,4,0,cpu_bound
5256,4,20,70,7,1,cpu_bound
5256,5,1,95,10,1,cpu_bound
5256,6,11,91,8,2,cpu_bound
5256,7,2,89,8,0,cpu_bound
5256,8,18,84,8,0,cpu_bound
5256,9,0,75,5,0,cpu_bound
5256,10,11,86,7,2,cpu_bound
5256,11,15,91,8,2,cpu_bound
5256,12,11,94,10,0,cpu_bound
5256,13,11,99,8,2,cpu_bound
5256,14,15,79,4,0,cpu_bound
5256,15,17,71,6,0,cpu_bound
5256,16,4,93,4,0,cpu_bound
5256,17,18,94,9,0,cpu_bound
5257,1,9,83,9,2,cpu_bound
5257,2,10,93,10,0,cpu_bound
5257,3,3,83,8,1,cpu_bound
5257,4,10,80,10,1,cpu_bound
5257,5,18,98,4,1,cpu_bound
5257,6,6,69,8,1,cpu_bound
5257,7,4,93,8,0,cpu_bound
5257,8,14,75,4,2,cpu_bound
5257,9,9,71,10,0,cpu_bound
5257,10,17,64,6,0,cpu_bound
5258,1,97,1,4,8,interactive
5258,2,31,6,3,8,interactive
5258,3,26,4,1,8,interactive
5258,4,7,5,10,7,interactive
5258,5,17,10,2,9,interactive
5258,6,28,7,1,9,interactive
5258,7,73,1,8,8,interactive
5259,1,0,10,1,3,bursty
5259,2,73,20,7,5,bursty
5259,3,34,12,10,5,bursty
5259,4,71,31,1,8,bursty
5259,5,70,53,10,7,bursty
5259,6,37,49,2,2,bursty
5259,7,33,48,4,5,bursty
5259,8,72,50,9,2,bursty
5259,9,37,36,10,7,bursty
5259,10,69,42,5,5,bursty
5259,11,73,31,2,5,bursty
5259,12,37,36,7,8,bursty
5259,13,39,29,3,3,bursty
5259,14,73,42,7,5,bursty
5259,15,67,7,7,7,bursty
5259,16,38,19,7,6,bursty
5259,17,3,44,8,4,bursty
5259,18,33,14,10,6,bursty
5259,19,0,54,8,4,bursty
5259,20,38,28,8,7,bursty
5259,21,2,40,8,3,bursty
5259,22,73,60,7,6,bursty
5259,23,0,24,10,5,bursty
5259,24,73,30,10,3,bursty
5259,25,72,39,1,7,bursty
5260,1,3,94,8,2,cpu_bound
5260,2,13,60,6,0,cpu_bound
5260,3,20,88,6,0,cpu_bound
5260,4,20,81,7,0,cpu_bound
5260,5,15,62,10,2,cpu_bound
5260,6,16,82,9,1,cpu_bound
5260,7,7,70,7,0,cpu_bound
5260,8,13,61,9,2,cpu_bound
5260,9,1,88,9,1,cpu_bound
5260,10,13,82,7,2,cpu_bound
5261,1,10,96,8,1,cpu_bound
5261,2,8,91,9,0,cpu_bound
5261,3,11,68,7,0,cpu_bound
5261,4,0,85,7,1,cpu_bound
5261,5,6,71,8,1,cpu_bound
5261,6,16,73,6,2,cpu_bound
5262,1,20,22,4,0,sjf_friendly
5262,2,0,35,4,2,sjf_friendly
5262,3,6,29,10,2,sjf_friendly
5262,4,7,1,4,3,sjf_friendly
5262,5,25,1,4,0,sjf_friendly
5262,6,35,37,10,0,sjf_friendly
5262,7,3,74,5,0,sjf_friendly
5262,8,1,1,10,2,sjf_friendly
5262,9,7,5,6,4,sjf_friendly
5262,10,7,85,4,4,sjf_friendly
5262,11,24,35,6,3,sjf_friendly
5262,12,7,2,4,1,sjf_friendly
5262,13,16,3,6,0,sjf_friendly
5262,14,20,77,4,3,sjf_friendly
5262,15,31,80,10,1,sjf_friendly
5262,16,23,74,8,2,sjf_friendly
5262,17,31,4,7,0,sjf_friendly
5262,18,14,76,9,0,sjf_friendly
5262,19,32,34,9,1,sjf_friendly
5262,20,2,22,5,0,sjf_friendly
5262,21,40,82,5,4,sjf_friendly
5262,22,8,3,9,3,sjf_friendly
5262,23,8,85,10,2,sjf_friendly
5262,24,31,2,4,4,sjf_friendly
5263,1,6,24,7,10,fairness
5263,2,6,22,7,6,fairness
5263,3,6,25,6,8,fairness
5263,4,2,19,7,10,fairness
5263,5,9,26,7,5,fairness
5263,6,1,18,4,7,fairness
5263,7,1,15,6,7,fairness
5263,8,7,15,6,6,fairness
5263,9,0,16,5,7,fairness
5263,10,3,20,6,6,fairness
5263,11,0,17,6,7,fairness
5263,12,2,15,6,9,fairness
5263,13,6,23,6,10,fairness
5263,14,9,16,4,7,fairness
5263,15,4,16,4,5,fairness
5263,16,5,25,4,10,fairness
5263,17,7,26,4,9,fairness
5263,18,3,30,5,9,fairness
5263,19,5,22,4,10,fairness
5263,20,3,21,5,7,fairness
5263,21,0,17,5,6,fairness
5263,22,2,27,6,9,fairness
5264,1,0,2,7,2,sjf_friendly
5264,2,1,2,5,3,sjf_friendly
5264,3,38,37,8,3,sjf_friendly
5264,4,27,23,9,4,sjf_friendly
5264,5,27,26,9,1,sjf_friendly
5264,6,34,4,10,0,sjf_friendly
5264,7,7,85,6,1,sjf_friendly
5264,8,22,79,7,4,sjf_friendly
5264,9,1,30,6,0,sjf_friendly
5264,10,10,78,5,4,sjf_friendly
5264,11,2,2,10,4,sjf_friendly
5264,12,1,2,9,0,sjf_friendly
5264,13,14,5,4,0,sjf_friendly
5264,14,35,5,4,1,sjf_friendly
5264,15,12,96,8,3,sjf_friendly
5264,16,27,33,6,4,sjf_friendly
5264,17,40,2,10,0,sjf_friendly
5264,18,6,98,4,0,sjf_friendly
5264,19,4,29,5,1,sjf_friendly
5264,20,32,4,4,4,sjf_friendly
5264,21,8,39,10,2,sjf_friendly
5264,22,27,3,6,3,sjf_friendly
5264,23,18,1,10,0,sjf_friendly
5264,24,22,28,8,1,sjf_friendly
5264,25,28,22,4,2,sjf_friendly
5264,26,35,33,5,2,sjf_friendly
5264,27,16,26,4,4,sjf_friendly
5264,28,38,4,10,2,sjf_friendly
5264,29,40,78,4,0,sjf_friendly
5264,30,31,5,9,2,sjf_friendly
5265,1,27,3,4,2,sjf_friendly
5265,2,21,5,4,3,sjf_friendly
5265,3,1,40,10,1,sjf_friendly
5265,4,16,2,8,2,sjf_friendly
5265,5,28,4,9,3,sjf_friendly
5265,6,29,29,9,2,sjf_friendly
5265,7,15,84,6,0,sjf_friendly
5265,8,7,3,6,0,sjf_friendly
5265,9,30,77,5,3,sjf_friendly
5266,1,20,39,10,1,priority_heavy
5266,2,2,30,2,3,priority_heavy
5266,3,30,16,9,2,priority_heavy
5266,4,28,29,10,4,priority_heavy
5266,5,25,34,2,3,priority_heavy
5266,6,12,22,2,3,priority_heavy
5266,7,6,42,10,4,priority_heavy
5266,8,3,25,2,1,priority_heavy
5266,9,4,27,2,0,priority_heavy
5266,10,26,19,9,4,priority_heavy
5266,11,7,43,9,1,priority_heavy
5266,12,19,16,10,1,priority_heavy
5266,13,18,23,1,4,priority_heavy
5266,14,7,42,9,1,priority_heavy
5266,15,2,48,9,4,priority_heavy
5266,16,5,27,2,3,priority_heavy
5266,17,18,44,10,1,priority_heavy
5266,18,3,30,9,4,priority_heavy
5266,19,28,16,1,4,priority_heavy
5266,20,30,24,10,3,priority_heavy
5266,21,25,29,9,1,priority_heavy
5266,22,23,15,1,4,priority_heavy
5267,1,1,23,6,9,fairness
5267,2,1,18,4,9,fairness
5267,3,8,18,7,8,fairness
5267,4,2,27,4,9,fairness
5267,5,1,20,7,5,fairness
5267,6,1,16,6,8,fairness
5267,7,3,15,6,6,fairness
5267,8,2,17,5,8,fairness
5267,9,8,23,4,5,fairness
5267,10,10,21,7,9,fairness
5267,11,0,27,6,6,fairness
5267,12,9,15,7,10,fairness
5267,13,2,28,5,9,fairness
5267,14,5,22,5,10,fairness
5267,15,10,24,7,9,fairness
5267,16,6,28,5,8,fairness
5267,17,5,17,6,8,fairness
5267,18,2,16,7,8,fairness
5267,19,7,25,7,6,fairness
5267,20,6,28,7,10,fairness
5267,21,4,22,4,7,fairness
5268,1,86,3,5,9,interactive
5268,2,95,2,9,10,interactive
5268,3,91,8,8,7,interactive
5268,4,34,7,7,9,interactive
5268,5,9,10,6,10,interactive
5268,6,56,7,10,9,interactive
5268,7,61,5,1,9,interactive
5268,8,45,3,8,8,interactive
5268,9,89,8,4,9,interactive
5268,10,48,2,7,10,interactive
5268,11,43,6,10,10,interactive
5268,12,71,7,8,7,interactive
5268,13,41,10,10,10,interactive
5268,14,62,9,2,9,interactive
5268,15,36,6,4,8,interactive
5268,16,88,9,2,10,interactive
5268,17,49,3,6,8,interactive
5268,18,20,5,4,8,interactive
5268,19,72,4,8,10,interactive
5268,20,7,5,10,7,interactive
5268,21,55,3,6,7,interactive
5268,22,72,7,3,9,interactive
5268,23,77,8,8,9,interactive
5268,24,34,1,9,10,interactive
5268,25,14,4,10,9,interactive
5268,26,55,3,8,8,interactive
5268,27,20,8,7,8,interactive
5269,1,59,54,8,4,bursty
5269,2,41,32,8,7,bursty
5269,3,38,32,3,6,bursty
5269,4,64,46,4,4,bursty
5269,5,63,9,7,8,bursty
5269,6,40,15,8,8,bursty
5269,7,42,53,3,6,bursty
5269,8,13,18,2,3,bursty
5269,9,62,59,2,7,bursty
5269,10,8,43,4,3,bursty
5269,11,11,58,5,7,bursty
5270,1,17,87,5,2,sjf_friendly
5270,2,34,37,7,3,sjf_friendly
5270,3,21,4,7,0,sjf_friendly
5270,4,23,5,9,1,sjf_friendly
5270,5,16,74,4,1,sjf_friendly
5270,6,1,3,7,4,sjf_friendly
5270,7,13,97,6,4,sjf_friendly
5270,8,15,5,5,4,sjf_friendly
5270,9,40,78,8,2,sjf_friendly
5270,10,21,5,5,2,sjf_friendly
5270,11,27,29,7,4,sjf_friendly
5270,12,17,26,6,4,sjf_friendly
5270,13,0,2,7,1,sjf_friendly
5270,14,34,78,10,4,sjf_friendly
5270,15,40,1,9,4,sjf_friendly
5270,16,12,4,10,2,sjf_friendly
5270,17,13,3,8,0,sjf_friendly
5270,18,28,26,5,1,sjf_friendly
5270,19,12,4,6,3,sjf_friendly
5271,1,7,36,1,2,priority_heavy
5271,2,22,37,1,3,priority_heavy
5271,3,7,22,9,2,priority_heavy
5271,4,25,19,1,4,priority_heavy
5271,5,3,34,10,1,priority_heavy
5271,6,1,43,1,2,priority_heavy
5271,7,4,50,9,0,priority_heavy
5271,8,25,21,9,4,priority_heavy
5271,9,16,46,1,0,priority_heavy
5271,10,3,34,9,4,priority_heavy
5271,11,0,40,9,3,priority_heavy
5271,12,27,45,1,3,priority_heavy
5271,13,12,42,9,1,priority_heavy
5271,14,12,24,10,3,priority_heavy
5271,15,9,16,1,2,priority_heavy
5271,16,17,27,2,1,priority_heavy
5271,17,11,21,1,2,priority_heavy
5271,18,23,30,2,0,priority_heavy
5271,19,12,27,2,3,priority_heavy
5272,1,0,71,4,0,cpu_bound
5272,2,17,82,6,2,cpu_bound
5272,3,15,75,8,0,cpu_bound
5272,4,9,65,5,0,cpu_bound
5272,5,1,97,7,1,cpu_bound
5272,6,18,77,5,2,cpu_bound
5272,7,0,96,4,0,cpu_bound
5272,8,16,68,5,1,cpu_bound
5272,9,18,94,10,2,cpu_bound
5272,10,15,100,6,0,cpu_bound
5272,11,20,93,8,2,cpu_bound
5272,12,14,71,9,1,cpu_bound
5272,13,2,74,5,2,cpu_bound
5272,14,5,78,7,0,cpu_bound
5272,15,1,86,7,1,cpu_bound
5272,16,0,97,10,1,cpu_bound
5273,1,6,21,4,5,fairness
5273,2,2,27,5,6,fairness
5273,3,6,24,6,6,fairness
5273,4,5,18,5,7,fairness
5273,5,9,20,5,10,fairness
5273,6,8,30,4,10,fairness
5273,7,4,30,7,6,fairness
5273,8,0,20,7,7,fairness
5273,9,6,27,7,9,fairness
5273,10,10,24,7,10,fairness
5273,11,2,19,4,9,fairness
5273,12,6,26,7,7,fairness
5273,13,6,17,5,5,fairness
5273,14,5,24,5,10,fairness
5273,15,2,22,4,8,fairness
5273,16,1,24,7,6,fairness
5273,17,10,24,4,8,fairness
5273,18,3,28,4,5,fairness
5273,19,8,15,5,6,fairness
5273,20,1,27,5,10,fairness
5274,1,44,55,10,2,bursty
5274,2,67,34,7,7,bursty
5274,3,13,43,8,8,bursty
5274,4,46,52,1,8,bursty
5274,5,63,10,3,3,bursty
5274,6,10,43,2,3,bursty
5274,7,12,35,6,4,bursty
5274,8,68,8,10,7,bursty
5274,9,67,15,10,4,bursty
5274,10,69,31,6,5,bursty
5274,11,66,15,8,8,bursty
5274,12,12,38,2,8,bursty
5274,13,13,36,8,4,bursty
5274,14,46,56,7,3,bursty
5275,1,41,10,6,8,bursty
5275,2,37,45,9,5,bursty
5275,3,36,60,3,2,bursty
5275,4,40,41,1,6,bursty
5275,5,62,41,10,3,bursty
5275,6,7,32,9,3,bursty
5275,7,11,54,6,3,bursty
5275,8,9,5,5,4,bursty
5275,9,42,12,3,6,bursty
5275,10,40,42,6,5,bursty
5275,11,42,28,4,6,bursty
5275,12,7,46,1,2,bursty
5275,13,8,55,8,4,bursty
5275,14,10,48,10,5,bursty
5275,15,36,7,5,6,bursty
5275,16,39,17,1,3,bursty
5275,17,66,8,4,6,bursty
5275,18,10,56,3,8,bursty
5276,1,0,36,9,6,bursty
5276,2,0,10,7,6,bursty
5276,3,59,50,7,4,bursty
5276,4,62,29,10,4,bursty
5276,5,63,16,5,6,bursty
5276,6,33,27,4,7,bursty
5276,7,33,19,4,6,bursty
5276,8,0,42,7,3,bursty
5276,9,61,32,9,6,bursty
5276,10,4,11,6,5,bursty
5276,11,37,17,10,4,bursty
5276,12,38,24,8,6,bursty
5276,13,32,13,8,8,bursty
5276,14,32,6,4,5,bursty
5276,15,62,13,5,4,bursty
5276,16,1,46,9,6,bursty
5276,17,38,31,8,6,bursty
5276,18,36,15,9,4,bursty
5276,19,38,11,2,6,bursty
5276,20,61,23,1,7,bursty
5276,21,0,9,1,6,bursty
5276,22,1,28,8,7,bursty
5277,1,22,31,10,2,priority_heavy
5277,2,17,43,2,0,priority_heavy
5277,3,29,49,2,2,priority_heavy
5277,4,18,33,2,3,priority_heavy
5277,5,25,38,9,0,priority_heavy
5277,6,1,33,1,1,priority_heavy
5277,7,0,39,2,4,priority_heavy
5277,8,29,35,1,4,priority_heavy
5277,9,16,39,2,1,priority_heavy
5277,10,1,34,1,3,priority_heavy
5277,11,1,35,10,1,priority_heavy
5277,12,10,34,2,4,priority_heavy
5277,13,30,33,10,3,priority_heavy
5277,14,20,31,9,2,priority_heavy
5277,15,22,43,1,3,priority_heavy
5277,16,16,39,9,0,priority_heavy
5277,17,13,40,2,1,priority_heavy
5277,18,0,26,9,1,priority_heavy
5277,19,16,17,1,1,priority_heavy
5278,1,59,32,6,2,bursty
5278,2,59,22,4,3,bursty
5278,3,3,41,9,4,bursty
5278,4,59,27,3,3,bursty
5278,5,61,18,8,4,bursty
5278,6,61,28,2,7,bursty
5278,7,60,23,8,2,bursty
5278,8,61,19,5,7,bursty
5278,9,0,30,3,4,bursty
5278,10,47,29,5,4,bursty
5278,11,63,42,8,5,bursty
5278,12,3,11,1,3,bursty
5278,13,43,20,5,6,bursty
5278,14,3,19,5,4,bursty
5279,1,11,73,9,1,cpu_bound
5279,2,15,88,10,2,cpu_bound
5279,3,14,74,9,1,cpu_bound
5279,4,13,83,8,2,cpu_bound
5279,5,2,84,8,2,cpu_bound
5279,6,8,63,4,0,cpu_bound
5279,7,5,97,6,0,cpu_bound
5280,1,13,95,7,0,cpu_bound
5280,2,9,88,9,0,cpu_bound
5280,3,15,94,5,0,cpu_bound
5280,4,13,75,8,0,cpu_bound
5280,5,4,80,8,2,cpu_bound
5280,6,6,76,7,2,cpu_bound
5280,7,4,87,6,0,cpu_bound
5280,8,6,97,9,0,cpu_bound
5280,9,13,90,6,0,cpu_bound
5280,10,13,67,5,2,cpu_bound
5280,11,1,89,9,1,cpu_bound
5280,12,17,74,4,2,cpu_bound
5280,13,0,90,6,1,cpu_bound
5280,14,12,81,8,1,cpu_bound
5280,15,0,88,5,2,cpu_bound
5280,16,13,65,6,1,cpu_bound
5280,17,11,78,4,1,cpu_bound
5280,18,0,69,9,1,cpu_bound
5280,19,7,72,6,1,cpu_bound
5280,20,9,60,4,1,cpu_bound
5280,21,16,91,6,2,cpu_bound
5280,22,12,95,8,2,cpu_bound
5280,23,10,90,10,1,cpu_bound
5280,24,0,80,5,1,cpu_bound
5280,25,12,75,10,1,cpu_bound
5280,26,2,92,9,0,cpu_bound
5280,27,18,77,4,1,cpu_bound
5280,28,5,83,10,1,cpu_bound
5280,29,0,62,8,1,cpu_bound
5281,1,35,4,8,3,sjf_friendly
5281,2,32,20,10,2,sjf_friendly
5281,3,37,30,9,0,sjf_friendly
5281,4,40,90,6,0,sjf_friendly
5281,5,20,98,7,4,sjf_friendly
5281,6,16,5,8,4,sjf_friendly
5281,7,21,2,8,3,sjf_friendly
5281,8,3,1,9,1,sjf_friendly
5281,9,26,35,5,3,sjf_friendly
5281,10,27,1,5,0,sjf_friendly
5281,11,34,72,5,1,sjf_friendly
5281,12,24,20,8,1,sjf_friendly
5281,13,1,78,6,2,sjf_friendly
5281,14,26,1,8,0,sjf_friendly
5281,15,28,77,7,3,sjf_friendly
5281,16,15,97,6,4,sjf_friendly
5281,17,1,2,9,0,sjf_friendly
5281,18,36,76,10,1,sjf_friendly
5281,19,4,30,9,3,sjf_friendly
5281,20,23,35,6,4,sjf_friendly
5281,21,27,4,8,2,sjf_friendly
5281,22,3,1,7,1,sjf_friendly
5281,23,29,95,6,4,sjf_friendly
5281,24,4,71,6,2,sjf_friendly
5281,25,27,23,6,1,sjf_friendly
5281,26,24,4,8,0,sjf_friendly
5281,27,23,2,9,4,sjf_friendly
5281,28,29,25,7,3,sjf_friendly
5281,29,1,72,4,3,sjf_friendly
5282,1,2,82,7,1,cpu_bound
5282,2,17,81,4,0,cpu_bound
5282,3,3,69,4,1,cpu_bound
5282,4,4,87,5,2,cpu_bound
5282,5,14,97,7,0,cpu_bound
5282,6,3,66,4,0,cpu_bound
5282,7,7,95,8,1,cpu_bound
5282,8,13,98,5,2,cpu_bound
5282,9,20,84,6,0,cpu_bound
5282,10,3,92,7,2,cpu_bound
5282,11,3,100,4,1,cpu_bound
5282,12,20,74,5,0,cpu_bound
5282,13,11,90,6,0,cpu_bound
5282,14,3,92,8,0,cpu_bound
5282,15,12,89,8,0,cpu_bound
5282,16,5,95,8,1,cpu_bound
5282,17,2,78,10,1,cpu_bound
5282,18,16,71,7,1,cpu_bound
5282,19,14,99,9,0,cpu_bound
5282,20,13,68,8,1,cpu_bound
5282,21,7,77,9,0,cpu_bound
5282,22,19,91,4,1,cpu_bound
5282,23,17,63,7,0,cpu_bound
5282,24,3,64,6,1,cpu_bound
5282,25,8,64,4,1,cpu_bound
5282,26,18,66,4,0,cpu_bound
5282,27,1,100,10,1,cpu_bound
5282,28,14,94,7,0,cpu_bound
5283,1,10,94,10,2,cpu_bound
5283,2,15,97,9,0,cpu_bound
5283,3,11,69,10,1,cpu_bound
5283,4,17,74,8,2,cpu_bound
5283,5,8,75,10,2,cpu_bound
5283,6,12,78,10,2,cpu_bound
5283,7,16,90,10,1,cpu_bound
5283,8,9,90,5,0,cpu_bound
5283,9,12,88,8,0,cpu_bound
5283,10,16,96,8,0,cpu_bound
5283,11,17,66,8,2,cpu_bound
5283,12,7,94,8,1,cpu_bound
5283,13,20,77,4,1,cpu_bound
5283,14,6,94,4,1,cpu_bound
5283,15,18,64,9,2,cpu_bound
5283,16,7,61,10,2,cpu_bound
5283,17,7,71,9,2,cpu_bound
5283,18,1,69,9,0,cpu_bound
5283,19,3,81,5,0,cpu_bound
5283,20,2,98,9,2,cpu_bound
5283,21,16,83,10,2,cpu_bound
5283,22,9,91,5,1,cpu_bound
5283,23,7,68,4,2,cpu_bound
5283,24,19,79,8,0,cpu_bound
5283,25,5,85,5,2,cpu_bound
5283,26,6,70,10,1,cpu_bound
5283,27,6,77,7,1,cpu_bound
5283,28,4,81,4,0,cpu_bound
5283,29,8,92,8,2,cpu_bound
5283,30,12,76,7,0,cpu_bound
5284,1,4,50,9,8,bursty
5284,2,60,42,10,3,bursty
5284,3,62,20,8,5,bursty
5284,4,37,32,8,6,bursty
5284,5,10,16,3,2,bursty
5284,6,58,46,5,8,bursty
5284,7,7,43,2,8,bursty
5284,8,9,42,5,3,bursty
5284,9,10,34,5,5,bursty
5284,10,35,9,1,2,bursty
5284,11,33,28,3,3,bursty
5285,1,3,17,4,5,fairness
5285,2,8,18,7,10,fairness
5285,3,0,19,6,9,fairness
5285,4,5,20,4,8,fairness
5285,5,1,22,5,8,fairness
5285,6,4,27,7,9,fairness
5285,7,7,27,6,5,fairness
5285,8,8,20,4,7,fairness
5285,9,6,28,6,5,fairness
5285,10,5,22,7,7,fairness
5285,11,9,30,5,9,fairness
5285,12,8,23,6,10,fairness
5285,13,1,28,7,6,fairness
5285,14,6,22,5,8,fairness
5285,15,4,27,5,7,fairness
5285,16,5,29,7,7,fairness
5285,17,3,18,6,5,fairness
5285,18,1,17,7,7,fairness
5285,19,9,26,5,6,fairness
5285,20,7,24,4,8,fairness
5285,21,3,15,5,5,fairness
5285,22,4,29,6,9,fairness
5285,23,4,20,4,9,fairness
5285,24,7,18,4,8,fairness
5286,1,15,72,10,1,cpu_bound
5286,2,10,87,5,0,cpu_bound
5286,3,5,88,4,2,cpu_bound
5286,4,7,88,4,0,cpu_bound
5286,5,14,61,7,0,cpu_bound
5286,6,8,97,9,2,cpu_bound
5286,7,14,68,7,2,cpu_bound
5286,8,14,70,5,0,cpu_bound
5286,9,19,80,8,1,cpu_bound
5286,10,9,68,6,1,cpu_bound
5286,11,15,87,6,2,cpu_bound
5286,12,20,81,6,1,cpu_bound
5286,13,11,95,5,1,cpu_bound
5286,14,4,87,4,1,cpu_bound
5287,1,3,30,9,0,priority_heavy
5287,2,21,15,10,0,priority_heavy
5287,3,16,19,10,2,priority_heavy
5287,4,17,50,10,4,priority_heavy
5287,5,11,30,9,4,priority_heavy
5287,6,2,27,9,3,priority_heavy
5287,7,1,25,1,0,priority_heavy
5287,8,11,19,10,3,priority_heavy
5287,9,0,26,10,4,priority_heavy
5287,10,10,49,9,2,priority_heavy
5287,11,27,43,10,1,priority_heavy
5287,12,30,40,1,4,priority_heavy
5287,13,16,27,2,2,priority_heavy
5287,14,23,23,9,1,priority_heavy
5287,15,27,29,10,4,priority_heavy
5287,16,14,41,1,4,priority_heavy
5287,17,1,33,10,0,priority_heavy
5287,18,10,28,9,3,priority_heavy
5287,19,29,33,10,2,priority_heavy
5287,20,18,26,2,4,priority_heavy
5287,21,22,20,10,3,priority_heavy
5287,22,7,20,10,1,priority_heavy
5287,23,21,33,2,1,priority_heavy
5287,24,7,41,10,4,priority_heavy
5288,1,25,30,10,1,priority_heavy
5288,2,21,50,1,1,priority_heavy
5288,3,3,34,2,3,priority_heavy
5288,4,21,26,2,3,priority_heavy
5288,5,15,50,2,3,priority_heavy
5288,6,15,43,2,0,priority_heavy
5288,7,13,30,1,3,priority_heavy
5288,8,13,16,10,3,priority_heavy
5288,9,17,33,9,2,priority_heavy
5289,1,19,15,3,7,bursty
5289,2,21,34,10,7,bursty
5289,3,74,58,7,8,bursty
5289,4,48,50,5,5,bursty
5289,5,75,43,9,4,bursty
5289,6,71,51,8,3,bursty
5289,7,76,25,2,6,bursty
5289,8,71,31,10,8,bursty
5289,9,22,18,1,2,bursty
5289,10,73,30,9,3,bursty
5289,11,22,51,6,3,bursty
5289,12,46,39,9,2,bursty
5289,13,77,37,10,2,bursty
5289,14,22,35,1,6,bursty
5289,15,21,33,4,5,bursty
5289,16,23,31,6,4,bursty
5289,17,47,33,3,2,bursty
5289,18,20,56,10,5,bursty
5289,19,71,34,5,8,bursty
5289,20,19,10,5,3,bursty
5289,21,52,22,5,5,bursty
5289,22,22,45,3,6,bursty
5289,23,76,9,3,7,bursty
5289,24,76,37,7,2,bursty
5289,25,72,19,3,7,bursty
5290,1,4,30,6,8,fairness
5290,2,2,22,4,10,fairness
5290,3,8,24,6,9,fairness
5290,4,8,27,6,9,fairness
5290,5,7,28,6,9,fairness
5290,6,4,24,7,8,fairness
5291,1,21,5,9,7,interactive
5291,2,31,10,1,8,interactive
5291,3,95,2,5,8,interactive
5291,4,95,6,4,10,interactive
5291,5,68,6,5,9,interactive
5291,6,29,10,5,10,interactive
5291,7,14,7,9,8,interactive
5291,8,17,1,9,9,interactive
5291,9,28,4,8,7,interactive
5291,10,89,3,4,7,interactive
5291,11,52,9,2,8,interactive
5291,12,57,4,5,10,interactive
5291,13,71,2,9,9,interactive
5291,14,57,5,2,9,interactive
5291,15,74,6,9,7,interactive
5291,16,68,3,2,10,interactive
5291,17,62,3,4,10,interactive
5291,18,90,7,4,10,interactive
5291,19,71,9,7,8,interactive
5291,20,58,3,5,7,interactive
5291,21,11,3,1,9,interactive
5291,22,9,5,9,9,interactive
5291,23,42,4,6,9,interactive
5291,24,27,7,7,9,interactive
5291,25,97,4,3,8,interactive
5291,26,45,7,10,10,interactive
5291,27,85,6,7,10,interactive
5291,28,44,1,1,7,interactive
5291,29,83,5,6,8,interactive
5292,1,8,91,9,1,cpu_bound
5292,2,16,72,4,2,cpu_bound
5292,3,14,62,4,0,cpu_bound
5292,4,19,65,5,0,cpu_bound
5292,5,4,86,8,2,cpu_bound
5293,1,15,40,2,2,bursty
5293,2,81,13,10,8,bursty
5293,3,47,34,3,8,bursty
5293,4,46,34,5,5,bursty
5293,5,81,33,1,5,bursty
5293,6,16,17,2,5,bursty
5293,7,83,52,10,2,bursty
5293,8,82,23,10,7,bursty
5293,9,21,42,6,5,bursty
5294,1,46,49,9,2,bursty
5294,2,65,47,6,2,bursty
5294,3,6,24,10,6,bursty
5294,4,6,23,6,5,bursty
5294,5,63,50,5,5,bursty
5294,6,3,33,6,8,bursty
5294,7,64,15,9,2,bursty
5294,8,6,54,6,3,bursty
5294,9,61,12,9,3,bursty
5294,10,63,23,9,2,bursty
5294,11,46,23,9,5,bursty
5294,12,64,8,10,2,bursty
5294,13,8,12,8,3,bursty
5294,14,4,32,2,2,bursty
5294,15,3,50,3,2,bursty
5294,16,8,5,8,6,bursty
5294,17,64,14,4,7,bursty
5294,18,45,27,6,2,bursty
5294,19,4,48,8,2,bursty
5294,20,50,19,4,4,bursty
5294,21,7,35,5,3,bursty
5294,22,3,33,5,8,bursty
5294,23,50,42,2,8,bursty
5294,24,4,28,5,2,bursty
5294,25,64,52,3,6,bursty
5294,26,4,6,10,4,bursty
5294,27,65,5,3,8,bursty
5294,28,6,15,7,7,bursty
5294,29,48,34,8,3,bursty
5294,30,64,12,5,4,bursty
5295,1,44,27,5,8,bursty
5295,2,71,17,4,4,bursty
5295,3,16,6,6,4,bursty
5295,4,17,25,6,2,bursty
5295,5,69,27,1,6,bursty
5295,6,18,39,4,5,bursty
5295,7,19,59,9,6,bursty
5295,8,65,8,3,4,bursty
5295,9,66,37,4,6,bursty
5295,10,22,17,10,8,bursty
5295,11,39,49,6,7,bursty
5295,12,20,39,10,2,bursty
5295,13,71,55,8,6,bursty
5295,14,65,18,5,7,bursty
5295,15,66,52,9,8,bursty
5295,16,39,20,7,7,bursty
5295,17,43,29,6,6,bursty
5295,18,22,37,7,7,bursty
5295,19,43,31,6,6,bursty
5295,20,18,50,5,3,bursty
5295,21,70,17,9,8,bursty
5295,22,16,33,7,3,bursty
5295,23,41,24,2,4,bursty
5295,24,20,12,10,8,bursty
5295,25,40,44,3,6,bursty
5295,26,18,39,9,5,bursty
5295,27,39,59,3,8,bursty
5296,1,4,19,7,5,fairness
5296,2,1,23,4,8,fairness
5296,3,1,29,7,5,fairness
5296,4,3,25,4,5,fairness
5296,5,7,17,4,8,fairness
5296,6,6,22,4,6,fairness
5296,7,10,28,7,5,fairness
5296,8,3,26,4,5,fairness
5296,9,9,30,6,10,fairness
5296,10,6,17,7,8,fairness
5296,11,6,28,4,7,fairness
5296,12,9,23,4,10,fairness
5296,13,5,27,4,6,fairness
5296,14,2,15,4,10,fairness
5296,15,3,28,5,5,fairness
5296,16,10,21,4,10,fairness
5296,17,0,26,7,5,fairness
5297,1,8,87,5,0,cpu_bound
5297,2,19,77,7,0,cpu_bound
5297,3,8,74,10,2,cpu_bound
5297,4,5,96,7,0,cpu_bound
5297,5,0,88,6,0,cpu_bound
5297,6,8,61,10,1,cpu_bound
5297,7,20,67,9,1,cpu_bound
5297,8,20,75,5,0,cpu_bound
5297,9,16,81,6,2,cpu_bound
5297,10,5,98,8,0,cpu_bound
5297,11,8,66,5,1,cpu_bound
5298,1,3,25,6,10,fairness
5298,2,3,17,4,7,fairness
5298,3,2,29,5,7,fairness
5298,4,8,27,6,10,fairness
5298,5,10,28,4,6,fairness
5298,6,7,17,6,9,fairness
5298,7,5,21,4,5,fairness
5299,1,7,7,9,10,interactive
5299,2,50,8,2,7,interactive
5299,3,70,3,8,7,interactive
5299,4,12,4,8,9,interactive
5299,5,38,2,5,7,interactive
5299,6,22,4,7,7,interactive
5299,7,3,10,2,10,interactive
5299,8,22,7,10,7,interactive
5300,1,8,95,4,2,cpu_bound
5300,2,6,83,9,0,cpu_bound
5300,3,8,61,6,1,cpu_bound
5300,4,11,79,4,1,cpu_bound
5300,5,15,69,8,2,cpu_bound
5300,6,12,76,9,0,cpu_bound
5300,7,8,67,10,0,cpu_bound
5300,8,12,66,10,1,cpu_bound
5300,9,6,87,7,1,cpu_bound
5300,10,7,97,4,1,cpu_bound
5300,11,18,98,10,0,cpu_bound
5300,12,16,77,10,2,cpu_bound
5300,13,0,81,10,1,cpu_bound
5300,14,5,97,5,2,cpu_bound
5300,15,7,95,9,2,cpu_bound
5300,16,17,83,9,0,cpu_bound
5301,1,6,81,7,2,cpu_bound
5301,2,13,77,7,0,cpu_bound
5301,3,8,72,4,2,cpu_bound
5301,4,2,63,8,0,cpu_bound
5301,5,1,70,8,1,cpu_bound
5301,6,1,67,5,0,cpu_bound
5301,7,20,79,7,2,cpu_bound
5301,8,6,96,7,2,cpu_bound
5301,9,5,93,4,0,cpu_bound
5301,10,17,94,8,1,cpu_bound
5301,11,16,93,6,1,cpu_bound
5301,12,19,95,10,1,cpu_bound
5301,13,4,80,5,0,cpu_bound
5301,14,8,84,6,1,cpu_bound
5302,1,10,27,6,6,fairness
5302,2,7,17,4,7,fairness
5302,3,5,27,6,7,fairness
5302,4,5,20,7,8,fairness
5302,5,1,27,7,9,fairness
5302,6,4,24,4,7,fairness
5302,7,4,23,5,5,fairness
5302,8,10,18,5,10,fairness
5303,1,7,18,6,6,fairness
5303,2,4,26,5,9,fairness
5303,3,10,24,6,10,fairness
5303,4,1,27,7,10,fairness
5303,5,4,15,4,9,fairness
5303,6,5,24,5,6,fairness
5304,1,36,25,6,2,bursty
5304,2,14,13,2,7,bursty
5304,3,37,35,1,3,bursty
5304,4,67,42,5,5,bursty
5304,5,63,38,9,5,bursty
5304,6,11,33,4,4,bursty
5304,7,68,51,10,3,bursty
5304,8,67,34,7,2,bursty
5304,9,12,19,7,7,bursty
5304,10,36,59,8,8,bursty
5304,11,37,6,4,3,bursty
5304,12,8,39,3,8,bursty
5304,13,37,60,5,8,bursty
5305,1,24,3,9,3,sjf_friendly
5305,2,19,5,10,4,sjf_friendly
5305,3,37,37,10,3,sjf_friendly
5305,4,18,3,7,3,sjf_friendly
5305,5,32,29,7,0,sjf_friendly
5305,6,23,1,5,4,sjf_friendly
5305,7,32,2,8,3,sjf_friendly
5305,8,28,70,10,1,sjf_friendly
5305,9,21,24,9,3,sjf_friendly
5305,10,22,3,6,3,sjf_friendly
5305,11,28,32,10,0,sjf_friendly
5305,12,33,24,7,1,sjf_friendly
5305,13,20,36,5,1,sjf_friendly
5305,14,28,89,10,1,sjf_friendly
5305,15,7,3,9,1,sjf_friendly
5305,16,12,78,7,0,sjf_friendly
5305,17,22,28,7,2,sjf_friendly
5305,18,36,2,10,0,sjf_friendly
5305,19,33,36,6,0,sjf_friendly
5305,20,25,79,9,3,sjf_friendly
5305,21,19,3,6,3,sjf_friendly
5305,22,37,3,4,3,sjf_friendly
5305,23,22,22,7,4,sjf_friendly
5305,24,7,2,8,4,sjf_friendly
5305,25,6,32,10,2,sjf_friendly
5305,26,1,75,6,0,sjf_friendly
5305,27,26,1,9,2,sjf_friendly
5305,28,35,5,6,2,sjf_friendly
5306,1,10,27,6,10,fairness
5306,2,8,27,4,8,fairness
5306,3,0,24,5,5,fairness
5306,4,9,25,5,6,fairness
5306,5,5,23,5,5,fairness
5306,6,6,29,6,9,fairness
5306,7,6,16,5,9,fairness
5306,8,6,19,7,10,fairness
5306,9,8,29,7,10,fairness
5306,10,1,24,5,6,fairness
5306,11,1,29,7,9,fairness
5306,12,10,28,7,9,fairness
5306,13,4,27,5,6,fairness
5306,14,0,18,4,10,fairness
5306,15,5,24,4,6,fairness
5306,16,2,18,6,7,fairness
5306,17,10,21,4,10,fairness
5306,18,7,30,6,10,fairness
5306,19,8,18,4,8,fairness
5306,20,7,17,4,8,fairness
5306,21,2,23,6,7,fairness
5306,22,2,26,5,8,fairness
5306,23,0,19,4,7,fairness
5306,24,6,19,6,5,fairness
5306,25,8,17,7,6,fairness
5307,1,5,1,8,4,sjf_friendly
5307,2,30,3,8,4,sjf_friendly
5307,3,17,4,8,1,sjf_friendly
5307,4,6,85,6,2,sjf_friendly
5307,5,3,4,9,2,sjf_friendly
5307,6,5,88,5,4,sjf_friendly
5307,7,15,2,9,0,sjf_friendly
5307,8,35,35,10,2,sjf_friendly
5307,9,3,20,8,3,sjf_friendly
5307,10,39,79,5,1,sjf_friendly
5308,1,89,2,5,9,interactive
5308,2,41,7,8,10,interactive
5308,3,34,2,5,9,interactive
5308,4,46,6,5,9,interactive
5308,5,66,10,6,7,interactive
5308,6,9,6,8,9,interactive
5308,7,39,7,8,7,interactive
5308,8,43,7,8,10,interactive
5308,9,18,8,5,9,interactive
5308,10,31,7,3,8,interactive
5308,11,82,4,10,8,interactive
5308,12,13,6,7,7,interactive
5309,1,45,9,9,2,bursty
5309,2,41,28,4,7,bursty
5309,3,10,19,1,4,bursty
5309,4,43,35,8,5,bursty
5309,5,41,34,8,5,bursty
5309,6,78,50,4,4,bursty
5309,7,44,10,8,4,bursty
5309,8,42,25,6,2,bursty
5309,9,44,53,8,2,bursty
5309,10,82,29,2,3,bursty
5309,11,8,19,3,6,bursty
5309,12,43,11,4,5,bursty
5309,13,79,19,2,4,bursty
5309,14,14,31,10,6,bursty
5309,15,41,35,3,3,bursty
5309,16,8,37,4,7,bursty
5309,17,14,40,7,6,bursty
5309,18,77,23,3,8,bursty
5309,19,40,15,7,8,bursty
5309,20,76,54,10,5,bursty
5309,21,44,16,2,3,bursty
5310,1,24,25,10,0,priority_heavy
5310,2,26,21,10,1,priority_heavy
5310,3,8,28,10,4,priority_heavy
5310,4,0,43,1,3,priority_heavy
5310,5,13,47,2,3,priority_heavy
5310,6,30,17,9,1,priority_heavy
5310,7,30,32,10,2,priority_heavy
5310,8,30,39,9,4,priority_heavy
5310,9,3,29,1,0,priority_heavy
5310,10,26,21,9,3,priority_heavy
5310,11,22,38,9,3,priority_heavy
5310,12,19,39,2,1,priority_heavy
5310,13,9,16,10,4,priority_heavy
5310,14,25,42,2,2,priority_heavy
5310,15,7,31,10,1,priority_heavy
5310,16,22,35,1,2,priority_heavy
5311,1,47,29,8,4,bursty
5311,2,49,46,6,6,bursty
5311,3,23,57,7,8,bursty
5311,4,62,9,7,6,bursty
5311,5,65,22,5,4,bursty
5311,6,23,48,10,6,bursty
5311,7,61,32,8,4,bursty
5311,8,43,31,4,3,bursty
5311,9,21,24,9,2,bursty
5311,10,43,44,4,6,bursty
5311,11,62,33,10,7,bursty
5311,12,49,57,5,4,bursty
5311,13,62,46,9,2,bursty
5311,14,17,30,8,5,bursty
5311,15,17,40,7,4,bursty
5312,1,1,20,4,7,fairness
5312,2,0,30,5,5,fairness
5312,3,2,27,6,9,fairness
5312,4,1,18,6,8,fairness
5312,5,4,24,5,7,fairness
5312,6,6,28,5,10,fairness
5312,7,0,23,5,8,fairness
5312,8,6,27,7,10,fairness
5312,9,7,27,6,10,fairness
5312,10,3,25,6,10,fairness
5312,11,6,26,7,7,fairness
5312,12,3,18,7,5,fairness
5312,13,9,29,7,9,fairness
5312,14,8,21,7,7,fairness
5312,15,6,28,6,8,fairness
5312,16,9,15,5,5,fairness
5312,17,4,21,5,10,fairness
5312,18,6,28,6,5,fairness
5312,19,1,23,5,9,fairness
5313,1,33,3,4,2,sjf_friendly
5313,2,9,40,8,0,sjf_friendly
5313,3,23,93,5,3,sjf_friendly
5313,4,13,30,10,4,sjf_friendly
5313,5,12,84,9,3,sjf_friendly
5313,6,32,3,4,3,sjf_friendly
5313,7,6,38,9,0,sjf_friendly
5314,1,8,20,4,5,fairness
5314,2,9,19,7,6,fairness
5314,3,7,16,4,10,fairness
5314,4,2,15,7,7,fairness
5314,5,1,29,6,10,fairness
5314,6,6,23,5,6,fairness
5314,7,4,18,4,7,fairness
5314,8,2,19,5,9,fairness
5314,9,8,23,7,10,fairness
5314,10,10,29,4,6,fairness
5314,11,1,28,4,6,fairness
5314,12,7,22,4,6,fairness
5314,13,8,22,6,6,fairness
5314,14,0,25,5,10,fairness
5314,15,5,24,4,6,fairness
5314,16,3,20,4,6,fairness
5315,1,77,4,7,10,interactive
5315,2,69,8,5,9,interactive
5315,3,77,7,6,9,interactive
5315,4,45,7,1,7,interactive
5315,5,77,10,9,9,interactive
5315,6,45,5,8,9,interactive
5315,7,94,2,2,9,interactive
5315,8,11,4,2,10,interactive
5316,1,41,50,4,3,bursty
5316,2,67,16,9,3,bursty
5316,3,2,22,6,3,bursty
5316,4,40,33,10,4,bursty
5316,5,66,11,3,4,bursty
5316,6,70,55,4,2,bursty
5316,7,4,43,8,7,bursty
5316,8,66,24,1,3,bursty
5316,9,68,40,1,5,bursty
5316,10,66,60,4,7,bursty
5316,11,67,25,1,6,bursty
5317,1,37,5,6,7,interactive
5317,2,81,6,2,10,interactive
5317,3,8,10,2,10,interactive
5317,4,100,5,7,8,interactive
5317,5,52,6,4,8,interactive
5318,1,6,19,6,6,fairness
5318,2,8,29,6,8,fairness
5318,3,5,24,6,5,fairness
5318,4,0,27,7,10,fairness
5318,5,2,24,5,5,fairness
5318,6,9,28,5,9,fairness
5318,7,9,19,7,9,fairness
5318,8,4,29,7,5,fairness
5318,9,4,20,7,7,fairness
5319,1,8,82,9,2,cpu_bound
5319,2,17,60,4,0,cpu_bound
5319,3,5,61,5,1,cpu_bound
5319,4,12,69,4,1,cpu_bound
5319,5,17,92,6,1,cpu_bound
5319,6,7,96,5,0,cpu_bound
5319,7,8,77,4,2,cpu_bound
5319,8,3,95,6,1,cpu_bound
5319,9,10,98,9,2,cpu_bound
5319,10,20,60,6,0,cpu_bound
5319,11,7,65,8,1,cpu_bound
5319,12,9,68,7,0,cpu_bound
5320,1,10,9,6,5,bursty
5320,2,52,14,4,6,bursty
5320,3,9,19,9,2,bursty
5320,4,62,12,8,7,bursty
5320,5,62,37,8,4,bursty
5320,6,59,42,1,7,bursty
5320,7,12,48,3,7,bursty
5320,8,61,35,1,2,bursty
5320,9,14,16,8,4,bursty
5320,10,62,52,7,4,bursty
5320,11,13,35,7,3,bursty
5320,12,52,9,3,4,bursty
5320,13,63,8,8,8,bursty
5320,14,12,34,6,6,bursty
5320,15,59,29,6,7,bursty
5320,16,53,40,3,5,bursty
5320,17,59,53,8,3,bursty
5320,18,14,48,3,2,bursty
5321,1,29,90,7,1,sjf_friendly
5321,2,21,4,10,4,sjf_friendly
5321,3,16,1,5,3,sjf_friendly
5321,4,3,1,4,3,sjf_friendly
5321,5,1,5,8,2,sjf_friendly
5321,6,20,4,8,4,sjf_friendly
5321,7,13,3,8,3,sjf_friendly
5322,1,5,76,5,0,cpu_bound
5322,2,3,100,8,0,cpu_bound
5322,3,17,70,5,1,cpu_bound
5322,4,16,90,10,0,cpu_bound
5322,5,3,60,9,1,cpu_bound
5322,6,20,63,6,0,cpu_bound
5322,7,18,69,6,0,cpu_bound
5322,8,2,64,10,1,cpu_bound
5322,9,5,85,5,0,cpu_bound
5322,10,12,96,7,2,cpu_bound
5322,11,0,93,10,1,cpu_bound
5322,12,18,62,7,2,cpu_bound
5322,13,18,75,7,1,cpu_bound
5323,1,15,98,8,2,cpu_bound
5323,2,14,96,7,0,cpu_bound
5323,3,17,66,9,0,cpu_bound
5323,4,5,94,5,2,cpu_bound
5323,5,11,91,9,2,cpu_bound
5323,6,16,87,4,2,cpu_bound
5323,7,15,84,4,0,cpu_bound
5323,8,13,60,7,2,cpu_bound
5324,1,26,16,9,1,priority_heavy
5324,2,25,45,10,2,priority_heavy
5324,3,17,47,10,3,priority_heavy
5324,4,9,50,2,3,priority_heavy
5324,5,12,19,10,4,priority_heavy
5324,6,27,20,10,2,priority_heavy
5324,7,6,15,9,1,priority_heavy
5324,8,16,23,10,4,priority_heavy
5324,9,18,26,10,4,priority_heavy
5324,10,24,32,9,2,priority_heavy
5324,11,14,41,1,0,priority_heavy
5324,12,16,16,2,1,priority_heavy
5324,13,12,21,1,1,priority_heavy
5324,14,10,50,1,0,priority_heavy
5324,15,2,35,9,3,priority_heavy
5324,16,27,39,9,2,priority_heavy
5324,17,1,22,9,4,priority_heavy
5324,18,13,34,10,0,priority_heavy
5324,19,17,18,1,1,priority_heavy
5324,20,30,27,1,3,priority_heavy
5324,21,13,26,9,4,priority_heavy
5324,22,24,46,10,2,priority_heavy
5324,23,18,50,1,0,priority_heavy
5324,24,29,30,10,3,priority_heavy
5324,25,10,33,10,0,priority_heavy
5324,26,9,30,9,3,priority_heavy
5324,27,24,48,2,2,priority_heavy
5324,28,9,29,9,0,priority_heavy
5324,29,26,50,2,0,priority_heavy
5325,1,4,25,10,1,priority_heavy
5325,2,23,32,10,1,priority_heavy
5325,3,14,38,9,4,priority_heavy
5325,4,9,15,10,1,priority_heavy
5325,5,27,24,10,3,priority_heavy
5325,6,1,37,10,2,priority_heavy
5325,7,13,26,10,1,priority_heavy
5325,8,16,46,10,2,priority_heavy
5326,1,18,3,9,8,interactive
5326,2,32,4,6,8,interactive
5326,3,22,1,3,7,interactive
5326,4,50,9,3,10,interactive
5326,5,22,5,6,10,interactive
5326,6,0,7,10,8,interactive
5326,7,2,5,5,8,interactive
5326,8,58,7,1,10,interactive
5326,9,17,5,7,8,interactive
5326,10,37,3,7,8,interactive
5326,11,93,10,7,8,interactive
5326,12,51,3,6,8,interactive
5326,13,43,10,8,10,interactive
5326,14,39,6,9,9,interactive
5326,15,4,9,9,10,interactive
5326,16,27,9,4,7,interactive
5326,17,10,8,4,10,interactive
5326,18,59,2,1,7,interactive
5326,19,100,6,7,7,interactive
5326,20,9,7,9,7,interactive
5326,21,76,6,10,9,interactive
5326,22,84,2,7,8,interactive
5326,23,5,9,4,7,interactive
5327,1,100,9,10,7,interactive
5327,2,62,1,2,8,interactive
5327,3,27,9,5,9,interactive
5327,4,34,2,10,7,interactive
5327,5,4,1,1,10,interactive
5327,6,17,10,4,8,interactive
5327,7,24,6,4,7,interactive
5327,8,46,4,10,9,interactive
5327,9,63,1,9,8,interactive
5327,10,11,2,7,10,interactive
5327,11,91,10,3,10,interactive
5327,12,48,8,10,9,interactive
5327,13,66,8,1,10,interactive
5327,14,84,2,8,7,interactive
5327,15,20,5,3,8,interactive
5327,16,1,8,5,9,interactive
5327,17,39,5,2,7,interactive
5327,18,39,4,4,9,interactive
5327,19,99,10,8,10,interactive
5327,20,38,5,5,10,interactive
5327,21,68,5,9,10,interactive
5328,1,4,61,10,0,cpu_bound
5328,2,0,96,9,0,cpu_bound
5328,3,13,80,7,0,cpu_bound
5328,4,5,78,8,0,cpu_bound
5328,5,9,71,7,2,cpu_bound
5328,6,13,86,6,1,cpu_bound
5328,7,10,72,7,1,cpu_bound
5328,8,0,84,5,2,cpu_bound
5328,9,7,84,5,1,cpu_bound
5328,10,18,60,5,1,cpu_bound
5328,11,15,61,8,1,cpu_bound
5328,12,17,66,10,1,cpu_bound
5328,13,20,66,7,2,cpu_bound
5328,14,6,76,4,1,cpu_bound
5328,15,7,73,9,2,cpu_bound
5328,16,8,72,9,1,cpu_bound
5328,17,18,78,9,0,cpu_bound
5328,18,0,88,10,2,cpu_bound
5328,19,1,97,10,1,cpu_bound
5328,20,7,81,6,2,cpu_bound
5328,21,15,86,7,1,cpu_bound
5328,22,16,74,5,1,cpu_bound
5328,23,9,81,7,2,cpu_bound
5328,24,19,71,4,2,cpu_bound
5328,25,7,82,8,0,cpu_bound
5328,26,15,90,8,2,cpu_bound
5328,27,5,72,7,2,cpu_bound
5328,28,19,80,10,0,cpu_bound
5328,29,17,77,5,1,cpu_bound
5329,1,9,25,7,6,fairness
5329,2,4,29,6,5,fairness
5329,3,2,23,4,10,fairness
5329,4,7,28,5,6,fairness
5329,5,7,19,6,10,fairness
5329,6,9,21,7,7,fairness
5329,7,1,20,7,7,fairness
5329,8,4,30,6,9,fairness
5329,9,1,21,6,8,fairness
5329,10,1,22,4,8,fairness
5329,11,3,25,5,9,fairness
5329,12,9,28,5,10,fairness
5329,13,4,27,7,5,fairness
5329,14,10,21,7,5,fairness
5329,15,1,20,6,6,fairness
5329,16,2,18,4,6,fairness
5329,17,8,24,7,6,fairness
5329,18,3,17,6,5,fairness
5329,19,8,15,4,9,fairness
5329,20,1,27,5,10,fairness
5329,21,9,22,7,6,fairness
5329,22,2,21,6,6,fairness
5329,23,10,16,7,8,fairness
5329,24,0,25,4,10,fairness
5330,1,11,15,10,2,priority_heavy
5330,2,1,34,2,3,priority_heavy
5330,3,27,47,1,0,priority_heavy
5330,4,20,16,2,4,priority_heavy
5330,5,25,38,10,1,priority_heavy
5330,6,5,15,2,4,priority_heavy
5330,7,4,35,2,4,priority_heavy
5330,8,6,17,2,0,priority_heavy
5330,9,17,42,10,1,priority_heavy
5330,10,27,41,1,3,priority_heavy
5330,11,21,41,10,0,priority_heavy
5330,12,1,46,9,1,priority_heavy
5330,13,15,28,1,0,priority_heavy
5330,14,19,46,2,4,priority_heavy
5330,15,11,44,2,4,priority_heavy
5330,16,10,31,10,1,priority_heavy
5330,17,28,50,2,4,priority_heavy
5330,18,30,30,2,1,priority_heavy
5330,19,1,35,10,1,priority_heavy
5330,20,28,34,10,2,priority_heavy
5330,21,22,49,9,3,priority_heavy
5330,22,17,27,10,4,priority_heavy
5330,23,17,31,10,0,priority_heavy
5330,24,14,22,9,1,priority_heavy
5331,1,12,63,8,0,cpu_bound
5331,2,4,85,9,2,cpu_bound
5331,3,19,62,4,1,cpu_bound
5331,4,11,87,9,2,cpu_bound
5331,5,11,89,10,1,cpu_bound
5331,6,3,67,7,1,cpu_bound
5331,7,11,81,4,1,cpu_bound
5331,8,14,75,8,1,cpu_bound
5331,9,4,60,10,0,cpu_bound
5331,10,15,65,4,0,cpu_bound
5331,11,20,79,5,2,cpu_bound
5331,12,19,65,8,0,cpu_bound
5331,13,19,93,9,2,cpu_bound
5331,14,5,60,6,0,cpu_bound
5331,15,3,84,4,1,cpu_bound
5331,16,16,80,8,2,cpu_bound
5331,17,16,74,10,2,cpu_bound
5331,18,15,69,4,0,cpu_bound
5331,19,11,80,9,0,cpu_bound
5331,20,8,97,9,2,cpu_bound
5331,21,3,91,9,0,cpu_bound
5331,22,3,87,9,2,cpu_bound
5331,23,11,66,6,2,cpu_bound
5331,24,11,86,10,0,cpu_bound
5331,25,15,77,10,0,cpu_bound
5332,1,85,6,6,8,interactive
5332,2,41,3,6,10,interactive
5332,3,6,6,5,8,interactive
5332,4,70,3,3,10,interactive
5332,5,10,2,4,8,interactive
5332,6,8,3,5,7,interactive
5332,7,69,2,3,9,interactive
5332,8,30,2,8,7,interactive
5332,9,82,8,1,7,interactive
5332,10,36,9,7,8,interactive
5332,11,27,9,6,9,interactive
5332,12,63,1,5,7,interactive
5332,13,54,7,9,7,interactive
5332,14,18,1,10,9,interactive
5332,15,83,3,6,7,interactive
5332,16,92,10,8,7,interactive
5333,1,8,76,7,1,sjf_friendly
5333,2,26,4,6,3,sjf_friendly
5333,3,19,5,4,3,sjf_friendly
5333,4,0,21,7,2,sjf_friendly
5333,5,32,72,4,2,sjf_friendly
5333,6,34,5,9,1,sjf_friendly
5333,7,26,3,6,4,sjf_friendly
5333,8,0,3,4,2,sjf_friendly
5334,1,20,68,5,1,cpu_bound
5334,2,8,78,9,0,cpu_bound
5334,3,0,89,8,1,cpu_bound
5334,4,20,98,5,2,cpu_bound
5334,5,8,90,9,1,cpu_bound
5334,6,17,70,9,0,cpu_bound
5334,7,3,61,6,0,cpu_bound
5334,8,16,62,10,1,cpu_bound
5334,9,12,64,4,0,cpu_bound
5334,10,18,81,10,2,cpu_bound
5334,11,6,76,8,2,cpu_bound
5334,12,0,62,4,1,cpu_bound
5334,13,1,95,10,0,cpu_bound
5335,1,9,22,4,7,fairness
5335,2,0,17,4,8,fairness
5335,3,10,26,5,6,fairness
5335,4,0,19,5,8,fairness
5335,5,9,19,7,7,fairness
5335,6,5,20,6,5,fairness
5335,7,4,23,6,9,fairness
5335,8,2,18,6,5,fairness
5335,9,7,29,7,7,fairness
5335,10,10,25,6,10,fairness
5335,11,7,20,6,7,fairness
5335,12,2,19,7,5,fairness
5335,13,0,29,5,5,fairness
5335,14,8,24,7,5,fairness
5335,15,2,21,7,9,fairness
5335,16,9,15,4,8,fairness
5335,17,7,17,4,6,fairness
5336,1,14,36,2,1,priority_heavy
5336,2,28,20,1,3,priority_heavy
5336,3,19,40,10,3,priority_heavy
5336,4,19,39,2,1,priority_heavy
5336,5,14,44,10,2,priority_heavy
5336,6,11,18,2,3,priority_heavy
5336,7,2,42,9,3,priority_heavy
5336,8,3,30,2,1,priority_heavy
5336,9,12,41,9,1,priority_heavy
5336,10,26,23,2,2,priority_heavy
5336,11,1,27,1,2,priority_heavy
5336,12,14,22,1,3,priority_heavy
5336,13,25,37,2,1,priority_heavy
5336,14,3,46,2,1,priority_heavy
5337,1,1,73,5,1,cpu_bound
5337,2,0,85,10,0,cpu_bound
5337,3,12,96,7,0,cpu_bound
5337,4,8,75,6,1,cpu_bound
5337,5,17,60,4,1,cpu_bound
5337,6,14,98,8,2,cpu_bound
5337,7,11,77,7,2,cpu_bound
5337,8,14,75,5,1,cpu_bound
5337,9,9,92,10,0,cpu_bound
5337,10,3,85,5,2,cpu_bound
5337,11,10,100,7,1,cpu_bound
5337,12,15,61,5,2,cpu_bound
5337,13,7,94,9,2,cpu_bound
5338,1,21,42,9,3,priority_heavy
5338,2,29,33,9,4,priority_heavy
5338,3,15,21,2,2,priority_heavy
5338,4,28,46,1,2,priority_heavy
5338,5,27,33,2,4,priority_heavy
5338,6,24,44,1,3,priority_heavy
5338,7,13,23,1,4,priority_heavy
5338,8,23,28,10,2,priority_heavy
5338,9,7,15,10,3,priority_heavy
5338,10,1,34,2,1,priority_heavy
5338,11,27,36,10,3,priority_heavy
5338,12,21,24,2,4,priority_heavy
5338,13,0,24,10,2,priority_heavy
5338,14,11,32,1,2,priority_heavy
5338,15,18,35,2,4,priority_heavy
5338,16,11,48,1,4,priority_heavy
5338,17,23,18,10,2,priority_heavy
5338,18,19,16,9,3,priority_heavy
5338,19,26,33,9,2,priority_heavy
5338,20,28,18,10,2,priority_heavy
5338,21,19,31,10,2,priority_heavy
5338,22,1,43,2,2,priority_heavy
5338,23,11,42,1,2,priority_heavy
5338,24,20,41,9,1,priority_heavy
5338,25,13,42,2,2,priority_heavy
5338,26,15,29,10,3,priority_heavy
5338,27,21,19,10,3,priority_heavy
5338,28,2,47,9,0,priority_heavy
5338,29,19,15,1,1,priority_heavy
5339,1,19,3,5,3,sjf_friendly
5339,2,10,2,8,3,sjf_friendly
5339,3,28,21,9,2,sjf_friendly
5339,4,16,3,4,4,sjf_friendly
5339,5,10,38,10,2,sjf_friendly
5339,6,24,30,7,3,sjf_friendly
5339,7,33,1,10,4,sjf_friendly
5339,8,35,92,9,2,sjf_friendly
5339,9,22,1,10,1,sjf_friendly
5339,10,24,1,8,4,sjf_friendly
5339,11,26,22,8,3,sjf_friendly
5339,12,3,4,8,4,sjf_friendly
5339,13,5,36,6,3,sjf_friendly
5339,14,30,94,5,2,sjf_friendly
5339,15,27,1,9,0,sjf_friendly
5339,16,0,88,6,2,sjf_friendly
5339,17,35,4,7,4,sjf_friendly
5339,18,28,74,8,1,sjf_friendly
5339,19,20,3,7,1,sjf_friendly
5339,20,27,40,10,1,sjf_friendly
5339,21,29,4,5,3,sjf_friendly
5339,22,26,5,6,4,sjf_friendly
5339,23,5,97,7,4,sjf_friendly
5339,24,2,26,4,4,sjf_friendly
5339,25,8,1,9,1,sjf_friendly
5339,26,33,2,4,4,sjf_friendly
5339,27,23,34,9,1,sjf_friendly
5339,28,36,4,7,4,sjf_friendly
5340,1,8,13,8,7,bursty
5340,2,69,7,10,6,bursty
5340,3,3,34,7,2,bursty
5340,4,47,33,10,7,bursty
5340,5,3,50,9,4,bursty
5340,6,70,41,7,3,bursty
5340,7,4,33,3,3,bursty
5340,8,72,18,4,2,bursty
5340,9,5,25,4,3,bursty
5340,10,67,50,6,4,bursty
5340,11,73,11,1,5,bursty
5340,12,49,5,9,5,bursty
5340,13,48,18,5,5,bursty
5340,14,3,44,4,5,bursty
5340,15,48,37,1,7,bursty
5340,16,45,18,2,5,bursty
5340,17,71,52,3,4,bursty
5340,18,50,14,3,7,bursty
5340,19,5,12,5,5,bursty
5340,20,50,13,1,6,bursty
5340,21,4,18,3,7,bursty
5340,22,47,35,1,4,bursty
5340,23,3,46,3,4,bursty
5340,24,45,18,8,8,bursty
5340,25,8,18,7,7,bursty
5340,26,48,43,3,5,bursty
5340,27,50,36,1,4,bursty
5340,28,73,50,7,7,bursty
5340,29,4,42,10,3,bursty
5341,1,72,9,2,9,interactive
5341,2,78,8,3,9,interactive
5341,3,64,1,4,7,interactive
5341,4,44,5,2,8,interactive
5341,5,72,6,7,7,interactive
5341,6,4,4,7,7,interactive
5341,7,4,8,10,9,interactive
5342,1,15,90,6,2,cpu_bound
5342,2,10,91,10,0,cpu_bound
5342,3,2,98,5,0,cpu_bound
5342,4,18,91,7,1,cpu_bound
5342,5,10,83,9,1,cpu_bound
5342,6,6,90,7,0,cpu_bound
5342,7,7,66,6,0,cpu_bound
5342,8,14,96,6,1,cpu_bound
5342,9,2,66,6,2,cpu_bound
5342,10,13,81,8,2,cpu_bound
5342,11,20,66,4,2,cpu_bound
5342,12,10,96,8,0,cpu_bound
5342,13,0,75,9,0,cpu_bound
5342,14,12,92,10,2,cpu_bound
5343,1,0,72,7,2,cpu_bound
5343,2,13,95,10,2,cpu_bound
5343,3,4,67,4,1,cpu_bound
5343,4,13,63,10,2,cpu_bound
5343,5,2,86,8,2,cpu_bound
5343,6,5,87,4,0,cpu_bound
5343,7,13,74,7,2,cpu_bound
5343,8,9,78,8,2,cpu_bound
5343,9,14,88,5,1,cpu_bound
5343,10,12,71,5,0,cpu_bound
5343,11,7,89,5,2,cpu_bound
5343,12,11,89,10,0,cpu_bound
5343,13,13,96,4,2,cpu_bound
5343,14,11,94,6,1,cpu_bound
5343,15,16,65,7,2,cpu_bound
5343,16,13,67,7,1,cpu_bound
5343,17,15,76,5,0,cpu_bound
5343,18,9,96,8,2,cpu_bound
5343,19,18,67,7,2,cpu_bound
5343,20,12,64,5,0,cpu_bound
5343,21,4,89,10,2,cpu_bound
5343,22,9,67,8,2,cpu_bound
5343,23,1,66,5,1,cpu_bound
5343,24,9,96,8,1,cpu_bound
5343,25,16,89,6,0,cpu_bound
5343,26,13,99,5,2,cpu_bound
5343,27,19,78,10,0,cpu_bound
5343,28,8,91,8,1,cpu_bound
5343,29,6,97,7,2,cpu_bound
5344,1,66,27,2,2,bursty
5344,2,5,40,6,8,bursty
5344,3,67,35,7,3,bursty
5344,4,68,18,5,4,bursty
5344,5,42,34,6,6,bursty
5344,6,69,7,4,4,bursty
5345,1,78,17,9,6,bursty
5345,2,9,52,3,3,bursty
5345,3,76,40,6,2,bursty
5345,4,75,13,9,7,bursty
5345,5,79,43,9,7,bursty
5345,6,36,48,3,5,bursty
5345,7,13,44,10,3,bursty
5345,8,80,54,8,4,bursty
5345,9,11,26,8,2,bursty
5345,10,34,58,4,7,bursty
5345,11,11,25,5,6,bursty
5345,12,36,19,7,4,bursty
5345,13,36,42,8,4,bursty
5345,14,78,23,4,3,bursty
5345,15,32,43,4,3,bursty
5345,16,33,39,1,6,bursty
5345,17,77,40,6,3,bursty
5345,18,80,29,4,5,bursty
5345,19,74,35,2,8,bursty
5345,20,9,14,8,6,bursty
5346,1,78,8,7,8,interactive
5346,2,93,1,4,8,interactive
5346,3,51,7,8,8,interactive
5346,4,37,3,1,8,interactive
5346,5,27,10,8,7,interactive
5346,6,89,2,5,10,interactive
5346,7,5,3,9,8,interactive
5346,8,71,7,9,8,interactive
5346,9,91,6,2,7,interactive
5346,10,94,8,9,9,interactive
5346,11,62,1,1,8,interactive
5346,12,62,1,1,9,interactive
5346,13,47,9,10,9,interactive
5346,14,71,10,4,8,interactive
5346,15,24,3,8,10,interactive
5346,16,64,2,8,7,interactive
5346,17,68,7,4,9,interactive
5346,18,28,7,3,10,interactive
5346,19,25,10,1,10,interactive
5346,20,79,1,7,8,interactive
5346,21,43,1,5,8,interactive
5346,22,68,3,8,8,interactive
5347,1,36,9,5,10,interactive
5347,2,19,9,1,8,interactive
5347,3,63,2,1,10,interactive
5347,4,26,10,7,8,interactive
5347,5,33,8,2,8,interactive
5347,6,7,9,10,8,interactive
5347,7,80,4,1,9,interactive
5347,8,9,6,4,8,interactive
5347,9,2,9,1,7,interactive
5347,10,1,10,7,10,interactive
5347,11,98,2,5,7,interactive
5347,12,79,8,5,10,interactive
5347,13,50,5,4,10,interactive
5347,14,15,10,6,10,interactive
5348,1,15,100,8,2,cpu_bound
5348,2,8,100,5,1,cpu_bound
5348,3,6,98,10,0,cpu_bound
5348,4,3,95,6,2,cpu_bound
5348,5,18,70,4,2,cpu_bound
5348,6,9,98,4,1,cpu_bound
5348,7,0,84,9,1,cpu_bound
5348,8,16,69,6,0,cpu_bound
5348,9,15,67,7,0,cpu_bound
5348,10,11,86,9,2,cpu_bound
5348,11,1,96,8,2,cpu_bound
5348,12,20,63,6,0,cpu_bound
5348,13,13,69,5,1,cpu_bound
5348,14,15,94,7,1,cpu_bound
5348,15,1,72,9,2,cpu_bound
5348,16,18,92,10,1,cpu_bound
5348,17,14,61,5,1,cpu_bound
5348,18,14,64,9,2,cpu_bound
5348,19,6,61,8,0,cpu_bound
5348,20,14,60,9,2,cpu_bound
5348,21,8,64,10,2,cpu_bound
5348,22,10,86,4,1,cpu_bound
5348,23,5,93,9,2,cpu_bound
5348,24,17,93,9,2,cpu_bound
5348,25,0,82,6,0,cpu_bound
5348,26,4,65,7,1,cpu_bound
5348,27,8,91,8,1,cpu_bound
5348,28,1,70,9,2,cpu_bound
5348,29,15,79,7,2,cpu_bound
5348,30,7,82,10,1,cpu_bound
5349,1,50,12,3,8,bursty
5349,2,71,48,4,4,bursty
5349,3,51,15,7,7,bursty
5349,4,51,22,8,3,bursty
5349,5,71,54,10,3,bursty
5349,6,48,48,8,4,bursty
5349,7,16,31,2,4,bursty
5349,8,49,12,9,3,bursty
5349,9,15,55,10,6,bursty
5349,10,49,7,2,2,bursty
5349,11,50,23,5,5,bursty
5349,12,45,35,6,8,bursty
5349,13,16,41,2,2,bursty
5349,14,51,38,2,2,bursty
5349,15,72,21,2,8,bursty
5349,16,73,26,6,4,bursty
5349,17,45,8,1,7,bursty
5349,18,48,10,8,5,bursty
5349,19,45,56,2,5,bursty
5349,20,15,57,5,3,bursty
5349,21,16,21,6,6,bursty
5349,22,76,25,4,6,bursty
5350,1,44,8,6,7,interactive
5350,2,91,3,9,10,interactive
5350,3,51,1,6,7,interactive
5350,4,18,3,2,10,interactive
5350,5,5,6,3,10,interactive
5350,6,71,10,3,7,interactive
5350,7,61,3,1,9,interactive
5350,8,24,2,8,8,interactive
5350,9,15,3,6,7,interactive
5350,10,1,10,1,10,interactive
5350,11,87,7,4,10,interactive
5350,12,7,9,4,8,interactive
5350,13,53,8,4,9,interactive
5350,14,44,4,6,9,interactive
5350,15,80,7,5,7,interactive
5350,16,45,9,6,8,interactive
5350,17,79,2,1,10,interactive
5350,18,81,3,1,9,interactive
5350,19,29,3,9,8,interactive
5350,20,21,4,8,9,interactive
5350,21,12,4,3,7,interactive
5350,22,71,4,3,8,interactive
5350,23,84,3,5,7,interactive
5350,24,61,7,1,8,interactive
5350,25,52,1,2,10,interactive
5350,26,100,1,5,9,interactive
5350,27,22,6,9,9,interactive
5350,28,69,7,3,8,interactive
5351,1,7,25,9,4,priority_heavy
5351,2,9,26,9,0,priority_heavy
5351,3,21,26,9,2,priority_heavy
5351,4,19,27,10,1,priority_heavy
5351,5,10,32,1,4,priority_heavy
5351,6,7,42,2,2,priority_heavy
5351,7,23,30,2,2,priority_heavy
5351,8,13,45,1,4,priority_heavy
5351,9,28,34,9,4,priority_heavy
5351,10,30,34,1,4,priority_heavy
5351,11,3,33,1,3,priority_heavy
5351,12,19,30,9,0,priority_heavy
5351,13,14,15,10,3,priority_heavy
5351,14,5,19,1,3,priority_heavy
5351,15,23,18,1,2,priority_heavy
5351,16,28,24,10,3,priority_heavy
5351,17,8,28,2,3,priority_heavy
5351,18,24,34,10,0,priority_heavy
5352,1,16,9,8,9,interactive
5352,2,45,2,8,9,interactive
5352,3,50,8,7,8,interactive
5352,4,55,8,3,9,interactive
5352,5,17,6,1,7,interactive
5352,6,98,5,1,8,interactive
5352,7,16,9,1,10,interactive
5352,8,3,10,9,10,interactive
5352,9,89,2,7,9,interactive
5353,1,0,5,1,10,interactive
5353,2,40,7,4,9,interactive
5353,3,21,7,2,9,interactive
5353,4,33,10,10,10,interactive
5353,5,14,5,4,8,interactive
5353,6,52,1,3,8,interactive
5353,7,7,5,4,8,interactive
5353,8,88,8,8,8,interactive
5353,9,64,9,3,8,interactive
5353,10,20,8,6,10,interactive
5353,11,9,1,8,7,interactive
5353,12,86,6,2,10,interactive
5353,13,84,3,7,8,interactive
5353,14,62,6,10,9,interactive
5353,15,99,5,6,9,interactive
5353,16,73,5,5,7,interactive
5353,17,31,1,8,8,interactive
5353,18,96,5,7,10,interactive
5353,19,69,7,9,8,interactive
5353,20,52,4,9,7,interactive
5353,21,18,1,6,7,interactive
5353,22,25,5,4,7,interactive
5354,1,7,25,6,10,fairness
5354,2,1,30,7,6,fairness
5354,3,5,19,6,8,fairness
5354,4,2,26,5,6,fairness
5354,5,10,23,6,10,fairness
5354,6,2,19,5,5,fairness
5354,7,5,27,5,10,fairness
5354,8,8,28,5,6,fairness
5354,9,2,20,4,9,fairness
5354,10,7,24,4,10,fairness
5354,11,9,26,6,7,fairness
5354,12,9,28,7,5,fairness
5354,13,8,18,5,5,fairness
5354,14,9,23,5,6,fairness
5354,15,6,30,6,8,fairness
5354,16,10,23,6,5,fairness
5354,17,2,21,6,9,fairness
5354,18,8,29,6,8,fairness
5354,19,8,22,4,6,fairness
5354,20,9,17,6,10,fairness
5354,21,1,24,6,10,fairness
5354,22,7,17,6,7,fairness
5354,23,7,20,5,10,fairness
5354,24,6,16,7,5,fairness
5355,1,7,19,7,6,fairness
5355,2,1,27,4,5,fairness
5355,3,0,28,5,9,fairness
5355,4,3,19,6,6,fairness
5355,5,6,17,7,5,fairness
5355,6,8,16,6,7,fairness
5355,7,8,26,7,8,fairness
5355,8,10,21,5,10,fairness
5355,9,4,26,7,5,fairness
5355,10,3,16,5,9,fairness
5355,11,6,28,6,8,fairness
5355,12,0,21,4,6,fairness
5355,13,5,25,7,9,fairness
5355,14,6,23,7,9,fairness
5355,15,4,18,6,10,fairness
5355,16,8,23,4,10,fairness
5356,1,15,64,9,1,cpu_bound
5356,2,6,64,6,1,cpu_bound
5356,3,6,95,4,1,cpu_bound
5356,4,3,77,5,2,cpu_bound
5356,5,19,63,6,2,cpu_bound
5356,6,6,70,5,2,cpu_bound
5356,7,4,77,8,2,cpu_bound
5356,8,12,67,4,1,cpu_bound
5356,9,1,81,8,2,cpu_bound
5356,10,9,80,10,1,cpu_bound
5357,1,84,4,2,7,interactive
5357,2,58,1,8,8,interactive
5357,3,68,6,9,8,interactive
5357,4,38,3,6,7,interactive
5357,5,52,2,9,9,interactive
5357,6,84,6,10,9,interactive
5357,7,95,8,9,9,interactive
5357,8,59,8,4,9,interactive
5357,9,80,1,3,9,interactive
5357,10,0,2,10,9,interactive
5357,11,79,10,1,8,interactive
5357,12,3,6,9,9,interactive
5357,13,94,3,5,10,interactive
5357,14,64,6,10,8,interactive
5357,15,7,5,3,8,interactive
5357,16,0,6,3,8,interactive
5357,17,19,7,6,8,interactive
5357,18,77,2,8,7,interactive
5357,19,94,9,10,9,interactive
5357,20,10,1,2,10,interactive
5357,21,82,9,7,7,interactive
5357,22,58,5,2,8,interactive
5357,23,60,2,4,8,interactive
5357,24,28,3,4,8,interactive
5357,25,57,10,2,10,interactive
5357,26,98,6,9,9,interactive
5357,27,91,9,2,7,interactive
5358,1,76,6,8,10,interactive
5358,2,68,2,8,7,interactive
5358,3,77,1,8,9,interactive
5358,4,9,1,1,7,interactive
5358,5,53,9,10,10,interactive
5358,6,66,8,1,9,interactive
5358,7,61,4,2,9,interactive
5358,8,50,9,2,10,interactive
5358,9,36,10,4,9,interactive
5358,10,64,7,4,8,interactive
5358,11,62,2,10,8,interactive
5358,12,9,8,7,8,interactive
5358,13,15,7,1,10,interactive
5358,14,59,3,6,10,interactive
5359,1,62,17,3,8,bursty
5359,2,10,6,7,8,bursty
5359,3,32,55,2,4,bursty
5359,4,61,37,8,2,bursty
5359,5,62,59,6,7,bursty
5359,6,35,41,8,8,bursty
5359,7,37,38,10,8,bursty
5359,8,33,14,1,8,bursty
5359,9,38,5,4,2,bursty
5359,10,36,56,6,8,bursty
5359,11,34,48,3,8,bursty
5359,12,33,38,6,4,bursty
5359,13,33,7,7,4,bursty
5359,14,34,59,9,6,bursty
5359,15,60,51,9,2,bursty
5359,16,12,21,7,3,bursty
5359,17,61,60,5,5,bursty
5359,18,37,8,3,3,bursty
5359,19,11,16,3,3,bursty
5359,20,34,52,7,7,bursty
5359,21,37,60,7,7,bursty
5359,22,10,45,2,8,bursty
5359,23,34,18,6,8,bursty
5359,24,37,8,10,5,bursty
5359,25,64,10,8,8,bursty
5359,26,36,56,9,4,bursty
5359,27,64,36,7,7,bursty
5359,28,36,52,9,6,bursty
5360,1,6,70,9,2,sjf_friendly
5360,2,31,3,6,0,sjf_friendly
5360,3,22,5,7,3,sjf_friendly
5360,4,4,91,4,4,sjf_friendly
5360,5,27,2,9,1,sjf_friendly
5360,6,22,1,9,2,sjf_friendly
5360,7,37,28,8,0,sjf_friendly
5360,8,11,2,9,3,sjf_friendly
5360,9,40,1,7,3,sjf_friendly
5360,10,14,1,10,0,sjf_friendly
5360,11,40,1,5,0,sjf_friendly
5360,12,30,5,10,2,sjf_friendly
5360,13,22,33,7,3,sjf_friendly
5360,14,19,1,9,4,sjf_friendly
5360,15,23,34,6,2,sjf_friendly
5360,16,29,79,10,4,sjf_friendly
5360,17,21,2,7,3,sjf_friendly
5360,18,8,27,7,3,sjf_friendly
5360,19,15,30,5,2,sjf_friendly
5360,20,18,2,7,3,sjf_friendly
5360,21,2,22,5,0,sjf_friendly
5360,22,20,1,6,1,sjf_friendly
5360,23,37,3,9,1,sjf_friendly
5360,24,10,5,10,2,sjf_friendly
5360,25,15,4,6,3,sjf_friendly
5360,26,35,5,10,3,sjf_friendly
5360,27,29,25,9,1,sjf_friendly
5361,1,58,32,2,3,bursty
5361,2,2,16,2,7,bursty
5361,3,48,16,8,5,bursty
5361,4,59,5,9,6,bursty
5361,5,0,34,4,3,bursty
5361,6,61,36,10,7,bursty
5361,7,1,46,3,6,bursty
5361,8,3,26,4,5,bursty
5361,9,44,32,7,5,bursty
5362,1,0,23,5,8,fairness
5362,2,10,15,6,8,fairness
5362,3,2,15,6,8,fairness
5362,4,8,23,5,9,fairness
5362,5,10,17,4,10,fairness
5362,6,3,16,7,5,fairness
5362,7,5,28,7,9,fairness
5362,8,6,29,7,5,fairness
5362,9,6,19,7,6,fairness
5362,10,0,16,4,8,fairness
5362,11,7,19,6,8,fairness
5362,12,1,18,4,7,fairness
5362,13,7,23,6,6,fairness
5363,1,2,4,9,3,sjf_friendly
5363,2,12,95,10,2,sjf_friendly
5363,3,32,80,7,4,sjf_friendly
5363,4,36,26,7,4,sjf_friendly
5363,5,18,5,5,2,sjf_friendly
5363,6,23,2,7,3,sjf_friendly
5363,7,24,2,6,1,sjf_friendly
5363,8,36,1,7,1,sjf_friendly
5363,9,30,1,4,1,sjf_friendly
5363,10,34,3,9,1,sjf_friendly
5363,11,29,5,9,0,sjf_friendly
5363,12,6,33,5,3,sjf_friendly
5363,13,7,100,5,1,sjf_friendly
5363,14,37,25,4,2,sjf_friendly
5363,15,39,30,5,0,sjf_friendly
5363,16,4,21,10,3,sjf_friendly
5363,17,25,34,5,2,sjf_friendly
5363,18,2,5,6,0,sjf_friendly
5364,1,67,9,6,10,interactive
5364,2,53,10,9,8,interactive
5364,3,38,8,9,9,interactive
5364,4,54,10,6,7,interactive
5364,5,52,8,2,9,interactive
5364,6,62,10,10,9,interactive
5364,7,5,1,5,8,interactive
5364,8,84,10,8,7,interactive
5364,9,64,10,1,8,interactive
5364,10,27,8,5,7,interactive
5364,11,14,1,4,7,interactive
5364,12,25,2,8,7,interactive
5364,13,68,8,4,10,interactive
5364,14,51,9,5,7,interactive
5364,15,21,4,8,8,interactive
5364,16,92,6,2,10,interactive
5364,17,69,2,3,8,interactive
5365,1,73,10,3,9,interactive
5365,2,44,5,1,9,interactive
5365,3,61,9,1,10,interactive
5365,4,53,8,6,9,interactive
5365,5,83,6,8,10,interactive
5365,6,20,9,8,7,interactive
5365,7,7,7,4,10,interactive
5365,8,67,1,9,10,interactive
5365,9,23,3,1,9,interactive
5365,10,75,6,7,9,interactive
5365,11,6,8,5,10,interactive
5365,12,27,6,7,10,interactive
5365,13,37,8,2,7,interactive
5365,14,6,4,10,9,interactive
5365,15,16,9,1,7,interactive
5365,16,34,10,10,8,interactive
5365,17,65,4,9,9,interactive
5365,18,6,5,1,10,interactive
5365,19,65,9,7,7,interactive
5365,20,18,7,7,7,interactive
5365,21,79,5,7,9,interactive
5365,22,89,3,6,7,interactive
5365,23,14,1,1,10,interactive
5366,1,23,3,4,3,sjf_friendly
5366,2,17,31,9,3,sjf_friendly
5366,3,18,24,6,1,sjf_friendly
5366,4,20,97,5,0,sjf_friendly
5366,5,5,80,6,3,sjf_friendly
5366,6,5,34,5,1,sjf_friendly
5366,7,9,5,5,3,sjf_friendly
5366,8,10,38,7,2,sjf_friendly
5366,9,21,33,10,3,sjf_friendly
5366,10,15,2,4,1,sjf_friendly
5366,11,14,1,10,3,sjf_friendly
5366,12,4,27,6,0,sjf_friendly
5366,13,7,73,7,2,sjf_friendly
5366,14,2,2,4,4,sjf_friendly
5366,15,4,22,10,1,sjf_friendly
5366,16,10,5,7,2,sjf_friendly
5366,17,9,4,9,2,sjf_friendly
5366,18,8,34,6,0,sjf_friendly
5366,19,11,95,10,3,sjf_friendly
5366,20,14,96,10,0,sjf_friendly
5366,21,29,5,8,1,sjf_friendly
5366,22,37,5,5,0,sjf_friendly
5366,23,6,81,5,2,sjf_friendly
5366,24,19,39,6,1,sjf_friendly
5366,25,29,26,5,2,sjf_friendly
5367,1,1,38,9,2,priority_heavy
5367,2,21,22,2,4,priority_heavy
5367,3,5,22,1,0,priority_heavy
5367,4,8,48,1,3,priority_heavy
5367,5,13,20,1,3,priority_heavy
5367,6,0,38,1,0,priority_heavy
5367,7,29,37,9,1,priority_heavy
5367,8,2,16,10,4,priority_heavy
5367,9,9,19,10,0,priority_heavy
5367,10,23,24,9,4,priority_heavy
5367,11,24,44,2,2,priority_heavy
5367,12,26,37,9,1,priority_heavy
5367,13,27,23,9,0,priority_heavy
5368,1,10,81,9,0,cpu_bound
5368,2,19,60,10,2,cpu_bound
5368,3,7,85,6,0,cpu_bound
5368,4,7,79,5,2,cpu_bound
5368,5,16,63,6,2,cpu_bound
5368,6,2,78,5,2,cpu_bound
5368,7,20,80,6,0,cpu_bound
5368,8,0,87,5,0,cpu_bound
5368,9,0,86,9,2,cpu_bound
5368,10,13,78,9,1,cpu_bound
5368,11,1,97,9,0,cpu_bound
5368,12,15,61,10,0,cpu_bound
5368,13,3,80,5,1,cpu_bound
5369,1,7,100,10,2,cpu_bound
5369,2,15,87,10,0,cpu_bound
5369,3,3,83,5,0,cpu_bound
5369,4,3,64,8,0,cpu_bound
5369,5,7,85,9,0,cpu_bound
5369,6,19,60,10,2,cpu_bound
5369,7,15,83,8,0,cpu_bound
5369,8,6,93,7,0,cpu_bound
5369,9,14,65,4,1,cpu_bound
5369,10,3,61,5,1,cpu_bound
5369,11,6,75,10,2,cpu_bound
5369,12,20,80,7,1,cpu_bound
5369,13,14,66,4,0,cpu_bound
5369,14,10,74,6,1,cpu_bound
5369,15,18,67,9,1,cpu_bound
5369,16,13,61,7,1,cpu_bound
5369,17,20,81,6,1,cpu_bound
5369,18,15,78,10,1,cpu_bound
5369,19,20,95,8,2,cpu_bound
5369,20,5,66,9,2,cpu_bound
5369,21,19,93,9,2,cpu_bound
5370,1,82,2,2,8,interactive
5370,2,62,10,1,9,interactive
5370,3,3,5,7,7,interactive
5370,4,31,7,9,7,interactive
5370,5,58,1,3,10,interactive
5370,6,74,10,4,8,interactive
5370,7,69,2,2,8,interactive
5370,8,40,3,6,10,interactive
5370,9,35,3,3,10,interactive
5370,10,25,4,7,10,interactive
5370,11,28,2,8,7,interactive
5370,12,32,1,2,8,interactive
5370,13,15,2,4,10,interactive
5370,14,26,1,1,7,interactive
5370,15,80,8,6,7,interactive
5370,16,63,4,8,10,interactive
5370,17,28,2,2,10,interactive
5370,18,83,6,9,9,interactive
5370,19,91,10,4,10,interactive
5370,20,96,1,10,8,interactive
5370,21,2,7,7,10,interactive
5370,22,65,8,9,10,interactive
5370,23,1,1,3,10,interactive
5370,24,54,1,9,10,interactive
5370,25,23,5,1,8,interactive
5370,26,8,1,6,10,interactive
5370,27,17,8,7,7,interactive
5370,28,91,3,6,7,interactive
5370,29,44,4,8,8,interactive
5371,1,60,46,1,7,bursty
5371,2,47,50,3,8,bursty
5371,3,51,42,6,3,bursty
5371,4,66,12,5,5,bursty
5371,5,65,52,9,8,bursty
5371,6,49,7,10,6,bursty
5371,7,22,48,8,7,bursty
5371,8,50,5,10,5,bursty
5371,9,53,36,4,7,bursty
5371,10,53,53,2,7,bursty
5371,11,47,41,2,5,bursty
5371,12,19,18,3,8,bursty
5371,13,61,52,2,6,bursty
5371,14,60,34,4,5,bursty
5371,15,63,42,10,6,bursty
5371,16,62,26,5,2,bursty
5371,17,53,51,3,6,bursty
5371,18,65,53,10,4,bursty
5371,19,64,51,3,7,bursty
5371,20,60,47,2,5,bursty
5371,21,65,52,6,4,bursty
5371,22,48,32,9,2,bursty
5371,23,62,34,9,2,bursty
5372,1,22,10,5,8,interactive
5372,2,14,8,9,10,interactive
5372,3,13,9,9,10,interactive
5372,4,88,8,10,9,interactive
5372,5,30,8,10,10,interactive
5372,6,92,7,2,9,interactive
5373,1,53,4,7,7,interactive
5373,2,15,7,8,8,interactive
5373,3,25,10,9,9,interactive
5373,4,32,8,1,10,interactive
5373,5,50,10,5,9,interactive
5373,6,91,6,5,7,interactive
5373,7,3,2,3,7,interactive
5373,8,3,6,7,9,interactive
5373,9,26,1,1,9,interactive
5373,10,59,7,1,9,interactive
5373,11,65,10,2,9,interactive
5373,12,50,10,6,10,interactive
5374,1,6,2,10,9,interactive
5374,2,19,7,5,10,interactive
5374,3,68,1,4,9,interactive
5374,4,59,4,5,9,interactive
5374,5,84,3,2,8,interactive
5374,6,4,8,7,8,interactive
5374,7,47,4,10,9,interactive
5374,8,34,3,7,7,interactive
5374,9,19,8,9,10,interactive
5374,10,0,10,2,10,interactive
5374,11,64,7,5,7,interactive
5374,12,2,8,7,9,interactive
5374,13,10,3,10,10,interactive
5374,14,57,6,6,8,interactive
5374,15,63,6,2,10,interactive
5374,16,7,7,2,8,interactive
5375,1,25,26,10,4,priority_heavy
5375,2,17,37,1,0,priority_heavy
5375,3,9,38,9,1,priority_heavy
5375,4,26,49,10,1,priority_heavy
5375,5,19,33,9,4,priority_heavy
5375,6,21,38,9,2,priority_heavy
5375,7,20,17,2,0,priority_heavy
5375,8,10,26,1,0,priority_heavy
5375,9,24,30,10,1,priority_heavy
5375,10,23,43,10,0,priority_heavy
5375,11,11,40,2,3,priority_heavy
5375,12,22,37,2,1,priority_heavy
5375,13,7,41,10,2,priority_heavy
5375,14,2,34,1,2,priority_heavy
5375,15,20,41,1,0,priority_heavy
5375,16,10,27,1,0,priority_heavy
5375,17,21,22,10,3,priority_heavy
5375,18,1,26,9,4,priority_heavy
5375,19,28,43,10,0,priority_heavy
5375,20,30,18,9,4,priority_heavy
5375,21,14,38,10,4,priority_heavy
5375,22,13,50,2,3,priority_heavy
5375,23,2,20,9,4,priority_heavy
5375,24,3,30,2,2,priority_heavy
5375,25,4,31,10,2,priority_heavy
5376,1,10,38,1,4,priority_heavy
5376,2,25,29,10,2,priority_heavy
5376,3,21,40,1,1,priority_heavy
5376,4,16,21,9,2,priority_heavy
5376,5,24,42,9,4,priority_heavy
5376,6,24,22,2,3,priority_heavy
5376,7,4,40,10,0,priority_heavy
5376,8,28,41,2,4,priority_heavy
5376,9,7,32,2,0,priority_heavy
5376,10,1,36,10,3,priority_heavy
5376,11,3,36,9,2,priority_heavy
5376,12,14,32,9,4,priority_heavy
5376,13,21,22,9,3,priority_heavy
5376,14,10,19,2,3,priority_heavy
5376,15,23,37,9,1,priority_heavy
5377,1,10,25,5,9,fairness
5377,2,3,16,5,7,fairness
5377,3,1,29,6,5,fairness
5377,4,3,17,6,5,fairness
5377,5,0,15,6,6,fairness
5377,6,1,19,4,8,fairness
5377,7,0,29,7,7,fairness
5377,8,7,29,4,7,fairness
5378,1,17,24,10,4,sjf_friendly
5378,2,9,4,8,4,sjf_friendly
5378,3,24,1,9,0,sjf_friendly
5378,4,25,1,10,0,sjf_friendly
5378,5,22,34,6,0,sjf_friendly
5378,6,28,3,6,0,sjf_friendly
5378,7,18,86,7,0,sjf_friendly
5378,8,18,77,9,3,sjf_friendly
5378,9,33,99,6,3,sjf_friendly
5378,10,10,4,7,3,sjf_friendly
5378,11,26,96,7,0,sjf_friendly
5378,12,2,84,9,3,sjf_friendly
5378,13,11,1,7,1,sjf_friendly
5378,14,20,3,9,1,sjf_friendly
5378,15,12,2,10,4,sjf_friendly
5378,16,12,5,6,3,sjf_friendly
5378,17,33,3,5,4,sjf_friendly
5378,18,15,36,7,0,sjf_friendly
5378,19,7,3,6,4,sjf_friendly
5378,20,6,23,4,1,sjf_friendly
5378,21,4,97,6,4,sjf_friendly
5379,1,1,99,7,1,cpu_bound
5379,2,16,68,10,0,cpu_bound
5379,3,8,71,7,0,cpu_bound
5379,4,15,69,7,1,cpu_bound
5379,5,14,87,10,0,cpu_bound
5379,6,6,70,8,0,cpu_bound
5379,7,8,74,6,2,cpu_bound
5379,8,12,76,9,2,cpu_bound
5379,9,0,70,8,0,cpu_bound
5379,10,4,96,10,0,cpu_bound
5379,11,18,77,9,1,cpu_bound
5379,12,15,93,6,1,cpu_bound
5379,13,11,68,4,1,cpu_bound
5379,14,11,60,4,2,cpu_bound
5379,15,7,61,6,2,cpu_bound
5379,16,4,99,4,0,cpu_bound
5379,17,12,65,10,1,cpu_bound
5379,18,7,96,10,2,cpu_bound
5379,19,5,85,9,0,cpu_bound
5379,20,6,91,6,1,cpu_bound
5379,21,16,83,6,2,cpu_bound
5379,22,6,87,7,1,cpu_bound
5380,1,74,2,1,10,interactive
5380,2,71,5,5,8,interactive
5380,3,15,6,8,7,interactive
5380,4,51,3,5,9,interactive
5380,5,53,7,3,8,interactive
5380,6,77,5,2,10,interactive
5380,7,30,8,7,10,interactive
5380,8,48,9,6,9,interactive
5380,9,27,4,6,9,interactive
5380,10,45,1,2,8,interactive
5380,11,18,8,2,7,interactive
5380,12,86,2,10,9,interactive
5380,13,80,4,2,9,interactive
5380,14,11,8,7,7,interactive
5380,15,96,2,10,7,interactive
5380,16,71,4,8,7,interactive
5380,17,19,5,3,8,interactive
5380,18,36,9,4,7,interactive
5380,19,20,4,1,9,interactive
5381,1,76,41,1,2,bursty
5381,2,74,26,1,2,bursty
5381,3,11,44,3,5,bursty
5381,4,74,47,6,2,bursty
5381,5,7,27,8,8,bursty
5381,6,72,51,3,8,bursty
5381,7,7,19,6,8,bursty
5381,8,5,59,8,2,bursty
5382,1,98,2,7,10,interactive
5382,2,10,5,1,10,interactive
5382,3,75,1,1,8,interactive
5382,4,83,6,3,9,interactive
5382,5,91,1,5,10,interactive
5382,6,36,7,6,7,interactive
5382,7,88,9,8,9,interactive
5382,8,70,6,10,7,interactive
5382,9,63,1,8,9,interactive
5382,10,70,4,3,8,interactive
5382,11,85,9,2,7,interactive
5382,12,63,4,10,8,interactive
5383,1,28,30,10,3,priority_heavy
5383,2,0,18,2,2,priority_heavy
5383,3,5,34,2,3,priority_heavy
5383,4,2,44,1,2,priority_heavy
5383,5,9,48,9,4,priority_heavy
5383,6,0,17,1,3,priority_heavy
5383,7,18,15,1,0,priority_heavy
5383,8,10,40,9,2,priority_heavy
5383,9,5,46,10,3,priority_heavy
5383,10,29,36,1,4,priority_heavy
5383,11,14,32,9,0,priority_heavy
5383,12,7,33,10,4,priority_heavy
5383,13,27,26,9,0,priority_heavy
5383,14,15,36,10,1,priority_heavy
5383,15,18,35,10,1,priority_heavy
5383,16,18,17,9,1,priority_heavy
5383,17,22,50,9,0,priority_heavy
5383,18,14,15,9,3,priority_heavy
5383,19,20,49,9,3,priority_heavy
5383,20,20,17,2,1,priority_heavy
5383,21,5,47,10,1,priority_heavy
5383,22,7,21,2,3,priority_heavy
5383,23,2,48,9,3,priority_heavy
5383,24,6,40,2,3,priority_heavy
5383,25,8,41,10,2,priority_heavy
5383,26,3,46,1,2,priority_heavy
5384,1,2,91,8,0,cpu_bound
5384,2,4,62,5,0,cpu_bound
5384,3,0,93,7,1,cpu_bound
5384,4,11,66,6,0,cpu_bound
5384,5,17,99,9,0,cpu_bound
5384,6,8,70,8,1,cpu_bound
5384,7,17,95,8,0,cpu_bound
5384,8,8,80,7,2,cpu_bound
5384,9,0,85,4,0,cpu_bound
5384,10,1,69,8,1,cpu_bound
5384,11,2,68,7,0,cpu_bound
5384,12,17,65,6,0,cpu_bound
5384,13,2,62,10,0,cpu_bound
5384,14,9,64,10,0,cpu_bound
5384,15,16,84,5,2,cpu_bound
5384,16,15,67,10,2,cpu_bound
5384,17,0,81,9,1,cpu_bound
5384,18,4,71,7,2,cpu_bound
5384,19,13,74,6,1,cpu_bound
5384,20,6,73,5,0,cpu_bound
5384,21,16,65,5,0,cpu_bound
5384,22,20,62,5,2,cpu_bound
5384,23,8,98,10,1,cpu_bound
5384,24,18,62,5,0,cpu_bound
5384,25,14,72,9,1,cpu_bound
5384,26,4,62,5,0,cpu_bound
5385,1,72,18,6,6,bursty
5385,2,36,27,4,2,bursty
5385,3,20,10,8,2,bursty
5385,4,74,18,8,3,bursty
5385,5,18,10,2,8,bursty
5385,6,19,60,2,3,bursty
5385,7,42,42,6,8,bursty
5385,8,20,52,9,4,bursty
5385,9,18,42,2,5,bursty
5385,10,21,57,8,2,bursty
5385,11,16,6,5,5,bursty
5385,12,41,27,1,6,bursty
5385,13,41,51,9,3,bursty
5385,14,37,39,2,8,bursty
5385,15,16,48,5,3,bursty
5385,16,17,23,10,5,bursty
5385,17,36,15,10,7,bursty
5385,18,37,38,4,5,bursty
5386,1,29,20,8,2,bursty
5386,2,69,31,9,7,bursty
5386,3,2,21,3,7,bursty
5386,4,70,60,5,7,bursty
5386,5,73,51,2,5,bursty
5386,6,31,48,4,3,bursty
5386,7,3,24,3,4,bursty
5386,8,70,28,5,2,bursty
5386,9,7,58,10,4,bursty
5386,10,32,11,7,3,bursty
5386,11,67,27,3,2,bursty
5386,12,67,26,3,5,bursty
5386,13,28,45,2,6,bursty
5386,14,73,33,6,2,bursty
5386,15,31,5,5,3,bursty
5386,16,71,20,1,3,bursty
5386,17,33,19,3,8,bursty
5386,18,30,38,4,6,bursty
5386,19,3,16,1,2,bursty
5386,20,67,44,3,2,bursty
5386,21,4,60,10,6,bursty
5386,22,30,8,1,3,bursty
5386,23,2,49,2,5,bursty
5386,24,33,19,2,5,bursty
5386,25,7,13,2,4,bursty
5386,26,31,21,1,6,bursty
5386,27,70,39,7,8,bursty
5386,28,69,37,3,4,bursty
5386,29,68,46,7,5,bursty
5387,1,48,1,2,10,interactive
5387,2,22,9,8,7,interactive
5387,3,86,8,2,7,interactive
5387,4,42,3,2,7,interactive
5387,5,76,3,2,8,interactive
5387,6,0,3,1,7,interactive
5387,7,56,7,10,7,interactive
5387,8,87,10,4,7,interactive
5387,9,61,2,9,8,interactive
5387,10,42,2,7,8,interactive
5387,11,96,3,6,7,interactive
5387,12,100,2,1,7,interactive
5387,13,73,1,7,9,interactive
5387,14,89,7,10,9,interactive
5387,15,67,2,1,7,interactive
5387,16,57,5,1,10,interactive
5387,17,72,1,9,9,interactive
5387,18,80,5,4,7,interactive
5387,19,55,2,6,9,interactive
5387,20,100,10,7,7,interactive
5387,21,6,4,10,7,interactive
5387,22,31,4,9,7,interactive
5387,23,48,7,8,10,interactive
5387,24,6,6,4,9,interactive
5387,25,29,4,2,7,interactive
5388,1,58,5,10,8,interactive
5388,2,14,2,2,9,interactive
5388,3,66,10,10,10,interactive
5388,4,89,5,4,10,interactive
5388,5,30,1,9,9,interactive
5388,6,19,3,6,7,interactive
5388,7,72,7,8,10,interactive
5388,8,41,10,10,9,interactive
5388,9,1,6,8,8,interactive
5389,1,36,32,8,8,bursty
5389,2,3,55,6,3,bursty
5389,3,35,34,5,8,bursty
5389,4,81,50,4,8,bursty
5389,5,4,14,4,3,bursty
5389,6,33,53,5,7,bursty
5389,7,37,18,10,8,bursty
5390,1,91,2,1,9,interactive
5390,2,24,7,7,10,interactive
5390,3,16,3,2,7,interactive
5390,4,83,4,1,10,interactive
5390,5,9,4,5,10,interactive
5390,6,35,2,8,8,interactive
5390,7,38,3,2,7,interactive
5390,8,3,10,6,9,interactive
5390,9,71,1,10,9,interactive
5390,10,65,3,1,7,interactive
5390,11,70,1,6,9,interactive
5390,12,21,7,5,9,interactive
5390,13,9,8,1,8,interactive
5390,14,47,2,1,7,interactive
5390,15,56,6,10,8,interactive
5390,16,15,6,2,9,interactive
5390,17,38,9,6,10,interactive
5390,18,87,3,1,7,interactive
5390,19,42,2,1,9,interactive
5390,20,32,1,10,8,interactive
5390,21,26,8,6,7,interactive
5390,22,51,9,4,9,interactive
5390,23,92,8,3,8,interactive
5390,24,84,1,8,9,interactive
5390,25,47,5,7,10,interactive
5390,26,72,6,5,8,interactive
5390,27,63,9,3,10,interactive
5390,28,86,10,6,10,interactive
5391,1,67,60,6,4,bursty
5391,2,4,43,2,7,bursty
5391,3,7,37,6,4,bursty
5391,4,66,22,7,6,bursty
5391,5,44,54,5,6,bursty
5391,6,67,60,3,5,bursty
5391,7,10,46,9,5,bursty
5391,8,65,14,6,5,bursty
5391,9,8,37,3,2,bursty
5391,10,45,45,2,5,bursty
5391,11,10,18,1,6,bursty
5391,12,6,34,1,2,bursty
5391,13,47,47,10,8,bursty
5391,14,65,52,9,2,bursty
5391,15,61,50,9,2,bursty
5392,1,0,59,5,8,bursty
5392,2,1,42,5,8,bursty
5392,3,78,29,5,8,bursty
5392,4,83,7,2,4,bursty
5392,5,52,48,10,2,bursty
5392,6,47,40,6,2,bursty
5392,7,49,32,8,5,bursty
5392,8,79,9,2,7,bursty
5392,9,0,19,5,8,bursty
5392,10,51,50,5,6,bursty
5392,11,49,7,8,6,bursty
5392,12,80,45,5,2,bursty
5392,13,48,56,1,2,bursty
5392,14,2,21,1,2,bursty
5392,15,46,31,2,3,bursty
5392,16,51,16,7,5,bursty
5392,17,79,40,5,6,bursty
5392,18,51,10,8,6,bursty
5392,19,48,38,4,4,bursty
5392,20,51,52,4,4,bursty
5392,21,81,25,7,2,bursty
5392,22,52,50,10,6,bursty
5393,1,5,22,5,6,fairness
5393,2,1,18,4,6,fairness
5393,3,10,18,7,10,fairness
5393,4,3,16,4,8,fairness
5393,5,5,23,7,5,fairness
5393,6,4,30,6,8,fairness
5393,7,4,26,5,5,fairness
5393,8,4,25,7,5,fairness
5393,9,6,18,5,10,fairness
5393,10,1,24,6,10,fairness
5393,11,4,26,7,8,fairness
5393,12,1,26,4,7,fairness
5393,13,0,22,5,7,fairness
5393,14,7,17,4,10,fairness
5393,15,2,23,7,5,fairness
5394,1,38,2,5,8,interactive
5394,2,28,2,8,7,interactive
5394,3,84,5,8,9,interactive
5394,4,15,10,2,10,interactive
5394,5,40,7,7,8,interactive
5394,6,41,10,2,10,interactive
5394,7,61,1,6,9,interactive
5394,8,92,3,3,7,interactive
5394,9,61,7,10,7,interactive
5394,10,35,3,4,8,interactive
5394,11,87,3,7,10,interactive
5394,12,81,1,6,8,interactive
5394,13,80,3,9,7,interactive
5394,14,97,5,7,7,interactive
5394,15,100,8,2,8,interactive
5394,16,62,2,4,7,interactive
5394,17,68,9,4,7,interactive
5395,1,91,4,6,8,interactive
5395,2,32,1,7,7,interactive
5395,3,4,7,2,8,interactive
5395,4,60,4,2,9,interactive
5395,5,9,2,9,10,interactive
5395,6,71,10,5,7,interactive
5395,7,44,1,6,7,interactive
5395,8,92,1,9,7,interactive
5395,9,53,9,8,10,interactive
5395,10,98,5,10,9,interactive
5395,11,50,4,3,7,interactive
5395,12,7,10,2,10,interactive
5395,13,35,7,5,8,interactive
5395,14,17,5,7,10,interactive
5395,15,63,8,2,7,interactive
5395,16,77,4,4,7,interactive
5395,17,96,6,6,8,interactive
5395,18,100,5,4,10,interactive
5395,19,82,4,4,8,interactive
5395,20,8,1,1,8,interactive
5395,21,26,10,7,8,interactive
5395,22,97,6,6,10,interactive
5395,23,22,1,8,7,interactive
5395,24,27,4,5,10,interactive
5396,1,13,15,1,3,priority_heavy
5396,2,17,32,10,1,priority_heavy
5396,3,6,46,1,3,priority_heavy
5396,4,2,37,9,4,priority_heavy
5396,5,26,26,2,3,priority_heavy
5396,6,0,33,9,2,priority_heavy
5396,7,19,45,10,2,priority_heavy
5396,8,21,28,10,1,priority_heavy
5396,9,11,50,2,2,priority_heavy
5396,10,5,36,1,0,priority_heavy
5396,11,23,34,2,2,priority_heavy
5396,12,17,36,1,3,priority_heavy
5396,13,8,27,2,2,priority_heavy
5396,14,17,17,10,3,priority_heavy
5396,15,11,30,10,3,priority_heavy
5396,16,1,46,10,2,priority_heavy
5396,17,4,45,10,0,priority_heavy
5396,18,25,34,1,3,priority_heavy
5396,19,29,45,9,4,priority_heavy
5396,20,17,44,10,2,priority_heavy
5396,21,27,19,10,3,priority_heavy
5396,22,4,39,9,3,priority_heavy
5396,23,30,16,9,1,priority_heavy
5396,24,22,21,1,3,priority_heavy
5396,25,1,38,10,0,priority_heavy
5396,26,14,32,1,3,priority_heavy
5396,27,13,45,2,2,priority_heavy
5396,28,13,47,9,0,priority_heavy
5396,29,15,43,9,0,priority_heavy
5396,30,7,46,1,4,priority_heavy
5397,1,11,48,9,0,priority_heavy
5397,2,20,25,1,0,priority_heavy
5397,3,11,25,1,0,priority_heavy
5397,4,1,45,10,1,priority_heavy
5397,5,19,36,2,0,priority_heavy
5397,6,2,18,10,2,priority_heavy
5397,7,1,26,9,4,priority_heavy
5397,8,21,27,1,1,priority_heavy
5397,9,30,21,1,3,priority_heavy
5397,10,1,38,2,1,priority_heavy
5397,11,23,34,2,3,priority_heavy
5397,12,0,44,1,3,priority_heavy
5397,13,27,19,2,0,priority_heavy
5397,14,7,16,9,4,priority_heavy
5397,15,3,24,9,0,priority_heavy
5397,16,23,48,2,4,priority_heavy
5397,17,23,48,9,2,priority_heavy
5397,18,28,25,9,3,priority_heavy
5397,19,27,46,2,0,priority_heavy
5397,20,0,43,1,4,priority_heavy
5397,21,28,30,2,3,priority_heavy
5397,22,27,48,2,3,priority_heavy
5397,23,8,32,1,1,priority_heavy
5397,24,15,41,10,4,priority_heavy
5397,25,7,42,10,1,priority_heavy
5398,1,66,40,3,3,bursty
5398,2,62,12,4,8,bursty
5398,3,47,11,2,2,bursty
5398,4,50,26,10,4,bursty
5398,5,10,28,10,8,bursty
5398,6,65,32,7,5,bursty
5398,7,11,16,1,3,bursty
5398,8,12,54,2,3,bursty
5398,9,45,46,5,5,bursty
5398,10,8,59,6,6,bursty
5398,11,63,6,6,4,bursty
5398,12,9,60,8,7,bursty
5399,1,12,38,5,0,sjf_friendly
5399,2,24,99,8,1,sjf_friendly
5399,3,24,36,10,0,sjf_friendly
5399,4,37,1,8,0,sjf_friendly
5399,5,14,1,8,0,sjf_friendly
5399,6,26,26,7,1,sjf_friendly
5399,7,11,33,10,0,sjf_friendly
5399,8,22,34,5,4,sjf_friendly
5399,9,31,5,5,1,sjf_friendly
5399,10,21,34,5,1,sjf_friendly
5399,11,30,25,6,4,sjf_friendly
5399,12,26,34,8,2,sjf_friendly
5399,13,33,29,5,1,sjf_friendly
5399,14,35,5,10,4,sjf_friendly
5399,15,15,40,9,2,sjf_friendly
5399,16,37,77,5,2,sjf_friendly
5399,17,31,1,5,2,sjf_friendly
5399,18,22,21,10,1,sjf_friendly
5399,19,21,4,4,2,sjf_friendly
5399,20,1,77,10,1,sjf_friendly
5399,21,34,84,6,2,sjf_friendly
5400,1,17,77,5,1,cpu_bound
5400,2,5,67,8,2,cpu_bound
5400,3,18,92,8,2,cpu_bound
5400,4,20,69,8,2,cpu_bound
5400,5,15,67,7,1,cpu_bound
5400,6,4,68,7,2,cpu_bound
5400,7,11,65,5,2,cpu_bound
5400,8,17,94,6,2,cpu_bound
5400,9,5,63,5,0,cpu_bound
5400,10,17,76,10,2,cpu_bound
5400,11,19,90,8,2,cpu_bound
5400,12,1,84,8,0,cpu_bound
5400,13,10,63,9,2,cpu_bound
5400,14,4,69,7,2,cpu_bound
5400,15,13,69,7,0,cpu_bound
5400,16,1,90,9,0,cpu_bound
5400,17,16,92,7,0,cpu_bound
5401,1,10,15,6,8,fairness
5401,2,8,26,5,7,fairness
5401,3,0,23,7,5,fairness
5401,4,0,29,5,6,fairness
5401,5,5,18,4,7,fairness
5401,6,2,20,7,9,fairness
5401,7,8,26,5,9,fairness
5401,8,3,15,7,7,fairness
5401,9,4,23,5,10,fairness
5401,10,10,24,5,10,fairness
5401,11,10,28,5,10,fairness
5401,12,1,24,5,9,fairness
5401,13,10,17,7,5,fairness
5401,14,1,28,7,8,fairness
5401,15,8,18,6,6,fairness
5401,16,0,28,5,5,fairness
5401,17,6,19,4,5,fairness
5401,18,5,17,5,9,fairness
5401,19,9,30,6,6,fairness
5401,20,10,18,6,6,fairness
5401,21,8,28,4,5,fairness
5401,22,0,24,5,6,fairness
5401,23,4,29,4,5,fairness
5402,1,2,20,7,7,fairness
5402,2,4,24,7,10,fairness
5402,3,2,16,4,9,fairness
5402,4,1,30,6,6,fairness
5402,5,6,16,5,6,fairness
5402,6,1,21,6,8,fairness
5402,7,8,16,4,6,fairness
5402,8,3,17,6,9,fairness
5402,9,3,29,4,9,fairness
5403,1,9,28,6,8,fairness
5403,2,6,30,7,5,fairness
5403,3,2,16,5,5,fairness
5403,4,5,16,5,6,fairness
5403,5,0,26,7,6,fairness
5403,6,10,16,7,5,fairness
5403,7,7,28,7,6,fairness
5403,8,1,21,4,10,fairness
5403,9,4,23,4,8,fairness
5403,10,0,22,4,5,fairness
5403,11,7,18,5,9,fairness
5403,12,3,19,6,10,fairness
5403,13,8,28,5,10,fairness
5403,14,3,19,6,10,fairness
5403,15,8,28,4,8,fairness
5403,16,0,26,6,9,fairness
5403,17,7,23,6,8,fairness
5403,18,6,22,6,10,fairness
5403,19,3,19,6,9,fairness
5403,20,7,16,7,8,fairness
5404,1,11,44,8,7,bursty
5404,2,11,13,9,2,bursty
5404,3,8,45,8,2,bursty
5404,4,75,23,5,3,bursty
5404,5,80,31,8,3,bursty
5404,6,31,43,7,3,bursty
5404,7,78,6,9,3,bursty
5404,8,36,18,5,3,bursty
5404,9,75,35,1,2,bursty
5404,10,34,12,8,2,bursty
5404,11,10,40,6,3,bursty
5404,12,33,8,1,3,bursty
5404,13,36,29,7,4,bursty
5404,14,10,6,9,8,bursty
5404,15,75,50,9,3,bursty
5404,16,80,50,4,7,bursty
5404,17,30,14,2,7,bursty
5404,18,35,53,7,8,bursty
5404,19,76,25,1,5,bursty
5404,20,35,14,4,4,bursty
5404,21,34,27,5,6,bursty
5404,22,75,35,1,4,bursty
5404,23,6,39,8,6,bursty
5405,1,25,29,9,3,priority_heavy
5405,2,9,28,2,2,priority_heavy
5405,3,24,41,9,4,priority_heavy
5405,4,6,27,2,0,priority_heavy
5405,5,18,37,1,3,priority_heavy
5405,6,17,48,2,0,priority_heavy
5405,7,9,28,1,4,priority_heavy
5405,8,19,49,9,3,priority_heavy
5405,9,22,16,2,3,priority_heavy
5405,10,2,41,1,1,priority_heavy
5405,11,1,29,10,4,priority_heavy
5405,12,3,44,1,2,priority_heavy
5405,13,20,17,1,1,priority_heavy
5405,14,11,27,10,3,priority_heavy
5405,15,17,38,9,0,priority_heavy
5406,1,10,84,4,1,cpu_bound
5406,2,17,76,8,1,cpu_bound
5406,3,5,95,10,1,cpu_bound
5406,4,17,98,6,1,cpu_bound
5406,5,4,77,10,0,cpu_bound
5406,6,18,100,9,1,cpu_bound
5406,7,8,84,5,2,cpu_bound
5406,8,1,65,7,1,cpu_bound
5406,9,4,82,6,1,cpu_bound
5406,10,12,71,8,1,cpu_bound
5406,11,19,71,8,2,cpu_bound
5406,12,13,84,7,1,cpu_bound
5406,13,8,93,5,2,cpu_bound
5406,14,16,84,7,0,cpu_bound
5406,15,9,89,7,0,cpu_bound
5406,16,0,82,7,2,cpu_bound
5406,17,17,87,7,2,cpu_bound
5406,18,17,100,4,0,cpu_bound
5406,19,1,70,8,1,cpu_bound
5406,20,8,94,7,1,cpu_bound
5406,21,9,92,5,2,cpu_bound
5406,22,17,83,10,0,cpu_bound
5406,23,8,73,6,2,cpu_bound
5406,24,15,87,5,2,cpu_bound
5406,25,15,80,7,0,cpu_bound
5406,26,15,92,6,1,cpu_bound
5407,1,9,27,7,6,fairness
5407,2,2,15,4,6,fairness
5407,3,1,17,6,9,fairness
5407,4,3,21,6,10,fairness
5407,5,1,29,7,6,fairness
5407,6,6,19,6,8,fairness
5407,7,3,29,4,9,fairness
5407,8,10,17,7,7,fairness
5407,9,2,30,6,7,fairness
5407,10,6,25,6,10,fairness
5407,11,10,20,4,6,fairness
5407,12,5,18,7,6,fairness
5407,13,4,28,6,8,fairness
5407,14,0,29,4,9,fairness
5407,15,1,23,7,6,fairness
5407,16,7,18,4,9,fairness
5407,17,1,20,6,10,fairness
5407,18,5,21,5,7,fairness
5407,19,8,26,7,7,fairness
5407,20,9,27,6,7,fairness
5408,1,12,12,7,6,bursty
5408,2,10,30,9,3,bursty
5408,3,36,11,3,5,bursty
5408,4,9,42,9,6,bursty
5408,5,14,17,4,8,bursty
5408,6,13,54,3,8,bursty
5409,1,1,93,5,2,cpu_bound
5409,2,15,80,4,1,cpu_bound
5409,3,10,87,10,2,cpu_bound
5409,4,6,89,7,0,cpu_bound
5409,5,12,83,4,2,cpu_bound
5409,6,14,82,7,2,cpu_bound
5409,7,19,97,8,1,cpu_bound
5409,8,5,96,6,0,cpu_bound
5409,9,2,72,8,2,cpu_bound
5409,10,18,87,10,0,cpu_bound
5409,11,6,67,4,2,cpu_bound
5410,1,57,10,10,9,interactive
5410,2,45,8,8,7,interactive
5410,3,69,1,1,10,interactive
5410,4,42,1,4,8,interactive
5410,5,9,3,8,7,interactive
5410,6,6,1,2,10,interactive
5410,7,99,9,7,9,interactive
5410,8,20,3,1,8,interactive
5410,9,70,2,9,7,interactive
5410,10,36,10,6,8,interactive
5410,11,12,9,2,10,interactive
5410,12,72,8,10,8,interactive
5410,13,38,4,3,7,interactive
5410,14,7,4,7,9,interactive
5410,15,98,6,1,8,interactive
5410,16,53,4,4,10,interactive
5410,17,29,2,5,8,interactive
5410,18,73,5,4,9,interactive
5410,19,80,10,4,9,interactive
5410,20,58,8,7,9,interactive
5410,21,81,7,1,9,interactive
5411,1,70,7,9,10,interactive
5411,2,48,8,8,7,interactive
5411,3,40,6,6,8,interactive
5411,4,17,4,8,8,interactive
5411,5,64,6,7,7,interactive
5411,6,59,8,7,7,interactive
5411,7,68,7,8,10,interactive
5411,8,95,3,10,7,interactive
5411,9,59,5,7,8,interactive
5411,10,15,9,7,9,interactive
5411,11,89,3,5,8,interactive
5411,12,39,5,7,10,interactive
5411,13,86,8,3,10,interactive
5411,14,74,10,7,10,interactive
5411,15,14,10,3,9,interactive
5411,16,73,3,10,7,interactive
5411,17,82,1,10,10,interactive
5411,18,64,3,1,7,interactive
5411,19,80,7,2,8,interactive
5411,20,83,8,7,10,interactive
5411,21,47,7,9,7,interactive
5411,22,86,4,9,8,interactive
5411,23,20,8,3,7,interactive
5411,24,32,5,2,9,interactive
5411,25,57,7,10,9,interactive
5411,26,75,10,3,7,interactive
5411,27,95,5,10,8,interactive
5411,28,50,9,7,8,interactive
5412,1,11,3,10,3,sjf_friendly
5412,2,22,26,7,0,sjf_friendly
5412,3,33,2,5,4,sjf_friendly
5412,4,21,4,6,0,sjf_friendly
5412,5,39,77,4,3,sjf_friendly
5412,6,23,5,7,4,sjf_friendly
5412,7,27,39,10,4,sjf_friendly
5412,8,21,21,5,2,sjf_friendly
5412,9,20,5,9,0,sjf_friendly
5412,10,26,5,4,2,sjf_friendly
5413,1,71,25,7,2,bursty
5413,2,31,60,4,6,bursty
5413,3,32,24,10,8,bursty
5413,4,30,12,6,5,bursty
5413,5,5,9,2,4,bursty
5413,6,33,20,9,7,bursty
5413,7,30,48,3,4,bursty
5413,8,31,24,5,3,bursty
5413,9,31,20,6,7,bursty
5413,10,6,55,5,4,bursty
5413,11,0,54,5,7,bursty
5413,12,2,37,9,2,bursty
5413,13,1,31,7,7,bursty
5413,14,72,46,9,5,bursty
5413,15,4,8,5,7,bursty
5413,16,27,24,8,3,bursty
5413,17,6,27,1,6,bursty
5413,18,72,60,7,6,bursty
5413,19,32,31,3,2,bursty
5414,1,8,80,5,0,cpu_bound
5414,2,18,100,4,0,cpu_bound
5414,3,13,65,4,2,cpu_bound
5414,4,13,75,4,2,cpu_bound
5414,5,15,91,5,1,cpu_bound
5414,6,2,95,10,2,cpu_bound
5414,7,19,91,5,2,cpu_bound
5414,8,19,90,6,1,cpu_bound
5414,9,20,96,7,0,cpu_bound
5414,10,14,96,6,2,cpu_bound
5414,11,19,64,8,0,cpu_bound
5414,12,14,91,8,2,cpu_bound
5414,13,11,98,9,1,cpu_bound
5414,14,16,82,5,2,cpu_bound
5414,15,20,90,4,0,cpu_bound
5414,16,8,60,6,2,cpu_bound
5414,17,17,64,6,2,cpu_bound
5415,1,16,71,5,0,cpu_bound
5415,2,2,63,6,0,cpu_bound
5415,3,11,69,7,0,cpu_bound
5415,4,1,60,5,2,cpu_bound
5415,5,4,80,5,1,cpu_bound
5415,6,13,81,4,2,cpu_bound
5415,7,19,84,10,0,cpu_bound
5415,8,15,71,6,2,cpu_bound
5415,9,7,94,10,0,cpu_bound
5415,10,3,84,5,0,cpu_bound
5415,11,2,76,6,1,cpu_bound
5415,12,7,66,6,2,cpu_bound
5415,13,6,88,8,1,cpu_bound
5415,14,18,66,4,0,cpu_bound
5415,15,13,71,4,1,cpu_bound
5415,16,5,70,5,2,cpu_bound
5415,17,14,67,5,2,cpu_bound
5415,18,5,76,9,1,cpu_bound
5415,19,4,61,10,1,cpu_bound
5415,20,11,75,6,1,cpu_bound
5415,21,4,98,4,0,cpu_bound
5415,22,4,98,9,0,cpu_bound
5415,23,17,85,4,1,cpu_bound
5416,1,20,95,8,0,cpu_bound
5416,2,15,72,6,2,cpu_bound
5416,3,6,89,6,1,cpu_bound
5416,4,13,98,7,2,cpu_bound
5416,5,0,87,9,2,cpu_bound
5416,6,2,64,6,1,cpu_bound
5416,7,14,100,8,2,cpu_bound
5416,8,15,81,9,2,cpu_bound
5416,9,11,73,10,0,cpu_bound
5416,10,7,63,6,1,cpu_bound
5416,11,9,67,8,0,cpu_bound
5417,1,12,60,5,0,cpu_bound
5417,2,20,81,6,1,cpu_bound
5417,3,1,94,7,2,cpu_bound
5417,4,18,95,5,0,cpu_bound
5417,5,11,81,4,2,cpu_bound
5417,6,15,96,6,2,cpu_bound
5417,7,5,94,8,0,cpu_bound
5417,8,15,94,4,2,cpu_bound
5417,9,0,73,5,0,cpu_bound
5417,10,2,60,4,0,cpu_bound
5417,11,19,88,5,1,cpu_bound
5417,12,11,74,10,2,cpu_bound
5417,13,11,69,9,2,cpu_bound
5417,14,4,88,6,2,cpu_bound
5417,15,18,71,7,0,cpu_bound
5417,16,16,71,8,1,cpu_bound
5417,17,5,82,10,0,cpu_bound
5417,18,3,80,9,1,cpu_bound
5417,19,15,62,4,1,cpu_bound
5418,1,8,18,5,6,fairness
5418,2,2,28,5,9,fairness
5418,3,2,28,6,6,fairness
5418,4,10,24,6,5,fairness
5418,5,10,17,4,8,fairness
5418,6,5,20,6,9,fairness
5418,7,2,19,4,8,fairness
5418,8,1,18,4,6,fairness
5418,9,7,18,4,8,fairness
5418,10,0,26,6,6,fairness
5418,11,8,26,6,5,fairness
5418,12,1,17,5,5,fairness
5418,13,3,20,6,7,fairness
5418,14,1,21,6,7,fairness
5418,15,6,21,4,5,fairness
5418,16,1,17,4,6,fairness
5418,17,1,21,4,9,fairness
5418,18,4,21,7,10,fairness
5418,19,0,25,4,6,fairness
5418,20,9,18,5,6,fairness
5418,21,6,17,7,8,fairness
5418,22,5,23,6,8,fairness
5419,1,10,9,8,10,interactive
5419,2,42,5,3,10,interactive
5419,3,63,7,9,10,interactive
5419,4,96,10,7,9,interactive
5419,5,76,9,6,7,interactive
5419,6,26,4,5,10,interactive
5419,7,17,6,8,9,interactive
5419,8,24,4,5,8,interactive
5419,9,28,2,9,8,interactive
5419,10,85,7,8,8,interactive
5419,11,80,6,6,10,interactive
5419,12,65,9,10,9,interactive
5419,13,75,1,9,10,interactive
5419,14,22,5,3,8,interactive
5419,15,96,8,5,8,interactive
5419,16,92,10,8,10,interactive
5419,17,12,10,9,10,interactive
5419,18,37,1,6,9,interactive
5419,19,53,2,10,9,interactive
5419,20,15,1,1,8,interactive
5419,21,73,9,10,10,interactive
5419,22,89,10,6,9,interactive
5419,23,78,10,1,10,interactive
5419,24,10,9,1,10,interactive
5419,25,77,1,6,7,interactive
5419,26,51,8,4,7,interactive
5419,27,73,8,10,7,interactive
5419,28,96,4,3,7,interactive
5419,29,89,5,5,8,interactive
5419,30,40,2,7,9,interactive
5420,1,44,29,9,3,bursty
5420,2,41,19,5,7,bursty
5420,3,45,13,7,4,bursty
5420,4,73,34,8,3,bursty
5420,5,79,12,7,3,bursty
5420,6,18,8,4,5,bursty
5420,7,78,11,6,7,bursty
5420,8,41,13,1,5,bursty
5420,9,78,25,3,6,bursty
5421,1,22,30,4,0,sjf_friendly
5421,2,29,21,8,2,sjf_friendly
5421,3,21,95,10,2,sjf_friendly
5421,4,8,3,4,3,sjf_friendly
5421,5,18,25,7,3,sjf_friendly
5422,1,36,2,9,0,sjf_friendly
5422,2,33,1,6,2,sjf_friendly
5422,3,4,20,9,3,sjf_friendly
5422,4,28,4,9,2,sjf_friendly
5422,5,0,4,5,3,sjf_friendly
5422,6,14,1,7,0,sjf_friendly
5422,7,11,2,7,4,sjf_friendly
5422,8,38,34,8,3,sjf_friendly
5422,9,27,84,8,4,sjf_friendly
5422,10,36,2,4,3,sjf_friendly
5422,11,14,33,4,2,sjf_friendly
5422,12,27,2,4,4,sjf_friendly
5422,13,34,2,6,3,sjf_friendly
5422,14,17,32,9,0,sjf_friendly
5422,15,38,3,4,0,sjf_friendly
5422,16,28,100,4,1,sjf_friendly
5423,1,9,42,1,4,priority_heavy
5423,2,30,19,9,0,priority_heavy
5423,3,22,35,1,0,priority_heavy
5423,4,6,26,2,3,priority_heavy
5423,5,28,21,9,1,priority_heavy
5423,6,3,35,2,1,priority_heavy
5423,7,25,28,2,1,priority_heavy
5423,8,4,28,1,2,priority_heavy
5424,1,10,83,6,1,cpu_bound
5424,2,17,95,8,0,cpu_bound
5424,3,19,87,5,1,cpu_bound
5424,4,18,86,9,0,cpu_bound
5424,5,9,98,6,0,cpu_bound
5424,6,8,73,10,2,cpu_bound
5424,7,6,74,4,1,cpu_bound
5424,8,20,69,10,1,cpu_bound
5424,9,10,64,9,1,cpu_bound
5424,10,19,71,4,0,cpu_bound
5424,11,18,78,4,2,cpu_bound
5424,12,3,72,10,1,cpu_bound
5424,13,16,73,4,1,cpu_bound
5424,14,15,79,7,0,cpu_bound
5424,15,4,84,8,0,cpu_bound
5424,16,6,70,10,1,cpu_bound
5424,17,13,67,4,1,cpu_bound
5424,18,13,80,10,2,cpu_bound
5424,19,20,83,9,2,cpu_bound
5424,20,10,80,6,0,cpu_bound
5424,21,19,90,7,2,cpu_bound
5424,22,14,74,10,1,cpu_bound
5424,23,13,84,6,2,cpu_bound
5424,24,14,61,10,2,cpu_bound
5424,25,18,89,10,0,cpu_bound
5424,26,19,83,5,0,cpu_bound
5424,27,13,99,4,2,cpu_bound
5424,28,5,71,8,0,cpu_bound
5425,1,10,21,7,6,fairness
5425,2,6,21,5,9,fairness
5425,3,1,23,6,10,fairness
5425,4,10,19,5,6,fairness
5425,5,0,27,5,9,fairness
5425,6,1,24,4,9,fairness
5425,7,6,20,7,9,fairness
5425,8,10,16,6,10,fairness
5425,9,10,25,6,8,fairness
5425,10,5,24,5,8,fairness
5425,11,9,21,4,5,fairness
5425,12,5,23,5,10,fairness
5425,13,0,26,7,8,fairness
5425,14,8,22,7,10,fairness
5425,15,2,28,6,7,fairness
5426,1,77,15,7,8,bursty
5426,2,22,28,2,7,bursty
5426,3,73,52,4,6,bursty
5426,4,39,48,2,3,bursty
5426,5,74,38,8,3,bursty
5426,6,21,11,5,6,bursty
5427,1,9,22,1,2,priority_heavy
5427,2,20,25,10,0,priority_heavy
5427,3,28,40,2,0,priority_heavy
5427,4,27,24,10,2,priority_heavy
5427,5,16,15,1,2,priority_heavy
5427,6,23,47,9,0,priority_heavy
5427,7,14,16,9,1,priority_heavy
5427,8,30,15,10,1,priority_heavy
5427,9,16,22,10,0,priority_heavy
5427,10,27,49,10,3,priority_heavy
5427,11,5,43,2,0,priority_heavy
5427,12,24,33,9,2,priority_heavy
5427,13,3,49,2,3,priority_heavy
5427,14,12,32,2,4,priority_heavy
5428,1,2,19,7,7,fairness
5428,2,7,26,4,5,fairness
5428,3,4,26,7,7,fairness
5428,4,2,18,6,6,fairness
5428,5,3,28,4,8,fairness
5428,6,7,28,4,5,fairness
5428,7,8,17,4,8,fairness
5428,8,0,30,6,10,fairness
5428,9,4,20,4,10,fairness
5428,10,7,27,5,9,fairness
5428,11,2,30,7,5,fairness
5428,12,10,15,6,10,fairness
5428,13,3,22,7,9,fairness
5428,14,2,19,5,5,fairness
5428,15,2,28,5,7,fairness
5428,16,9,23,6,5,fairness
5428,17,2,28,6,5,fairness
5428,18,0,21,5,5,fairness
5428,19,9,28,6,6,fairness
5428,20,5,28,4,10,fairness
5428,21,4,23,5,9,fairness
5428,22,9,20,7,9,fairness
5429,1,19,72,5,2,cpu_bound
5429,2,19,85,8,1,cpu_bound
5429,3,15,80,6,0,cpu_bound
5429,4,20,71,7,2,cpu_bound
5429,5,7,88,5,0,cpu_bound
5429,6,3,67,8,2,cpu_bound
5429,7,14,72,6,2,cpu_bound
5429,8,19,82,9,2,cpu_bound
5429,9,1,84,8,1,cpu_bound
5429,10,1,78,5,0,cpu_bound
5429,11,1,88,5,0,cpu_bound
5429,12,3,76,6,2,cpu_bound
5429,13,12,74,4,1,cpu_bound
5429,14,1,68,9,2,cpu_bound
5429,15,1,60,10,1,cpu_bound
5429,16,3,76,4,0,cpu_bound
5429,17,5,69,5,1,cpu_bound
5430,1,9,10,1,9,interactive
5430,2,90,2,10,7,interactive
5430,3,32,6,3,10,interactive
5430,4,74,6,9,10,interactive
5430,5,8,4,3,8,interactive
5430,6,45,8,7,9,interactive
5430,7,14,5,7,8,interactive
5430,8,26,6,8,10,interactive
5430,9,60,8,1,9,interactive
5430,10,35,10,1,10,interactive
5431,1,7,10,1,7,interactive
5431,2,79,4,6,9,interactive
5431,3,91,4,10,10,interactive
5431,4,51,8,1,9,interactive
5431,5,20,3,9,9,interactive
5431,6,25,1,7,8,interactive
5431,7,35,6,3,7,interactive
5432,1,25,48,2,1,priority_heavy
5432,2,28,34,9,2,priority_heavy
5432,3,5,46,1,2,priority_heavy
5432,4,29,20,2,4,priority_heavy
5432,5,14,19,10,2,priority_heavy
5433,1,11,79,10,2,cpu_bound
5433,2,20,74,6,2,cpu_bound
5433,3,20,92,8,0,cpu_bound
5433,4,12,64,6,1,cpu_bound
5433,5,1,61,7,2,cpu_bound
5433,6,12,76,8,0,cpu_bound
5433,7,14,71,4,2,cpu_bound
5433,8,1,70,5,2,cpu_bound
5433,9,14,86,5,1,cpu_bound
5433,10,15,91,7,1,cpu_bound
5433,11,1,88,4,1,cpu_bound
5433,12,18,68,4,1,cpu_bound
5433,13,10,60,7,2,cpu_bound
5433,14,0,86,6,2,cpu_bound
5433,15,4,64,10,1,cpu_bound
5433,16,7,80,8,0,cpu_bound
5433,17,15,94,9,0,cpu_bound
5433,18,6,91,8,2,cpu_bound
5434,1,0,15,6,9,fairness
5434,2,8,20,4,10,fairness
5434,3,7,24,6,6,fairness
5434,4,4,18,5,7,fairness
5434,5,9,26,4,7,fairness
5434,6,5,23,7,8,fairness
5434,7,6,18,4,5,fairness
5434,8,9,27,5,8,fairness
5434,9,8,16,5,7,fairness
5435,1,9,21,5,9,fairness
5435,2,0,28,6,8,fairness
5435,3,4,17,5,6,fairness
5435,4,1,16,5,6,fairness
5435,5,2,25,5,10,fairness
5435,6,3,15,5,10,fairness
5435,7,1,19,5,5,fairness
5435,8,5,20,5,6,fairness
5436,1,80,55,2,8,bursty
5436,2,6,51,1,3,bursty
5436,3,2,36,7,5,bursty
5436,4,77,33,8,2,bursty
5436,5,80,39,6,5,bursty
5436,6,6,59,1,5,bursty
5436,7,37,6,2,2,bursty
5436,8,43,20,9,6,bursty
5436,9,43,53,2,8,bursty
5436,10,75,19,1,8,bursty
5436,11,41,30,2,8,bursty
5436,12,79,30,1,3,bursty
5437,1,72,35,6,2,bursty
5437,2,42,50,5,8,bursty
5437,3,43,5,8,4,bursty
5437,4,8,26,10,5,bursty
5437,5,9,27,3,4,bursty
5437,6,9,59,6,6,bursty
5437,7,44,17,2,5,bursty
5437,8,71,34,10,4,bursty
5437,9,9,20,8,2,bursty
5437,10,12,21,8,7,bursty
5437,11,14,33,10,8,bursty
5437,12,41,31,2,5,bursty
5437,13,11,27,10,2,bursty
5437,14,71,14,9,5,bursty
5437,15,8,25,5,7,bursty
5437,16,10,33,10,5,bursty
5437,17,10,9,1,2,bursty
5437,18,9,41,1,3,bursty
5437,19,67,20,5,8,bursty
5437,20,12,35,4,6,bursty
5437,21,72,7,10,4,bursty
5437,22,14,11,3,5,bursty
5437,23,42,29,8,6,bursty
5437,24,14,40,4,7,bursty
5438,1,2,4,4,9,interactive
5438,2,63,2,5,9,interactive
5438,3,100,3,9,9,interactive
5438,4,3,9,2,10,interactive
5438,5,18,2,2,10,interactive
5438,6,23,2,4,8,interactive
5438,7,82,8,3,8,interactive
5438,8,8,6,10,7,interactive
5438,9,19,9,3,8,interactive
5438,10,62,1,10,7,interactive
5438,11,60,6,10,9,interactive
5438,12,17,4,9,7,interactive
5438,13,93,6,8,7,interactive
5438,14,15,7,3,8,interactive
5438,15,33,2,2,7,interactive
5438,16,33,3,5,8,interactive
5439,1,55,4,8,7,interactive
5439,2,66,1,8,8,interactive
5439,3,23,4,8,7,interactive
5439,4,64,3,7,9,interactive
5439,5,76,2,7,8,interactive
5439,6,13,9,3,7,interactive
5439,7,43,8,6,8,interactive
5439,8,86,6,10,9,interactive
5439,9,56,8,6,10,interactive
5439,10,46,1,2,9,interactive
5439,11,48,5,10,10,interactive
5439,12,35,3,6,9,interactive
5439,13,93,1,9,7,interactive
5439,14,81,2,3,9,interactive
5439,15,49,8,7,10,interactive
5439,16,58,1,7,10,interactive
5439,17,85,9,10,7,interactive
5439,18,50,9,6,9,interactive
5439,19,62,5,6,7,interactive
5439,20,16,4,10,10,interactive
5439,21,55,5,4,10,interactive
5439,22,46,4,9,10,interactive
5440,1,5,90,7,2,cpu_bound
5440,2,14,67,4,2,cpu_bound
5440,3,19,82,9,1,cpu_bound
5440,4,12,72,5,2,cpu_bound
5440,5,17,73,10,0,cpu_bound
5440,6,12,85,5,0,cpu_bound
5440,7,20,97,7,0,cpu_bound
5440,8,14,88,10,0,cpu_bound
5440,9,10,66,6,0,cpu_bound
5440,10,14,93,5,2,cpu_bound
5440,11,9,97,6,0,cpu_bound
5440,12,0,83,10,2,cpu_bound
5440,13,6,66,4,0,cpu_bound
5440,14,8,93,5,0,cpu_bound
5440,15,10,74,10,2,cpu_bound
5440,16,9,100,5,0,cpu_bound
5440,17,3,93,10,0,cpu_bound
5440,18,16,70,8,2,cpu_bound
5440,19,15,73,5,1,cpu_bound
5440,20,10,94,8,1,cpu_bound
5440,21,15,83,6,0,cpu_bound
5440,22,3,74,5,0,cpu_bound
5440,23,14,90,5,2,cpu_bound
5440,24,14,77,10,2,cpu_bound
5440,25,4,97,5,1,cpu_bound
5440,26,1,76,8,0,cpu_bound
5440,27,19,83,7,2,cpu_bound
5440,28,11,66,9,0,cpu_bound
5440,29,2,99,8,2,cpu_bound
5440,30,8,60,10,1,cpu_bound
5441,1,12,35,9,7,bursty
5441,2,68,30,5,6,bursty
5441,3,68,13,5,7,bursty
5441,4,41,17,4,6,bursty
5441,5,9,30,8,6,bursty
5441,6,14,7,6,4,bursty
5441,7,43,56,5,2,bursty
5441,8,38,35,1,2,bursty
5441,9,15,10,2,3,bursty
5441,10,41,53,7,6,bursty
5441,11,43,32,9,2,bursty
5441,12,10,33,7,5,bursty
5441,13,70,46,2,6,bursty
5441,14,14,33,6,6,bursty
5441,15,13,9,9,6,bursty
5441,16,43,60,2,4,bursty
5441,17,9,49,6,5,bursty
5441,18,10,31,1,8,bursty
5442,1,29,38,10,4,sjf_friendly
5442,2,25,5,9,3,sjf_friendly
5442,3,37,5,7,3,sjf_friendly
5442,4,12,73,9,0,sjf_friendly
5442,5,21,25,5,4,sjf_friendly
5442,6,25,24,4,1,sjf_friendly
5442,7,6,90,9,1,sjf_friendly
5442,8,17,4,7,4,sjf_friendly
5442,9,34,99,10,1,sjf_friendly
5442,10,30,5,6,4,sjf_friendly
5442,11,33,74,10,2,sjf_friendly
5442,12,15,72,6,4,sjf_friendly
5442,13,33,1,7,1,sjf_friendly
5442,14,15,38,5,3,sjf_friendly
5442,15,38,27,7,0,sjf_friendly
5442,16,31,1,10,3,sjf_friendly
5442,17,32,75,5,0,sjf_friendly
5442,18,29,3,9,4,sjf_friendly
5442,19,29,1,5,3,sjf_friendly
5442,20,15,78,10,1,sjf_friendly
5443,1,6,27,7,8,fairness
5443,2,8,16,7,8,fairness
5443,3,4,22,6,6,fairness
5443,4,0,20,4,5,fairness
5443,5,0,27,7,5,fairness
5443,6,2,21,7,5,fairness
5443,7,10,16,4,9,fairness
5443,8,10,29,7,9,fairness
5443,9,1,26,4,6,fairness
5443,10,7,21,7,8,fairness
5443,11,0,19,4,6,fairness
5443,12,9,21,5,8,fairness
5443,13,6,24,5,5,fairness
5443,14,4,20,4,10,fairness
5443,15,1,19,4,8,fairness
5443,16,1,17,4,6,fairness
5443,17,5,19,7,10,fairness
5443,18,10,20,4,5,fairness
5443,19,9,29,4,7,fairness
5443,20,8,22,5,5,fairness
5443,21,9,29,7,5,fairness
5443,22,5,21,5,10,fairness
5443,23,1,22,7,10,fairness
5443,24,6,23,7,5,fairness
5443,25,4,18,4,5,fairness
5443,26,2,26,4,10,fairness
5444,1,29,39,6,2,sjf_friendly
5444,2,9,1,5,0,sjf_friendly
5444,3,12,21,6,2,sjf_friendly
5444,4,4,1,10,1,sjf_friendly
5444,5,1,2,9,1,sjf_friendly
5445,1,1,78,9,1,cpu_bound
5445,2,16,95,5,1,cpu_bound
5445,3,5,82,6,1,cpu_bound
5445,4,9,72,9,2,cpu_bound
5445,5,12,69,4,1,cpu_bound
5445,6,14,89,6,2,cpu_bound
5445,7,4,61,4,1,cpu_bound
5445,8,2,91,7,1,cpu_bound
5445,9,17,100,10,1,cpu_bound
5445,10,14,63,5,2,cpu_bound
5445,11,12,85,7,0,cpu_bound
5445,12,8,86,8,2,cpu_bound
5445,13,5,97,10,1,cpu_bound
5445,14,15,96,6,2,cpu_bound
5445,15,7,66,9,2,cpu_bound
5445,16,19,100,5,2,cpu_bound
5445,17,1,89,9,1,cpu_bound
5445,18,12,71,5,0,cpu_bound
5445,19,6,62,9,0,cpu_bound
5445,20,0,64,7,2,cpu_bound
5445,21,18,79,9,2,cpu_bound
5445,22,7,81,4,0,cpu_bound
5445,23,19,82,6,1,cpu_bound
5445,24,8,77,6,1,cpu_bound
5445,25,2,87,10,1,cpu_bound
5446,1,84,4,7,8,interactive
5446,2,46,1,6,7,interactive
5446,3,7,9,3,9,interactive
5446,4,45,9,9,10,interactive
5446,5,33,9,9,9,interactive
5446,6,3,1,3,7,interactive
5446,7,54,3,5,9,interactive
5446,8,60,4,3,8,interactive
5446,9,13,1,7,10,interactive
5446,10,63,4,9,9,interactive
5446,11,13,5,8,10,interactive
5447,1,14,27,2,4,priority_heavy
5447,2,29,16,9,4,priority_heavy
5447,3,2,31,9,3,priority_heavy
5447,4,16,21,9,2,priority_heavy
5447,5,21,19,2,2,priority_heavy
5447,6,30,20,1,4,priority_heavy
5447,7,4,38,2,4,priority_heavy
5447,8,0,45,9,3,priority_heavy
5447,9,2,32,9,2,priority_heavy
5447,10,24,17,10,1,priority_heavy
5447,11,29,19,10,2,priority_heavy
5447,12,7,16,10,2,priority_heavy
5447,13,16,32,2,3,priority_heavy
5447,14,29,50,2,0,priority_heavy
5447,15,11,19,9,1,priority_heavy
5447,16,0,22,10,1,priority_heavy
5447,17,29,49,10,1,priority_heavy
5447,18,25,42,1,3,priority_heavy
5447,19,15,41,2,2,priority_heavy
5447,20,1,32,1,4,priority_heavy
5447,21,27,25,9,3,priority_heavy
5447,22,15,39,9,2,priority_heavy
5447,23,22,22,9,2,priority_heavy
5448,1,3,26,5,3,bursty
5448,2,36,29,2,7,bursty
5448,3,2,20,6,6,bursty
5448,4,0,53,2,2,bursty
5448,5,2,54,4,5,bursty
5448,6,36,32,7,2,bursty
5448,7,68,23,10,7,bursty
5448,8,35,40,8,7,bursty
5448,9,0,44,10,5,bursty
5448,10,68,8,1,6,bursty
5448,11,65,38,4,4,bursty
5449,1,8,95,4,0,cpu_bound
5449,2,5,77,10,1,cpu_bound
5449,3,15,71,4,0,cpu_bound
5449,4,3,92,4,0,cpu_bound
5449,5,0,65,7,2,cpu_bound
5449,6,6,68,7,2,cpu_bound
5449,7,14,60,9,0,cpu_bound
5449,8,14,75,4,1,cpu_bound
5449,9,9,95,8,1,cpu_bound
5450,1,73,9,8,7,bursty
5450,2,42,58,3,8,bursty
5450,3,15,26,4,3,bursty
5450,4,70,30,1,8,bursty
5450,5,38,35,2,8,bursty
5450,6,43,50,3,2,bursty
5450,7,15,21,3,4,bursty
5450,8,15,22,5,6,bursty
5450,9,16,23,7,7,bursty
5450,10,70,39,1,6,bursty
5451,1,11,65,7,2,cpu_bound
5451,2,14,64,4,0,cpu_bound
5451,3,15,81,9,0,cpu_bound
5451,4,11,63,10,2,cpu_bound
5451,5,2,70,10,1,cpu_bound
5451,6,17,62,10,0,cpu_bound
5451,7,18,63,7,2,cpu_bound
5451,8,11,84,9,2,cpu_bound
5451,9,10,78,8,2,cpu_bound
5451,10,12,93,8,0,cpu_bound
5451,11,15,81,4,0,cpu_bound
5451,12,11,69,10,2,cpu_bound
5451,13,6,74,8,1,cpu_bound
5451,14,13,86,4,1,cpu_bound
5451,15,15,99,5,0,cpu_bound
5451,16,16,80,10,0,cpu_bound
5451,17,7,66,10,2,cpu_bound
5451,18,20,92,4,2,cpu_bound
5451,19,15,91,7,2,cpu_bound
5451,20,6,86,9,1,cpu_bound
5451,21,14,65,10,1,cpu_bound
5451,22,17,99,10,0,cpu_bound
5451,23,1,63,6,2,cpu_bound
5452,1,2,29,5,7,fairness
5452,2,4,25,4,5,fairness
5452,3,9,25,4,5,fairness
5452,4,6,25,5,5,fairness
5452,5,2,17,6,9,fairness
5452,6,5,25,4,5,fairness
5452,7,3,26,4,6,fairness
5452,8,8,26,4,5,fairness
5452,9,9,21,7,8,fairness
5452,10,3,19,6,5,fairness
5452,11,7,15,4,5,fairness
5452,12,1,23,6,7,fairness
5452,13,6,17,7,5,fairness
5452,14,2,17,4,10,fairness
5452,15,9,15,7,5,fairness
5452,16,0,20,6,5,fairness
5452,17,3,18,7,8,fairness
5452,18,2,26,6,5,fairness
5452,19,3,16,4,7,fairness
5452,20,6,25,5,7,fairness
5452,21,9,28,4,5,fairness
5452,22,6,25,7,7,fairness
5452,23,8,19,4,7,fairness
5452,24,1,25,7,10,fairness
5452,25,5,29,4,7,fairness
5452,26,0,19,5,6,fairness
5452,27,2,24,7,6,fairness
5452,28,5,27,5,8,fairness
5452,29,2,17,5,5,fairness
5452,30,8,18,4,7,fairness
5453,1,13,5,4,3,sjf_friendly
5453,2,35,21,7,1,sjf_friendly
5453,3,23,78,5,0,sjf_friendly
5453,4,4,87,5,0,sjf_friendly
5453,5,11,1,9,3,sjf_friendly
5453,6,32,38,9,0,sjf_friendly
5453,7,4,70,5,1,sjf_friendly
5453,8,39,2,7,4,sjf_friendly
5453,9,21,24,8,0,sjf_friendly
5453,10,37,87,6,3,sjf_friendly
5453,11,8,78,4,3,sjf_friendly
5453,12,3,98,10,4,sjf_friendly
5453,13,30,33,6,3,sjf_friendly
5453,14,35,2,4,2,sjf_friendly
5453,15,16,32,7,0,sjf_friendly
5453,16,12,1,8,4,sjf_friendly
5453,17,1,85,9,2,sjf_friendly
5453,18,40,4,7,2,sjf_friendly
5453,19,14,26,7,3,sjf_friendly
5453,20,33,4,6,2,sjf_friendly
5453,21,9,71,10,4,sjf_friendly
5453,22,40,98,10,1,sjf_friendly
5453,23,10,37,9,4,sjf_friendly
5453,24,38,33,8,1,sjf_friendly
5453,25,34,79,10,3,sjf_friendly
5453,26,32,79,5,1,sjf_friendly
5453,27,21,1,5,1,sjf_friendly
5454,1,12,7,1,8,interactive
5454,2,55,7,5,10,interactive
5454,3,71,3,10,7,interactive
5454,4,23,4,6,7,interactive
5454,5,58,6,10,8,interactive
5454,6,9,1,4,9,interactive
5454,7,61,10,10,9,interactive
5454,8,93,9,5,9,interactive
5454,9,54,10,8,9,interactive
5454,10,36,5,4,9,interactive
5454,11,82,10,10,10,interactive
5454,12,60,10,8,8,interactive
5454,13,18,6,1,10,interactive
5454,14,46,8,5,8,interactive
5454,15,2,8,6,10,interactive
5454,16,95,3,9,7,interactive
5454,17,29,8,4,8,interactive
5454,18,33,1,9,10,interactive
5454,19,86,1,6,9,interactive
5454,20,6,1,1,8,interactive
5454,21,90,6,1,8,interactive
5454,22,17,3,9,7,interactive
5454,23,31,7,4,9,interactive
5454,24,63,1,2,7,interactive
5454,25,1,2,8,10,interactive
5454,26,87,7,5,9,interactive
5454,27,54,6,9,7,interactive
5454,28,36,4,5,9,interactive
5454,29,42,10,2,10,interactive
5454,30,4,9,5,10,interactive
5455,1,17,30,10,2,sjf_friendly
5455,2,2,24,8,0,sjf_friendly
5455,3,38,4,6,0,sjf_friendly
5455,4,6,2,7,2,sjf_friendly
5455,5,2,21,9,1,sjf_friendly
5455,6,6,26,8,0,sjf_friendly
5455,7,23,20,7,2,sjf_friendly
5455,8,31,70,10,2,sjf_friendly
5455,9,5,94,4,0,sjf_friendly
5455,10,12,4,6,3,sjf_friendly
5455,11,18,2,4,3,sjf_friendly
5455,12,4,79,7,1,sjf_friendly
5455,13,37,21,5,4,sjf_friendly
5455,14,4,84,9,1,sjf_friendly
5455,15,1,77,5,1,sjf_friendly
5455,16,39,4,5,0,sjf_friendly
5455,17,39,40,8,4,sjf_friendly
5455,18,30,3,6,3,sjf_friendly
5455,19,24,93,9,2,sjf_friendly
5455,20,0,34,4,0,sjf_friendly
5455,21,19,3,7,3,sjf_friendly
5455,22,4,75,9,1,sjf_friendly
5455,23,33,3,5,0,sjf_friendly
5455,24,28,5,7,3,sjf_friendly
5455,25,16,74,9,0,sjf_friendly
5455,26,4,4,5,4,sjf_friendly
5455,27,38,5,7,2,sjf_friendly
5455,28,35,30,4,3,sjf_friendly
5455,29,9,5,5,0,sjf_friendly
5455,30,35,78,4,3,sjf_friendly
5456,1,30,70,10,2,sjf_friendly
5456,2,19,5,5,1,sjf_friendly
5456,3,32,4,6,4,sjf_friendly
5456,4,27,80,10,2,sjf_friendly
5456,5,31,25,8,0,sjf_friendly
5456,6,5,39,10,4,sjf_friendly
5456,7,31,25,5,4,sjf_friendly
5456,8,18,2,4,3,sjf_friendly
5456,9,15,83,5,1,sjf_friendly
5456,10,19,28,5,3,sjf_friendly
5456,11,32,80,9,0,sjf_friendly
5456,12,0,5,7,3,sjf_friendly
5456,13,27,28,5,0,sjf_friendly
5456,14,5,36,5,2,sjf_friendly
5456,15,33,90,10,4,sjf_friendly
5456,16,0,4,4,2,sjf_friendly
5456,17,18,1,8,1,sjf_friendly
5456,18,21,4,10,0,sjf_friendly
5456,19,36,21,9,1,sjf_friendly
5456,20,5,86,9,0,sjf_friendly
5456,21,10,2,4,1,sjf_friendly
5456,22,21,94,7,3,sjf_friendly
5456,23,12,99,9,4,sjf_friendly
5456,24,39,26,4,1,sjf_friendly
5456,25,0,31,10,4,sjf_friendly
5456,26,17,22,5,3,sjf_friendly
5456,27,29,88,5,4,sjf_friendly
5456,28,30,40,6,0,sjf_friendly
5456,29,39,24,9,3,sjf_friendly
5457,1,23,44,9,3,priority_heavy
5457,2,2,27,1,2,priority_heavy
5457,3,24,16,1,0,priority_heavy
5457,4,23,47,2,3,priority_heavy
5457,5,18,44,9,3,priority_heavy
5457,6,20,42,10,4,priority_heavy
5457,7,18,30,1,2,priority_heavy
5457,8,20,18,2,4,priority_heavy
5457,9,11,35,9,2,priority_heavy
5457,10,0,36,2,1,priority_heavy
5457,11,29,43,9,1,priority_heavy
5457,12,27,33,1,3,priority_heavy
5457,13,28,39,10,4,priority_heavy
5457,14,27,21,2,2,priority_heavy
5457,15,22,48,9,2,priority_heavy
5457,16,26,41,2,2,priority_heavy
5458,1,17,37,5,0,sjf_friendly
5458,2,1,5,10,3,sjf_friendly
5458,3,35,4,8,3,sjf_friendly
5458,4,23,5,5,3,sjf_friendly
5458,5,3,20,7,2,sjf_friendly
5458,6,17,85,5,3,sjf_friendly
5458,7,6,5,7,0,sjf_friendly
5458,8,32,99,6,3,sjf_friendly
5458,9,38,87,7,3,sjf_friendly
5458,10,18,2,10,1,sjf_friendly
5458,11,23,37,9,3,sjf_friendly
5458,12,6,5,8,3,sjf_friendly
5458,13,14,28,8,0,sjf_friendly
5458,14,28,5,7,0,sjf_friendly
5458,15,20,5,9,3,sjf_friendly
5458,16,38,99,5,3,sjf_friendly
5458,17,4,26,5,1,sjf_friendly
5458,18,9,4,7,3,sjf_friendly
5458,19,2,80,8,1,sjf_friendly
5458,20,40,24,10,0,sjf_friendly
5458,21,38,23,8,0,sjf_friendly
5458,22,1,74,5,0,sjf_friendly
5458,23,30,1,6,3,sjf_friendly
5458,24,2,25,8,4,sjf_friendly
5458,25,8,36,4,2,sjf_friendly
5458,26,0,2,8,3,sjf_friendly
5458,27,10,26,9,4,sjf_friendly
5458,28,24,2,10,4,sjf_friendly
5458,29,36,73,8,4,sjf_friendly
5459,1,5,95,7,1,cpu_bound
5459,2,18,100,10,0,cpu_bound
5459,3,6,60,9,1,cpu_bound
5459,4,15,77,8,2,cpu_bound
5459,5,9,64,4,0,cpu_bound
5459,6,17,65,8,0,cpu_bound
5459,7,19,78,6,1,cpu_bound
5459,8,9,83,4,1,cpu_bound
5459,9,6,66,4,0,cpu_bound
5459,10,20,78,8,1,cpu_bound
5459,11,0,87,8,0,cpu_bound
5459,12,8,92,7,0,cpu_bound
5459,13,19,87,6,1,cpu_bound
5459,14,11,83,8,2,cpu_bound
5459,15,3,99,4,0,cpu_bound
5459,16,10,82,9,2,cpu_bound
5459,17,12,95,5,0,cpu_bound
5459,18,20,94,10,1,cpu_bound
5460,1,72,59,1,4,bursty
5460,2,5,49,3,7,bursty
5460,3,43,55,7,3,bursty
5460,4,4,11,5,4,bursty
5460,5,70,53,6,3,bursty
5460,6,70,46,3,3,bursty
5460,7,42,12,1,2,bursty
5460,8,69,30,5,8,bursty
5460,9,6,42,8,5,bursty
5460,10,72,21,4,4,bursty
5460,11,6,36,6,4,bursty
5460,12,7,20,8,2,bursty
5460,13,68,53,4,3,bursty
5460,14,5,39,3,3,bursty
5460,15,10,31,6,3,bursty
5460,16,5,33,2,2,bursty
5461,1,67,8,4,9,interactive
5461,2,30,8,7,9,interactive
5461,3,71,9,3,9,interactive
5461,4,5,3,2,7,interactive
5461,5,34,2,5,8,interactive
5461,6,38,7,9,10,interactive
5461,7,90,6,6,9,interactive
5461,8,65,10,4,10,interactive
5461,9,93,10,7,7,interactive
5461,10,89,8,9,9,interactive
5461,11,7,3,10,10,interactive
5461,12,35,10,10,9,interactive
5461,13,51,8,5,7,interactive
5461,14,29,2,8,8,interactive
5461,15,29,5,2,8,interactive
5461,16,98,3,5,7,interactive
5461,17,38,7,7,7,interactive
5461,18,27,6,6,10,interactive
5462,1,3,10,5,5,bursty
5462,2,2,35,9,3,bursty
5462,3,2,33,9,8,bursty
5462,4,80,16,4,3,bursty
5462,5,47,11,4,7,bursty
5462,6,42,31,8,5,bursty
5462,7,79,30,1,8,bursty
5462,8,0,19,5,3,bursty
5462,9,2,25,5,8,bursty
5462,10,45,22,6,2,bursty
5462,11,77,43,6,8,bursty
5462,12,3,8,6,2,bursty
5462,13,82,40,1,7,bursty
5462,14,4,25,9,3,bursty
5462,15,4,8,9,5,bursty
5462,16,41,40,5,8,bursty
5462,17,80,45,2,6,bursty
5462,18,5,6,3,8,bursty
5462,19,3,49,9,3,bursty
5462,20,5,49,3,3,bursty
5462,21,2,43,1,2,bursty
5462,22,4,28,7,4,bursty
5462,23,82,49,6,2,bursty
5462,24,45,23,10,5,bursty
5462,25,45,45,9,3,bursty
5462,26,4,33,7,4,bursty
5462,27,79,29,7,8,bursty
5462,28,76,56,7,8,bursty
5462,29,80,29,8,8,bursty
5462,30,43,8,2,4,bursty
5463,1,15,99,9,2,cpu_bound
5463,2,7,72,7,1,cpu_bound
5463,3,0,75,9,2,cpu_bound
5463,4,20,65,4,1,cpu_bound
5463,5,6,95,6,0,cpu_bound
5463,6,7,91,9,2,cpu_bound
5464,1,91,9,2,7,interactive
5464,2,48,9,5,8,interactive
5464,3,90,2,6,7,interactive
5464,4,91,3,10,7,interactive
5464,5,28,6,3,9,interactive
5464,6,16,6,3,9,interactive
5464,7,56,2,5,8,interactive
5464,8,7,10,6,8,interactive
5464,9,70,6,9,10,interactive
5464,10,78,5,6,7,interactive
5464,11,97,3,10,7,interactive
5464,12,7,3,3,7,interactive
5464,13,4,4,5,9,interactive
5464,14,85,8,1,9,interactive
5464,15,49,7,6,9,interactive
5464,16,0,2,4,9,interactive
5464,17,61,3,8,10,interactive
5464,18,18,8,2,9,interactive
5464,19,12,8,3,7,interactive
5464,20,60,6,6,8,interactive
5464,21,11,10,4,7,interactive
5464,22,54,3,4,10,interactive
5464,23,63,1,8,10,interactive
5464,24,48,5,5,8,interactive
5464,25,36,7,3,7,interactive
5464,26,25,7,6,8,interactive
5464,27,3,3,3,10,interactive
5464,28,15,1,9,10,interactive
5464,29,3,9,10,10,interactive
5464,30,0,8,7,7,interactive
5465,1,10,4,7,4,sjf_friendly
5465,2,10,2,10,2,sjf_friendly
5465,3,20,38,9,2,sjf_friendly
5465,4,24,73,8,4,sjf_friendly
5465,5,14,28,4,0,sjf_friendly
5465,6,14,4,5,2,sjf_friendly
5465,7,22,35,4,2,sjf_friendly
5465,8,22,2,9,3,sjf_friendly
5465,9,9,5,10,0,sjf_friendly
5465,10,27,20,9,2,sjf_friendly
5465,11,7,1,6,2,sjf_friendly
5465,12,30,4,10,1,sjf_friendly
5465,13,32,2,8,0,sjf_friendly
5465,14,12,5,5,0,sjf_friendly
5465,15,35,35,7,2,sjf_friendly
5465,16,35,94,4,3,sjf_friendly
5465,17,32,3,8,2,sjf_friendly
5465,18,31,4,4,2,sjf_friendly
5465,19,13,4,9,2,sjf_friendly
5466,1,65,59,4,8,bursty
5466,2,20,13,3,2,bursty
5466,3,68,22,4,4,bursty
5466,4,46,23,4,3,bursty
5466,5,65,37,1,3,bursty
5466,6,62,54,7,4,bursty
5466,7,44,13,4,3,bursty
5466,8,67,47,8,5,bursty
5466,9,19,29,2,8,bursty
5466,10,20,17,4,6,bursty
5466,11,43,11,9,2,bursty
5466,12,42,50,10,3,bursty
5466,13,46,48,7,5,bursty
5466,14,67,47,1,2,bursty
5466,15,20,44,8,7,bursty
5466,16,65,47,3,8,bursty
5466,17,45,35,8,5,bursty
5466,18,65,6,7,4,bursty
5466,19,62,17,4,6,bursty
5466,20,46,54,10,5,bursty
5466,21,45,37,4,3,bursty
5466,22,64,26,3,8,bursty
5466,23,15,56,6,2,bursty
5466,24,18,11,6,7,bursty
5466,25,15,38,2,7,bursty
5466,26,40,22,3,6,bursty
5467,1,2,25,7,10,fairness
5467,2,1,22,5,8,fairness
5467,3,4,18,5,5,fairness
5467,4,2,29,6,7,fairness
5467,5,7,16,7,7,fairness
5467,6,6,30,5,9,fairness
5467,7,1,19,7,8,fairness
5467,8,6,20,5,9,fairness
5467,9,8,22,6,5,fairness
5467,10,3,17,6,6,fairness
5467,11,6,20,6,6,fairness
5467,12,6,30,7,7,fairness
5467,13,1,18,5,8,fairness
5467,14,7,25,6,5,fairness
5467,15,4,23,6,6,fairness
5467,16,10,29,5,5,fairness
5467,17,3,15,6,10,fairness
5467,18,5,18,6,5,fairness
5467,19,8,18,7,7,fairness
5467,20,0,23,5,10,fairness
5467,21,1,28,4,8,fairness
5468,1,30,3,10,3,sjf_friendly
5468,2,20,1,10,4,sjf_friendly
5468,3,25,2,6,3,sjf_friendly
5468,4,37,1,9,2,sjf_friendly
5468,5,26,100,6,1,sjf_friendly
5468,6,24,88,5,1,sjf_friendly
5468,7,26,87,9,2,sjf_friendly
5468,8,12,97,8,3,sjf_friendly
5468,9,18,70,5,0,sjf_friendly
5468,10,17,1,6,1,sjf_friendly
5468,11,13,2,6,2,sjf_friendly
5468,12,7,5,6,1,sjf_friendly
5468,13,37,5,10,2,sjf_friendly
5468,14,23,34,5,0,sjf_friendly
5468,15,38,5,7,2,sjf_friendly
5468,16,36,4,4,2,sjf_friendly
5468,17,26,36,9,4,sjf_friendly
5468,18,33,78,4,0,sjf_friendly
5468,19,26,82,5,1,sjf_friendly
5468,20,1,79,9,3,sjf_friendly
5468,21,6,2,10,3,sjf_friendly
5468,22,12,4,9,2,sjf_friendly
5468,23,38,79,6,1,sjf_friendly
5468,24,22,3,8,2,sjf_friendly
5468,25,3,23,5,0,sjf_friendly
5469,1,18,97,6,2,cpu_bound
5469,2,1,78,4,0,cpu_bound
5469,3,15,92,7,1,cpu_bound
5469,4,1,95,9,0,cpu_bound
5469,5,8,86,8,0,cpu_bound
5469,6,20,86,5,0,cpu_bound
5469,7,11,73,8,1,cpu_bound
5469,8,18,71,9,1,cpu_bound
5469,9,19,91,6,2,cpu_bound
5469,10,5,77,10,2,cpu_bound
5469,11,11,80,10,2,cpu_bound
5470,1,40,2,4,1,sjf_friendly
5470,2,38,22,7,3,sjf_friendly
5470,3,32,5,6,3,sjf_friendly
5470,4,38,29,7,0,sjf_friendly
5470,5,13,3,4,0,sjf_friendly
5470,6,25,35,4,1,sjf_friendly
5470,7,29,40,6,3,sjf_friendly
5470,8,1,29,5,1,sjf_friendly
5471,1,16,65,10,2,cpu_bound
5471,2,10,91,6,2,cpu_bound
5471,3,8,60,8,2,cpu_bound
5471,4,2,76,10,1,cpu_bound
5471,5,10,74,7,0,cpu_bound
5471,6,2,72,6,2,cpu_bound
5471,7,14,76,6,1,cpu_bound
5471,8,7,71,5,1,cpu_bound
5471,9,13,76,5,0,cpu_bound
5471,10,12,96,7,0,cpu_bound
5471,11,3,99,9,1,cpu_bound
5471,12,1,91,10,0,cpu_bound
5471,13,14,80,4,0,cpu_bound
5471,14,20,83,9,1,cpu_bound
5471,15,6,99,9,0,cpu_bound
5471,16,9,79,4,2,cpu_bound
5471,17,2,78,10,0,cpu_bound
5471,18,8,95,6,1,cpu_bound
5471,19,0,75,8,2,cpu_bound
5471,20,3,97,10,1,cpu_bound
5472,1,90,3,7,9,interactive
5472,2,53,1,1,9,interactive
5472,3,70,4,10,9,interactive
5472,4,41,9,10,7,interactive
5472,5,57,8,10,7,interactive
5472,6,72,2,10,10,interactive
5472,7,1,3,2,9,interactive
5472,8,0,9,8,7,interactive
5472,9,92,6,7,10,interactive
5472,10,37,7,6,8,interactive
5472,11,39,2,3,8,interactive
5472,12,61,1,4,7,interactive
5472,13,2,2,2,9,interactive
5473,1,22,90,8,1,sjf_friendly
5473,2,21,35,4,0,sjf_friendly
5473,3,13,38,9,0,sjf_friendly
5473,4,17,90,10,4,sjf_friendly
5473,5,36,22,10,4,sjf_friendly
5473,6,1,5,10,1,sjf_friendly
5473,7,12,5,5,2,sjf_friendly
5473,8,5,29,5,2,sjf_friendly
5473,9,30,2,5,3,sjf_friendly
5473,10,12,24,6,4,sjf_friendly
5473,11,9,2,7,4,sjf_friendly
5473,12,5,31,7,3,sjf_friendly
5473,13,5,4,6,4,sjf_friendly
5473,14,28,5,6,4,sjf_friendly
5473,15,1,93,8,3,sjf_friendly
5473,16,19,33,10,4,sjf_friendly
5473,17,17,2,6,3,sjf_friendly
5473,18,36,29,9,2,sjf_friendly
5473,19,39,35,10,2,sjf_friendly
5473,20,1,4,10,1,sjf_friendly
5473,21,27,5,7,3,sjf_friendly
5474,1,0,92,9,2,cpu_bound
5474,2,20,64,10,0,cpu_bound
5474,3,15,96,9,0,cpu_bound
5474,4,13,82,4,1,cpu_bound
5474,5,5,79,6,2,cpu_bound
5474,6,19,98,9,2,cpu_bound
5475,1,23,15,10,4,priority_heavy
5475,2,11,41,1,0,priority_heavy
5475,3,23,39,10,4,priority_heavy
5475,4,17,46,10,0,priority_heavy
5475,5,27,23,10,0,priority_heavy
5475,6,3,26,2,1,priority_heavy
5475,7,16,42,10,0,priority_heavy
5475,8,28,15,2,0,priority_heavy
5475,9,1,27,10,4,priority_heavy
5475,10,19,17,9,2,priority_heavy
5475,11,30,49,2,3,priority_heavy
5475,12,30,38,1,0,priority_heavy
5475,13,24,24,1,1,priority_heavy
5475,14,11,43,2,2,priority_heavy
5475,15,5,47,9,0,priority_heavy
5475,16,18,43,10,4,priority_heavy
5475,17,12,17,2,0,priority_heavy
5475,18,23,27,1,2,priority_heavy
5475,19,12,26,1,0,priority_heavy
5475,20,28,49,10,4,priority_heavy
5475,21,14,21,1,4,priority_heavy
5475,22,0,15,9,0,priority_heavy
5475,23,15,50,9,0,priority_heavy
5475,24,4,42,1,2,priority_heavy
5475,25,10,47,2,3,priority_heavy
5475,26,24,45,1,3,priority_heavy
5475,27,4,32,2,4,priority_heavy
5475,28,24,17,9,1,priority_heavy
5476,1,79,9,1,10,interactive
5476,2,29,6,9,9,interactive
5476,3,75,10,10,10,interactive
5476,4,97,2,9,10,interactive
5476,5,74,9,8,7,interactive
5476,6,20,8,1,9,interactive
5476,7,66,5,5,8,interactive
5476,8,25,2,1,9,interactive
5476,9,60,4,10,10,interactive
5476,10,49,7,4,8,interactive
5476,11,40,7,6,8,interactive
5476,12,36,3,9,7,interactive
5476,13,41,6,8,9,interactive
5476,14,34,3,1,8,interactive
5476,15,21,4,8,7,interactive
5476,16,93,9,3,10,interactive
5476,17,54,1,3,8,interactive
5476,18,76,6,3,8,interactive
5476,19,34,4,10,10,interactive
5476,20,47,4,8,10,interactive
5476,21,84,7,6,9,interactive
5476,22,79,5,10,8,interactive
5476,23,49,3,2,7,interactive
5477,1,14,96,8,2,cpu_bound
5477,2,15,89,6,2,cpu_bound
5477,3,12,75,4,0,cpu_bound
5477,4,0,68,7,0,cpu_bound
5477,5,16,63,10,0,cpu_bound
5477,6,13,90,6,2,cpu_bound
5477,7,18,91,7,1,cpu_bound
5477,8,9,85,4,1,cpu_bound
5477,9,11,81,5,2,cpu_bound
5477,10,3,65,10,0,cpu_bound
5477,11,12,77,8,2,cpu_bound
5477,12,17,83,8,2,cpu_bound
5477,13,1,81,7,1,cpu_bound
5477,14,19,93,10,2,cpu_bound
5477,15,17,86,9,2,cpu_bound
5478,1,18,72,10,1,cpu_bound
5478,2,11,99,8,2,cpu_bound
5478,3,18,92,10,2,cpu_bound
5478,4,1,84,5,1,cpu_bound
5478,5,9,78,6,1,cpu_bound
5478,6,18,88,8,1,cpu_bound
5478,7,11,69,9,0,cpu_bound
5478,8,10,88,6,0,cpu_bound
5478,9,15,66,9,0,cpu_bound
5478,10,9,84,5,2,cpu_bound
5478,11,9,76,8,0,cpu_bound
5478,12,4,78,7,1,cpu_bound
5478,13,9,99,6,2,cpu_bound
5478,14,7,72,9,2,cpu_bound
5478,15,6,61,9,1,cpu_bound
5478,16,15,84,5,2,cpu_bound
5478,17,0,64,7,1,cpu_bound
5478,18,6,81,4,0,cpu_bound
5478,19,18,74,6,0,cpu_bound
5478,20,5,73,6,2,cpu_bound
5478,21,12,94,7,1,cpu_bound
5479,1,31,79,5,2,sjf_friendly
5479,2,28,3,9,2,sjf_friendly
5479,3,37,34,5,3,sjf_friendly
5479,4,25,4,5,0,sjf_friendly
5479,5,5,31,7,3,sjf_friendly
5479,6,21,32,5,4,sjf_friendly
5479,7,34,78,10,3,sjf_friendly
5479,8,18,93,6,2,sjf_friendly
5479,9,2,3,4,1,sjf_friendly
5479,10,26,4,5,0,sjf_friendly
5479,11,1,5,6,1,sjf_friendly
5479,12,0,5,5,4,sjf_friendly
5479,13,36,3,8,3,sjf_friendly
5479,14,11,28,9,3,sjf_friendly
5479,15,15,2,6,1,sjf_friendly
5479,16,2,4,6,0,sjf_friendly
5479,17,3,23,5,1,sjf_friendly
5479,18,33,1,9,1,sjf_friendly
5479,19,26,4,4,3,sjf_friendly
5479,20,28,4,7,2,sjf_friendly
5479,21,23,22,6,0,sjf_friendly
5479,22,34,1,7,3,sjf_friendly
5479,23,38,4,8,1,sjf_friendly
5479,24,29,21,5,2,sjf_friendly
5479,25,17,36,5,0,sjf_friendly
5480,1,11,21,1,4,priority_heavy
5480,2,28,24,10,2,priority_heavy
5480,3,20,23,1,2,priority_heavy
5480,4,23,31,9,3,priority_heavy
5480,5,24,45,1,1,priority_heavy
5480,6,28,22,2,1,priority_heavy
5480,7,23,17,2,1,priority_heavy
5480,8,19,43,1,1,priority_heavy
5480,9,19,37,10,2,priority_heavy
5480,10,28,36,1,3,priority_heavy
5480,11,13,38,10,0,priority_heavy
5480,12,7,49,9,2,priority_heavy
5480,13,18,29,10,1,priority_heavy
5480,14,12,28,10,0,priority_heavy
5480,15,14,22,1,1,priority_heavy
5480,16,10,36,9,1,priority_heavy
5481,1,73,48,9,3,bursty
5481,2,71,36,7,2,bursty
5481,3,8,38,8,8,bursty
5481,4,68,20,8,7,bursty
5481,5,33,9,10,5,bursty
5481,6,36,25,4,8,bursty
5481,7,73,54,4,6,bursty
5481,8,8,19,8,7,bursty
5481,9,30,48,9,2,bursty
5481,10,34,45,5,7,bursty
5481,11,68,43,1,6,bursty
5481,12,13,46,8,2,bursty
5481,13,13,27,9,2,bursty
5481,14,13,49,1,8,bursty
5481,15,11,39,1,6,bursty
5482,1,13,25,9,0,priority_heavy
5482,2,16,45,10,1,priority_heavy
5482,3,29,18,9,4,priority_heavy
5482,4,5,29,10,0,priority_heavy
5482,5,7,17,10,3,priority_heavy
5482,6,26,44,1,0,priority_heavy
5482,7,14,35,1,2,priority_heavy
5482,8,29,38,10,4,priority_heavy
5482,9,0,43,9,4,priority_heavy
5482,10,18,39,1,4,priority_heavy
5483,1,29,9,7,5,bursty
5483,2,28,51,8,5,bursty
5483,3,32,22,7,5,bursty
5483,4,23,43,5,5,bursty
5483,5,30,44,6,4,bursty
5484,1,5,61,7,2,cpu_bound
5484,2,13,89,4,0,cpu_bound
5484,3,11,78,5,0,cpu_bound
5484,4,5,90,9,0,cpu_bound
5484,5,8,85,9,0,cpu_bound
5484,6,8,61,9,2,cpu_bound
5484,7,4,82,5,2,cpu_bound
5484,8,4,93,5,0,cpu_bound
5484,9,15,75,4,0,cpu_bound
5484,10,1,74,7,1,cpu_bound
5485,1,60,4,5,8,interactive
5485,2,87,6,4,8,interactive
5485,3,88,9,5,8,interactive
5485,4,20,6,9,7,interactive
5485,5,73,10,10,10,interactive
5485,6,94,3,2,9,interactive
5485,7,50,7,1,8,interactive
5485,8,20,8,4,9,interactive
5485,9,7,5,2,8,interactive
5485,10,76,5,6,7,interactive
5485,11,56,2,6,10,interactive
5485,12,14,8,8,10,interactive
5485,13,85,8,10,7,interactive
5485,14,4,10,1,9,interactive
5485,15,5,2,1,10,interactive
5485,16,0,2,10,9,interactive
5485,17,5,9,2,10,interactive
5486,1,44,5,6,10,interactive
5486,2,58,4,10,9,interactive
5486,3,67,1,8,10,interactive
5486,4,3,1,4,9,interactive
5486,5,59,3,5,7,interactive
5486,6,57,7,4,10,interactive
5486,7,65,2,7,9,interactive
5486,8,80,6,9,9,interactive
5486,9,22,3,8,9,interactive
5486,10,79,10,4,9,interactive
5486,11,80,1,4,8,interactive
5486,12,45,7,4,10,interactive
5486,13,71,1,4,8,interactive
5486,14,37,7,7,8,interactive
5486,15,54,3,8,9,interactive
5486,16,67,1,9,10,interactive
5486,17,36,2,2,8,interactive
5486,18,16,3,3,8,interactive
5486,19,95,4,5,7,interactive
5486,20,17,7,2,7,interactive
5486,21,6,4,2,7,interactive
5486,22,49,1,9,8,interactive
5486,23,87,2,3,9,interactive
5486,24,45,4,5,8,interactive
5487,1,9,75,6,1,cpu_bound
5487,2,10,73,7,0,cpu_bound
5487,3,8,85,6,0,cpu_bound
5487,4,17,84,7,2,cpu_bound
5487,5,14,72,5,0,cpu_bound
5487,6,19,88,7,2,cpu_bound
5487,7,14,95,7,1,cpu_bound
5487,8,10,99,6,2,cpu_bound
5487,9,0,87,10,0,cpu_bound
5487,10,20,95,6,1,cpu_bound
5487,11,12,76,10,2,cpu_bound
5487,12,9,88,8,0,cpu_bound
5487,13,20,76,4,2,cpu_bound
5487,14,6,81,9,1,cpu_bound
5488,1,4,30,10,0,priority_heavy
5488,2,16,29,10,1,priority_heavy
5488,3,1,22,10,1,priority_heavy
5488,4,5,34,10,1,priority_heavy
5488,5,14,17,1,2,priority_heavy
5488,6,4,35,9,2,priority_heavy
5488,7,23,32,9,1,priority_heavy
5488,8,22,35,1,3,priority_heavy
5488,9,7,50,9,0,priority_heavy
5488,10,26,32,2,0,priority_heavy
5488,11,25,15,9,4,priority_heavy
5488,12,13,32,10,1,priority_heavy
5488,13,13,26,1,2,priority_heavy
5488,14,24,16,1,1,priority_heavy
5488,15,18,27,9,2,priority_heavy
5488,16,13,24,2,4,priority_heavy
5488,17,3,40,10,3,priority_heavy
5488,18,5,32,2,1,priority_heavy
5488,19,27,27,2,0,priority_heavy
5488,20,20,19,10,1,priority_heavy
5488,21,29,33,9,3,priority_heavy
5488,22,8,41,2,1,priority_heavy
5488,23,27,16,1,1,priority_heavy
5488,24,29,29,1,2,priority_heavy
5488,25,30,25,2,1,priority_heavy
5488,26,8,19,9,4,priority_heavy
5488,27,22,30,2,1,priority_heavy
5488,28,4,20,9,0,priority_heavy
5489,1,15,91,9,0,cpu_bound
5489,2,12,90,4,2,cpu_bound
5489,3,17,80,5,2,cpu_bound
5489,4,5,67,9,0,cpu_bound
5489,5,12,63,7,2,cpu_bound
5489,6,20,86,9,0,cpu_bound
5489,7,12,93,7,0,cpu_bound
5489,8,5,94,6,0,cpu_bound
5489,9,12,73,4,1,cpu_bound
5489,10,8,97,5,1,cpu_bound
5490,1,75,5,9,9,interactive
5490,2,48,7,4,9,interactive
5490,3,99,8,9,7,interactive
5490,4,78,7,10,10,interactive
5490,5,5,2,2,10,interactive
5490,6,39,4,9,7,interactive
5490,7,95,9,5,7,interactive
5490,8,10,3,10,7,interactive
5490,9,9,6,4,7,interactive
5490,10,82,1,7,7,interactive
5490,11,10,6,2,10,interactive
5490,12,70,2,7,8,interactive
5490,13,68,6,1,7,interactive
5490,14,35,5,9,9,interactive
5490,15,55,10,8,10,interactive
5490,16,88,7,5,7,interactive
5490,17,67,2,2,8,interactive
5490,18,62,2,1,7,interactive
5490,19,82,5,2,8,interactive
5491,1,31,23,5,3,bursty
5491,2,11,57,3,8,bursty
5491,3,74,15,9,3,bursty
5491,4,16,21,6,7,bursty
5491,5,75,20,9,4,bursty
5491,6,16,8,9,3,bursty
5491,7,30,35,5,5,bursty
5491,8,34,60,4,5,bursty
5491,9,15,17,7,8,bursty
5491,10,36,39,7,3,bursty
5491,11,31,49,9,6,bursty
5491,12,15,34,1,5,bursty
5491,13,35,60,9,5,bursty
5491,14,33,56,4,7,bursty
5491,15,33,35,6,7,bursty
5491,16,72,50,8,8,bursty
5491,17,69,7,2,6,bursty
5491,18,14,34,7,4,bursty
5491,19,30,55,5,6,bursty
5491,20,71,43,2,2,bursty
5491,21,15,20,5,6,bursty
5491,22,12,8,10,7,bursty
5491,23,74,38,2,3,bursty
5491,24,30,32,6,8,bursty
5491,25,32,25,7,2,bursty
5491,26,32,43,2,4,bursty
5491,27,31,21,8,7,bursty
5491,28,34,54,8,4,bursty
5492,1,11,89,7,2,cpu_bound
5492,2,9,94,10,2,cpu_bound
5492,3,20,65,8,1,cpu_bound
5492,4,0,62,7,2,cpu_bound
5492,5,18,60,10,0,cpu_bound
5492,6,9,90,6,0,cpu_bound
5492,7,14,67,10,0,cpu_bound
5492,8,19,83,5,0,cpu_bound
5492,9,7,69,5,2,cpu_bound
5492,10,8,75,10,0,cpu_bound
5492,11,0,81,4,1,cpu_bound
5492,12,4,89,4,1,cpu_bound
5493,1,0,22,4,5,fairness
5493,2,7,16,6,5,fairness
5493,3,1,30,7,10,fairness
5493,4,5,28,7,10,fairness
5493,5,6,17,5,6,fairness
5493,6,6,19,7,5,fairness
5493,7,6,19,4,8,fairness
5494,1,68,17,1,5,bursty
5494,2,40,42,10,4,bursty
5494,3,16,15,9,2,bursty
5494,4,20,17,8,3,bursty
5494,5,21,33,7,4,bursty
5494,6,16,40,9,2,bursty
5494,7,17,8,1,6,bursty
5494,8,74,13,3,4,bursty
5494,9,17,19,1,8,bursty
5494,10,41,19,10,7,bursty
5494,11,40,23,7,5,bursty
5494,12,44,60,1,5,bursty
5494,13,19,5,3,5,bursty
5494,14,20,24,7,2,bursty
5494,15,17,58,4,5,bursty
5494,16,21,36,8,6,bursty
5494,17,16,28,9,8,bursty
5494,18,40,46,1,8,bursty
5494,19,40,46,8,5,bursty
5495,1,11,8,7,9,interactive
5495,2,41,5,3,8,interactive
5495,3,47,5,3,8,interactive
5495,4,50,9,6,7,interactive
5495,5,59,2,7,10,interactive
5495,6,94,8,9,10,interactive
5495,7,36,8,2,10,interactive
5495,8,35,8,9,7,interactive
5495,9,12,2,2,10,interactive
5495,10,15,4,3,10,interactive
5495,11,10,7,4,10,interactive
5495,12,21,6,9,9,interactive
5495,13,13,6,4,8,interactive
5495,14,60,7,1,7,interactive
5495,15,63,7,5,7,interactive
5495,16,15,1,4,10,interactive
5495,17,100,1,9,10,interactive
5495,18,65,8,9,8,interactive
5496,1,12,82,5,2,cpu_bound
5496,2,20,83,4,1,cpu_bound
5496,3,8,97,4,0,cpu_bound
5496,4,16,93,10,0,cpu_bound
5496,5,3,63,6,2,cpu_bound
5496,6,13,90,10,0,cpu_bound
5496,7,4,84,10,1,cpu_bound
5496,8,5,97,4,0,cpu_bound
5496,9,2,83,9,0,cpu_bound
5496,10,16,94,5,0,cpu_bound
5496,11,15,69,5,2,cpu_bound
5496,12,5,90,10,0,cpu_bound
5496,13,7,98,4,2,cpu_bound
5496,14,1,92,6,0,cpu_bound
5496,15,2,70,8,1,cpu_bound
5496,16,19,86,4,1,cpu_bound
5496,17,15,99,10,1,cpu_bound
5496,18,2,94,4,2,cpu_bound
5496,19,9,85,5,2,cpu_bound
5496,20,18,62,4,0,cpu_bound
5496,21,20,93,7,0,cpu_bound
5497,1,31,2,9,3,sjf_friendly
5497,2,38,26,7,1,sjf_friendly
5497,3,23,40,7,2,sjf_friendly
5497,4,8,77,10,3,sjf_friendly
5497,5,16,4,6,1,sjf_friendly
5497,6,3,22,4,4,sjf_friendly
5497,7,11,86,6,1,sjf_friendly
5497,8,29,25,10,4,sjf_friendly
5497,9,0,2,7,4,sjf_friendly
5497,10,13,40,4,3,sjf_friendly
5497,11,24,37,10,2,sjf_friendly
5497,12,33,2,5,0,sjf_friendly
5497,13,31,3,10,1,sjf_friendly
5497,14,29,1,6,2,sjf_friendly
5497,15,32,72,5,2,sjf_friendly
5497,16,2,1,7,1,sjf_friendly
5497,17,21,26,8,1,sjf_friendly
5497,18,8,22,7,1,sjf_friendly
5497,19,27,2,10,1,sjf_friendly
5497,20,37,23,6,3,sjf_friendly
5497,21,5,2,10,0,sjf_friendly
5497,22,3,3,6,1,sjf_friendly
5497,23,12,4,8,1,sjf_friendly
5497,24,20,40,6,3,sjf_friendly
5497,25,10,5,7,3,sjf_friendly
5497,26,12,27,5,1,sjf_friendly
5498,1,3,42,6,8,bursty
5498,2,34,23,5,5,bursty
5498,3,59,49,1,7,bursty
5498,4,2,9,2,7,bursty
5498,5,60,16,6,8,bursty
5498,6,0,14,4,7,bursty
5498,7,31,5,1,5,bursty
5498,8,63,9,6,2,bursty
5498,9,0,35,1,7,bursty
5498,10,35,5,9,4,bursty
5498,11,34,15,5,3,bursty
5498,12,61,34,6,5,bursty
5498,13,33,8,2,3,bursty
5498,14,1,60,8,7,bursty
5498,15,59,49,3,8,bursty
5498,16,29,51,5,3,bursty
5498,17,59,22,1,4,bursty
5498,18,2,22,10,4,bursty
5498,19,2,47,7,4,bursty
5498,20,3,10,8,5,bursty
5498,21,30,38,5,3,bursty
5498,22,61,41,9,2,bursty
5498,23,30,37,3,5,bursty
5498,24,63,49,3,3,bursty
5498,25,30,18,1,4,bursty
5498,26,0,46,9,6,bursty
5498,27,3,11,2,8,bursty
5499,1,95,1,10,10,interactive
5499,2,86,10,1,9,interactive
5499,3,31,4,8,10,interactive
5499,4,61,9,1,8,interactive
5499,5,85,9,2,9,interactive
5499,6,32,3,6,8,interactive
5499,7,1,2,2,8,interactive
5499,8,66,4,2,9,interactive
5499,9,12,6,1,9,interactive
5499,10,37,3,9,9,interactive
5499,11,95,3,3,7,interactive
5499,12,47,3,5,9,interactive
5499,13,17,4,2,9,interactive
5499,14,82,2,5,10,interactive
5499,15,71,10,4,9,interactive
5499,16,60,7,4,10,interactive
5499,17,25,2,3,7,interactive
5499,18,88,6,1,8,interactive
5499,19,95,9,4,10,interactive
5499,20,17,1,4,8,interactive
5499,21,98,10,7,9,interactive
5499,22,22,1,10,9,interactive
5500,1,7,16,5,6,fairness
5500,2,7,20,7,7,fairness
5500,3,10,21,5,8,fairness
5500,4,0,16,4,9,fairness
5500,5,8,18,7,10,fairness
5500,6,4,29,7,5,fairness
5500,7,0,23,5,8,fairness
5500,8,0,22,7,9,fairness
5500,9,3,23,6,5,fairness
5500,10,5,28,4,10,fairness
