workload_id,window_start_s,window_end_s,num_processes,avg_arrival_time,arrival_time_variance,avg_burst_time,burst_time_variance,avg_priority,avg_io_frequency,arrival_rate,scheduling_slices,scheduling_event_rate,num_cpus,cpu_activity_ratio,state_D_rate,state_I_rate,state_R_rate,state_R+_rate,state_S_rate,state_X_rate,predicted_scheduler,prediction_confidence,prediction_confidence_percent
1,0.0,0.1,10,0.0019660625,6.805823978829166e-06,1.8950362173913045,16.14400041344227,113.21739130434784,,100.0,23,230.0,3,0.375,20.0,40.0,110.0,10.0,50.0,0.0,SJF,0.38459391714159985,38.459391714159985
2,0.0086777093371123,0.1086777093371123,11,0.0062015519356149,3.598881428859617e-06,1.370839875,9.768171702748512,117.25,,110.0,16,160.0,3,0.375,0.0,60.0,70.0,0.0,30.0,0.0,SJF,0.3868680477192711,38.68680477192711
3,0.0173554186742247,0.1173554186742247,7,0.0023791644686324,7.778245981511434e-07,0.8942631111111111,3.0479629021517174,116.55555555555556,,70.0,27,270.0,3,0.375,0.0,110.0,90.0,20.0,50.0,0.0,SJF,0.32179359727046275,32.179359727046275
4,0.0260331280113371,0.1260331280113371,22,0.0026512989886628,2.3774240916766672e-06,1.058123666666667,6.651836317061019,109.51282051282053,,220.0,39,390.0,4,0.5,10.0,60.0,130.0,30.0,160.0,0.0,SJF,0.42428897947346933,42.42889794734693
5,0.0347108373484494,0.1347108373484495,10,0.0035360011515505,4.034424935271835e-06,1.5723040476190475,6.293047949646346,110.66666666666669,,100.0,21,210.0,4,0.5,10.0,50.0,90.0,10.0,50.0,0.0,SJF,0.36197979920532186,36.197979920532184
6,0.0433885466855618,0.1433885466855618,13,0.0032160845452073,3.7770779491271902e-06,1.3520334680851065,24.47780563753585,111.95744680851064,,130.0,47,470.0,4,0.5,60.0,140.0,170.0,50.0,50.0,0.0,SJF,0.41689691975100523,41.68969197510052
7,0.0520662560226742,0.1520662560226742,10,0.0037015459773257,3.1824843018442222e-06,1.5664245,15.032097146018158,116.4,,100.0,20,200.0,3,0.375,20.0,30.0,100.0,0.0,50.0,0.0,SJF,0.3914079197360136,39.14079197360136
8,0.0607439653597865,0.1607439653597865,7,0.0033309304973562,1.1198809710966484e-05,0.8462123888888889,2.1349228043971937,107.33333333333331,,70.0,18,180.0,2,0.25,10.0,60.0,80.0,0.0,30.0,0.0,SJF,0.32179359727046275,32.179359727046275
9,0.0694216746968989,0.1694216746968989,17,0.0026727799501598,3.883438828032619e-06,0.2872777777777778,0.5365352798416131,118.2,,170.0,90,900.0,3,0.375,30.0,130.0,260.0,90.0,390.0,0.0,SJF,0.40928643228013906,40.928643228013904
10,0.0780993840340113,0.1780993840340113,42,0.004577893799322,6.03728968099809e-06,0.2726623725490196,0.1345585476071271,117.45098039215686,,420.0,102,1020.0,4,0.5,10.0,50.0,170.0,240.0,550.0,0.0,SJF,0.4101975684967375,41.01975684967375
11,0.0867770933711237,0.1867770933711237,39,0.0023709994750301,6.156439149114455e-06,0.4495469337349397,5.223105759989529,111.07228915662652,,390.0,166,1660.0,6,0.75,190.0,330.0,450.0,300.0,390.0,0.0,SJF,0.40866137679728887,40.86613767972889
12,0.095454802708236,0.195454802708236,29,0.0031280544986604,4.843636566746526e-06,0.3070630971428571,2.2674840235291915,95.37714285714286,,290.0,175,1750.0,5,0.625,580.0,100.0,500.0,360.0,210.0,0.0,SJF,0.4063031747548861,40.63031747548861
13,0.1041325120453484,0.2041325120453484,34,0.0036071492487692,6.743641404084342e-06,0.4678155764705882,1.1229140368169377,105.37647058823528,,340.0,85,850.0,4,0.5,90.0,80.0,230.0,150.0,300.0,0.0,SJF,0.4101975684967375,41.01975684967375
14,0.1128102213824608,0.2128102213824608,30,0.0038590406508725,4.585255781959487e-06,1.869756338983051,71.24468516477354,112.91525423728814,,300.0,59,590.0,6,0.75,40.0,60.0,220.0,30.0,240.0,0.0,SJF,0.4582607809394795,45.82607809394795
15,0.1214879307195731,0.2214879307195731,18,0.0030918433359823,5.619928127199816e-06,0.9483126981132076,7.010979859481097,113.0,,180.0,53,530.0,5,0.625,10.0,100.0,200.0,40.0,180.0,0.0,SJF,0.40868691673317875,40.868691673317876
16,0.1301656400566855,0.2301656400566855,14,0.0034586566576001,3.221440767407456e-06,2.019774303030303,55.91831904797471,108.15151515151516,,140.0,33,330.0,4,0.5,10.0,30.0,160.0,10.0,110.0,10.0,SJF,0.41103326620941155,41.103326620941154
17,0.1388433493937979,0.2388433493937979,16,0.002711510481202,5.756588610815064e-06,0.792806025,2.659885477199513,116.175,,160.0,40,400.0,4,0.5,0.0,110.0,160.0,10.0,120.0,0.0,SJF,0.40822418707477015,40.82241870747701
18,0.1475210587309103,0.2475210587309103,12,0.0017028691857563,6.402295173408803e-06,1.6143986590909092,28.025017019375536,115.04545454545456,,120.0,44,440.0,4,0.5,40.0,130.0,160.0,20.0,90.0,0.0,SJF,0.41380210657973293,41.380210657973294
19,0.1561987680680226,0.2561987680680226,16,0.0040070714944773,7.5206638093314865e-06,0.60148275,0.743782410142387,113.375,,160.0,32,320.0,2,0.25,0.0,50.0,130.0,10.0,130.0,0.0,SJF,0.40822418707477015,40.82241870747701
20,0.164876477405135,0.264876477405135,15,0.0033198070615316,4.134985805203695e-06,1.1843306296296296,4.764402118241627,112.03703703703704,,150.0,27,270.0,3,0.375,10.0,40.0,100.0,20.0,100.0,0.0,SJF,0.4014213386439429,40.14213386439429
21,0.1735541867422474,0.2735541867422474,23,0.0055182903881873,6.1779790187036666e-06,10.35592364556962,4025.0180020551593,114.44303797468356,,230.0,79,790.0,6,0.75,30.0,70.0,380.0,20.0,290.0,0.0,SJF,0.616268288599516,61.6268288599516
22,0.1822318960793597,0.2822318960793598,28,0.0028401294206402,6.790022395314193e-06,0.2271255714285714,1.2697417884911162,117.7327188940092,,280.0,217,2170.0,4,0.5,20.0,40.0,1070.0,60.0,980.0,0.0,SJF,0.4078576763329254,40.785767633292544
23,0.1909096054164721,0.2909096054164721,10,0.0023974880835278,3.501632797301381e-06,0.6516687959183673,2.1751970969350825,114.42857142857144,,100.0,49,490.0,3,0.375,40.0,110.0,220.0,0.0,120.0,0.0,SJF,0.3568094429125288,35.68094429125288
24,0.1995873147535845,0.2995873147535845,13,0.0050011145541077,5.641651359525221e-06,0.8586798367346938,6.848939679069429,115.3061224489796,,130.0,49,490.0,4,0.5,110.0,80.0,230.0,10.0,60.0,0.0,SJF,0.41066787460458665,41.06678746045866
25,0.2082650240906968,0.3082650240906969,9,0.0047974525759698,9.302015978181008e-06,2.1893055555555554,30.383077828435088,117.11111111111111,,90.0,18,180.0,3,0.375,0.0,30.0,90.0,0.0,60.0,0.0,SJF,0.370063833508245,37.0063833508245
26,0.2169427334278092,0.3169427334278092,9,0.0049794653499685,4.777491632456942e-06,1.4408007916666667,17.046892906148866,110.91666666666669,,90.0,24,240.0,3,0.375,10.0,60.0,120.0,0.0,50.0,0.0,SJF,0.36700875902866975,36.700875902866976
27,0.2256204427649216,0.3256204427649216,8,0.0038646936100784,1.184857471381027e-05,0.6899845555555556,1.4237358450331796,117.22222222222224,,80.0,27,270.0,3,0.375,0.0,70.0,120.0,0.0,80.0,0.0,SJF,0.3485449170835346,34.85449170835346
28,0.2342981521020339,0.3342981521020339,12,0.0023019083146326,4.8501416897555046e-06,1.06208336,2.468538417143157,111.36,,120.0,25,250.0,3,0.375,10.0,30.0,110.0,10.0,90.0,0.0,SJF,0.3950742908743124,39.50742908743124
29,0.2429758614391463,0.3429758614391464,13,0.0011327961762382,4.904609085617583e-07,0.6362908431372549,1.4115394593824553,112.54901960784314,,130.0,51,510.0,4,0.5,20.0,110.0,180.0,10.0,190.0,0.0,SJF,0.4030651809775221,40.30651809775221
30,0.2516535707762587,0.3516535707762587,9,0.0017188246681857,8.426521817942772e-06,3.559033555555556,88.16076684022879,110.74074074074076,,90.0,27,270.0,4,0.5,10.0,80.0,130.0,0.0,50.0,0.0,SJF,0.3765723922662955,37.65723922662955
31,0.2603312801133711,0.3603312801133711,3,0.0049749348866289,6.085163076699919e-06,1.9737586666666669,4.579418019030667,112.66666666666669,,30.0,6,60.0,2,0.25,0.0,30.0,30.0,0.0,0.0,0.0,SJF,0.3088692901418403,30.886929014184027
32,0.2690089894504834,0.3690089894504834,7,0.0034240834066594,1.2502168266754825e-06,0.6798665625,2.5089644429494795,109.0625,,70.0,32,320.0,3,0.375,20.0,80.0,140.0,0.0,80.0,0.0,SJF,0.32179359727046275,32.179359727046275
33,0.2776866987875958,0.3776866987875958,11,0.0046210330305859,1.2587995860757536e-05,1.2125932916666666,4.123190535242216,110.625,,110.0,24,240.0,3,0.375,10.0,40.0,100.0,10.0,80.0,0.0,SJF,0.3805848332967624,38.05848332967624
34,0.2863644081247082,0.3863644081247082,8,0.0029696997502918,7.297658703899019e-06,1.7578584705882354,8.391733386960391,108.11764705882354,,80.0,17,170.0,3,0.375,10.0,30.0,80.0,0.0,50.0,0.0,SJF,0.35453123229926675,35.453123229926675
35,0.2950421174618206,0.3950421174618206,15,0.0051902086715127,6.724488049564417e-06,0.4468951363636363,0.4746576424472834,113.97727272727272,,150.0,44,440.0,4,0.5,10.0,100.0,160.0,20.0,150.0,0.0,SJF,0.4021799205030373,40.21799205030373
36,0.3037198267989329,0.4037198267989329,11,0.0010511482919761,2.566509920852911e-06,5.144528500000001,521.8991290652859,117.10526315789474,,110.0,38,380.0,4,0.5,10.0,70.0,180.0,0.0,120.0,0.0,SJF,0.4209077261993843,42.090772619938434
37,0.3123975361360453,0.4123975361360453,4,0.0042516956139546,2.2362471559509024e-06,1.177330625,2.497477658059697,114.5,,40.0,8,80.0,2,0.25,0.0,30.0,40.0,0.0,10.0,0.0,SJF,0.30820371509443695,30.820371509443696
38,0.3210752454731577,0.4210752454731576,9,0.0031188340823978,6.1880098738325584e-06,0.7667245555555556,2.6046570365555115,118.83333333333331,,90.0,36,360.0,3,0.375,0.0,100.0,150.0,0.0,110.0,0.0,SJF,0.3499472928853541,34.99472928853541
39,0.32975295481027,0.4297529548102701,6,0.0035695450230632,4.402313145423779e-06,2.6500608333333333,20.38029466013997,116.33333333333331,,60.0,12,120.0,3,0.375,0.0,30.0,60.0,0.0,30.0,0.0,SJF,0.3447228804417173,34.47228804417173
40,0.3384306641473824,0.4384306641473824,5,0.0030731378526175,4.739075607135444e-06,1.7768691111111112,4.306879657344611,112.66666666666669,,50.0,9,90.0,2,0.25,0.0,30.0,40.0,0.0,20.0,0.0,SJF,0.30857314839728056,30.857314839728055
41,0.3471083734844948,0.4471083734844948,11,0.003856195424596,8.177192818659697e-06,0.5693993829787234,2.0010522788799365,118.02127659574468,,110.0,47,470.0,3,0.375,30.0,110.0,210.0,10.0,110.0,0.0,SJF,0.3802153999939187,38.02153999939187
42,0.3557860828216072,0.4557860828216071,6,0.0025923718450594,1.269381288910814e-05,1.7825838333333333,7.463691034998733,116.22222222222224,,60.0,18,180.0,3,0.375,0.0,70.0,90.0,0.0,20.0,0.0,SJF,0.3175150300505598,31.75150300505598
43,0.3644637921587195,0.4644637921587196,8,0.0055793129662804,3.222034195323275e-06,1.3141459333333332,3.270444972571638,113.8,,80.0,15,150.0,3,0.375,0.0,40.0,60.0,10.0,40.0,0.0,SJF,0.3485449170835346,34.85449170835346
44,0.3731415014958319,0.4731415014958319,10,0.003073737704168,3.192260673160384e-06,1.6164516129032258,19.719099879730177,118.58064516129032,,100.0,31,310.0,3,0.375,0.0,100.0,130.0,0.0,80.0,0.0,SJF,0.3928965435812168,39.28965435812168
45,0.3818192108329443,0.4818192108329443,3,0.003427889500389,5.516737593744314e-06,1.333020833333333,4.067780505913367,112.66666666666669,,30.0,6,60.0,1,0.125,0.0,30.0,30.0,0.0,0.0,0.0,SJF,0.30857314839728056,30.857314839728055
46,0.3904969201700566,0.4904969201700566,6,0.0042593643299433,4.950808575700271e-06,1.2534895833333333,3.0996203841651746,116.33333333333331,,60.0,12,120.0,3,0.375,0.0,30.0,60.0,0.0,30.0,0.0,SJF,0.3101566295543631,31.01566295543631
47,0.399174629507169,0.499174629507169,10,0.0032677608928309,6.852365852516024e-06,1.3003828648648648,10.790581883001895,114.91891891891892,,100.0,37,370.0,3,0.375,10.0,110.0,150.0,0.0,100.0,0.0,SJF,0.3684076895004791,36.84076895004791
48,0.4078523388442814,0.5078523388442814,5,0.0040130985557185,1.5601613329794696e-05,1.5822596153846151,6.871867799321258,104.0,,50.0,13,130.0,2,0.25,10.0,40.0,60.0,0.0,20.0,0.0,SJF,0.31650394801985177,31.650394801985176
49,0.4165300481813937,0.5165300481813937,7,0.0050467521043205,4.419659734235612e-06,1.1117308461538462,2.518203857067807,115.3846153846154,,70.0,13,130.0,3,0.375,0.0,40.0,60.0,0.0,30.0,0.0,SJF,0.32179359727046275,32.179359727046275
50,0.4252077575185061,0.5252077575185061,6,0.0024283361481605,1.1510157293066924e-07,0.9510659333333334,5.153487254773652,118.53333333333332,,60.0,30,300.0,3,0.375,0.0,100.0,120.0,0.0,80.0,0.0,SJF,0.310701802058497,31.070180205849702
51,0.4338854668556184,0.5338854668556184,7,0.0039991905729529,3.5153347037166016e-06,1.9090785384615383,6.931189015086769,112.84615384615384,,70.0,13,130.0,3,0.375,0.0,30.0,50.0,10.0,40.0,0.0,SJF,0.3300938301958777,33.009383019587766
52,0.4425631761927308,0.5425631761927309,19,0.0059290001230586,5.093456663646993e-06,1.0110325000000002,4.288918496010199,115.79411764705884,,190.0,34,340.0,4,0.5,0.0,40.0,130.0,10.0,160.0,0.0,SJF,0.40104061428687715,40.104061428687714
53,0.4512408855298432,0.5512408855298432,7,0.0024076708987282,1.0014374399054297e-05,0.7252460344827586,1.9074062195239632,112.82758620689656,,70.0,29,290.0,3,0.375,10.0,90.0,120.0,0.0,70.0,0.0,SJF,0.32179359727046275,32.179359727046275
54,0.4599185948669556,0.5599185948669556,17,0.0028530592506914,7.249089307439214e-06,1.4879200869565217,12.07957491279568,114.82608695652172,,170.0,46,460.0,4,0.5,10.0,80.0,210.0,0.0,160.0,0.0,SJF,0.42285470703005623,42.28547070300562
55,0.4685963042040679,0.5685963042040679,6,0.0061328711292653,4.900853877858718e-06,1.8173436666666667,8.438804896858606,116.33333333333331,,60.0,12,120.0,3,0.375,0.0,30.0,60.0,0.0,30.0,0.0,SJF,0.31614294477009525,31.614294477009526
56,0.4772740135411803,0.5772740135411804,11,0.0045320182770014,6.488598090556767e-06,3.0397202285714284,97.6628776944373,114.4,,110.0,35,350.0,4,0.5,10.0,100.0,130.0,0.0,110.0,0.0,SJF,0.41191958520105,41.191958520105
57,0.4859517228782927,0.5859517228782927,3,0.0032986414550406,5.509394769761376e-06,1.3124045000000002,3.9376397895983,112.66666666666669,,30.0,6,60.0,1,0.125,0.0,30.0,30.0,0.0,0.0,0.0,SJF,0.30857314839728056,30.857314839728055
58,0.494629432215405,0.5946294322154051,5,0.0032623173845949,8.726862362952241e-06,0.5789025,1.3463888554607306,116.85714285714286,,50.0,14,140.0,1,0.125,0.0,50.0,60.0,0.0,30.0,0.0,SJF,0.30820371509443695,30.820371509443696
59,0.5033071415525174,0.6033071415525174,8,0.0024048176974825,3.7535556372496086e-06,0.9800677,4.680764253208286,116.16666666666669,,80.0,30,300.0,3,0.375,0.0,90.0,110.0,10.0,90.0,0.0,SJF,0.3490900895876685,34.909008958766854
60,0.5119848508896299,0.6119848508896298,6,0.0037494196103701,8.25684216511046e-08,2.351224,21.132458607465537,116.71428571428572,,60.0,14,140.0,3,0.375,0.0,40.0,70.0,0.0,30.0,0.0,SJF,0.3397228804417173,33.97228804417173
61,0.5206625602267422,0.6206625602267422,4,0.0032616192732578,3.012919437667579e-09,1.3788281,2.8576080689901,115.2,,40.0,10,100.0,2,0.25,0.0,40.0,50.0,0.0,10.0,0.0,SJF,0.30820371509443695,30.820371509443696
62,0.5293402695638546,0.6293402695638546,12,0.0036738664361454,6.697783095511019e-06,1.394874388235294,82.05938712329154,116.32941176470588,,120.0,85,850.0,5,0.625,0.0,100.0,470.0,10.0,270.0,0.0,SJF,0.412194335026106,41.2194335026106
63,0.5380179789009669,0.6380179789009669,8,0.005592528599033,1.3423963273679712e-05,1.8605989375,13.17648869393126,113.5625,,80.0,16,160.0,4,0.5,0.0,40.0,70.0,10.0,40.0,0.0,SJF,0.3666271557987129,36.66271557987129
64,0.5466956882380793,0.6466956882380793,13,0.0032836663773052,6.863863576991064e-06,1.0943955,2.7753867670258896,117.28571428571428,,130.0,28,280.0,4,0.5,0.0,60.0,120.0,0.0,100.0,0.0,SJF,0.4030651809775221,40.30651809775221
65,0.5553733975751917,0.6553733975751916,8,0.0015473051748083,1.7735036807924845e-06,0.9674004821428572,6.761088432074182,118.82142857142856,,80.0,56,560.0,4,0.5,30.0,180.0,260.0,0.0,90.0,0.0,SJF,0.3568451500089494,35.68451500089494
66,0.564051106912304,0.664051106912304,7,0.0041773376591245,3.0306858948789745e-06,1.7948920714285717,8.223480784533148,116.71428571428572,,70.0,14,140.0,3,0.375,0.0,40.0,70.0,0.0,30.0,0.0,SJF,0.32808724832640374,32.80872483264037
67,0.5727288162494164,0.6727288162494164,8,0.0039362483755835,1.9463147359937006e-06,1.9936581176470587,7.019953095753985,114.52941176470588,,80.0,17,170.0,4,0.5,0.0,60.0,60.0,10.0,40.0,0.0,SJF,0.35639910756157306,35.639910756157306
68,0.5814065255865287,0.6814065255865287,12,0.0048047631634712,4.797502040700778e-06,3.17596248,41.450551238000095,112.56,,120.0,25,250.0,4,0.5,10.0,50.0,120.0,0.0,70.0,0.0,SJF,0.40971179361521637,40.971179361521635
69,0.5900842349236411,0.6900842349236411,3,0.0061929177430254,2.9855569625334816e-08,0.6915728,1.4614808771692,91.6,,30.0,5,50.0,1,0.125,10.0,10.0,20.0,0.0,10.0,0.0,SJF,0.30820371509443695,30.820371509443696
70,0.5987619442607535,0.6987619442607534,6,0.0026771525725798,6.505637362601403e-06,0.8693807777777778,1.911970110791124,109.66666666666669,,60.0,18,180.0,2,0.25,10.0,50.0,80.0,0.0,40.0,0.0,SJF,0.3101566295543631,31.01566295543631
71,0.6074396535978659,0.7074396535978659,11,0.0030969367657704,1.062276613043281e-05,0.7413376136363637,1.867654183242056,114.8409090909091,,110.0,44,440.0,4,0.5,10.0,140.0,200.0,10.0,80.0,0.0,SJF,0.3802153999939187,38.02153999939187
72,0.6161173629349782,0.7161173629349782,15,0.0026377026650217,5.106208484776566e-06,13.072420046511631,5753.77078491226,109.02325581395348,,150.0,43,430.0,6,0.75,10.0,40.0,140.0,70.0,170.0,0.0,SJF,0.5834303686131378,58.34303686131378
73,0.6247950722720906,0.7247950722720906,12,0.0063865549779093,3.749364669292844e-06,0.5533072647058823,1.1527347594572317,109.79411764705884,,120.0,34,340.0,5,0.625,60.0,80.0,150.0,0.0,50.0,0.0,SJF,0.3950742908743124,39.50742908743124
74,0.633472781609203,0.7334727816092029,13,0.0028788204677201,7.824825241064608e-06,1.0494715833333332,3.297091213592716,113.10416666666669,,130.0,48,480.0,5,0.625,20.0,120.0,160.0,70.0,110.0,0.0,SJF,0.4030651809775221,40.30651809775221
75,0.6421504909463154,0.7421504909463154,13,0.0028407346690692,2.663201556456783e-06,2.473628925,90.60172574593328,108.725,,130.0,40,400.0,5,0.625,30.0,50.0,180.0,30.0,110.0,0.0,SJF,0.4189592308899705,41.89592308899705
76,0.6508282002834277,0.7508282002834277,9,0.0033573376054612,3.627283270634791e-06,0.9195703214285714,2.2793580559848925,116.85714285714286,,90.0,28,280.0,4,0.5,10.0,90.0,110.0,0.0,70.0,0.0,SJF,0.3499472928853541,34.99472928853541
77,0.6595059096205401,0.7595059096205401,8,0.0005899103794598,8.680830920800478e-08,2.407174064516129,48.156460384083935,114.70967741935485,,80.0,31,310.0,4,0.5,10.0,90.0,160.0,0.0,50.0,0.0,SJF,0.3749149089275003,37.49149089275003
78,0.6681836189576524,0.7681836189576524,5,0.0042474954423475,8.604905552828723e-08,7.007916571428572,73.31345940870828,119.71428571428572,,50.0,7,70.0,3,0.375,0.0,20.0,30.0,0.0,20.0,0.0,SJF,0.3384828070142114,33.84828070142114
79,0.6768613282947649,0.7768613282947648,2,0.0083587232052351,5.583379194449878e-08,0.410469,0.011643990408,120.0,,20.0,2,20.0,1,0.125,0.0,10.0,0.0,0.0,10.0,0.0,SJF,0.30820371509443695,30.820371509443696
80,0.6855390376318772,0.7855390376318772,7,0.0037101732252656,1.1120002189534709e-05,1.7286067499999995,13.470598430062406,118.9,,70.0,20,200.0,3,0.375,0.0,70.0,90.0,0.0,40.0,0.0,SJF,0.34236061855334193,34.23606185533419
81,0.6942167469689896,0.7942167469689896,5,0.0025140546310103,1.9372119380778626e-07,10.019032714285714,292.6336796237322,116.85714285714286,,50.0,7,70.0,3,0.375,0.0,20.0,30.0,0.0,20.0,0.0,SJF,0.4924139169817419,49.24139169817419
82,0.7028944563061019,0.8028944563061019,6,0.0048159425272314,9.412143596325908e-07,7.999065529411765,595.3207962044627,118.88235294117646,,60.0,17,170.0,4,0.5,0.0,60.0,70.0,0.0,40.0,0.0,SJF,0.3764604245913161,37.646042459131614
83,0.7115721656432143,0.8115721656432143,8,0.0014515968567856,1.6424661234465776e-06,2.3185573,24.08495227531075,117.35,,80.0,20,200.0,2,0.25,0.0,40.0,80.0,10.0,70.0,0.0,SJF,0.37931996178390415,37.93199617839041
84,0.7202498749803267,0.8202498749803266,0,,0.0,,0.0,,,0.0,0,0.0,0,0.0,0.0,0.0,0.0,0.0,0.0,0.0,RR,0.46263451357794594,46.263451357794594
85,0.7289275843174391,0.8289275843174391,7,0.0068705179682752,1.6088632873518715e-06,0.7379910714285715,1.1980550731348407,118.42857142857144,,70.0,14,140.0,3,0.375,0.0,50.0,50.0,0.0,40.0,0.0,SJF,0.32179359727046275,32.179359727046275
86,0.7376052936545514,0.8376052936545514,17,0.0042959069336838,5.3585040340196135e-06,1.061413853658537,6.625093302319128,117.04878048780488,,170.0,41,410.0,4,0.5,0.0,80.0,170.0,10.0,150.0,0.0,SJF,0.4144784483347921,41.44784483347921
87,0.7462830029916638,0.8462830029916638,10,0.0037916684083361,5.679007251476979e-06,1.6686718888888887,8.77835874635481,120.0,,100.0,18,180.0,3,0.375,0.0,20.0,50.0,30.0,80.0,0.0,SJF,0.36399294738513466,36.39929473851347
88,0.7549607123287762,0.8549607123287761,15,0.0044951206045571,7.710699643816985e-06,0.7369172432432431,2.089392068883245,119.4054054054054,,150.0,37,370.0,4,0.5,30.0,70.0,100.0,60.0,110.0,0.0,SJF,0.4021799205030373,40.21799205030373
89,0.7636384216658886,0.8636384216658886,16,0.0038815810216114,9.522652822382936e-06,0.5878553921568628,1.333442671019003,115.29411764705884,,160.0,51,510.0,4,0.5,10.0,120.0,110.0,60.0,210.0,0.0,SJF,0.40822418707477015,40.82241870747701
90,0.7723161310030009,0.8723161310030009,25,0.0039756539569991,8.324623012727423e-06,0.5087418285714286,1.5969814029788687,115.54285714285714,,250.0,70,700.0,4,0.5,10.0,40.0,140.0,170.0,340.0,0.0,SJF,0.41896542635042183,41.89654263504218
91,0.7809938403401133,0.8809938403401133,33,0.0039825497204927,8.083541811690096e-06,0.3723761555555556,0.334622124215526,114.81111111111112,,330.0,90,900.0,4,0.5,10.0,70.0,230.0,150.0,440.0,0.0,SJF,0.4101975684967375,41.01975684967375
92,0.7896715496772256,0.8896715496772256,20,0.0017656348727743,3.2052113019791308e-06,0.8276695319148936,1.5348635917171676,115.95744680851064,,200.0,47,470.0,4,0.5,10.0,60.0,180.0,20.0,200.0,0.0,SJF,0.41466816996714057,41.46681699671406
93,0.7983492590143381,0.898349259014338,11,0.0034323455311164,7.327696554873167e-06,1.8258415789473683,8.754340807461812,110.36842105263158,,110.0,19,190.0,5,0.625,10.0,20.0,80.0,10.0,70.0,0.0,SJF,0.38703883829372926,38.70388382937293
94,0.8070269683514504,0.9070269683514504,11,0.0021270890121859,5.694521266887461e-06,14.276690541666667,3958.30731929208,109.20833333333331,,110.0,24,240.0,5,0.625,10.0,50.0,90.0,20.0,70.0,0.0,SJF,0.5630991347593703,56.30991347593704
95,0.8157046776885628,0.9157046776885628,21,0.00402904716858,8.07182109272012e-06,0.5648393220338983,0.5264900032208426,117.69491525423727,,210.0,59,590.0,4,0.5,20.0,120.0,180.0,30.0,240.0,0.0,SJF,0.4166224490944978,41.66224490944978
96,0.8243823870256751,0.9243823870256752,14,0.0033845879743248,1.1888244806621364e-05,1.6738415862068967,6.211623195658038,113.58620689655172,,140.0,29,290.0,4,0.5,10.0,40.0,130.0,10.0,100.0,0.0,SJF,0.4008586240230466,40.08586240230466
97,0.8330600963627874,0.9330600963627874,10,0.0049874135372125,9.132302784142195e-06,0.9108988387096774,2.1758569408444064,117.16129032258064,,100.0,31,310.0,4,0.5,0.0,110.0,130.0,0.0,70.0,0.0,SJF,0.3568094429125288,35.68094429125288
98,0.8417378056998999,0.9417378056998998,27,0.005493490188989,5.452697410468714e-06,0.8100102352941176,3.003564437307864,114.33333333333331,,270.0,51,510.0,4,0.5,10.0,100.0,130.0,40.0,230.0,0.0,SJF,0.4097901054688535,40.979010546885355
99,0.8504155150370122,0.9504155150370122,6,0.0017964722963211,3.033942230666718e-08,3.7080787777777777,30.000989274368443,117.55555555555556,,60.0,9,90.0,3,0.375,0.0,20.0,40.0,0.0,30.0,0.0,SJF,0.3360464329398097,33.60464329398097
100,0.8590932243741246,0.9590932243741246,7,0.0033702276258753,4.6034386937523706e-06,2.1530609230769238,16.188476939351276,113.6923076923077,,70.0,26,260.0,4,0.5,10.0,70.0,110.0,0.0,70.0,0.0,SJF,0.34864057648757085,34.86405764875708
101,0.8677709337112369,0.9677709337112368,2,0.007914664788763,5.81367490605047e-08,0.4896875,0.0442224878045,120.0,,20.0,2,20.0,1,0.125,0.0,10.0,0.0,0.0,10.0,0.0,SJF,0.30820371509443695,30.820371509443696
102,0.8764486430483494,0.9764486430483492,4,0.0003032839516506,9.933714680267073e-08,8.760141142857142,68.55550305235114,119.71428571428572,,40.0,7,70.0,4,0.5,0.0,20.0,40.0,0.0,10.0,0.0,SJF,0.36954878308632877,36.95487830863288
103,0.8851263523854617,0.9851263523854616,5,0.0057113556145383,6.66004739029992e-07,1.2272569523809524,5.237206431733047,120.0,,50.0,21,210.0,3,0.375,0.0,70.0,80.0,10.0,50.0,0.0,SJF,0.30874888759857083,30.874888759857082
104,0.8938040617225741,0.993804061722574,9,0.0044906948329814,4.170435171600528e-06,1.314226947368421,3.9543218466853856,117.15789473684212,,90.0,19,190.0,4,0.5,0.0,40.0,90.0,0.0,60.0,0.0,SJF,0.3503167261881977,35.03167261881977
105,0.9024817710596864,1.0024817710596865,10,0.0028005774403136,4.143068191787995e-06,1.2979664782608695,4.042689910510625,117.69565217391305,,100.0,23,230.0,4,0.5,0.0,50.0,100.0,20.0,60.0,0.0,SJF,0.3571788762153724,35.717887621537244
106,0.9111594803967988,1.011159480396799,15,0.0029042725365344,4.567595517487799e-06,1.1275694615384615,7.381590981776626,116.64102564102564,,150.0,39,390.0,4,0.5,0.0,90.0,140.0,20.0,140.0,0.0,SJF,0.40857778357727204,40.857778357727206
107,0.9198371897339112,1.0198371897339111,7,0.0012118574089459,2.8957530735764104e-06,1.5363542105263155,3.5205265844576195,116.42105263157896,,70.0,19,190.0,3,0.375,0.0,50.0,90.0,0.0,50.0,0.0,SJF,0.32224471867823395,32.2244718678234
108,0.9285148990710236,1.0285148990710236,9,0.004558821595643,1.0161373818888516e-05,1.89049475,5.5981184295784665,115.5625,,90.0,16,160.0,4,0.5,0.0,20.0,70.0,10.0,60.0,0.0,SJF,0.35004346408757014,35.004346408757016
109,0.937192608408136,1.037192608408136,13,0.003533248514941,1.0720567676660852e-05,1.1784316666666668,6.348914490593372,117.97222222222224,,130.0,36,360.0,4,0.5,0.0,90.0,140.0,0.0,130.0,0.0,SJF,0.40917247588555533,40.91724758855553
110,0.9458703177452484,1.0458703177452484,10,0.0029755513547516,9.677253047326732e-06,1.4622222857142857,5.419268155727814,116.28571428571428,,100.0,21,210.0,4,0.5,0.0,40.0,80.0,10.0,80.0,0.0,SJF,0.3564132489822594,35.64132489822594
111,0.9545480270823606,1.0545480270823606,8,0.0019448695426393,6.047716341447948e-06,1.79887245,6.455113828656682,117.3,,80.0,20,200.0,4,0.5,10.0,50.0,100.0,0.0,40.0,0.0,SJF,0.35632028402031196,35.632028402031196
112,0.9632257364194732,1.063225736419473,9,0.0028978570249713,3.831460229345712e-06,0.7104837894736843,0.8941831473506031,118.84210526315788,,90.0,38,380.0,4,0.5,30.0,110.0,160.0,0.0,80.0,0.0,SJF,0.3499472928853541,34.99472928853541
113,0.9719034457565854,1.0719034457565857,9,0.0027431624656368,1.0364851299473697e-05,2.925314392857143,38.93949608791203,117.57142857142856,,90.0,28,280.0,4,0.5,0.0,80.0,130.0,0.0,70.0,0.0,SJF,0.370063833508245,37.0063833508245
114,0.9805811550936978,1.080581155093698,6,0.0055751899063021,1.270171819737184e-06,2.11708975,13.18527316888107,113.875,,60.0,8,80.0,2,0.25,0.0,0.0,20.0,10.0,50.0,0.0,SJF,0.3286452817245572,32.86452817245572
115,0.98925886443081,1.08925886443081,6,0.0045018555691898,7.986204784742413e-06,0.8348116923076924,1.7703129409865417,119.15384615384616,,60.0,26,260.0,3,0.375,0.0,90.0,110.0,0.0,60.0,0.0,SJF,0.3101566295543631,31.01566295543631
116,0.9979365737679226,1.0979365737679223,7,0.0028893853749345,2.731266374266696e-06,2.2555834,9.196847844631378,115.9,,70.0,10,100.0,3,0.375,0.0,30.0,40.0,0.0,30.0,0.0,SJF,0.3293010095291675,32.93010095291675
117,1.0066142831050349,1.106614283105035,9,0.0025201146727429,6.518819059912365e-06,2.55007625,71.50541042617448,116.85714285714286,,90.0,28,280.0,4,0.5,0.0,100.0,130.0,10.0,40.0,0.0,SJF,0.37066428364248166,37.06642836424817
118,1.0152919924421473,1.1152919924421474,8,0.0028577401828526,6.095304932326537e-06,1.7584783928571428,20.939750413840844,118.35714285714286,,80.0,28,280.0,3,0.375,0.0,90.0,130.0,0.0,60.0,0.0,SJF,0.3783754487831963,37.837544878319626
119,1.0239697017792595,1.1239697017792598,3,0.0030295685540736,5.896613904531466e-08,7.34825525,66.38302983069626,119.5,,30.0,4,40.0,2,0.25,0.0,10.0,20.0,0.0,10.0,0.0,SJF,0.3384828070142114,33.84828070142114
120,1.032647411116372,1.132647411116372,0,,0.0,,0.0,,,0.0,0,0.0,0,0.0,0.0,0.0,0.0,0.0,0.0,0.0,RR,0.46263451357794594,46.263451357794594
121,1.0413251204534844,1.1413251204534844,10,0.0013680351465156,1.543812385846723e-06,1.4910523823529414,18.92203069212812,118.70588235294116,,100.0,34,340.0,3,0.375,0.0,120.0,140.0,0.0,80.0,0.0,SJF,0.39116260099987493,39.11626009998749
122,1.0500028297905968,1.1500028297905969,7,0.0048424076379746,3.725589429964936e-06,4.355271,46.92866430632533,115.1,,70.0,10,100.0,3,0.375,0.0,10.0,30.0,10.0,50.0,0.0,SJF,0.34530022489706064,34.53002248970606
123,1.0586805391277092,1.1586805391277093,1,0.0083726378722908,0.0,0.390989,0.0,120.0,,10.0,1,10.0,1,0.125,0.0,10.0,0.0,0.0,0.0,0.0,SJF,0.30820371509443695,30.820371509443696
124,1.0673582484648214,1.1673582484648215,12,0.0031789255351786,4.092100448720007e-06,1.2815131578947367,7.205023669172567,116.26315789473684,,120.0,38,380.0,4,0.5,30.0,120.0,160.0,0.0,70.0,0.0,SJF,0.4018445662801471,40.18445662801471
125,1.0760359578019338,1.176035957801934,7,0.0049556786266375,3.634401950008504e-06,2.2959842,6.658861869813288,117.2,,70.0,10,100.0,4,0.5,0.0,20.0,30.0,0.0,50.0,0.0,SJF,0.3300938301958777,33.009383019587766
126,1.0847136671390465,1.1847136671390464,16,0.0043809122359537,4.804194000384682e-06,0.5000578,0.5555423267452737,118.98181818181818,,160.0,55,550.0,4,0.5,10.0,80.0,140.0,50.0,270.0,0.0,SJF,0.40822418707477015,40.82241870747701
127,1.0933913764761587,1.1933913764761588,16,0.0031785838988413,6.264936740212631e-06,0.7715603673469388,1.1982138365561956,115.71428571428572,,160.0,49,490.0,4,0.5,40.0,70.0,150.0,50.0,180.0,0.0,SJF,0.40822418707477015,40.82241870747701
128,1.102069085813271,1.202069085813271,33,0.0047492847927896,7.110295541158832e-06,0.4629900454545455,0.4343962874450902,115.0909090909091,,330.0,66,660.0,4,0.5,10.0,50.0,120.0,120.0,360.0,0.0,SJF,0.4101975684967375,41.01975684967375
129,1.110746795150383,1.2107467951503834,49,0.0037821488088003,6.711795880075072e-06,0.3220181171171171,0.1291688592998316,116.27927927927928,,490.0,111,1110.0,6,0.75,30.0,60.0,290.0,160.0,560.0,10.0,SJF,0.4101975684967375,41.01975684967375
130,1.1194245044874958,1.2194245044874958,30,0.0014010279458375,2.5371630589749964e-06,1.33886925,25.518854173368897,110.48684210526316,,300.0,76,760.0,6,0.75,40.0,110.0,250.0,40.0,320.0,0.0,SJF,0.4423985006699583,44.23985006699583
131,1.128102213824608,1.228102213824608,24,0.0035963837587253,3.1489695299564088e-06,0.641479328358209,1.8007253740824969,107.92537313432835,,240.0,67,670.0,4,0.5,90.0,50.0,270.0,50.0,210.0,0.0,SJF,0.4131270486772409,41.312704867724094
132,1.1367799231617204,1.2367799231617205,26,0.005197221722895,3.5872869991924343e-06,0.1786469925373134,0.0670611314068044,94.56716417910448,,260.0,134,1340.0,4,0.5,410.0,110.0,420.0,160.0,240.0,0.0,SJF,0.41896542635042183,41.89654263504218
133,1.1454576324988328,1.245457632498833,35,0.00407537735831,7.842318577863795e-06,0.3928552641509433,0.2291394859915486,112.33962264150944,,350.0,106,1060.0,6,0.75,30.0,90.0,450.0,50.0,440.0,0.0,SJF,0.4101975684967375,41.01975684967375
134,1.1541353418359452,1.254135341835945,22,0.0022417623913275,5.056755828073633e-06,1.4705925283018868,14.561953724230026,111.13207547169812,,220.0,53,530.0,6,0.75,30.0,50.0,200.0,40.0,210.0,0.0,SJF,0.4701138295853374,47.01138295853374
135,1.1628130511730574,1.2628130511730575,23,0.002737208739986,6.042498919356595e-06,0.5688533692307692,1.289777992910174,113.35384615384616,,230.0,65,650.0,4,0.5,30.0,130.0,290.0,10.0,180.0,10.0,SJF,0.41346947201252326,41.34694720125233
136,1.17149076051017,1.27149076051017,16,0.0030823867398301,9.11115881989386e-06,2.8274899166666665,65.95296669028532,111.58333333333331,,160.0,36,360.0,6,0.75,10.0,60.0,140.0,20.0,130.0,0.0,SJF,0.4380058808950495,43.80058808950495
137,1.1801684698472823,1.2801684698472824,11,0.0024538258799904,7.109046969178041e-06,1.6064296206896551,6.674311268182746,110.75862068965516,,110.0,29,290.0,4,0.5,10.0,50.0,150.0,0.0,80.0,0.0,SJF,0.38789170781636223,38.78917078163622
138,1.1888461791843947,1.2888461791843948,15,0.0043329766156052,8.8330875933154e-06,1.0575839677419354,2.462369173190832,114.35483870967742,,150.0,31,310.0,4,0.5,0.0,50.0,120.0,20.0,120.0,0.0,SJF,0.4021799205030373,40.21799205030373
139,1.197523888521507,1.297523888521507,11,0.0033436630239475,4.917732277213682e-06,1.473125,6.094286198897081,111.92,,110.0,25,250.0,4,0.5,10.0,60.0,90.0,20.0,70.0,0.0,SJF,0.3846167404180487,38.46167404180487
140,1.2062015978586194,1.3062015978586194,16,0.0050873664538806,3.900189733842479e-06,3.378995208333333,167.25558225840126,106.52083333333331,,160.0,48,480.0,6,0.75,30.0,40.0,210.0,30.0,170.0,0.0,SJF,0.461868947298839,46.186894729883896
141,1.2148793071957318,1.314879307195732,8,0.0032364863042682,7.431561466850668e-06,1.9730729047619049,9.801261210627288,114.9047619047619,,80.0,21,210.0,4,0.5,0.0,50.0,100.0,10.0,50.0,0.0,SJF,0.3555267067496344,35.55267067496344
142,1.2235570165328442,1.3235570165328443,11,0.0038080681944285,5.632743634354679e-06,1.560554,13.405113802360129,109.21212121212122,,110.0,33,330.0,4,0.5,40.0,60.0,150.0,0.0,80.0,0.0,SJF,0.4016603915050671,40.16603915050671
143,1.2322347258699564,1.3322347258699565,5,0.0042495757300435,1.245089914347546e-05,3.0244531,22.439266119219653,105.8,,50.0,10,100.0,3,0.375,10.0,10.0,50.0,0.0,30.0,0.0,SJF,0.3436268967927682,34.36268967927682
144,1.2409124352070688,1.340912435207069,6,0.0059360016262644,2.577882318317816e-06,0.70360004,1.5421409952148732,114.32,,60.0,25,250.0,4,0.5,60.0,50.0,100.0,10.0,30.0,0.0,SJF,0.3101566295543631,31.01566295543631
145,1.2495901445441813,1.3495901445441814,9,0.0036513539002631,8.067024531121477e-06,2.1326016190476187,7.315546640703647,111.38095238095238,,90.0,21,210.0,4,0.5,10.0,30.0,110.0,0.0,60.0,0.0,SJF,0.35746455456584086,35.74645545658409
146,1.2582678538812937,1.3582678538812938,10,0.0036985049187063,6.793075078236152e-06,1.94140105,12.164710499940576,112.0,,100.0,20,200.0,4,0.5,0.0,20.0,70.0,10.0,100.0,0.0,SJF,0.37316425468923087,37.316425468923086
147,1.266945563218406,1.366945563218406,7,0.0050746593530227,8.183049364337243e-06,0.7627976190476191,1.764750865500348,118.52380952380952,,70.0,21,210.0,3,0.375,0.0,60.0,60.0,10.0,80.0,0.0,SJF,0.32179359727046275,32.179359727046275
148,1.2756232725555183,1.3756232725555184,15,0.0022434872444816,7.689617737752199e-06,7.547089,747.2089608330043,112.67391304347828,,150.0,46,460.0,6,0.75,10.0,70.0,200.0,40.0,140.0,0.0,SJF,0.43391454189221634,43.39145418922163
149,1.2843009818926308,1.3843009818926308,4,0.0016282623573692,4.740393961242568e-07,4.759461666666667,43.80366355354586,116.33333333333331,,40.0,6,60.0,2,0.25,0.0,10.0,30.0,0.0,20.0,0.0,SJF,0.33244850513981333,33.24485051398133
150,1.2929786912297432,1.3929786912297433,4,0.0072623367702568,1.352592075280151e-07,1.0263628333333334,1.6034542508053669,120.0,,40.0,6,60.0,2,0.25,0.0,30.0,20.0,0.0,10.0,0.0,SJF,0.30820371509443695,30.820371509443696
151,1.3016564005668554,1.4016564005668557,8,0.0021787939331446,3.4765235752396084e-06,1.112418962962963,3.3776277066728824,116.25925925925924,,80.0,27,270.0,3,0.375,0.0,70.0,110.0,10.0,80.0,0.0,SJF,0.3485449170835346,34.85449170835346
152,1.3103341099039678,1.410334109903968,12,0.0049053945960321,7.587541909561702e-06,1.3585303913043478,4.190508081327704,115.08695652173913,,120.0,23,230.0,4,0.5,0.0,40.0,90.0,10.0,90.0,0.0,SJF,0.3954437241771561,39.544372417715614
153,1.3190118192410802,1.4190118192410803,13,0.0042770943743043,1.2090284845241404e-05,0.87165528125,2.089582920329629,117.78125,,130.0,32,320.0,4,0.5,0.0,70.0,110.0,20.0,120.0,0.0,SJF,0.4030651809775221,40.30651809775221
154,1.327689528578193,1.4276895285781928,9,0.0010022590884739,1.71211104970603e-06,6.888536449999999,198.3904512775904,110.8,,90.0,20,200.0,4,0.5,0.0,40.0,90.0,0.0,70.0,0.0,SJF,0.41456806281168346,41.45680628116835
155,1.3363672379153049,1.436367237915305,0,,0.0,,0.0,,,0.0,0,0.0,0,0.0,0.0,0.0,0.0,0.0,0.0,0.0,RR,0.46263451357794594,46.263451357794594
156,1.3450449472524173,1.4450449472524174,4,0.0059049087475827,5.57850514833486e-08,3.425989625,69.18734125717285,120.0,,40.0,8,80.0,2,0.25,0.0,20.0,30.0,0.0,30.0,0.0,SJF,0.32894189043461564,32.894189043461566
157,1.3537226565895295,1.4537226565895298,3,0.0003150860771369,2.3521060276335832e-08,3.408793333333333,62.48928408550627,120.0,,30.0,6,60.0,1,0.125,0.0,20.0,20.0,0.0,20.0,0.0,SJF,0.32894189043461564,32.894189043461566
158,1.3624003659266422,1.4624003659266422,0,,0.0,,0.0,,,0.0,0,0.0,0,0.0,0.0,0.0,0.0,0.0,0.0,0.0,RR,0.46263451357794594,46.263451357794594
159,1.3710780752637544,1.4710780752637544,10,0.0039671013362456,4.869088451333587e-07,0.7495236097560976,3.5514103333635445,118.73170731707316,,100.0,41,410.0,4,0.5,30.0,110.0,190.0,10.0,70.0,0.0,SJF,0.3572605643203,35.72605643203
160,1.3797557846008668,1.4797557846008669,8,0.0033708552741332,1.3301939462595623e-05,1.3411787894736842,5.287466720099841,114.21052631578948,,80.0,19,190.0,3,0.375,0.0,70.0,80.0,0.0,40.0,0.0,SJF,0.3490145684089439,34.90145684089439
161,1.3884334939379792,1.4884334939379793,11,0.0029987971529298,9.344733707714571e-06,2.6285036818181817,15.71831248247184,117.6818181818182,,110.0,22,220.0,4,0.5,0.0,30.0,100.0,10.0,80.0,0.0,SJF,0.40277083200790165,40.277083200790166
162,1.3971112032750914,1.4971112032750915,6,0.0049554017249085,4.873469023263247e-06,0.7899588947368421,1.1612021580360994,119.0,,60.0,19,190.0,3,0.375,0.0,60.0,60.0,20.0,50.0,0.0,SJF,0.3101566295543631,31.01566295543631
163,1.4057889126122038,1.505788912612204,26,0.0032298105801038,5.859988634005874e-06,1.8149059193548387,44.6983375963593,112.7258064516129,,260.0,62,620.0,6,0.75,10.0,60.0,160.0,80.0,310.0,0.0,SJF,0.44670995621327214,44.670995621327215
164,1.4144666219493165,1.5144666219493164,27,0.004039409384017,6.512769511641033e-06,0.4652456567164179,0.5460969377317741,115.43283582089552,,270.0,67,670.0,4,0.5,0.0,50.0,230.0,20.0,370.0,0.0,SJF,0.4097901054688535,40.979010546885355
165,1.4231443312864287,1.5231443312864288,26,0.0031938933674174,5.641124689685726e-06,0.3615458901098901,0.2752999673579656,114.65934065934066,,260.0,91,910.0,4,0.5,10.0,70.0,200.0,130.0,500.0,0.0,SJF,0.41896542635042183,41.89654263504218
166,1.431822040623541,1.531822040623541,39,0.0027739829662026,6.200503365133883e-06,0.3394550746268657,1.0004195115842196,114.17164179104478,,390.0,134,1340.0,4,0.5,50.0,110.0,420.0,150.0,610.0,0.0,SJF,0.4101975684967375,41.01975684967375
167,1.440499749960653,1.5404997499606534,157,0.0048810279310664,4.064027214164783e-06,0.1530544660194174,0.218582278984045,121.02912621359224,,1570.0,206,2060.0,4,0.5,900.0,60.0,80.0,190.0,830.0,0.0,SJF,0.4101975684967375,41.01975684967375
168,1.4491774592977658,1.5491774592977658,105,0.0043133202736628,7.466051467657794e-06,0.3794684198473282,1.334362208070907,117.793893129771,,1050.0,131,1310.0,6,0.75,270.0,20.0,160.0,100.0,760.0,0.0,SJF,0.4101975684967375,41.01975684967375
169,1.4578551686348782,1.5578551686348785,115,0.0032857079390348,6.5878012984120046e-06,0.3850297288135593,2.7091712032762216,119.32203389830508,,1150.0,177,1770.0,6,0.75,410.0,90.0,250.0,190.0,830.0,0.0,SJF,0.4101975684967375,41.01975684967375
170,1.4665328779719904,1.5665328779719905,75,0.0024213477080096,2.160007748086975e-06,0.1207438419243986,0.1178784882574851,122.07560137457044,,750.0,291,2910.0,4,0.5,1080.0,40.0,750.0,480.0,560.0,0.0,SJF,0.4101975684967375,41.01975684967375
171,1.4752105873091028,1.575210587309103,61,0.0027709787072906,4.416634875244815e-06,0.4475037590361446,6.470526493323275,116.5843373493976,,610.0,166,1660.0,6,0.75,370.0,170.0,350.0,270.0,500.0,0.0,SJF,0.4123637563796281,41.23637563796281
172,1.4838882966462152,1.583888296646215,39,0.0019245297640411,4.803428031982267e-06,0.2601611791044776,0.7353654401318981,115.35820895522389,,390.0,201,2010.0,5,0.625,600.0,100.0,260.0,420.0,620.0,10.0,SJF,0.4101975684967375,41.01975684967375
173,1.4925660059833277,1.5925660059833278,56,0.0031240509988151,3.4301953455234373e-06,1.7732795206611571,250.17344459109032,117.53719008264464,,560.0,121,1210.0,5,0.625,150.0,90.0,170.0,190.0,590.0,20.0,SJF,0.500888144187963,50.088814418796304
174,1.50124371532044,1.60124371532044,28,0.0043237431795601,6.946501421823598e-06,0.4981179382716049,3.157788561954108,116.09876543209876,,280.0,81,810.0,5,0.625,250.0,90.0,160.0,110.0,200.0,0.0,SJF,0.4078576763329254,40.785767633292544
175,1.5099214246575523,1.6099214246575524,43,0.0030041585284941,6.007973539290773e-06,0.948362625,67.5944768551467,114.671875,,430.0,128,1280.0,4,0.5,170.0,170.0,330.0,160.0,440.0,10.0,SJF,0.4582607809394795,45.82607809394795
176,1.5185991339946647,1.6185991339946648,35,0.0042366272339066,6.927269573265747e-06,0.3054599662921348,0.1937716337723964,117.64044943820224,,350.0,89,890.0,4,0.5,90.0,70.0,160.0,220.0,350.0,0.0,SJF,0.4101975684967375,41.01975684967375
177,1.5272768433317772,1.6272768433317772,44,0.0017907494636774,3.687037303990801e-06,0.212437622754491,0.099867248218405,120.60479041916167,,440.0,167,1670.0,4,0.5,90.0,110.0,210.0,430.0,830.0,0.0,SJF,0.4101975684967375,41.01975684967375
178,1.5359545526688894,1.6359545526688897,38,0.0029392938837422,5.348820876598402e-06,0.2123020848484848,0.1465831063132609,121.83030303030304,,380.0,165,1650.0,4,0.5,120.0,110.0,330.0,400.0,690.0,0.0,SJF,0.4101975684967375,41.01975684967375
179,1.5446322620060018,1.644632262006002,30,0.0030123101606648,6.5145261078209824e-06,0.2320332792207792,0.4426833798325556,118.92207792207792,,300.0,154,1540.0,4,0.5,10.0,70.0,280.0,420.0,760.0,0.0,SJF,0.4101975684967375,41.01975684967375
180,1.5533099713431142,1.6533099713431143,30,0.0022661650235524,5.702641161232941e-06,0.2682754603174603,0.2603805214093223,118.27777777777776,,300.0,126,1260.0,4,0.5,30.0,160.0,460.0,70.0,540.0,0.0,SJF,0.4101975684967375,41.01975684967375
181,1.5619876806802266,1.6619876806802267,27,0.0030083332086622,7.988869201099865e-06,0.3440798787878787,0.4250882832704544,117.38383838383838,,270.0,99,990.0,4,0.5,70.0,40.0,280.0,170.0,430.0,0.0,SJF,0.4097901054688535,40.979010546885355
182,1.5706653900173388,1.670665390017339,25,0.0022610655826611,5.858405047292901e-06,0.3249503148148148,0.5642937438221055,121.1574074074074,,250.0,108,1080.0,4,0.5,50.0,140.0,290.0,120.0,480.0,0.0,SJF,0.41896542635042183,41.89654263504218
183,1.5793430993544513,1.6793430993544514,28,0.0015129750384058,2.328577484848382e-06,0.2298817291666667,0.3344712618377374,118.79861111111111,,280.0,144,1440.0,4,0.5,30.0,140.0,280.0,40.0,950.0,0.0,SJF,0.4078576763329254,40.785767633292544
184,1.5880208086915637,1.6880208086915638,12,0.0038100978084362,1.3326974040177888e-05,1.3580034545454545,6.152792356864444,113.93939393939394,,120.0,33,330.0,4,0.5,20.0,50.0,170.0,0.0,90.0,0.0,SJF,0.39897929698859735,39.897929698859734
185,1.596698518028676,1.6966985180286762,13,0.0041164010482469,6.078227928515606e-06,1.1686538846153849,2.528351143303866,114.8846153846154,,130.0,26,260.0,5,0.625,10.0,50.0,90.0,30.0,80.0,0.0,SJF,0.4030651809775221,40.30651809775221
186,1.6053762273657883,1.7053762273657884,25,0.0041172615942116,9.822101312475187e-06,1.3063341780821918,52.59143500724433,116.8082191780822,,250.0,73,730.0,5,0.625,10.0,110.0,280.0,30.0,280.0,20.0,SJF,0.4496523491523259,44.965234915232585
187,1.6140539367029008,1.7140539367029008,23,0.0018741039057948,5.044120924221675e-06,1.455861880952381,11.668762171717962,116.26190476190476,,230.0,42,420.0,4,0.5,10.0,40.0,170.0,10.0,190.0,0.0,SJF,0.43242527531849545,43.24252753184955
188,1.6227316460400132,1.7227316460400133,11,0.004434958232714,4.273807810949127e-06,0.7019035483870968,3.811349699375456,118.58064516129032,,110.0,31,310.0,3,0.375,10.0,100.0,110.0,0.0,90.0,0.0,SJF,0.38066652140169,38.066652140169
189,1.6314093553771256,1.7314093553771257,24,0.005082093664541,9.264373710347849e-06,0.3318170161290322,0.3793383361239177,116.69354838709675,,240.0,62,620.0,4,0.5,40.0,90.0,240.0,30.0,210.0,10.0,SJF,0.4131270486772409,41.312704867724094
190,1.6400870647142378,1.740087064714238,32,0.0040851742232621,1.0779972694265788e-05,0.3121509099099099,0.3928389746661194,115.36036036036036,,320.0,111,1110.0,4,0.5,110.0,120.0,300.0,120.0,460.0,0.0,SJF,0.4101975684967375,41.01975684967375
191,1.6487647740513502,1.7487647740513503,37,0.0020661528405416,4.756834596580395e-06,0.3666199777777778,1.7254429971831868,117.78518518518518,,370.0,135,1350.0,4,0.5,10.0,80.0,520.0,110.0,630.0,0.0,SJF,0.4101975684967375,41.01975684967375
192,1.657442483388463,1.7574424833884628,9,0.003553968278204,5.811764116874206e-06,0.6560002272727273,2.1992176069293423,113.95454545454544,,90.0,44,440.0,3,0.375,40.0,110.0,200.0,0.0,90.0,0.0,SJF,0.3499472928853541,34.99472928853541
193,1.6661201927255749,1.766120192725575,18,0.0035486982188695,5.917809805490246e-06,24.96200785,10089.41443868411,112.0,,180.0,40,400.0,6,0.75,10.0,60.0,150.0,30.0,150.0,0.0,SJF,0.6279377813469376,62.79377813469375
194,1.6747979020626873,1.7747979020626874,5,0.0042105451373126,8.328983389660468e-06,0.9683854615384616,1.5493746241747692,120.0,,50.0,13,130.0,2,0.25,0.0,50.0,60.0,0.0,20.0,0.0,SJF,0.30820371509443695,30.820371509443696
195,1.6834756113997995,1.7834756113997998,4,0.0007456378502002,2.9776331310914863e-08,0.6203282727272726,4.647489591087455,115.6969696969697,,40.0,33,330.0,2,0.25,10.0,100.0,110.0,10.0,100.0,0.0,SJF,0.308716230423428,30.8716230423428
196,1.6921533207369122,1.7921533207369122,6,0.0030988835964211,8.020023862455217e-06,1.6621545789473684,10.131819792530925,107.15789473684212,,60.0,19,190.0,3,0.375,30.0,20.0,110.0,0.0,30.0,0.0,SJF,0.3197622153546189,31.97622153546189
197,1.7008310300740244,1.8008310300740245,14,0.0057715771402613,1.7446457813537914e-06,0.751781225,3.4863832536645383,111.975,,140.0,40,400.0,4,0.5,10.0,60.0,150.0,50.0,130.0,0.0,SJF,0.3974796201515417,39.74796201515417
198,1.7095087394111368,1.8095087394111369,18,0.0053973968666409,6.98153789114827e-06,0.5620144745762712,3.3666847711624603,115.10169491525424,,180.0,59,590.0,4,0.5,0.0,120.0,190.0,30.0,250.0,0.0,SJF,0.40460030818780496,40.460030818780496
199,1.7181864487482492,1.8181864487482493,10,0.0024136389517507,6.076238198565e-06,1.119545620689655,4.397445889519672,106.86206896551724,,100.0,29,290.0,3,0.375,30.0,30.0,130.0,0.0,100.0,0.0,SJF,0.3574750179599321,35.74750179599321
200,1.7268641580853616,1.8268641580853615,15,0.0048720633146383,6.2417702098753085e-06,0.848223044117647,18.53252940389312,114.80882352941175,,150.0,68,680.0,4,0.5,100.0,130.0,270.0,20.0,160.0,0.0,SJF,0.4410541714107221,44.10541714107221
201,1.7355418674224738,1.835541867422474,10,0.0029687672775261,1.108980105391113e-05,0.8782113902439025,2.923974132502844,117.95121951219512,,100.0,41,410.0,3,0.375,20.0,100.0,180.0,10.0,100.0,0.0,SJF,0.3568094429125288,35.68094429125288
202,1.7442195767595865,1.8442195767595864,6,0.0027135302404137,8.697164119859836e-06,1.6373061111111111,21.755182579517047,102.0,,60.0,18,180.0,3,0.375,30.0,30.0,80.0,10.0,30.0,0.0,SJF,0.34039942326561495,34.039942326561494
203,1.7528972860966987,1.8528972860966988,9,0.0027083671255235,4.983222235887927e-06,0.4812476046511627,0.8783967736811017,113.67441860465117,,90.0,43,430.0,2,0.25,10.0,70.0,180.0,30.0,140.0,0.0,SJF,0.3499472928853541,34.99472928853541
204,1.7615749954338111,1.8615749954338112,9,0.0033875270106332,3.2384491992504397e-06,0.436662,0.7162051285733635,113.6,,90.0,45,450.0,3,0.375,0.0,80.0,150.0,10.0,210.0,0.0,SJF,0.3499472928853541,34.99472928853541
205,1.7702527047709231,1.8702527047709236,16,0.0030020437915766,6.4950471394884175e-06,1.20333171875,2.720811464138209,116.78125,,160.0,32,320.0,4,0.5,0.0,40.0,90.0,50.0,140.0,0.0,SJF,0.40822418707477015,40.82241870747701
206,1.7789304141080358,1.878930414108036,20,0.0024604183419642,7.941942004980533e-07,0.362861619047619,1.4991676950058153,118.51428571428572,,200.0,105,1050.0,4,0.5,40.0,150.0,270.0,180.0,410.0,0.0,SJF,0.41466816996714057,41.46681699671406
207,1.7876081234451482,1.8876081234451485,10,0.0030835893548518,1.4566614179629336e-05,1.1965816578947368,5.182304859698501,117.73684210526316,,100.0,38,380.0,4,0.5,10.0,100.0,150.0,10.0,110.0,0.0,SJF,0.35714148686358876,35.714148686358875
208,1.7962858327822606,1.8962858327822607,11,0.0057679731268303,5.345667853469618e-06,2.4027817272727274,59.43905563126983,109.8181818181818,,110.0,22,220.0,4,0.5,20.0,20.0,80.0,30.0,70.0,0.0,SJF,0.3978629064547709,39.78629064547709
209,1.8049635421193728,1.904963542119373,14,0.0023520635234843,3.876082882279865e-06,0.65542084,2.120144995022423,115.38,,140.0,50,500.0,3,0.375,10.0,100.0,200.0,20.0,170.0,0.0,SJF,0.39702849874377044,39.702849874377044
210,1.8136412514564848,1.9136412514564851,8,0.0028455511685147,6.31987927979354e-06,0.8772036896551725,2.991965246080864,113.58620689655172,,80.0,29,290.0,3,0.375,10.0,80.0,100.0,20.0,80.0,0.0,SJF,0.3485449170835346,34.85449170835346
211,1.8223189607935977,1.9223189607935975,6,0.0037315507064022,5.3962185085722376e-06,2.0160178181818185,5.538673026496563,116.0,,60.0,11,110.0,3,0.375,0.0,40.0,50.0,0.0,20.0,0.0,SJF,0.3104659293096531,31.04659293096531
212,1.83099667013071,1.9309966701307104,15,0.0047322804692899,7.4915787307421424e-06,0.5242025555555555,0.646013403070025,119.73333333333332,,150.0,45,450.0,3,0.375,10.0,60.0,140.0,10.0,230.0,0.0,SJF,0.4021799205030373,40.21799205030373
213,1.8396743794678223,1.9396743794678224,24,0.0030253441571776,5.337920834382962e-06,0.5463651315789474,3.763332612798807,115.35526315789474,,240.0,76,760.0,4,0.5,120.0,100.0,220.0,120.0,200.0,0.0,SJF,0.4134008019024402,41.340080190244024
214,1.8483520888049347,1.9483520888049348,40,0.0047498621950652,6.972676238772269e-06,0.2760323396226415,0.3237220538716359,120.9622641509434,,400.0,106,1060.0,4,0.5,0.0,40.0,340.0,170.0,510.0,0.0,SJF,0.4101975684967375,41.01975684967375
215,1.8570297981420472,1.9570297981420472,41,0.0041572234189284,7.860354799417718e-06,0.3075835445544554,0.1520363977389305,121.82178217821782,,410.0,101,1010.0,4,0.5,20.0,90.0,340.0,110.0,450.0,0.0,SJF,0.4101975684967375,41.01975684967375
216,1.86570750747916,1.96570750747916,29,0.0021439752449783,3.689410710067502e-06,0.3512853679245283,0.4275654901404062,122.17924528301889,,290.0,106,1060.0,4,0.5,20.0,60.0,550.0,90.0,340.0,0.0,SJF,0.4063031747548861,40.63031747548861
217,1.874385216816272,1.974385216816272,12,0.0019181980170615,3.3627746050423867e-06,0.519734703125,1.1518975888452914,121.5,,120.0,64,640.0,4,0.5,20.0,50.0,510.0,10.0,50.0,0.0,SJF,0.3950742908743124,39.50742908743124
218,1.883062926153384,1.9830629261533843,13,0.0011754863081542,6.171384141063938e-07,0.783356393442623,3.4704493787860424,117.44262295081968,,130.0,61,610.0,4,0.5,30.0,80.0,350.0,10.0,140.0,0.0,SJF,0.4035163023852934,40.35163023852934
219,1.8917406354904969,1.9917406354904967,7,0.004132987223789,1.1334847042650705e-05,1.4310937499999998,8.023912631526109,122.91666666666669,,70.0,24,240.0,3,0.375,10.0,20.0,170.0,10.0,30.0,0.0,SJF,0.32808724832640374,32.80872483264037
220,1.900418344827609,2.000418344827609,14,0.0039775248866766,6.025817315604696e-06,0.9008610666666668,1.1768057975638575,110.76666666666668,,140.0,30,300.0,3,0.375,10.0,30.0,130.0,10.0,120.0,0.0,SJF,0.39702849874377044,39.702849874377044
221,1.9090960541647213,2.009096054164721,14,0.0022889113352787,3.6207334471391793e-07,1.0925379791666667,14.50055927327747,117.39583333333331,,140.0,48,480.0,4,0.5,10.0,120.0,180.0,10.0,160.0,0.0,SJF,0.4347526436813047,43.47526436813047
222,1.9177737635018337,2.017773763501834,7,0.0023096359267377,3.780449107396482e-08,1.4006679411764704,7.241016137999309,107.76470588235294,,70.0,17,170.0,3,0.375,10.0,50.0,80.0,0.0,30.0,0.0,SJF,0.32915199776665965,32.915199776665965
223,1.926451472838946,2.026451472838946,6,0.0016726063277205,1.9769535530172508e-08,2.673958333333333,15.12426161103975,117.55555555555556,,60.0,9,90.0,3,0.375,0.0,30.0,40.0,0.0,20.0,0.0,SJF,0.343817611365885,34.3817611365885
224,1.9351291821760583,2.035129182176058,15,0.0022607962239414,5.339162456597821e-06,0.9997719777777778,7.372838980454293,117.28888888888888,,150.0,45,450.0,4,0.5,0.0,110.0,130.0,40.0,170.0,0.0,SJF,0.40857778357727204,40.857778357727206
225,1.9438068915131708,2.043806891513171,13,0.0033314048714446,8.864304463468675e-06,0.7110937435897435,1.4067824048970905,114.56410256410255,,130.0,39,390.0,3,0.375,10.0,60.0,200.0,10.0,110.0,0.0,SJF,0.4030651809775221,40.30651809775221
226,1.9524846008502832,2.052484600850283,18,0.0036960637052723,3.8903815394815206e-06,0.5269826052631579,2.142919442034642,114.26315789473684,,180.0,76,760.0,4,0.5,80.0,150.0,350.0,40.0,140.0,0.0,SJF,0.40460030818780496,40.460030818780496
227,1.961162310187396,2.061162310187396,11,0.003953233448968,5.805599583764513e-06,1.259643170212766,22.02226065801667,114.55319148936172,,110.0,47,470.0,4,0.5,40.0,110.0,210.0,0.0,110.0,0.0,SJF,0.40836009060859474,40.836009060859475
228,1.969840019524508,2.069840019524508,9,0.0036020630310477,5.0963628374067365e-06,1.1917823333333333,3.054934310537765,110.22222222222224,,90.0,18,180.0,3,0.375,10.0,40.0,80.0,10.0,40.0,0.0,SJF,0.3499472928853541,34.99472928853541
229,1.9785177288616205,2.07851772886162,19,0.0034942494541692,7.858512564298973e-06,0.4900108113207547,0.7625354705031173,116.94339622641508,,190.0,53,530.0,3,0.375,30.0,80.0,200.0,30.0,190.0,0.0,SJF,0.40076686106167786,40.076686106167784
230,1.987195438198733,2.0871954381987328,10,0.0023527743012673,7.1463155661678265e-06,0.6341573333333334,1.9868694883654383,119.43589743589745,,100.0,39,390.0,3,0.375,20.0,100.0,170.0,0.0,100.0,0.0,SJF,0.3568094429125288,35.68094429125288
231,1.995873147535845,2.095873147535845,11,0.0030539444641549,6.726298922275941e-06,1.675353304347826,6.582393790413405,111.82608695652172,,110.0,23,230.0,4,0.5,10.0,70.0,110.0,0.0,40.0,0.0,SJF,0.38736684182772474,38.73668418277247
232,2.004550856872957,2.1045508568729576,17,0.0032944517152777,2.2441087898955263e-06,3.1193213714285712,191.0446243706062,111.0,,170.0,35,350.0,4,0.5,10.0,30.0,150.0,20.0,140.0,0.0,SJF,0.4553809317460536,45.53809317460536
233,2.0132285662100697,2.11322856621007,8,0.0025020187899302,9.32367850177666e-07,1.8685361071428568,35.055242923529875,114.14285714285714,,80.0,28,280.0,3,0.375,10.0,80.0,100.0,10.0,80.0,0.0,SJF,0.36987722788459865,36.98772278845986
234,2.021906275547182,2.121906275547182,4,0.002467473452818,8.02363333915806e-06,2.3492708888888894,18.791212803401866,104.22222222222224,,40.0,9,90.0,2,0.25,10.0,20.0,40.0,0.0,20.0,0.0,SJF,0.3467558835597113,34.67558835597113
235,2.0305839848842946,2.1305839848842947,3,0.0038530457823721,1.5151121046636811e-05,1.5658436,7.9899019210913,120.0,,30.0,5,50.0,1,0.125,0.0,20.0,20.0,0.0,10.0,0.0,SJF,0.31488610435436004,31.488610435436005
236,2.039261694221407,2.139261694221407,6,0.0029064299452597,8.727807274143957e-06,0.6355225666666667,0.8956015763349436,110.46666666666668,,60.0,30,300.0,3,0.375,20.0,80.0,110.0,10.0,80.0,0.0,SJF,0.3101566295543631,31.01566295543631
237,2.0479394035585194,2.1479394035585195,4,0.0005439546914806,3.710206972729032e-07,3.065758928571428,25.820113175186066,109.71428571428572,,40.0,14,140.0,3,0.375,20.0,30.0,70.0,0.0,20.0,0.0,SJF,0.31804943745291403,31.804943745291403
238,2.056617112895632,2.156617112895632,8,0.0066064278543683,2.5239971215143188e-06,0.7541985555555555,1.7102745037373204,110.88888888888889,,80.0,18,180.0,3,0.375,10.0,60.0,80.0,10.0,20.0,0.0,SJF,0.3485449170835346,34.85449170835346
239,2.065294822232744,2.165294822232744,9,0.0033856455450339,6.380014980227882e-06,1.0283093783783783,7.646093391551964,114.97297297297295,,90.0,37,370.0,3,0.375,10.0,110.0,140.0,10.0,100.0,0.0,SJF,0.3570758163618587,35.70758163618587
240,2.0739725315698565,2.1739725315698566,6,0.0031926844301434,2.049380228997514e-06,2.645393555555556,17.30049674768053,114.55555555555556,,60.0,9,90.0,2,0.25,0.0,10.0,30.0,10.0,40.0,0.0,SJF,0.3258186730438075,32.58186730438075
241,2.0826502409069687,2.182650240906969,14,0.0068262127358883,1.2973218766477288e-06,0.3246999047619048,0.2346424488671614,120.45238095238096,,140.0,42,420.0,4,0.5,20.0,40.0,160.0,70.0,130.0,0.0,SJF,0.39702849874377044,39.702849874377044
242,2.091327950244081,2.191327950244081,38,0.0032405973611822,6.6242134937312975e-06,0.2594988939393939,0.3498939646903856,115.82575757575758,,380.0,132,1320.0,4,0.5,60.0,110.0,360.0,200.0,590.0,0.0,SJF,0.4101975684967375,41.01975684967375
243,2.1000056595811936,2.2000056595811937,55,0.0033837977642609,6.481713843652347e-06,0.2502518731343284,0.0875003649705025,119.54477611940298,,550.0,134,1340.0,4,0.5,30.0,50.0,220.0,260.0,780.0,0.0,SJF,0.4101975684967375,41.01975684967375
244,2.1086833689183058,2.208683368918306,45,0.0035608326816942,7.794138994851936e-06,0.2854764262295082,0.1844871419182963,121.77049180327867,,450.0,122,1220.0,4,0.5,140.0,80.0,160.0,190.0,650.0,0.0,SJF,0.4101975684967375,41.01975684967375
245,2.1173610782554184,2.2173610782554185,60,0.0035889823945815,6.237691518797845e-06,0.2824632951807229,0.6229052300885489,119.27710843373494,,600.0,166,1660.0,5,0.625,90.0,140.0,340.0,290.0,800.0,0.0,SJF,0.4101975684967375,41.01975684967375
246,2.1260387875925306,2.2260387875925307,74,0.0036780090696315,4.67767070855951e-06,0.2916914262295082,1.1832474273009492,118.49180327868852,,740.0,183,1830.0,6,0.75,70.0,40.0,430.0,250.0,1040.0,0.0,SJF,0.4101975684967375,41.01975684967375
247,2.134716496929643,2.234716496929643,36,0.0031953221259126,4.374735384361755e-06,0.4237634910714286,0.9078398002819816,119.28571428571428,,360.0,112,1120.0,5,0.625,130.0,180.0,240.0,230.0,340.0,0.0,SJF,0.4101975684967375,41.01975684967375
248,2.1433942062667555,2.243394206266756,57,0.0036211125928936,5.703907379335122e-06,0.2585357678571428,0.2361805713786584,116.54166666666669,,570.0,168,1680.0,6,0.75,80.0,140.0,370.0,380.0,690.0,20.0,SJF,0.4101975684967375,41.01975684967375
249,2.152071915603868,2.252071915603868,64,0.0038386099742573,5.919493978402322e-06,0.2970649672727272,0.9263580670666084,104.02909090909093,,640.0,275,2750.0,8,1.0,630.0,150.0,600.0,630.0,740.0,0.0,SJF,0.4101975684967375,41.01975684967375
250,2.16074962494098,2.26074962494098,55,0.0040266212408382,5.694589981071122e-06,0.495455111111111,1.308606511126483,116.83333333333331,,550.0,126,1260.0,7,0.875,20.0,70.0,330.0,230.0,610.0,0.0,SJF,0.4101975684967375,41.01975684967375
251,2.1694273342780925,2.2694273342780926,46,0.0023864034175596,3.738040738972216e-06,1.1616358608695652,33.18780814985782,120.59130434782608,,460.0,115,1150.0,8,1.0,40.0,120.0,270.0,140.0,580.0,0.0,SJF,0.45252648490763697,45.2526484907637
252,2.1781050436152047,2.278105043615205,38,0.0040660779900584,3.460650941040259e-06,0.5764779294117647,1.4897630578275185,117.29411764705884,,380.0,85,850.0,6,0.75,10.0,40.0,220.0,160.0,410.0,10.0,SJF,0.4101975684967375,41.01975684967375
253,2.1867827529523174,2.286782752952317,23,0.0033165553520304,5.310915025532806e-06,1.518132206896552,34.907194996262625,119.0,,230.0,58,580.0,7,0.875,30.0,110.0,170.0,90.0,180.0,0.0,SJF,0.4365072870793822,43.65072870793822
254,2.1954604622894296,2.2954604622894297,51,0.0026254549066488,4.4100948355535965e-06,5.129018423076923,2712.804716945001,119.06153846153846,,510.0,130,1300.0,6,0.75,80.0,170.0,420.0,180.0,450.0,0.0,SJF,0.5040073920019137,50.40073920019137
255,2.204138171626542,2.304138171626542,29,0.0033449703044926,9.24608208833869e-06,0.9080905892857142,11.928305656496494,118.71428571428572,,290.0,56,560.0,4,0.5,40.0,90.0,130.0,100.0,200.0,0.0,SJF,0.42158922738933235,42.158922738933235
256,2.2128158809636544,2.3128158809636545,37,0.004118722522832,8.45284672294816e-06,0.3409736588235294,0.4434513755453464,120.85882352941177,,370.0,85,850.0,3,0.375,30.0,80.0,200.0,130.0,410.0,0.0,SJF,0.4101975684967375,41.01975684967375
257,2.2214935903007667,2.3214935903007667,17,0.0030136482874686,6.732033271947362e-06,0.5982823695652174,0.9979792751895714,119.2608695652174,,170.0,46,460.0,3,0.375,20.0,90.0,190.0,10.0,150.0,0.0,SJF,0.40928643228013906,40.928643228013904
258,2.230171299637879,2.330171299637879,30,0.0029375344287878,2.9076679599101107e-06,16.091632391666668,11337.910287589011,111.78333333333332,,300.0,120,1200.0,7,0.875,240.0,70.0,370.0,150.0,370.0,0.0,SJF,0.6375903592578339,63.759035925783394
259,2.2388490089749915,2.338849008974992,6,0.0016800353583417,1.6915678553166967e-06,1.0168684583333334,3.640970288997041,113.08333333333331,,60.0,24,240.0,3,0.375,10.0,70.0,110.0,0.0,50.0,0.0,SJF,0.31060775096213433,31.060775096213433
260,2.247526718312104,2.347526718312104,17,0.0018837188055433,3.7580638791516807e-06,1.5283854081632653,17.451085824657408,112.26530612244898,,170.0,49,490.0,4,0.5,50.0,110.0,210.0,10.0,110.0,0.0,SJF,0.43605535952837987,43.60553595283799
261,2.256204427649216,2.356204427649216,4,0.008134829100784,5.019354051687631e-08,4.26886725,60.93959979035492,122.5,,40.0,4,40.0,2,0.25,0.0,20.0,20.0,0.0,0.0,0.0,SJF,0.32980477132104224,32.98047713210423
262,2.264882136986329,2.3648821369863287,15,0.0033895495470047,5.211242627117328e-06,0.5212830487804878,1.6076892542065977,114.1219512195122,,150.0,41,410.0,3,0.375,20.0,80.0,130.0,60.0,120.0,0.0,SJF,0.4021799205030373,40.21799205030373
263,2.2735598463234408,2.373559846323441,24,0.0044041479682258,7.675732123891617e-06,0.5386638461538461,1.532846608661701,119.28846153846152,,240.0,52,520.0,4,0.5,0.0,90.0,150.0,60.0,220.0,0.0,SJF,0.4131270486772409,41.312704867724094
264,2.2822375556605534,2.382237555660553,13,0.0024962533394465,4.68414260574846e-06,3.2701041739130434,62.792984929048615,113.21739130434784,,130.0,23,230.0,4,0.5,10.0,40.0,90.0,10.0,80.0,0.0,SJF,0.41031224374945297,41.031224374945296
265,2.2909152649976656,2.3909152649976657,8,0.0031004110023343,5.8226895722370295e-06,0.556503,0.7501414663351851,119.21428571428572,,80.0,28,280.0,2,0.25,0.0,80.0,120.0,0.0,80.0,0.0,SJF,0.3485449170835346,34.85449170835346
266,2.299592974334778,2.399592974334778,15,0.0022695767985555,4.637884167387815e-06,2.011299,65.39828287408865,114.6470588235294,,150.0,34,340.0,3,0.375,0.0,50.0,140.0,30.0,120.0,0.0,SJF,0.4330262349548059,43.30262349548059
267,2.3082706836718905,2.4082706836718906,7,0.0045867483281095,9.787765585274136e-06,1.3494132,2.935465087303029,116.93333333333334,,70.0,15,150.0,2,0.25,0.0,50.0,70.0,0.0,30.0,0.0,SJF,0.32179359727046275,32.179359727046275
268,2.3169483930090027,2.4169483930090028,10,0.0049008350909973,2.904807570259273e-06,0.7177896,1.3577273914228336,112.08,,100.0,25,250.0,3,0.375,10.0,70.0,100.0,0.0,70.0,0.0,SJF,0.3568094429125288,35.68094429125288
269,2.325626102346115,2.425626102346115,8,0.0016734800288851,1.3086095054255493e-06,1.112332875,5.689379027168201,117.66666666666669,,80.0,24,240.0,3,0.375,0.0,80.0,110.0,0.0,50.0,0.0,SJF,0.3488542168388246,34.88542168388246
270,2.3343038116832275,2.434303811683228,7,0.0018980176024867,1.839421609055799e-08,5.3818815,68.90847364461028,118.5,,70.0,8,80.0,3,0.375,0.0,30.0,30.0,0.0,20.0,0.0,SJF,0.3424609792355735,34.24609792355735
271,2.34298152102034,2.44298152102034,11,0.0053201825251147,6.652365940876664e-06,0.5083275277777778,1.6548140112101417,118.30555555555556,,110.0,36,360.0,3,0.375,10.0,90.0,100.0,30.0,130.0,0.0,SJF,0.3802153999939187,38.02153999939187
272,2.3516592303574524,2.4516592303574525,12,0.0047746792258808,9.148223047457494e-06,2.7795464583333334,96.64745727873056,115.1875,,120.0,48,480.0,4,0.5,60.0,110.0,270.0,0.0,40.0,0.0,SJF,0.42093926680565674,42.09392668056567
273,2.3603369396945646,2.4603369396945647,3,0.007678041972102,4.747085376358572e-09,1.1311718333333334,6.127149953585606,113.33333333333331,,30.0,12,120.0,2,0.25,10.0,30.0,80.0,0.0,0.0,0.0,SJF,0.3134886334418247,31.34886334418247
274,2.369014649031677,2.469014649031677,3,0.0043301763016564,4.397856479030943e-08,1.2030851176470587,15.068555951962232,120.0,,30.0,17,170.0,2,0.25,0.0,60.0,60.0,0.0,50.0,0.0,SJF,0.3461728394015433,34.61728394015433
275,2.377692358368789,2.477692358368789,3,0.0001246716312105,5.298602690995858e-09,1.756009125,9.498905008158127,120.0,,30.0,8,80.0,1,0.125,0.0,30.0,30.0,0.0,20.0,0.0,SJF,0.31638775540183345,31.638775540183346
276,2.3863700677059017,2.4863700677059017,6,0.0060915631274317,3.581520582333207e-07,0.4550810555555555,0.7601598431024086,118.77777777777776,,60.0,18,180.0,2,0.25,30.0,50.0,80.0,10.0,10.0,0.0,SJF,0.3101566295543631,31.01566295543631
277,2.395047777043014,2.495047777043014,8,0.0026504445819861,4.013864402439589e-06,1.011206611111111,8.359606560297388,118.44444444444444,,80.0,36,360.0,3,0.375,0.0,110.0,150.0,10.0,90.0,0.0,SJF,0.35483856813947545,35.48385681394755
278,2.4037254863801265,2.5037254863801266,9,0.002748060175429,5.394106667212047e-06,0.99502605,3.4497217177027872,113.7,,90.0,20,200.0,2,0.25,0.0,70.0,70.0,10.0,50.0,0.0,SJF,0.3503984142931253,35.03984142931253
279,2.4124031957172387,2.512403195717239,14,0.0042049468541898,3.603595959424383e-07,4.428762380952381,199.22921340401564,118.52380952380952,,140.0,21,210.0,4,0.5,0.0,40.0,80.0,20.0,70.0,0.0,SJF,0.4357664122720525,43.57664122720525
280,2.421080905054352,2.5210809050543515,8,0.0048320429456486,5.467114080531563e-06,0.5418210714285714,0.6510280010056244,119.5,,80.0,28,280.0,3,0.375,0.0,80.0,110.0,0.0,90.0,0.0,SJF,0.3485449170835346,34.85449170835346
281,2.429758614391464,2.529758614391464,12,0.0018977386918697,2.254353750721413e-06,1.954837730769231,27.468626148778608,114.5,,120.0,26,260.0,3,0.375,0.0,40.0,100.0,30.0,90.0,0.0,SJF,0.4063785845668663,40.63785845668663
282,2.438436323728576,2.538436323728576,2,0.0016594302714241,1.4361584180083974e-09,4.1414325000000005,33.4208472041645,120.0,,20.0,2,20.0,1,0.125,0.0,10.0,10.0,0.0,0.0,0.0,SJF,0.3311178586948881,33.111785869488806
283,2.4471140330656884,2.5471140330656885,10,0.0045410492343116,1.4393390431097096e-05,0.787038925925926,1.5694930020987634,119.92592592592592,,100.0,27,270.0,3,0.375,0.0,70.0,100.0,0.0,100.0,0.0,SJF,0.3568094429125288,35.68094429125288
284,2.4557917424028006,2.5557917424028007,11,0.0036844118699266,8.839674399240735e-06,1.9147895416666667,10.54487900185139,122.33333333333331,,110.0,24,240.0,3,0.375,0.0,40.0,120.0,10.0,70.0,0.0,SJF,0.3895454270977962,38.95454270977962
285,2.464469451739913,2.564469451739913,3,0.0038901309267539,1.0502514172912892e-05,1.4918401666666667,5.316243441960967,121.66666666666669,,30.0,6,60.0,1,0.125,0.0,10.0,40.0,0.0,10.0,0.0,SJF,0.3086733664198463,30.86733664198463
286,2.473147161077025,2.5731471610770256,11,0.0048213795593382,5.986013357395006e-06,0.5318356444444444,1.2411507253913252,116.62222222222222,,110.0,45,450.0,4,0.5,50.0,100.0,220.0,10.0,70.0,0.0,SJF,0.3802153999939187,38.02153999939187
287,2.4818248704141377,2.5818248704141378,17,0.0031875918211564,5.303998963053587e-06,1.406504457142857,7.131165696411022,113.28571428571428,,170.0,35,350.0,4,0.5,20.0,90.0,140.0,20.0,80.0,0.0,SJF,0.4154595683569593,41.54595683569593
288,2.4905025797512503,2.5905025797512504,13,0.0051423110179803,3.369307109442104e-06,0.4628081666666667,0.6172870253495141,113.08333333333331,,130.0,36,360.0,4,0.5,80.0,40.0,170.0,10.0,60.0,0.0,SJF,0.4030651809775221,40.30651809775221
289,2.4991802890883625,2.599180289088362,22,0.0026120678661829,6.200180060304176e-06,3.599398609375,532.0714807411475,114.875,,220.0,64,640.0,5,0.625,20.0,80.0,210.0,50.0,280.0,0.0,SJF,0.47917207770203424,47.917207770203426
290,2.5078579984254747,2.607857998425475,18,0.0027566070745252,5.883741621679434e-06,0.9265996857142856,4.895512072826221,117.31428571428572,,180.0,35,350.0,3,0.375,20.0,40.0,130.0,10.0,150.0,0.0,SJF,0.4030641164883563,40.306411648835635
291,2.5165357077625874,2.6165357077625875,24,0.0036484492374126,1.9745584900149333e-06,0.6808346125,11.03244561852538,119.05,,240.0,80,800.0,4,0.5,10.0,30.0,190.0,140.0,430.0,0.0,SJF,0.42733588279630896,42.733588279630894
292,2.5252134170997,2.6252134170997,16,0.0018078644003004,6.585687125873925e-06,1.00800522,16.98960079022295,118.6,,160.0,50,500.0,3,0.375,10.0,110.0,180.0,10.0,190.0,0.0,SJF,0.4349514522230434,43.49514522230434
293,2.533891126436812,2.633891126436812,4,0.0031416848131882,3.866254015077845e-06,3.274427125,26.49371900197184,117.25,,40.0,8,80.0,2,0.25,10.0,10.0,40.0,0.0,20.0,0.0,SJF,0.31682172681366105,31.682172681366104
294,2.5425688357739245,2.6425688357739245,3,0.0020632985594088,2.9630859084363946e-08,0.9732142857142856,5.466183238692904,99.71428571428572,,30.0,7,70.0,1,0.125,10.0,20.0,20.0,10.0,10.0,0.0,SJF,0.308513014849727,30.851301484972698
295,2.5512465451110367,2.6512465451110367,14,0.0031904813889633,4.1863655297543845e-06,1.0068455797101448,25.291042825130656,116.79710144927536,,140.0,69,690.0,4,0.5,40.0,160.0,310.0,10.0,170.0,0.0,SJF,0.41055008429962475,41.05500842996248
296,2.559924254448149,2.659924254448149,5,0.0017090987518511,1.3003199329052454e-05,2.035717555555556,13.28461637547153,114.44444444444444,,50.0,9,90.0,3,0.375,0.0,30.0,50.0,10.0,0.0,0.0,SJF,0.3348191998818486,33.48191998818486
297,2.568601963785261,2.6686019637852616,9,0.0027512586591829,1.2415202367684402e-05,1.696016342857143,37.97030856394742,113.08571428571427,,90.0,35,350.0,3,0.375,70.0,80.0,190.0,0.0,10.0,0.0,SJF,0.370063833508245,37.0063833508245
298,2.5772796731223737,2.677279673122374,8,0.0039359702526262,9.2731833155302e-06,0.6271499534883721,3.981337948778093,117.6279069767442,,80.0,43,430.0,2,0.25,10.0,130.0,180.0,0.0,110.0,0.0,SJF,0.3489143503863783,34.89143503863783
299,2.5859573824594864,2.6859573824594865,3,0.0026122172071803,1.7682261474362538e-08,1.0792782857142855,2.921630541515904,120.0,,30.0,7,70.0,1,0.125,0.0,30.0,30.0,0.0,10.0,0.0,SJF,0.30820371509443695,30.820371509443696
300,2.5946350917965986,2.6946350917965987,14,0.0031017821319728,5.574194175490924e-06,0.6572846216216217,1.947200916653019,118.05405405405403,,140.0,37,370.0,3,0.375,30.0,80.0,150.0,30.0,80.0,0.0,SJF,0.39702849874377044,39.702849874377044
301,2.6033128011337108,2.703312801133711,20,0.0022971405662892,2.5888427319107936e-06,0.6447135483870967,3.5562400262659897,117.80645161290325,,200.0,62,620.0,4,0.5,10.0,170.0,210.0,10.0,220.0,0.0,SJF,0.4149419231923399,41.49419231923399
302,2.6119905104708234,2.7119905104708235,16,0.0046562429666765,7.80440193033078e-06,0.599580462962963,1.6013866247896114,115.24074074074076,,160.0,54,540.0,4,0.5,70.0,100.0,300.0,0.0,70.0,0.0,SJF,0.40822418707477015,40.82241870747701
303,2.620668219807936,2.720668219807936,15,0.0035816263253977,8.832008964058873e-06,1.3945802352941177,13.34896230940316,109.82352941176472,,150.0,34,340.0,4,0.5,30.0,50.0,140.0,20.0,100.0,0.0,SJF,0.426262868822544,42.6262868822544
304,2.629345929145048,2.729345929145048,9,0.0025201692993966,6.318586818594972e-06,0.4373356896551724,0.8732049047875862,116.20689655172414,,90.0,58,580.0,3,0.375,50.0,160.0,270.0,10.0,90.0,0.0,SJF,0.3499472928853541,34.99472928853541
305,2.6380236384821605,2.738023638482161,13,0.0026218492870702,3.440600574091151e-06,0.4933053518518518,0.8912168904994775,112.05555555555556,,130.0,54,540.0,3,0.375,60.0,80.0,310.0,20.0,70.0,0.0,SJF,0.4030651809775221,40.30651809775221
306,2.6467013478192727,2.7467013478192728,12,0.0020699705140606,3.2232094911574043e-06,1.5028877037037036,9.993185981308754,114.66666666666669,,120.0,27,270.0,4,0.5,20.0,70.0,110.0,0.0,70.0,0.0,SJF,0.39950987308676167,39.95098730867617
307,2.6553790571563853,2.755379057156385,9,0.0026533026213924,6.199698247412043e-06,1.8335937567567568,19.897752994382408,114.43243243243244,,90.0,37,370.0,4,0.5,30.0,90.0,190.0,0.0,60.0,0.0,SJF,0.3890851960427325,38.90851960427325
308,2.664056766493497,2.7640567664934976,4,0.0078305630065025,2.4849119009152106e-07,2.119166625,12.902515589315698,116.25,,40.0,8,80.0,2,0.25,30.0,10.0,40.0,0.0,0.0,0.0,SJF,0.33606577977849034,33.606577977849035
309,2.6727344758306097,2.77273447583061,8,0.0058201517943903,1.2834154230749807e-05,1.2533724375,8.406860045252794,110.5,,80.0,16,160.0,3,0.375,0.0,50.0,70.0,0.0,40.0,0.0,SJF,0.35453123229926675,35.453123229926675
310,2.6814121851677224,2.7814121851677225,17,0.0037101788322775,1.1122059798764652e-05,0.3659631384615385,0.7522558484385898,114.27692307692308,,170.0,65,650.0,4,0.5,0.0,140.0,230.0,50.0,230.0,0.0,SJF,0.40928643228013906,40.928643228013904
311,2.6900898945048346,2.7900898945048347,33,0.0017995347072866,2.5960439397992955e-06,1.9319224666666663,119.36951902745166,110.24444444444444,,330.0,90,900.0,5,0.625,10.0,60.0,270.0,120.0,440.0,0.0,SJF,0.4745445247165679,47.454452471656786
312,2.698767603841947,2.798767603841947,10,0.0030906138580531,1.0313641035264903e-05,0.584534294117647,1.0721624073214868,117.32352941176472,,100.0,34,340.0,3,0.375,0.0,100.0,140.0,10.0,90.0,0.0,SJF,0.3568094429125288,35.68094429125288
313,2.7074453131790595,2.8074453131790595,11,0.0015346950936678,2.324424479268332e-06,0.8938131489361703,6.319750281227522,115.53191489361704,,110.0,47,470.0,3,0.375,10.0,150.0,180.0,10.0,120.0,0.0,SJF,0.3846029699994503,38.46029699994503
314,2.716123022516172,2.816123022516172,7,0.0054272367695426,6.37366760842927e-06,1.149757,2.7720581511864286,116.93333333333334,,70.0,15,150.0,2,0.25,0.0,40.0,70.0,10.0,30.0,0.0,SJF,0.32179359727046275,32.179359727046275
315,2.7248007318532843,2.8248007318532844,14,0.0044139507895727,2.819164803706534e-06,0.9912760277777776,6.932398917145629,113.33333333333331,,140.0,36,360.0,4,0.5,10.0,80.0,110.0,50.0,110.0,0.0,SJF,0.40457008195442445,40.45700819544245
316,2.7334784411903965,2.8334784411903966,10,0.0032510942096035,8.305773495734019e-06,1.028999162162162,11.48257237528453,119.35135135135135,,100.0,37,370.0,3,0.375,0.0,80.0,150.0,20.0,120.0,0.0,SJF,0.367643347069283,36.764334706928295
317,2.7421561505275087,2.842156150527509,9,0.0029964640280467,2.6235454584935143e-06,0.7470052105263157,3.215430528389144,110.05263157894736,,90.0,38,380.0,3,0.375,60.0,70.0,220.0,0.0,30.0,0.0,SJF,0.3499472928853541,34.99472928853541
318,2.7508338598646214,2.850833859864621,16,0.0044219593853786,8.011189102350244e-06,0.5289646829268293,0.8574663335355719,116.8048780487805,,160.0,41,410.0,4,0.5,20.0,80.0,180.0,10.0,120.0,0.0,SJF,0.40822418707477015,40.82241870747701
319,2.7595115692017336,2.8595115692017337,20,0.0030600519982664,8.836121022559353e-06,0.8599734912280702,5.333286914305326,117.21052631578948,,200.0,57,570.0,4,0.5,20.0,100.0,220.0,40.0,190.0,0.0,SJF,0.4129100255244045,41.291002552440446
320,2.7681892785388458,2.868189278538846,9,0.0012144703500431,6.910955694790483e-06,2.4197298125,22.02763129194483,106.875,,90.0,16,160.0,3,0.375,10.0,10.0,80.0,0.0,60.0,0.0,SJF,0.3811614677963054,38.11614677963054
321,2.7768669878759584,2.8768669878759585,14,0.0053181224811844,2.6040841189526363e-06,0.5838738918918919,1.3438215900882655,110.32432432432432,,140.0,37,370.0,4,0.5,20.0,80.0,150.0,10.0,110.0,0.0,SJF,0.39702849874377044,39.702849874377044
322,2.78554469721307,2.8855446972130707,33,0.0047265468778384,5.277352828855996e-06,0.1786156584158415,0.2775445140593604,98.63861386138612,,330.0,202,2020.0,6,0.75,540.0,80.0,700.0,230.0,470.0,0.0,SJF,0.4101975684967375,41.01975684967375
323,2.794222406550183,2.894222406550183,34,0.0029376718615818,7.863985956883856e-06,0.740701747368421,4.489270036596362,109.86315789473684,,340.0,95,950.0,6,0.75,90.0,90.0,320.0,90.0,360.0,0.0,SJF,0.40985420583891413,40.98542058389141
324,2.8029001158872955,2.902900115887296,22,0.0019607658854317,5.110672459412091e-06,7.931146771929824,3171.5045122059896,115.28070175438596,,220.0,57,570.0,4,0.5,30.0,100.0,200.0,20.0,220.0,0.0,SJF,0.504481886845247,50.448188684524695
325,2.811577825224408,2.911577825224408,17,0.0022565363050041,7.185469113769884e-06,6.898477972222223,1247.0251634764452,112.22222222222224,,170.0,36,360.0,5,0.625,10.0,60.0,160.0,10.0,110.0,10.0,SJF,0.46131938803555556,46.131938803555556
326,2.8202555345615203,2.9202555345615204,34,0.0038601902031855,7.809366071349167e-06,0.7684950789473683,4.179641584969461,118.0657894736842,,340.0,76,760.0,4,0.5,0.0,90.0,250.0,40.0,380.0,0.0,SJF,0.41047132172193684,41.047132172193685
327,2.8289332438986325,2.9289332438986326,9,0.002041679656923,3.067755175697891e-06,0.668706625,2.170923600990593,112.25,,90.0,24,240.0,2,0.25,10.0,70.0,90.0,0.0,70.0,0.0,SJF,0.3499472928853541,34.99472928853541
328,2.8376109532357447,2.937610953235745,13,0.002564610533486,3.5672606974301705e-06,1.4353221481481482,8.751484867999672,119.03703703703704,,130.0,27,270.0,4,0.5,0.0,80.0,110.0,0.0,80.0,0.0,SJF,0.4077679829648829,40.776798296488295
329,2.8462886625728574,2.946288662572857,11,0.0027252331544153,3.542243771427357e-06,1.548593684210526,6.813411602093117,110.21052631578948,,110.0,19,190.0,4,0.5,10.0,30.0,80.0,10.0,60.0,0.0,SJF,0.3883144279308282,38.83144279308282
330,2.8549663719099696,2.9549663719099697,13,0.0021349450131073,2.8790741489599665e-06,0.6075488979591837,1.7747223736651767,115.63265306122447,,130.0,49,490.0,4,0.5,40.0,140.0,240.0,0.0,70.0,0.0,SJF,0.4030651809775221,40.30651809775221
331,2.863644081247082,2.963644081247082,16,0.0023306636904182,1.0690327602505329e-05,0.6242774545454545,3.0535961780174383,110.34545454545454,,160.0,55,550.0,4,0.5,140.0,70.0,250.0,30.0,60.0,0.0,SJF,0.40822418707477015,40.82241870747701
332,2.8723217905841945,2.9723217905841945,15,0.0025169304158055,9.63175976070128e-06,0.6319636936936937,11.18243999624359,113.54054054054056,,150.0,111,1110.0,4,0.5,350.0,160.0,520.0,20.0,60.0,0.0,SJF,0.4159467032620945,41.594670326209446
333,2.8809994999213067,2.9809994999213068,14,0.0043927199358361,3.645286816072633e-06,0.3278895866666667,0.7354925044075972,110.28,,140.0,75,750.0,3,0.375,240.0,60.0,340.0,30.0,80.0,0.0,SJF,0.39702849874377044,39.702849874377044
334,2.8896772092584198,2.9896772092584194,10,0.0043245290415807,7.878886735300708e-06,0.3123608571428571,0.5134657838814578,111.2,,100.0,70,700.0,3,0.375,290.0,10.0,340.0,0.0,60.0,0.0,SJF,0.3568094429125288,35.68094429125288
335,2.8983549185955315,2.998354918595532,14,0.0034962074044684,5.6176251733562815e-06,0.3094963294117647,0.6319377013049855,110.88235294117646,,140.0,85,850.0,3,0.375,290.0,40.0,360.0,80.0,80.0,0.0,SJF,0.39702849874377044,39.702849874377044
336,2.907032627932644,3.007032627932644,18,0.0018835079562451,2.2683977435987677e-06,0.2856305867768595,0.6433377385833283,113.11570247933884,,180.0,121,1210.0,4,0.5,360.0,150.0,450.0,100.0,150.0,0.0,SJF,0.40460030818780496,40.460030818780496
337,2.9157103372697564,3.0157103372697565,12,0.0030740884802437,7.077461023726443e-06,0.476329425,1.974993247199209,112.675,,120.0,80,800.0,4,0.5,310.0,60.0,390.0,0.0,40.0,0.0,SJF,0.3950742908743124,39.50742908743124
338,2.924388046606869,3.0243880466068687,15,0.0024713305931314,3.0847751105104185e-06,0.4322110121951219,1.4175354121289747,110.54878048780488,,150.0,82,820.0,4,0.5,270.0,50.0,390.0,20.0,90.0,0.0,SJF,0.4021799205030373,40.21799205030373
339,2.933065755943981,3.033065755943981,11,0.0034157343287464,6.420530962671197e-06,0.5266275833333334,3.2988052317950887,111.97619047619048,,110.0,84,840.0,4,0.5,280.0,90.0,380.0,0.0,90.0,0.0,SJF,0.3802153999939187,38.02153999939187
340,2.941743465281093,3.041743465281093,9,0.0044022973855731,7.750320253108004e-06,0.2362757469879518,0.2609023565957767,111.87951807228916,,90.0,83,830.0,3,0.375,320.0,70.0,400.0,10.0,30.0,0.0,SJF,0.3499472928853541,34.99472928853541
341,2.9504211746182056,3.0504211746182057,11,0.0014608649272488,2.374142399790397e-06,0.5736049620253165,4.784810748339578,112.9367088607595,,110.0,79,790.0,4,0.5,260.0,70.0,400.0,0.0,60.0,0.0,SJF,0.37963418631739626,37.96341863173963
342,2.9590988839553183,3.0590988839553184,12,0.0028987147113483,5.7044153496092645e-06,1.6167175116279071,64.67832720419678,111.93023255813954,,120.0,43,430.0,3,0.375,20.0,100.0,160.0,10.0,140.0,0.0,SJF,0.41031224374945297,41.031224374945296
343,2.9677765932924305,3.0677765932924306,11,0.0011075293439331,3.8051583538329913e-06,1.778879,10.216560704877502,119.8095238095238,,110.0,21,210.0,3,0.375,0.0,50.0,100.0,0.0,60.0,0.0,SJF,0.3892039540087174,38.92039540087174
344,2.9764543026295427,3.076454302629543,5,0.0032351857704573,8.956391923007921e-06,2.3016718000000003,17.600949708839956,100.7,,50.0,10,100.0,3,0.375,20.0,10.0,50.0,0.0,20.0,0.0,SJF,0.32732740796138104,32.7327407961381
345,2.985132011966656,3.0851320119666554,12,0.0040832862833446,8.454215596762791e-06,0.8481154210526316,5.461264073518575,117.23684210526316,,120.0,38,380.0,3,0.375,0.0,130.0,150.0,0.0,100.0,0.0,SJF,0.3943876757892671,39.43876757892671
346,2.9938097213037675,3.093809721303768,7,0.003208566267661,4.696293890295578e-06,1.5397655833333337,4.035878206748628,118.16666666666669,,70.0,12,120.0,2,0.25,0.0,30.0,60.0,0.0,30.0,0.0,SJF,0.3221630305733065,32.21630305733065
347,3.00248743064088,3.10248743064088,8,0.0029794559841201,4.3222372540720077e-07,0.95885416,4.6728433860023895,117.12,,80.0,25,250.0,3,0.375,30.0,60.0,100.0,10.0,50.0,0.0,SJF,0.3490900895876685,34.909008958766854
348,3.0111651399779924,3.1111651399779925,13,0.0037038090989307,5.388715141422209e-06,0.7656579795918367,3.856611447628021,120.12244897959184,,130.0,49,490.0,4,0.5,0.0,120.0,140.0,70.0,160.0,0.0,SJF,0.4034346142803658,40.34346142803658
349,3.0198428493151046,3.1198428493151047,18,0.0042696812960064,2.6585661888540066e-06,120.211153875,422357.5329580249,118.8125,,180.0,32,320.0,6,0.75,0.0,110.0,140.0,0.0,70.0,0.0,SJF,0.5738898679042503,57.38898679042504
350,3.0285205586522173,3.1285205586522173,11,0.00408857362051,2.7106531618391957e-06,1.0755292,5.940587703073916,116.6,,110.0,25,250.0,3,0.375,10.0,30.0,120.0,10.0,80.0,0.0,SJF,0.3851649065831691,38.51649065831691
351,3.037198267989329,3.137198267989329,13,0.0050382973183627,7.086046057745027e-06,1.754211894736842,32.73712818500739,115.3157894736842,,130.0,38,380.0,4,0.5,10.0,120.0,130.0,10.0,110.0,0.0,SJF,0.40971179361521637,40.971179361521635
352,3.0458759773264417,3.1458759773264418,6,0.0041378150068917,4.873538504046495e-06,1.4479166363636364,3.7624931610358554,116.0,,60.0,11,110.0,2,0.25,0.0,40.0,50.0,0.0,20.0,0.0,SJF,0.31060775096213433,31.060775096213433
353,3.0545536866635543,3.1545536866635544,10,0.0038795985364457,5.868018220988971e-06,700.5819717272727,10766647.422886,113.0909090909091,,100.0,22,220.0,4,0.5,10.0,60.0,100.0,0.0,50.0,0.0,SJF,0.544290505553895,54.4290505553895
354,3.0632313960006665,3.1632313960006666,7,0.0023005148564763,4.404815093803472e-06,0.9663081153846154,3.8223906387197872,115.23076923076924,,70.0,26,260.0,3,0.375,10.0,70.0,110.0,10.0,60.0,0.0,SJF,0.32224471867823395,32.2244718678234
355,3.0719091053377787,3.171909105337779,17,0.0042539294857506,1.0793918107659444e-05,0.7726041636363636,3.933758600869176,114.0909090909091,,170.0,55,550.0,4,0.5,70.0,70.0,290.0,10.0,110.0,0.0,SJF,0.4095601855053384,40.95601855053384
356,3.080586814674892,3.1805868146748915,13,0.0043001952481855,1.028078754987988e-05,0.9317768,4.441115563531223,115.25714285714284,,130.0,35,350.0,4,0.5,20.0,70.0,140.0,40.0,80.0,0.0,SJF,0.4028174983973431,40.28174983973431
357,3.089264524012004,3.189264524012004,13,0.0026556750649195,6.613401445943616e-06,0.5829780222222223,1.993592874571567,114.64444444444445,,130.0,45,450.0,3,0.375,10.0,110.0,160.0,20.0,150.0,0.0,SJF,0.4030651809775221,40.30651809775221
358,3.097942233349116,3.197942233349116,18,0.0030909395397731,7.361487439371266e-06,0.8743132923076924,11.069603587424677,112.6923076923077,,180.0,65,650.0,4,0.5,90.0,110.0,260.0,60.0,130.0,0.0,SJF,0.42063199844035615,42.063199844035616
359,3.1066199426862284,3.2066199426862285,6,0.0039662713137716,9.848994258828556e-06,0.9201945789473684,1.4034121749665909,110.21052631578948,,60.0,19,190.0,3,0.375,20.0,50.0,100.0,0.0,20.0,0.0,SJF,0.3101566295543631,31.01566295543631
360,3.1152976520233406,3.2152976520233407,13,0.0027326071305054,1.0611474103259571e-05,0.6029526190476191,1.3671946237119974,114.0,,130.0,42,420.0,3,0.375,10.0,140.0,170.0,10.0,90.0,0.0,SJF,0.4030651809775221,40.30651809775221
361,3.1239753613604533,3.2239753613604534,15,0.0028592761062134,1.2002241199933188e-05,1.2161578974358973,5.097652218577831,117.48717948717947,,150.0,39,390.0,4,0.5,10.0,80.0,160.0,10.0,130.0,0.0,SJF,0.4014213386439429,40.14213386439429
362,3.132653070697565,3.2326530706975656,22,0.0036820605751618,7.1027915919223084e-06,0.3058572235294117,0.3182773888872947,118.07058823529412,,220.0,85,850.0,4,0.5,40.0,130.0,250.0,70.0,360.0,0.0,SJF,0.4183366181620626,41.83366181620626
363,3.1413307800346777,3.241330780034678,34,0.0033621644064987,6.020904384245936e-06,1.3719954086021506,75.92250294578758,118.7741935483871,,340.0,93,930.0,5,0.625,0.0,110.0,220.0,120.0,480.0,0.0,SJF,0.4532252548579803,45.32252548579803
364,3.1500084893717903,3.2500084893717904,10,0.0017006915282097,5.907028512378559e-07,1.3591901,6.129297290514306,110.7,,100.0,20,200.0,3,0.375,10.0,40.0,90.0,0.0,60.0,0.0,SJF,0.36199356962392015,36.19935696239202
365,3.1586861987089025,3.258686198708902,14,0.0028799570768117,6.215430012855604e-06,0.9780896774193548,3.170986776766959,113.58064516129032,,140.0,31,310.0,4,0.5,10.0,80.0,130.0,10.0,80.0,0.0,SJF,0.39702849874377044,39.702849874377044
366,3.1673639080460148,3.267363908046015,16,0.0017417872039852,6.083046870272613e-06,1.886542219512195,43.45183410443666,118.8780487804878,,160.0,41,410.0,4,0.5,0.0,110.0,150.0,10.0,140.0,0.0,SJF,0.4341565728099754,43.415657280997536
367,3.1760416173831274,3.2760416173831275,6,0.0028419144502059,1.6388698380912498e-05,1.7909606111111112,9.217989084335072,103.0,,60.0,18,180.0,2,0.25,20.0,40.0,90.0,0.0,30.0,0.0,SJF,0.31766404181306773,31.766404181306772
368,3.18471932672024,3.28471932672024,9,0.0066356488353158,3.424038577091277e-06,1.3451200434782609,12.947455631354224,119.82608695652172,,90.0,23,230.0,3,0.375,10.0,80.0,100.0,0.0,40.0,0.0,SJF,0.37384959052283945,37.384959052283946
369,3.1933970360573523,3.2933970360573523,7,0.004624190228362,8.429209004928707e-06,0.7270442916666666,3.068896242668824,119.08333333333331,,70.0,24,240.0,2,0.25,0.0,80.0,90.0,0.0,70.0,0.0,SJF,0.32179359727046275,32.179359727046275
370,3.2020747453944645,3.3020747453944645,15,0.0056856005388688,1.9901160743630128e-06,0.5271562,1.159478048192106,119.94285714285714,,150.0,35,350.0,4,0.5,30.0,50.0,150.0,10.0,90.0,20.0,SJF,0.4021799205030373,40.21799205030373
371,3.2107524547315767,3.3107524547315768,40,0.0034065724184233,4.684288557644853e-06,0.3081870095238095,0.242169130866798,117.53333333333332,,400.0,105,1050.0,4,0.5,10.0,100.0,320.0,140.0,450.0,30.0,SJF,0.4101975684967375,41.01975684967375
372,3.2194301640686893,3.3194301640686894,36,0.0034156490979773,5.86025303928524e-06,0.5408779761904762,2.169148361846626,118.54761904761904,,360.0,84,840.0,4,0.5,10.0,70.0,240.0,110.0,400.0,10.0,SJF,0.4101975684967375,41.01975684967375
373,3.228107873405801,3.3281078734058016,38,0.00311563264683,6.151204948456397e-06,1.9493940430107528,119.00537010142948,116.2258064516129,,380.0,93,930.0,5,0.625,10.0,90.0,290.0,60.0,460.0,20.0,SJF,0.4745445247165679,47.454452471656786
374,3.2367855827429137,3.336785582742914,13,0.0045639311801631,7.712004853975759e-06,0.8387624800000001,1.702809957909427,114.16,,130.0,25,250.0,3,0.375,10.0,40.0,110.0,0.0,90.0,0.0,SJF,0.4030651809775221,40.30651809775221
375,3.2454632920800264,3.3454632920800265,7,0.0016996752056879,1.118586090470272e-06,1.1933286363636364,6.801109029637194,119.45454545454544,,70.0,22,220.0,3,0.375,0.0,80.0,80.0,0.0,60.0,0.0,SJF,0.3300938301958777,33.009383019587766
376,3.2541410014171386,3.3541410014171387,19,0.0025955762670719,1.1174507572449495e-06,7.861836766666666,3103.635700186435,111.05,,190.0,60,600.0,5,0.625,100.0,110.0,240.0,40.0,110.0,0.0,SJF,0.4727841913112101,47.278419131121005
377,3.2628187107542512,3.3628187107542518,18,0.0034755673568599,6.215491200817848e-06,0.484862137254902,0.6514871521970008,114.96078431372548,,180.0,51,510.0,3,0.375,40.0,100.0,220.0,40.0,110.0,0.0,SJF,0.40460030818780496,40.460030818780496
378,3.2714964200913634,3.3714964200913635,18,0.0029891775197476,6.6820955279986615e-06,1.8120120789473684,15.58966190958186,117.39473684210526,,180.0,38,380.0,4,0.5,10.0,70.0,170.0,10.0,120.0,0.0,SJF,0.45433715723047413,45.43371572304741
379,3.280174129428476,3.380174129428476,4,0.0024356478215243,7.604319776223013e-06,2.058020875,11.362917789530126,104.75,,40.0,8,80.0,2,0.25,10.0,20.0,40.0,0.0,10.0,0.0,SJF,0.3213850591291296,32.13850591291296
380,3.2888518387655883,3.3888518387655884,11,0.0037061759616844,3.7147357156404207e-06,0.7316325862068966,2.3845058829358226,113.93103448275862,,110.0,29,290.0,3,0.375,20.0,70.0,130.0,0.0,70.0,0.0,SJF,0.3802153999939187,38.02153999939187
381,3.2975295481027005,3.3975295481027006,19,0.0030573447920363,7.825896915211247e-06,1.51456558,26.92999444753988,118.56,,190.0,50,500.0,4,0.5,10.0,90.0,120.0,50.0,230.0,0.0,SJF,0.41384081577305837,41.384081577305835
382,3.3062072574398127,3.406207257439813,7,0.0031642887030444,7.438851277199107e-06,1.9246073846153848,8.756762365183755,115.15384615384616,,70.0,13,130.0,2,0.25,0.0,30.0,60.0,0.0,40.0,0.0,SJF,0.3290778933790651,32.907789337906515
383,3.3148849667769253,3.414884966776925,5,0.0044925942230746,3.6462102996751017e-07,0.6924544583333333,3.102373410985998,120.0,,50.0,24,240.0,2,0.25,10.0,70.0,90.0,0.0,70.0,0.0,SJF,0.30820371509443695,30.820371509443696
384,3.3235626761140376,3.4235626761140376,9,0.0044759106637402,2.382449421436731e-07,7.710727040816327,2638.405072246345,116.3265306122449,,90.0,49,490.0,5,0.625,120.0,110.0,210.0,0.0,50.0,0.0,SJF,0.41737746981098744,41.737746981098745
385,3.3322403854511498,3.43224038545115,9,0.0006981491044058,2.2290607419700962e-07,4.930501684210526,123.9162004411378,113.36842105263158,,90.0,19,190.0,4,0.5,20.0,20.0,100.0,0.0,50.0,0.0,SJF,0.374935681805814,37.4935681805814
386,3.3409180947882624,3.4409180947882625,5,0.0045450082117376,5.377442635994229e-06,0.5791595454545454,1.2260758484240692,116.36363636363636,,50.0,22,220.0,2,0.25,20.0,50.0,110.0,0.0,40.0,0.0,SJF,0.30820371509443695,30.820371509443696
387,3.3495958041253746,3.4495958041253747,7,0.0014496780174825,9.382215333060464e-07,0.8562341304347826,5.30282472296821,119.04347826086956,,70.0,23,230.0,2,0.25,0.0,80.0,90.0,10.0,50.0,0.0,SJF,0.3222632485958721,32.22632485958721
388,3.3582735134624877,3.458273513462488,4,0.0031227220375128,5.6487603399552e-06,2.203216125,12.3414274871707,99.5,,40.0,8,80.0,2,0.25,10.0,20.0,40.0,0.0,10.0,0.0,SJF,0.3333979450749894,33.33979450749894
389,3.3669512227995995,3.4669512227996,14,0.002551130771829,4.055650986524461e-06,2.138835837837838,46.1324089739912,118.56756756756756,,140.0,37,370.0,4,0.5,10.0,90.0,130.0,10.0,130.0,0.0,SJF,0.4068993821934063,40.68993821934063
390,3.375628932136712,3.475628932136712,4,0.0011296991132884,7.353231676177744e-07,2.3073437857142856,13.88696822655326,119.71428571428572,,40.0,14,140.0,2,0.25,0.0,40.0,70.0,0.0,30.0,0.0,SJF,0.33747548945840045,33.747548945840045
391,3.3843066414738243,3.4843066414738244,2,0.0082110655261757,1.4185679922036218e-08,0.91080725,2.778453729784916,120.0,,20.0,4,40.0,1,0.125,0.0,10.0,30.0,0.0,0.0,0.0,SJF,0.30820371509443695,30.820371509443696
392,3.3929843508109365,3.4929843508109366,12,0.0043744802723968,6.877310490057349e-06,2.38485028125,59.385305715744735,114.8125,,120.0,32,320.0,4,0.5,0.0,100.0,140.0,0.0,80.0,0.0,SJF,0.41031224374945297,41.031224374945296
393,3.4016620601480487,3.501662060148049,10,0.0024648239519513,6.062423423304075e-06,0.6783853913043478,1.8917365616376125,117.3913043478261,,100.0,23,230.0,2,0.25,20.0,50.0,90.0,0.0,70.0,0.0,SJF,0.3568094429125288,35.68094429125288
394,3.4103397694851614,3.510339769485161,5,0.0005515311148386,8.805462825535088e-08,0.74165628,2.87424478666746,117.36,,50.0,25,250.0,2,0.25,30.0,70.0,120.0,10.0,20.0,0.0,SJF,0.30820371509443695,30.820371509443696
395,3.4190174788222736,3.5190174788222737,14,0.0020873076062978,2.450021583103192e-06,0.4991889795918367,1.3771480946158956,114.55102040816328,,140.0,49,490.0,3,0.375,10.0,120.0,180.0,30.0,150.0,0.0,SJF,0.39702849874377044,39.702849874377044
396,3.4276951881593862,3.5276951881593863,11,0.0032175092951592,1.192933798083382e-05,1.1205246666666666,4.880912015645615,112.96296296296296,,110.0,27,270.0,3,0.375,10.0,70.0,120.0,0.0,70.0,0.0,SJF,0.37963418631739626,37.96341863173963
397,3.4363728974964984,3.5363728974964985,12,0.0039892146701682,5.793660047078605e-06,2.4247752631578945,19.3696572277992,113.47368421052632,,120.0,19,190.0,4,0.5,10.0,40.0,70.0,10.0,60.0,0.0,SJF,0.4256218675974146,42.56218675974146
398,3.44505060683361,3.5450506068336107,9,0.0027242008330559,2.4718283271733937e-06,0.9145972333333332,6.138201359083152,117.56666666666666,,90.0,30,300.0,3,0.375,0.0,80.0,110.0,10.0,100.0,0.0,SJF,0.3551314195967455,35.51314195967455
399,3.4537283161707237,3.5537283161707234,10,0.0035217605292766,4.352960996813179e-06,0.6712471621621621,1.4268278771577512,114.48648648648648,,100.0,37,370.0,4,0.5,60.0,80.0,210.0,10.0,10.0,0.0,SJF,0.3568094429125288,35.68094429125288
400,3.4624060255078355,3.562406025507836,23,0.0029891790139036,7.1847934693003945e-06,1.4577569555555556,19.54895523265591,115.0,,230.0,45,450.0,4,0.5,10.0,40.0,220.0,10.0,170.0,0.0,SJF,0.45060667743962557,45.060667743962554
401,3.471083734844948,3.571083734844948,10,0.0043622481550523,1.4111843225996874e-05,0.4317201351351351,1.348311013969398,115.02702702702705,,100.0,37,370.0,2,0.25,20.0,90.0,140.0,0.0,120.0,0.0,SJF,0.3568094429125288,35.68094429125288
402,3.4797614441820603,3.5797614441820604,11,0.0025263525452123,7.819437345720114e-06,0.8272593448275862,1.3770696252528054,120.55172413793105,,110.0,29,290.0,3,0.375,10.0,50.0,120.0,10.0,100.0,0.0,SJF,0.3802153999939187,38.02153999939187
403,3.488439153519173,3.5884391535191726,14,0.0023867825522559,5.9774571161437625e-06,0.7008077213114754,3.0040930757616384,114.42622950819673,,140.0,61,610.0,4,0.5,120.0,100.0,300.0,0.0,90.0,0.0,SJF,0.39702849874377044,39.702849874377044
404,3.497116862856285,3.5971168628562853,14,0.0046713426437147,5.507360868045284e-06,0.5954101607142857,1.3383144608103557,113.58928571428572,,140.0,56,560.0,4,0.5,40.0,150.0,250.0,0.0,120.0,0.0,SJF,0.39702849874377044,39.702849874377044
405,3.5057945721933974,3.6057945721933975,14,0.0033414568780311,3.355779531680223e-06,1.3671857241379308,8.32646413143735,112.58620689655172,,140.0,29,290.0,4,0.5,10.0,40.0,130.0,10.0,100.0,0.0,SJF,0.4060657522878106,40.60657522878106
406,3.5144722815305096,3.6144722815305097,10,0.0047920660694903,4.698242324384195e-06,1.5538376842105264,6.08102280074834,112.3157894736842,,100.0,19,190.0,4,0.5,10.0,50.0,80.0,0.0,50.0,0.0,SJF,0.36199356962392015,36.19935696239202
407,3.5231499908676223,3.6231499908676223,8,0.0031598512573777,7.279296927125587e-06,2.7501581071428567,82.0464334558558,120.71428571428572,,80.0,28,280.0,4,0.5,0.0,80.0,100.0,10.0,90.0,0.0,SJF,0.3694051241138924,36.94051241138924
408,3.5318277002047345,3.631827700204735,6,0.0023662564619321,1.1466699688543942e-06,2.018913714285714,13.016121987392834,109.85714285714286,,60.0,14,140.0,3,0.375,10.0,20.0,70.0,0.0,40.0,0.0,SJF,0.3339475990694639,33.39475990694639
409,3.5405054095418467,3.640505409541847,4,0.0037642764581533,6.375588091579436e-07,3.725595285714285,23.71005251141791,101.14285714285714,,40.0,7,70.0,3,0.375,0.0,10.0,40.0,0.0,20.0,0.0,SJF,0.34225993219010403,34.225993219010405
410,3.5491831188789598,3.64918311887896,4,0.0029483118710406,6.167392789193925e-06,1.8255587272727276,17.78528773615078,120.45454545454544,,40.0,22,220.0,3,0.375,0.0,70.0,80.0,0.0,70.0,0.0,SJF,0.32732740796138104,32.7327407961381
411,3.5578608282160715,3.657860828216072,3,0.0025501077839284,3.164257795529446e-07,2.03657,9.578983670336,99.71428571428572,,30.0,7,70.0,2,0.25,10.0,10.0,40.0,0.0,10.0,0.0,SJF,0.3157692221884366,31.576922218843663
412,3.566538537553184,3.666538537553184,3,0.0019870341134824,1.959188833203455e-07,4.782934,16.804613264799,123.33333333333331,,30.0,3,30.0,2,0.25,0.0,10.0,20.0,0.0,0.0,0.0,SJF,0.33166063350972913,33.16606335097291
413,3.5752162468902964,3.675216246890297,16,0.0019083871722035,3.261244160209016e-06,0.6439744827586206,1.6846039136733066,113.8793103448276,,160.0,58,580.0,4,0.5,60.0,120.0,260.0,30.0,110.0,0.0,SJF,0.40822418707477015,40.82241870747701
414,3.5838939562274086,3.6838939562274087,14,0.00252045834402,4.1684074970926605e-06,2.300612333333333,55.05880733856061,113.54545454545456,,140.0,33,330.0,4,0.5,10.0,60.0,150.0,10.0,100.0,0.0,SJF,0.41103326620941155,41.103326620941154
415,3.592571665564521,3.692571665564521,7,0.0056550145783359,1.2136808516974708e-05,1.6297025,7.265542588746884,109.0,,70.0,14,140.0,3,0.375,10.0,30.0,70.0,0.0,30.0,0.0,SJF,0.32915199776665965,32.915199776665965
416,3.601249374901633,3.7012493749016335,9,0.0036709767650331,7.463328951700621e-06,0.7332638611111111,1.686281979504123,117.72222222222224,,90.0,36,360.0,3,0.375,0.0,110.0,150.0,0.0,100.0,0.0,SJF,0.3499472928853541,34.99472928853541
417,3.6099270842387456,3.7099270842387457,10,0.0040299351612543,3.1810595208349763e-06,0.639587911764706,1.6059308911871133,115.41176470588236,,100.0,34,340.0,3,0.375,40.0,70.0,150.0,10.0,70.0,0.0,SJF,0.3568094429125288,35.68094429125288
418,3.6186047935758574,3.7186047935758575,12,0.0026930389241417,4.491141657792497e-06,0.7209666176470588,1.3165527205255765,120.17647058823528,,120.0,34,340.0,3,0.375,0.0,60.0,80.0,60.0,140.0,0.0,SJF,0.3950742908743124,39.50742908743124
419,3.6272825029129705,3.7272825029129706,13,0.001237523548568,1.1789182585450238e-06,0.7971580652173913,3.743144707124196,116.56521739130434,,130.0,46,460.0,4,0.5,10.0,140.0,180.0,0.0,130.0,0.0,SJF,0.4035163023852934,40.35163023852934
420,3.6359602122500823,3.735960212250083,10,0.0028399892499173,8.09462650762457e-06,1.9422893181818184,10.21918484522937,112.9090909090909,,100.0,22,220.0,4,0.5,10.0,30.0,100.0,10.0,70.0,0.0,SJF,0.36664488044547533,36.66448804454753
421,3.6446379215871954,3.744637921587195,12,0.0037390734128045,1.0583480425489249e-05,1.05439376,2.967677773881773,116.68,,120.0,25,250.0,3,0.375,0.0,60.0,90.0,10.0,90.0,0.0,SJF,0.3950742908743124,39.50742908743124
422,3.653315630924308,3.753315630924308,8,0.0013448363256924,8.679519331324587e-07,0.8967326222222223,4.9185723752546044,117.11111111111111,,80.0,45,450.0,4,0.5,60.0,120.0,200.0,0.0,70.0,0.0,SJF,0.3490900895876685,34.909008958766854
423,3.66199334026142,3.76199334026142,12,0.0031305080719131,1.097401780941093e-06,1.6686004838709676,21.62499003944172,106.35483870967742,,120.0,31,310.0,4,0.5,30.0,20.0,150.0,20.0,90.0,0.0,SJF,0.4177875910575808,41.77875910575808
424,3.670671049598533,3.770671049598533,4,0.0022191569014675,8.249663689221169e-06,2.374915846153846,30.87933691252164,120.76923076923076,,40.0,13,130.0,3,0.375,0.0,40.0,50.0,0.0,40.0,0.0,SJF,0.3311178586948881,33.111785869488806
425,3.6793487589356446,3.7793487589356447,8,0.0023520533143553,8.616575203445125e-06,0.509612625,0.8828318749293386,110.3125,,80.0,32,320.0,2,0.25,20.0,80.0,110.0,30.0,80.0,0.0,SJF,0.3485449170835346,34.85449170835346
426,3.688026468272757,3.788026468272757,17,0.0030340326095956,7.867050655303226e-06,36.18905504761905,71315.90178935551,112.2063492063492,,170.0,63,630.0,6,0.75,100.0,50.0,290.0,30.0,160.0,0.0,SJF,0.612958917751008,61.2958917751008
427,3.6967041776098695,3.7967041776098696,14,0.0036908245329876,1.2785681493109876e-05,1.0956070625,9.731068934514504,118.09375,,140.0,32,320.0,3,0.375,20.0,50.0,150.0,0.0,100.0,0.0,SJF,0.4076887126535529,40.76887126535529
428,3.7053818869469817,3.8053818869469818,14,0.0051957454101612,1.1917381771722172e-05,1.3976235428571429,11.503564907965902,118.0,,140.0,35,350.0,4,0.5,0.0,80.0,130.0,10.0,130.0,0.0,SJF,0.4110829247181308,41.10829247181308
429,3.7140595962840943,3.8140595962840944,7,0.0036284008587627,4.51859248717495e-06,1.2343005714285715,3.6379751398302633,118.42857142857144,,70.0,14,140.0,2,0.25,10.0,40.0,60.0,0.0,30.0,0.0,SJF,0.32224471867823395,32.2244718678234
430,3.7227373056212074,3.822737305621207,12,0.0046139774621268,3.866914588795046e-06,1.2528675,15.273030984362665,114.83333333333331,,120.0,36,360.0,4,0.5,20.0,90.0,150.0,10.0,90.0,0.0,SJF,0.42302030990845735,42.302030990845736
431,3.731415014958319,3.8314150149583193,9,0.0020612104861252,4.298750304946988e-06,1.4839798620689657,15.859719308049408,113.93103448275862,,90.0,29,290.0,3,0.375,20.0,80.0,90.0,20.0,80.0,0.0,SJF,0.3813118548346712,38.13118548346712
432,3.740092724295432,3.840092724295432,3,0.0037224303712351,2.4063057886362626e-08,1.564720125,7.457840301516124,119.75,,30.0,8,80.0,2,0.25,10.0,20.0,40.0,0.0,10.0,0.0,SJF,0.3155621155906337,31.556211559063367
433,3.748770433632544,3.848770433632544,14,0.0030494531531707,5.175423565888805e-06,1.43853255,25.082193997103943,110.375,,140.0,40,400.0,4,0.5,20.0,60.0,160.0,30.0,130.0,0.0,SJF,0.4214612870538616,42.14612870538616
434,3.757448142969656,3.857448142969656,10,0.0042270429303437,1.0387696135910554e-05,0.8867801428571429,2.1434046030435345,114.5,,100.0,28,280.0,3,0.375,10.0,70.0,120.0,0.0,80.0,0.0,SJF,0.3568094429125288,35.68094429125288
435,3.766125852306768,3.866125852306769,7,0.0040483946932316,4.233971149288792e-06,1.928685846153846,7.014066472119808,117.3846153846154,,70.0,13,130.0,3,0.375,0.0,40.0,60.0,0.0,30.0,0.0,SJF,0.3296477877485014,32.96477877485014
436,3.7748035616438806,3.8748035616438807,10,0.0046861086561194,6.034165268850811e-06,1.48404584,13.614778254386971,118.84,,100.0,25,250.0,4,0.5,0.0,60.0,90.0,20.0,80.0,0.0,SJF,0.37748779231779245,37.748779231779245
437,3.783481270980993,3.8834812709809934,10,0.0017342795190067,4.788705321966462e-06,1.2365379705882351,6.780924634612818,115.6470588235294,,100.0,34,340.0,3,0.375,20.0,70.0,150.0,0.0,100.0,0.0,SJF,0.3652685370222337,36.52685370222337
438,3.7921589803181055,3.8921589803181056,9,0.0066164521263389,1.9947225431566285e-06,0.2564264090909091,0.3235336297248984,115.5681818181818,,90.0,44,440.0,4,0.5,60.0,50.0,130.0,80.0,120.0,0.0,SJF,0.3499472928853541,34.99472928853541
439,3.800836689655218,3.900836689655218,29,0.0026186303447818,5.285253846271054e-06,2.3834355555555558,421.81420959013263,117.63888888888889,,290.0,108,1080.0,5,0.625,10.0,110.0,300.0,190.0,460.0,10.0,SJF,0.49828869054611585,49.82886905461159
440,3.8095143989923295,3.9095143989923296,17,0.0035500448900226,6.7243857725755225e-06,0.7353390175438597,2.5219617102585894,117.52631578947368,,170.0,57,570.0,4,0.5,60.0,120.0,250.0,0.0,140.0,0.0,SJF,0.40928643228013906,40.928643228013904
441,3.8181921083294426,3.918192108329442,8,0.0048392897955575,3.767182436402917e-06,2.103882230769231,6.72492054317219,117.3846153846154,,80.0,13,130.0,4,0.5,0.0,50.0,60.0,0.0,20.0,0.0,SJF,0.3568451500089494,35.68451500089494
442,3.826869817666555,3.9268698176665553,11,0.0034934667879901,3.923843459441396e-06,0.9546964,2.6704556082749527,112.05714285714286,,110.0,35,350.0,4,0.5,20.0,90.0,140.0,0.0,100.0,0.0,SJF,0.3802153999939187,38.02153999939187
443,3.8355475270036674,3.935547527003668,6,0.0013418288296658,7.313778331969722e-06,1.5009229199999998,9.090075663624328,120.8,,60.0,25,250.0,4,0.5,0.0,80.0,100.0,0.0,70.0,0.0,SJF,0.3176171692313171,31.76171692313171
444,3.84422523634078,3.94422523634078,20,0.0049042542592203,3.986551472425463e-06,1.1906592631578947,8.93609102185928,113.07894736842104,,200.0,38,380.0,4,0.5,10.0,40.0,130.0,30.0,170.0,0.0,SJF,0.4286691812147728,42.86691812147728
445,3.852902945677892,3.952902945677893,15,0.0056384761887743,5.180831523111948e-06,0.9621419375,5.078804994390641,113.96875,,150.0,32,320.0,4,0.5,10.0,50.0,120.0,10.0,130.0,0.0,SJF,0.4014213386439429,40.14213386439429
446,3.861580655015005,3.961580655015005,6,0.0015173208183288,9.131621438413296e-07,0.9416586923076924,3.1563759320930216,118.3076923076923,,60.0,26,260.0,3,0.375,0.0,90.0,100.0,10.0,60.0,0.0,SJF,0.3101566295543631,31.01566295543631
447,3.870258364352117,3.970258364352117,9,0.001870962758994,5.393740193989186e-07,3.364694333333333,31.23333509250224,111.06666666666666,,90.0,15,150.0,4,0.5,10.0,30.0,70.0,0.0,40.0,0.0,SJF,0.370063833508245,37.0063833508245
448,3.878936073689229,3.978936073689229,5,0.0029646017107705,3.250326039811629e-06,0.4680259032258064,0.5906164264896901,120.3225806451613,,50.0,31,310.0,3,0.375,0.0,110.0,120.0,0.0,80.0,0.0,SJF,0.30820371509443695,30.820371509443696
449,3.8876137830263415,3.9876137830263416,10,0.0006815070736584,4.400001460878407e-07,2.342079607142857,24.948592541294616,115.07142857142856,,100.0,28,280.0,4,0.5,10.0,60.0,120.0,0.0,90.0,0.0,SJF,0.3792416314800888,37.92416314800888
450,3.896291492363454,3.9962914923634543,8,0.0062348146365457,2.2237143722356768e-06,1.235472846153846,4.13120144040414,107.76923076923076,,80.0,13,130.0,3,0.375,10.0,10.0,50.0,0.0,60.0,0.0,SJF,0.3489143503863783,34.89143503863783
451,3.9049692017005664,4.004969201700567,9,0.0040780074105447,8.375261505912867e-06,0.7785844285714285,1.6328823641459576,113.46428571428572,,90.0,28,280.0,3,0.375,10.0,70.0,120.0,10.0,70.0,0.0,SJF,0.3499472928853541,34.99472928853541
452,3.913646911037679,4.013646911037679,21,0.0020838240575595,3.413935882094606e-06,0.9509406,5.699909181077264,117.4,,210.0,50,500.0,4,0.5,10.0,90.0,150.0,50.0,200.0,0.0,SJF,0.4158060571746288,41.58060571746288
453,3.9223246203747912,4.022324620374791,9,0.0050057657363198,4.434023289873289e-06,1.9135631176470589,6.817763296357234,118.58823529411764,,90.0,17,170.0,4,0.5,10.0,30.0,90.0,0.0,40.0,0.0,SJF,0.35840638699505895,35.840638699505895
454,3.931002329711904,4.031002329711903,10,0.0032242570880964,3.635913442047376e-06,2.14582841509434,122.2029633772251,116.86792452830188,,100.0,53,530.0,4,0.5,10.0,160.0,190.0,10.0,160.0,0.0,SJF,0.38176772231654993,38.176772231654994
455,3.939680039049016,4.039680039049015,5,0.0037313653509843,1.6978147346398702e-06,1.3233286363636363,4.814412560575254,108.0,,50.0,11,110.0,2,0.25,10.0,20.0,50.0,0.0,30.0,0.0,SJF,0.30874888759857083,30.874888759857082
456,3.948357748386128,4.048357748386128,5,0.0027421564138716,1.2365143226554936e-05,3.696656200000001,19.793757978662185,106.6,,50.0,10,100.0,3,0.375,10.0,10.0,50.0,0.0,30.0,0.0,SJF,0.3484898261410532,34.848982614105324
457,3.957035457723241,4.057035457723241,6,0.0042269104434261,1.4553317483789105e-06,0.5966840740740741,1.1245041678276866,114.74074074074076,,60.0,27,270.0,3,0.375,10.0,70.0,110.0,0.0,80.0,0.0,SJF,0.3101566295543631,31.01566295543631
458,3.965713167060353,4.065713167060353,8,0.0024816881896468,7.216527396018714e-06,1.372774105263158,5.674280344138544,111.89473684210526,,80.0,19,190.0,3,0.375,10.0,50.0,90.0,0.0,40.0,0.0,SJF,0.3488542168388246,34.88542168388246
459,3.974390876397466,4.074390876397465,7,0.0016262054596774,4.721595238804609e-09,2.203811545454545,10.714528975001471,119.8181818181818,,70.0,11,110.0,3,0.375,0.0,30.0,50.0,0.0,30.0,0.0,SJF,0.3363511870862179,33.63511870862179
460,3.9830685857345776,4.083068585734577,10,0.0028505689654224,5.982507857901369e-06,0.8126920624999999,2.395338020573416,119.03125,,100.0,32,320.0,3,0.375,0.0,80.0,110.0,10.0,120.0,0.0,SJF,0.3568094429125288,35.68094429125288
461,3.99174629507169,4.09174629507169,6,0.0024618284283097,9.708786799813982e-06,3.360083266666666,34.08880601005607,119.73333333333332,,60.0,15,150.0,3,0.375,0.0,30.0,80.0,0.0,40.0,0.0,SJF,0.3360464329398097,33.60464329398097
462,4.000424004408803,4.1004240044088025,3,0.005797087591197,2.601442093329192e-06,1.617435,2.159455809136667,115.25,,30.0,4,40.0,1,0.125,0.0,10.0,20.0,0.0,10.0,0.0,SJF,0.30820371509443695,30.820371509443696
463,4.009101713745915,4.109101713745915,14,0.0043762235397992,5.533006418295043e-06,47.1837842631579,82019.69087540329,120.47368421052632,,140.0,38,380.0,5,0.625,10.0,130.0,170.0,10.0,60.0,0.0,SJF,0.5610450516090161,56.10450516090161
464,4.017779423083027,4.117779423083027,13,0.001727907070819,3.945094497185267e-06,1.3488935675675675,17.4666000610812,111.94594594594597,,130.0,37,370.0,4,0.5,30.0,80.0,150.0,20.0,90.0,0.0,SJF,0.4049878651084621,40.49878651084621
465,4.02645713242014,4.126457132420139,9,0.0043161008020827,7.167564327561504e-06,1.4541616666666666,5.675351417260335,112.0952380952381,,90.0,21,210.0,3,0.375,10.0,50.0,90.0,0.0,60.0,0.0,SJF,0.35004346408757014,35.004346408757016
466,4.035134841757252,4.135134841757251,11,0.0038325145154756,1.1360231558464382e-05,0.4647495238095238,1.079744481810841,117.04761904761904,,110.0,42,420.0,4,0.5,30.0,110.0,190.0,0.0,90.0,0.0,SJF,0.3802153999939187,38.02153999939187
467,4.043812551094364,4.143812551094364,17,0.0044049931997537,1.1179132819848894e-05,1.4826562291666667,32.49611495814419,113.47916666666669,,170.0,48,480.0,4,0.5,20.0,70.0,220.0,30.0,140.0,0.0,SJF,0.43369397451840386,43.369397451840385
468,4.052490260431477,4.152490260431477,16,0.002861053006023,3.905746551830909e-06,0.7439283999999999,2.0939694746419386,110.075,,160.0,40,400.0,3,0.375,10.0,40.0,180.0,30.0,140.0,0.0,SJF,0.40822418707477015,40.82241870747701
469,4.061167969768589,4.161167969768589,5,0.0025327368314107,1.118147413729256e-06,1.0022576153846154,5.185415844126006,114.92307692307692,,50.0,26,260.0,3,0.375,10.0,70.0,100.0,0.0,80.0,0.0,SJF,0.30874888759857083,30.874888759857082
470,4.069845679105701,4.169845679105701,6,0.0040315587276319,1.165805221323062e-05,0.4710097959183673,1.1594348405131236,120.40816326530611,,60.0,49,490.0,3,0.375,0.0,200.0,240.0,0.0,50.0,0.0,SJF,0.3101566295543631,31.01566295543631
471,4.078523388442814,4.178523388442813,12,0.0026842921405196,2.896252143292929e-06,0.799466551724138,2.2405152166801847,112.17241379310344,,120.0,29,290.0,3,0.375,10.0,60.0,110.0,20.0,90.0,0.0,SJF,0.3950742908743124,39.50742908743124
472,4.087201097779926,4.187201097779925,13,0.0016832515277664,4.75444303216587e-06,0.9089565833333332,9.293123031646518,114.56666666666666,,130.0,60,600.0,4,0.5,70.0,130.0,290.0,0.0,110.0,0.0,SJF,0.4079407769281538,40.79407769281538
473,4.095878807117039,4.195878807117039,6,0.002414593882961,9.097946204926344e-06,1.405479789473684,4.100283608199065,115.15789473684212,,60.0,19,190.0,3,0.375,10.0,40.0,110.0,0.0,30.0,0.0,SJF,0.31052606285720674,31.052606285720675
474,4.104556516454151,4.204556516454151,12,0.0049001442125155,9.315625383352409e-06,1.4096413846153846,5.751180544227124,115.6923076923077,,120.0,26,260.0,4,0.5,0.0,60.0,100.0,20.0,80.0,0.0,SJF,0.39446307526394414,39.44630752639441
475,4.113234225791263,4.213234225791263,9,0.0033412063198477,9.197620618339242e-06,1.3304047714285714,19.36623628111318,114.97142857142858,,90.0,35,350.0,3,0.375,10.0,100.0,140.0,0.0,100.0,0.0,SJF,0.38735125346139054,38.73512534613906
476,4.121911935128376,4.221911935128375,8,0.0021770603716244,4.373599349838394e-06,4.122239636363636,57.19695193276924,117.36363636363636,,80.0,11,110.0,3,0.375,0.0,10.0,40.0,10.0,50.0,0.0,SJF,0.37247225915894433,37.24722591589443
477,4.130589644465488,4.230589644465487,4,0.0031691690345121,5.960276215298268e-07,1.0710312666666666,4.248040091798638,120.66666666666669,,40.0,15,150.0,2,0.25,0.0,50.0,60.0,0.0,40.0,0.0,SJF,0.30857314839728056,30.857314839728055
478,4.139267353802601,4.2392673538026,10,0.004802868697399,8.16984949501457e-06,0.2590855409836066,0.1905705954468857,121.31147540983606,,100.0,61,610.0,3,0.375,70.0,120.0,210.0,30.0,180.0,0.0,SJF,0.3568094429125288,35.68094429125288
479,4.147945063139713,4.247945063139713,31,0.002372423408674,8.195246041615511e-06,0.2163005120481927,0.1926138020779726,118.01204819277108,,310.0,166,1660.0,4,0.5,240.0,280.0,560.0,160.0,420.0,0.0,SJF,0.4101975684967375,41.01975684967375
480,4.156622772476825,4.256622772476825,31,0.0021995677812392,4.098533165131407e-06,0.4218670306122449,1.433145015985123,118.83673469387756,,310.0,98,980.0,4,0.5,90.0,130.0,320.0,40.0,400.0,0.0,SJF,0.4101975684967375,41.01975684967375
481,4.165300481813937,4.265300481813937,12,0.0033692256027292,1.0275344551101858e-05,0.9302604390243904,4.844619564679404,115.65853658536584,,120.0,41,410.0,4,0.5,20.0,110.0,170.0,0.0,110.0,0.0,SJF,0.3944930771977899,39.44930771977899
482,4.17397819115105,4.273978191151049,11,0.0044970913944049,3.752103056839481e-06,2.1758906,13.782449638216155,112.2,,110.0,20,200.0,4,0.5,10.0,50.0,90.0,0.0,50.0,0.0,SJF,0.407891380318367,40.7891380318367
483,4.182655900488162,4.2826559004881615,9,0.0058992019562826,7.468924837616748e-06,0.9648553333333332,1.9412709971532944,112.05555555555556,,90.0,18,180.0,3,0.375,10.0,30.0,80.0,10.0,50.0,0.0,SJF,0.3499472928853541,34.99472928853541
484,4.191333609825275,4.291333609825275,16,0.002532146862225,7.391398884776853e-06,1.269595657894737,5.533850797007636,115.52631578947368,,160.0,38,380.0,4,0.5,10.0,80.0,140.0,20.0,130.0,0.0,SJF,0.4063774387317898,40.63774387317898
485,4.200011319162387,4.300011319162387,9,0.0055768561709462,5.194956969534041e-06,2.2826446666666667,14.38283113872141,109.22222222222224,,90.0,18,180.0,4,0.5,10.0,30.0,90.0,0.0,50.0,0.0,SJF,0.38631302613106294,38.63130261310629
486,4.208689028499499,4.308689028499499,8,0.0051755401255006,4.529867636241246e-06,1.142870052631579,3.2456051629788303,117.05263157894736,,80.0,19,190.0,3,0.375,0.0,60.0,90.0,10.0,30.0,0.0,SJF,0.3485449170835346,34.85449170835346
487,4.217366737836612,4.317366737836611,13,0.0034807443941577,4.341203299307334e-06,0.81989792,2.686072983354402,114.64,,130.0,50,500.0,4,0.5,50.0,110.0,190.0,10.0,140.0,0.0,SJF,0.4030651809775221,40.30651809775221
488,4.226044447173724,4.326044447173723,9,0.0049605278262764,3.1085602876035167e-06,2.2046146,8.325546103231972,119.73333333333332,,90.0,15,150.0,4,0.5,0.0,50.0,60.0,0.0,40.0,0.0,SJF,0.3561401523052986,35.61401523052986
489,4.234722156510837,4.3347221565108365,9,0.0042314529336076,1.9406859557419923e-06,1.3187997826086957,6.321307918171905,115.56521739130434,,90.0,23,230.0,4,0.5,10.0,60.0,100.0,0.0,60.0,0.0,SJF,0.3551176491781471,35.51176491781471
490,4.243399865847949,4.343399865847949,16,0.003609774402051,4.797106420156446e-06,0.9640090789473684,3.221664615120507,115.73684210526316,,160.0,38,380.0,4,0.5,0.0,70.0,140.0,30.0,140.0,0.0,SJF,0.40822418707477015,40.82241870747701
491,4.252077575185061,4.352077575185061,12,0.004250387648272,8.030651301431367e-06,4.09353645,140.8071930066442,117.95,,120.0,20,200.0,4,0.5,0.0,30.0,80.0,10.0,80.0,0.0,SJF,0.42424733451944446,42.42473345194445
492,4.260755284522173,4.360755284522173,6,0.0034970316444932,9.579180901796983e-06,2.4895949444444443,41.70571928068252,104.77777777777776,,60.0,18,180.0,3,0.375,20.0,20.0,90.0,0.0,50.0,0.0,SJF,0.3360464329398097,33.60464329398097
493,4.269432993859286,4.369432993859285,4,0.0004596478907143,1.3075676512228676e-08,1.1460833,5.308752169056432,121.0,,40.0,20,200.0,2,0.25,0.0,60.0,70.0,0.0,70.0,0.0,SJF,0.3086733664198463,30.86733664198463
494,4.278110703196398,4.3781107031963975,4,0.0043114825536021,6.1836872841098735e-06,2.102402375,8.451437164599982,103.5,,40.0,8,80.0,2,0.25,10.0,10.0,40.0,0.0,20.0,0.0,SJF,0.31457876851415123,31.457876851415122
495,4.286788412533511,4.386788412533511,4,0.003349111966489,6.96683561997049e-06,0.9770605,2.5024031646914664,120.625,,40.0,16,160.0,2,0.25,0.0,50.0,60.0,0.0,50.0,0.0,SJF,0.30820371509443695,30.820371509443696
496,4.295466121870623,4.395466121870623,10,0.0033069647293769,1.11996442903779e-05,0.8426944333333334,1.8313367523181847,114.73333333333332,,100.0,30,300.0,3,0.375,10.0,60.0,130.0,0.0,100.0,0.0,SJF,0.3568094429125288,35.68094429125288
497,4.304143831207735,4.404143831207735,13,0.0045036029461107,9.274009911264177e-06,1.5322396206896551,8.170980834169887,117.44827586206895,,130.0,29,290.0,4,0.5,0.0,40.0,110.0,20.0,120.0,0.0,SJF,0.40851105412281447,40.85110541228145
498,4.312821540544848,4.412821540544847,14,0.0042623974551524,4.450796298370221e-06,0.6608651666666667,1.1136111561007718,115.33333333333331,,140.0,36,360.0,3,0.375,10.0,80.0,150.0,10.0,110.0,0.0,SJF,0.39702849874377044,39.702849874377044
499,4.32149924988196,4.421499249881959,16,0.0040955563055403,5.198529769383325e-06,1.258014325,8.357720876437199,114.675,,160.0,40,400.0,4,0.5,10.0,80.0,160.0,10.0,140.0,0.0,SJF,0.4174113030306348,41.74113030306348
500,4.330176959219073,4.4301769592190725,6,0.0052975182809268,2.060885995288391e-06,2.303622555555556,10.490314589852028,118.66666666666669,,60.0,9,90.0,3,0.375,0.0,30.0,40.0,0.0,20.0,0.0,SJF,0.3201036884436978,32.01036884436978
501,4.338854668556185,4.438854668556185,9,0.0033519267771482,2.605161840890982e-06,2.4867775483870966,86.63126977876264,114.64516129032258,,90.0,31,310.0,4,0.5,10.0,90.0,130.0,0.0,80.0,0.0,SJF,0.37609055647569917,37.60905564756992
502,4.347532377893297,4.447532377893297,7,0.0036472706781311,7.815509596158014e-06,4.734355076923077,93.06111964198875,112.15384615384616,,70.0,13,130.0,3,0.375,10.0,30.0,60.0,0.0,30.0,0.0,SJF,0.3482095810257368,34.82095810257368
503,4.3562100872304095,4.456210087230409,3,0.0043415951029238,3.0223398058028084e-07,5.006354,18.671849929371,123.33333333333331,,30.0,3,30.0,2,0.25,0.0,10.0,10.0,0.0,10.0,0.0,SJF,0.3474105344900997,34.74105344900997
504,4.364887796567522,4.464887796567521,5,0.0050014100324782,3.7163326067517496e-06,1.2210490714285716,3.612959552507917,120.71428571428572,,50.0,14,140.0,2,0.25,0.0,50.0,50.0,0.0,40.0,0.0,SJF,0.30865483650220815,30.865483650220817
505,4.373565505904635,4.473565505904634,4,0.0015837373453653,4.739115248413135e-06,1.2603385833333334,3.77525476980172,120.0,,40.0,12,120.0,2,0.25,0.0,30.0,60.0,0.0,30.0,0.0,SJF,0.30865483650220815,30.865483650220817
506,4.382243215241747,4.482243215241747,5,0.004135762158253,8.744692855814525e-06,3.888251428571429,23.35412984354895,104.0,,50.0,7,70.0,3,0.375,10.0,10.0,30.0,0.0,20.0,0.0,SJF,0.34225993219010403,34.225993219010405
507,4.390920924578859,4.490920924578859,8,0.0037584290461406,3.903431952946117e-06,1.1123209375,6.677445278897287,118.78125,,80.0,32,320.0,3,0.375,0.0,80.0,120.0,10.0,110.0,0.0,SJF,0.3568451500089494,35.68451500089494
508,4.399598633915971,4.499598633915971,7,0.0038460145126001,1.226053431955598e-05,2.0087388571428573,10.618106200367514,108.35714285714286,,70.0,14,140.0,3,0.375,10.0,20.0,70.0,0.0,40.0,0.0,SJF,0.33624639153821734,33.62463915382173
509,4.408276343253084,4.508276343253083,15,0.0039669638802498,3.50658039507876e-06,0.8280976052631579,1.832978011327056,114.28947368421052,,150.0,38,380.0,4,0.5,10.0,40.0,150.0,30.0,150.0,0.0,SJF,0.4021799205030373,40.21799205030373
510,4.416954052590196,4.5169540525901954,13,0.0041119394098042,6.209426956600213e-06,0.5454358421052632,2.7864210294492544,115.10526315789474,,130.0,76,760.0,4,0.5,110.0,180.0,350.0,10.0,110.0,0.0,SJF,0.4030651809775221,40.30651809775221
511,4.425631761927309,4.5256317619273085,9,0.0045278947393576,8.072340411505648e-06,2.1989523461538463,33.78901113947007,113.92307692307692,,90.0,26,260.0,4,0.5,20.0,70.0,140.0,0.0,30.0,0.0,SJF,0.370063833508245,37.0063833508245
512,4.434309471264421,4.534309471264421,7,0.0038688007355788,3.995146292287258e-06,1.2331077333333331,3.712684560844924,108.26666666666668,,70.0,15,150.0,3,0.375,10.0,30.0,70.0,0.0,40.0,0.0,SJF,0.32224471867823395,32.2244718678234
513,4.442987180601533,4.542987180601533,10,0.0017337550984667,1.5883773191688006e-06,1.1343581470588235,6.892268245999221,117.97058823529412,,100.0,34,340.0,3,0.375,0.0,80.0,120.0,10.0,130.0,0.0,SJF,0.3652685370222337,36.52685370222337
514,4.4516648899386455,4.551664889938645,4,0.0043265015613547,2.547053518358465e-06,1.893631,9.614734292357667,121.14285714285714,,40.0,7,70.0,2,0.25,0.0,20.0,30.0,0.0,20.0,0.0,SJF,0.3157692221884366,31.576922218843663
515,4.460342599275758,4.560342599275757,20,0.0035220031742422,6.097373544514507e-06,7.093684574468084,1830.2239435911224,113.08510638297872,,200.0,47,470.0,4,0.5,20.0,40.0,150.0,30.0,230.0,0.0,SJF,0.48755407498620074,48.75540749862007
516,4.469020308612871,4.569020308612871,4,0.0028755098871293,6.547750263936035e-07,1.3108463499999998,5.696488528815608,121.0,,40.0,20,200.0,3,0.375,10.0,50.0,80.0,0.0,60.0,0.0,SJF,0.308513014849727,30.851301484972698
517,4.477698017949983,4.577698017949983,7,0.0016869503357314,1.9028999857842357e-06,0.913895,3.6005585787999093,111.91304347826087,,70.0,23,230.0,3,0.375,20.0,60.0,100.0,10.0,40.0,0.0,SJF,0.32224471867823395,32.2244718678234
518,4.486375727287095,4.586375727287095,9,0.0023376390462381,3.554355667642211e-06,1.6197357857142856,7.946780842596491,108.28571428571428,,90.0,14,140.0,3,0.375,10.0,30.0,50.0,0.0,50.0,0.0,SJF,0.3561401523052986,35.61401523052986
519,4.495053436624207,4.595053436624207,10,0.0030512489757925,7.311125248448959e-06,0.9876286764705882,3.27477865637168,115.76470588235294,,100.0,34,340.0,3,0.375,0.0,80.0,140.0,10.0,110.0,0.0,SJF,0.3568094429125288,35.68094429125288
520,4.50373114596132,4.603731145961319,11,0.0034917073114077,8.68485348449242e-06,1.552925375,7.743968335217723,110.58333333333331,,110.0,24,240.0,3,0.375,10.0,40.0,110.0,0.0,80.0,0.0,SJF,0.3866585746969008,38.66585746969008
521,4.512408855298432,4.612408855298432,3,0.0063629310349015,1.734662272646359e-06,1.903816857142857,5.490694574689143,99.71428571428572,,30.0,7,70.0,3,0.375,0.0,10.0,50.0,0.0,10.0,0.0,SJF,0.308513014849727,30.851301484972698
522,4.521086564635545,4.621086564635545,10,0.003703610564455,2.114389816529833e-06,0.71014484375,1.506081687820459,119.125,,100.0,32,320.0,3,0.375,0.0,70.0,130.0,20.0,100.0,0.0,SJF,0.3568094429125288,35.68094429125288
523,4.529764273972657,4.629764273972657,14,0.0020480902416286,8.955171470015605e-07,2.45297504,71.4105838526382,111.64,,140.0,25,250.0,3,0.375,10.0,30.0,80.0,20.0,110.0,0.0,SJF,0.41074869027848043,41.074869027848045
524,4.538441983309769,4.638441983309769,4,0.0020585229402307,1.1484936334701064e-05,1.8179999,9.772775925834766,105.8,,40.0,10,100.0,2,0.25,10.0,20.0,50.0,0.0,20.0,0.0,SJF,0.31586213280922854,31.586213280922852
525,4.5471196926468815,4.647119692646881,4,0.0010159041031183,2.388193000478317e-06,0.7732490000000001,2.8407210769378004,120.47619047619048,,40.0,21,210.0,2,0.25,0.0,70.0,70.0,0.0,70.0,0.0,SJF,0.30820371509443695,30.820371509443696
526,4.555797401983994,4.655797401983993,5,0.0031054710160063,3.3431163551266606e-06,0.887362947368421,1.2496137516026082,112.21052631578948,,50.0,19,190.0,2,0.25,10.0,40.0,90.0,0.0,50.0,0.0,SJF,0.30820371509443695,30.820371509443696
527,4.564475111321107,4.6644751113211065,5,0.003611605478893,8.25825977891777e-06,2.2336980000000004,8.60370041647457,112.375,,50.0,8,80.0,2,0.25,0.0,20.0,40.0,0.0,20.0,0.0,SJF,0.3147711431488727,31.477114314887274
528,4.573152820658219,4.673152820658219,13,0.0035348738802425,6.611315384071555e-06,0.6713749999999999,1.862265691626591,114.64444444444445,,130.0,45,450.0,3,0.375,10.0,100.0,170.0,20.0,150.0,0.0,SJF,0.4030651809775221,40.30651809775221
529,4.581830529995331,4.681830529995331,9,0.0030679693380019,5.825967054343571e-06,1.119922956521739,3.709348292695042,106.17391304347828,,90.0,23,230.0,3,0.375,20.0,30.0,110.0,0.0,70.0,0.0,SJF,0.3503984142931253,35.03984142931253
530,4.590508239332444,4.690508239332443,9,0.0035440678897788,9.70962838554379e-06,0.9690235,2.9933265018683684,118.3,,90.0,20,200.0,3,0.375,0.0,50.0,80.0,10.0,60.0,0.0,SJF,0.3499472928853541,34.99472928853541
531,4.599185948669556,4.699185948669555,16,0.0027763736429443,5.813895067843371e-06,0.6825243829787234,1.476378884854111,113.93617021276596,,160.0,47,470.0,3,0.375,10.0,100.0,180.0,10.0,170.0,0.0,SJF,0.40822418707477015,40.82241870747701
532,4.607863658006669,4.707863658006668,6,0.0027671301599978,1.0446971169856256e-05,1.516515894736842,5.785370712288099,114.21052631578948,,60.0,19,190.0,3,0.375,0.0,60.0,100.0,0.0,30.0,0.0,SJF,0.31094182960106015,31.094182960106014
533,4.616541367343781,4.716541367343781,8,0.0050243536562191,3.296953931390796e-06,1.259761,5.820757685171748,110.94117647058825,,80.0,17,170.0,3,0.375,20.0,30.0,80.0,0.0,40.0,0.0,SJF,0.34933011713023165,34.93301171302316
534,4.625219076680893,4.725219076680893,8,0.0018037729441068,6.060909713832202e-06,0.5085030689655172,1.4637621666141356,116.03448275862068,,80.0,58,580.0,3,0.375,30.0,160.0,230.0,20.0,140.0,0.0,SJF,0.3485449170835346,34.85449170835346
535,4.633896786018005,4.733896786018005,13,0.0048263211358408,3.0121703703379475e-06,1.4412570454545457,7.090768980807378,116.22727272727272,,130.0,22,220.0,3,0.375,0.0,40.0,80.0,10.0,90.0,0.0,SJF,0.4098354563833568,40.98354563833568
536,4.642574495355118,4.742574495355117,4,0.0043540573948821,5.932621252472653e-06,1.485948,6.294642759837114,121.0,,40.0,10,100.0,3,0.375,0.0,30.0,40.0,0.0,30.0,0.0,SJF,0.31347486302322636,31.347486302322636
537,4.65125220469223,4.751252204692229,4,0.0008700720577703,1.0363811285611647e-06,1.6215525714285717,12.142845635823758,113.23809523809524,,40.0,21,210.0,3,0.375,10.0,60.0,90.0,0.0,50.0,0.0,SJF,0.3269059667490777,32.690596674907766
538,4.659929914029343,4.759929914029343,7,0.0055646899706573,4.388770383471954e-06,1.0330692142857143,2.773929946552951,108.35714285714286,,70.0,14,140.0,3,0.375,10.0,20.0,60.0,10.0,40.0,0.0,SJF,0.32179359727046275,32.179359727046275
539,4.668607623366455,4.768607623366455,15,0.0026659129668783,6.702042573761823e-06,0.765406,3.7563066370422793,118.8409090909091,,150.0,44,440.0,3,0.375,0.0,60.0,130.0,70.0,180.0,0.0,SJF,0.4024536737282366,40.24536737282366
540,4.677285332703567,4.777285332703567,9,0.0038397059630993,1.2067922657950032e-05,0.9366761212121212,5.483403419669298,114.66666666666669,,90.0,33,330.0,3,0.375,10.0,90.0,130.0,0.0,100.0,0.0,SJF,0.35004346408757014,35.004346408757016
541,4.68596304204068,4.785963042040679,5,0.0044614977593207,8.233311543805191e-06,2.645254,6.442371276765428,118.5,,50.0,8,80.0,2,0.25,0.0,20.0,40.0,0.0,20.0,0.0,SJF,0.3159790820312143,31.597908203121428
542,4.694640751377792,4.794640751377791,8,0.0027305877472083,3.8110364779849575e-06,0.6921803103448275,1.5523099718287934,109.03448275862068,,80.0,29,290.0,3,0.375,20.0,60.0,140.0,0.0,70.0,0.0,SJF,0.3485449170835346,34.85449170835346
543,4.703318460714905,4.803318460714904,11,0.0014455146487315,3.2230101690009277e-06,0.59924345,1.7518222765801,116.975,,110.0,40,400.0,3,0.375,0.0,130.0,140.0,10.0,120.0,0.0,SJF,0.3802153999939187,38.02153999939187
544,4.711996170052017,4.811996170052017,8,0.0045289514479829,1.3999363104717623e-05,2.0861954761904764,8.064364353877462,110.0,,80.0,21,210.0,3,0.375,10.0,40.0,100.0,0.0,60.0,0.0,SJF,0.35483856813947545,35.48385681394755
545,4.720673879389129,4.820673879389129,8,0.0070061251108709,2.3307975440078937e-06,0.8396598,2.601990463002457,118.53333333333332,,80.0,15,150.0,3,0.375,0.0,60.0,60.0,0.0,30.0,0.0,SJF,0.3485449170835346,34.85449170835346
546,4.729351588726241,4.829351588726241,12,0.0044260266904253,1.0792575296796185e-05,0.9022474242424242,3.009291068967127,113.1818181818182,,120.0,33,330.0,3,0.375,10.0,60.0,130.0,10.0,120.0,0.0,SJF,0.3950742908743124,39.50742908743124
547,4.738029298063354,4.838029298063353,13,0.0032658562443385,2.5996840953140555e-06,0.6696321562499999,1.4624633961289102,110.84375,,130.0,32,320.0,3,0.375,10.0,50.0,130.0,20.0,110.0,0.0,SJF,0.4030651809775221,40.30651809775221
548,4.746707007400466,4.8467070074004655,12,0.0034468663495342,4.619069577901314e-06,0.7046201176470588,1.521453492967198,114.47058823529412,,120.0,34,340.0,3,0.375,10.0,90.0,160.0,0.0,80.0,0.0,SJF,0.3950742908743124,39.50742908743124
549,4.755384716737579,4.8553847167375785,13,0.0022298524931902,5.781927807904518e-06,0.9949384545454546,5.726991916271918,114.47272727272728,,130.0,55,550.0,4,0.5,80.0,100.0,260.0,20.0,90.0,0.0,SJF,0.4023785658924768,40.23785658924768
550,4.764062426074691,4.864062426074691,5,0.0063201135253089,4.483475928313786e-06,5.518749999999999,179.03835504722167,114.6153846153846,,50.0,13,130.0,4,0.5,30.0,30.0,60.0,10.0,0.0,0.0,SJF,0.35649641757052264,35.649641757052265
551,4.772740135411803,4.872740135411803,3,0.0041306612548632,7.534482329625608e-06,1.6975,10.654389097205,120.0,,30.0,9,90.0,2,0.25,0.0,30.0,40.0,0.0,20.0,0.0,SJF,0.32523380097282073,32.52338009728207
552,4.781417844748916,4.881417844748915,6,0.0016164242510844,2.828798696882797e-06,2.294453136363636,33.35484881576078,113.54545454545456,,60.0,22,220.0,3,0.375,20.0,50.0,90.0,0.0,60.0,0.0,SJF,0.3360464329398097,33.60464329398097
553,4.790095554086028,4.890095554086027,3,0.0039639749139723,8.560682884579472e-06,1.921888,5.616151784347999,120.0,,30.0,4,40.0,1,0.125,0.0,10.0,20.0,0.0,10.0,0.0,SJF,0.308513014849727,30.851301484972698
554,4.798773263423141,4.8987732634231405,13,0.0054998675768591,4.249987794036343e-06,0.5200306470588236,0.7505243254524172,112.61764705882354,,130.0,34,340.0,3,0.375,10.0,70.0,70.0,60.0,130.0,0.0,SJF,0.4030651809775221,40.30651809775221
555,4.807450972760253,4.907450972760253,14,0.0027143528111756,4.86571389620189e-06,0.3818597066666667,0.8392504559264264,118.30666666666669,,140.0,75,750.0,3,0.375,0.0,90.0,120.0,200.0,340.0,0.0,SJF,0.39702849874377044,39.702849874377044
556,4.816128682097365,4.916128682097365,17,0.00432846049087,7.005257852959574e-06,0.7141938695652175,1.4586318017815825,112.82608695652172,,170.0,46,460.0,4,0.5,20.0,20.0,180.0,30.0,210.0,0.0,SJF,0.40928643228013906,40.928643228013904
557,4.824806391434477,4.924806391434477,25,0.0036036378855225,2.2223523697536264e-06,0.3782369054054054,0.2755287705199225,118.97297297297295,,250.0,74,740.0,4,0.5,60.0,150.0,240.0,30.0,260.0,0.0,SJF,0.41896542635042183,41.89654263504218
558,4.83348410077159,4.933484100771589,15,0.0014336889617437,8.705976306915964e-07,1.0241556842105264,3.9659847203526,117.02631578947368,,150.0,38,380.0,4,0.5,0.0,80.0,150.0,10.0,140.0,0.0,SJF,0.40237198562330895,40.237198562330896
559,4.842161810108703,4.942161810108702,12,0.0035166948079639,7.463181907493556e-06,1.1803614545454544,3.8055207218716314,109.36363636363636,,120.0,33,330.0,4,0.5,20.0,70.0,150.0,10.0,80.0,0.0,SJF,0.39552541228208377,39.552541228208376
560,4.850839519445815,4.950839519445815,8,0.002203733929185,3.9326762846159696e-06,1.2425130416666663,4.34701916867952,118.16666666666669,,80.0,24,240.0,4,0.5,0.0,90.0,100.0,0.0,50.0,0.0,SJF,0.3489143503863783,34.89143503863783
561,4.859517228782927,4.959517228782927,11,0.0014986973988908,2.125007760824468e-06,0.977315129032258,2.937109947928782,111.83870967741936,,110.0,31,310.0,4,0.5,10.0,70.0,130.0,0.0,100.0,0.0,SJF,0.3802153999939187,38.02153999939187
562,4.868194938120039,4.968194938120039,8,0.0035013946299606,6.731647963539928e-06,4.169433235294117,58.89559452578682,108.70588235294116,,80.0,17,170.0,4,0.5,10.0,0.0,80.0,10.0,70.0,0.0,SJF,0.37333514004537094,37.33351400453709
563,4.876872647457152,4.976872647457151,6,0.0036383053761817,4.758251693559348e-06,2.8305134285714284,47.28394129336395,121.42857142857144,,60.0,14,140.0,3,0.375,0.0,30.0,70.0,0.0,40.0,0.0,SJF,0.3360464329398097,33.60464329398097
564,4.885550356794264,4.985550356794263,4,0.0009759432057363,3.639761935620108e-07,2.9896875384615385,43.5476369962226,119.84615384615384,,40.0,13,130.0,2,0.25,0.0,30.0,50.0,0.0,50.0,0.0,SJF,0.3311178586948881,33.111785869488806
565,4.894228066131377,4.9942280661313765,0,,0.0,,0.0,,,0.0,0,0.0,0,0.0,0.0,0.0,0.0,0.0,0.0,0.0,RR,0.46263451357794594,46.263451357794594
566,4.902905775468489,5.002905775468489,15,0.0042145559315108,1.906709332464208e-06,0.6758321162790697,1.3230676188901052,116.30232558139537,,150.0,43,430.0,4,0.5,0.0,90.0,150.0,30.0,160.0,0.0,SJF,0.4021799205030373,40.21799205030373
567,4.911583484805601,5.011583484805601,11,0.0024446287398533,5.86127036708891e-06,1.6197295384615384,4.237672723049539,117.34615384615384,,110.0,26,260.0,4,0.5,0.0,50.0,120.0,0.0,90.0,0.0,SJF,0.3805848332967624,38.05848332967624
568,4.9202611941427135,5.020261194142713,13,0.005190314318825,5.566331555663432e-06,1.0153365384615385,1.5005424567627383,117.0,,130.0,26,260.0,4,0.5,10.0,40.0,120.0,10.0,80.0,0.0,SJF,0.4030651809775221,40.30651809775221
569,4.928938903479826,5.028938903479825,13,0.0032787669047897,4.6865783419760575e-06,0.8298660714285714,1.6108264822158729,116.14285714285714,,130.0,42,420.0,4,0.5,70.0,110.0,160.0,20.0,60.0,0.0,SJF,0.4030651809775221,40.30651809775221
570,4.937616612816939,5.037616612816938,14,0.0031652563259184,5.584625466695975e-06,1.2367866363636362,3.4956929247287394,117.15151515151516,,140.0,33,330.0,4,0.5,0.0,50.0,140.0,10.0,130.0,0.0,SJF,0.3974796201515417,39.74796201515417
571,4.946294322154051,5.046294322154051,9,0.0040567116237267,6.904646457713964e-06,3.4414496111111115,88.45599288687967,116.0,,90.0,18,180.0,4,0.5,0.0,40.0,90.0,0.0,50.0,0.0,SJF,0.376456183983374,37.6456183983374
572,4.954972031491163,5.054972031491163,5,0.0017964247088368,8.651377177375755e-06,0.889579425,8.22319205683353,120.0,,50.0,40,400.0,3,0.375,0.0,150.0,170.0,0.0,80.0,0.0,SJF,0.31488610435436004,31.488610435436005
573,4.963649740828275,5.063649740828275,3,0.0017993021717247,5.215281614606312e-06,6.0831562,55.655018795746216,120.0,,30.0,5,50.0,2,0.25,0.0,10.0,30.0,0.0,10.0,0.0,SJF,0.3409933430985227,34.09933430985227
574,4.972327450165388,5.072327450165387,3,0.0005710895012791,4.7426220360414486e-08,7.182252500000001,64.54051180526234,119.5,,30.0,4,40.0,2,0.25,0.0,10.0,20.0,0.0,10.0,0.0,SJF,0.3384828070142114,33.84828070142114
575,4.981005159502501,5.0810051595025,5,0.0056676090974994,1.211678208133344e-06,0.6405853333333333,1.1725499428216335,120.0,,50.0,21,210.0,3,0.375,10.0,70.0,110.0,0.0,20.0,0.0,SJF,0.30820371509443695,30.820371509443696
576,4.989682868839613,5.0896828688396125,8,0.0017702931603871,2.678948327822486e-06,2.1195339,14.491646423669886,117.8,,80.0,20,200.0,4,0.5,0.0,70.0,100.0,0.0,30.0,0.0,SJF,0.382969581317807,38.2969581317807
577,4.998360578176725,5.098360578176725,7,0.003398340966132,8.356110227409473e-06,3.628454777777778,29.94945227612869,113.33333333333331,,70.0,9,90.0,3,0.375,0.0,20.0,30.0,10.0,30.0,0.0,SJF,0.3443930463034966,34.43930463034966
578,5.007038287513837,5.107038287513837,10,0.0024990644861627,2.1775747763061e-06,0.609603054054054,0.5872919458398861,118.16216216216216,,100.0,37,370.0,3,0.375,0.0,110.0,140.0,10.0,110.0,0.0,SJF,0.3568094429125288,35.68094429125288
579,5.0157159968509495,5.115715996850949,6,0.0006954854823838,4.82025478471103e-07,3.914308071428572,26.97351086856961,120.42857142857144,,60.0,14,140.0,4,0.5,0.0,30.0,70.0,0.0,40.0,0.0,SJF,0.3214657251276515,32.14657251276515
580,5.024393706188062,5.124393706188061,13,0.0062460153503998,9.557313644290091e-07,0.6009501212121212,0.8083005098662974,115.9090909090909,,130.0,33,330.0,4,0.5,30.0,60.0,140.0,20.0,80.0,0.0,SJF,0.4030651809775221,40.30651809775221
581,5.033071415525175,5.133071415525174,12,0.0039527013914918,9.357704451850293e-06,0.8170057906976743,1.8877518933668835,119.48837209302326,,120.0,43,430.0,4,0.5,0.0,170.0,180.0,0.0,80.0,0.0,SJF,0.3950742908743124,39.50742908743124
582,5.041749124862287,5.141749124862287,7,0.0034603821377131,7.349150335074743e-06,5.080862222222223,57.54529786366771,117.55555555555556,,70.0,18,180.0,4,0.5,0.0,40.0,90.0,0.0,50.0,0.0,SJF,0.3455778443946954,34.55778443946954
583,5.050426834199399,5.150426834199399,0,,0.0,,0.0,,,0.0,0,0.0,0,0.0,0.0,0.0,0.0,0.0,0.0,0.0,RR,0.46263451357794594,46.263451357794594
584,5.059104543536511,5.159104543536511,4,0.0030342822134885,2.5713905150710687e-06,0.9085995555555556,2.6641191125157944,120.0,,40.0,27,270.0,3,0.375,0.0,90.0,140.0,0.0,40.0,0.0,SJF,0.30820371509443695,30.820371509443696
585,5.067782252873624,5.167782252873623,9,0.0044759510152652,2.803439822437715e-06,1.2737664736842105,3.990318838410152,114.26315789473684,,90.0,19,190.0,4,0.5,0.0,30.0,70.0,20.0,70.0,0.0,SJF,0.3503167261881977,35.03167261881977
586,5.076459962210737,5.176459962210736,9,0.0040332939003743,1.1870676145170768e-05,2.1447545,10.432666383961193,116.21428571428572,,90.0,14,140.0,4,0.5,0.0,20.0,50.0,10.0,60.0,0.0,SJF,0.3601242035073795,36.01242035073795
587,5.085137671547849,5.1851376715478485,10,0.0033378369521511,1.1544964940257897e-05,3.2694854,36.37027478576683,111.2,,100.0,25,250.0,4,0.5,10.0,60.0,90.0,20.0,70.0,0.0,SJF,0.3738751810467293,37.38751810467293
588,5.093815380884961,5.193815380884961,1,0.001134773115039,0.0,11.177709,0.0,120.0,,10.0,1,10.0,1,0.125,0.0,0.0,10.0,0.0,0.0,0.0,SJF,0.40055691811806254,40.055691811806255
589,5.102493090222073,5.202493090222073,6,0.0057575416112602,7.776135107407887e-06,5.661652363636364,257.6914245861403,105.36363636363636,,60.0,11,110.0,3,0.375,10.0,20.0,50.0,0.0,30.0,0.0,SJF,0.37584751173207176,37.584751173207174
590,5.1111707995591855,5.211170799559185,4,0.0008781436908145,4.441658009153223e-08,2.3424460000000003,38.08358714541615,120.0,,40.0,27,270.0,3,0.375,0.0,100.0,120.0,0.0,50.0,0.0,SJF,0.3311178586948881,33.111785869488806
591,5.119848508896298,5.219848508896297,2,0.0016076086037024,1.0071636664442884e-08,8.138073,127.87670170663203,120.0,,20.0,2,20.0,1,0.125,0.0,0.0,10.0,0.0,10.0,0.0,SJF,0.3371866938404,33.71866938404
592,5.128526218233411,5.2285262182334105,0,,0.0,,0.0,,,0.0,0,0.0,0,0.0,0.0,0.0,0.0,0.0,0.0,0.0,RR,0.46263451357794594,46.263451357794594
593,5.137203927570523,5.237203927570523,6,0.0029186484294769,1.2268521552884262e-05,1.2354455925925925,10.90247711689325,118.03703703703704,,60.0,27,270.0,3,0.375,0.0,90.0,100.0,0.0,80.0,0.0,SJF,0.3202451629981125,32.02451629981125
594,5.145881636907635,5.245881636907635,4,0.0004798193423649,1.718025410215876e-07,4.904800333333333,51.11842943081227,117.0,,40.0,6,60.0,2,0.25,0.0,0.0,20.0,10.0,30.0,0.0,SJF,0.3372581774014764,33.72581774014764
595,5.154559346244747,5.254559346244747,7,0.0058331068981096,5.945799291140956e-07,0.6691711739130435,0.5672880294919683,119.56521739130434,,70.0,23,230.0,4,0.5,0.0,50.0,50.0,40.0,90.0,0.0,SJF,0.32179359727046275,32.179359727046275
596,5.16323705558186,5.263237055581859,20,0.0029571298681404,6.069913108377593e-06,0.4575870895522388,0.4307928776764163,118.68656716417912,,200.0,67,670.0,4,0.5,30.0,100.0,250.0,50.0,240.0,0.0,SJF,0.41466816996714057,41.46681699671406
597,5.171914764918973,5.271914764918972,31,0.0038779580810272,1.0065101273925712e-05,0.4130456931818182,0.2645562287387899,116.6590909090909,,310.0,88,880.0,4,0.5,30.0,140.0,280.0,70.0,360.0,0.0,SJF,0.4101975684967375,41.01975684967375
598,5.180592474256085,5.280592474256085,25,0.0033846090239149,7.210189849060504e-06,0.6301588813559322,1.008024350581072,115.49152542372882,,250.0,59,590.0,4,0.5,10.0,60.0,140.0,90.0,290.0,0.0,SJF,0.41896542635042183,41.89654263504218
599,5.189270183593197,5.289270183593197,13,0.0034786244068028,9.383032011404744e-06,1.410094488372093,12.269459231625447,114.0,,130.0,43,430.0,4,0.5,20.0,110.0,180.0,10.0,110.0,0.0,SJF,0.4276118742037445,42.761187420374455
600,5.197947892930309,5.297947892930309,7,0.0046556764982618,4.518030427481902e-06,1.136442,2.1650466152640004,114.6875,,70.0,16,160.0,3,0.375,0.0,50.0,70.0,10.0,30.0,0.0,SJF,0.32179359727046275,32.179359727046275
601,5.2066256022674215,5.306625602267421,10,0.0035039112325783,6.770708452919873e-06,1.4752891,6.250083374729675,115.9,,100.0,20,200.0,3,0.375,0.0,70.0,80.0,0.0,50.0,0.0,SJF,0.36197979920532186,36.197979920532184
602,5.215303311604535,5.315303311604534,11,0.002593528122738,2.5247603483678894e-06,1.5817792,10.79288364065,112.2,,110.0,25,250.0,4,0.5,10.0,40.0,100.0,10.0,90.0,0.0,SJF,0.3909667630637211,39.09667630637211
603,5.223981020941647,5.323981020941647,11,0.0017915196947168,6.266974971475813e-06,1.533475318181818,6.868377697427941,110.3181818181818,,110.0,22,220.0,3,0.375,10.0,10.0,100.0,10.0,90.0,0.0,SJF,0.3883144279308282,38.83144279308282
604,5.232658730278759,5.332658730278759,12,0.0045245705545743,4.502070040478469e-06,1.240225696969697,4.923085068435593,116.93939393939394,,120.0,33,330.0,4,0.5,30.0,70.0,140.0,10.0,80.0,0.0,SJF,0.3944930771977899,39.44930771977899
605,5.241336439615871,5.341336439615871,9,0.0043589459396842,6.335988424898546e-06,1.588383655172414,20.006946025897737,117.72413793103448,,90.0,29,290.0,4,0.5,0.0,100.0,130.0,0.0,60.0,0.0,SJF,0.3890851960427325,38.90851960427325
606,5.250014148952984,5.350014148952983,7,0.0026773370470164,7.750156495571301e-08,2.986018,23.6793971593106,118.0,,70.0,11,110.0,3,0.375,0.0,30.0,50.0,0.0,30.0,0.0,SJF,0.35553511979871255,35.55351197987125
607,5.258691858290096,5.358691858290095,6,0.0049531570432376,1.4029070684137715e-06,3.0959166,46.29112289785868,120.0,,60.0,15,150.0,3,0.375,0.0,60.0,60.0,0.0,30.0,0.0,SJF,0.3360464329398097,33.60464329398097
608,5.267369567627209,5.367369567627208,3,0.0006869580394581,7.463239019347267e-07,1.7353222499999998,14.104852431026332,120.0,,30.0,16,160.0,2,0.25,0.0,50.0,60.0,0.0,50.0,0.0,SJF,0.3481496554011614,34.81496554011614
609,5.276047276964321,5.376047276964321,4,0.0081527600356789,3.221619976898852e-07,10.195065,362.6457660616193,110.25,,40.0,4,40.0,3,0.375,0.0,0.0,20.0,10.0,10.0,0.0,SJF,0.49353497455611955,49.35349745561196
610,5.284724986301433,5.384724986301433,6,0.0004863308652335,2.316475297957863e-07,2.723668214285714,15.938197604351258,119.28571428571428,,60.0,14,140.0,3,0.375,0.0,50.0,60.0,0.0,30.0,0.0,SJF,0.3370036087714711,33.70036087714711
611,5.293402695638545,5.393402695638545,4,0.0038837998614547,1.8567140217004877e-06,3.150996,19.20134209009029,102.25,,40.0,8,80.0,3,0.375,10.0,10.0,40.0,0.0,20.0,0.0,SJF,0.3467558835597113,34.67558835597113
612,5.302080404975658,5.402080404975657,6,0.0031181780243424,9.175465903704796e-06,2.5239583846153844,18.43319189812659,111.6153846153846,,60.0,13,130.0,3,0.375,10.0,30.0,50.0,0.0,40.0,0.0,SJF,0.3450545587286777,34.50545587286777
613,5.310758114312771,5.41075811431277,5,0.0038411232872292,1.1070741235070745e-05,1.6893958000000002,15.602855799989069,112.9,,50.0,10,100.0,2,0.25,0.0,20.0,40.0,0.0,40.0,0.0,SJF,0.3413108692211931,34.13108692211931
614,5.319435823649883,5.4194358236498825,9,0.0035147819056727,3.2143872608381366e-06,1.0693094838709678,2.3059404182243246,119.83870967741936,,90.0,31,310.0,4,0.5,0.0,70.0,110.0,10.0,120.0,0.0,SJF,0.3499472928853541,34.99472928853541
615,5.328113532986995,5.428113532986995,8,0.0036748242630046,2.607892390683393e-06,2.619038461538461,10.707006007172268,109.07692307692308,,80.0,13,130.0,4,0.5,10.0,20.0,30.0,30.0,40.0,0.0,SJF,0.36270982150657927,36.27098215065793
616,5.336791242324107,5.436791242324107,12,0.0044152529258926,5.798919492899329e-06,1.1427854444444443,2.619798845213872,117.55555555555556,,120.0,27,270.0,4,0.5,0.0,70.0,110.0,0.0,90.0,0.0,SJF,0.3950742908743124,39.50742908743124
617,5.34546895166122,5.445468951661219,11,0.0034639817024169,6.0632172432202055e-06,3.1199177096774195,47.0184359017772,113.7741935483871,,110.0,31,310.0,4,0.5,10.0,50.0,120.0,10.0,120.0,0.0,SJF,0.39726245632053425,39.72624563205343
618,5.354146660998332,5.454146660998331,0,,0.0,,0.0,,,0.0,0,0.0,0,0.0,0.0,0.0,0.0,0.0,0.0,0.0,RR,0.46263451357794594,46.263451357794594
619,5.362824370335445,5.462824370335444,3,0.0058226239978885,5.438786485665577e-07,0.8745685714285715,0.5881440713489524,120.0,,30.0,7,70.0,2,0.25,0.0,30.0,30.0,0.0,10.0,0.0,SJF,0.30820371509443695,30.820371509443696
620,5.371502079672557,5.471502079672557,7,0.0016077100417288,4.799906167629547e-06,4.039203785714285,46.507987357582174,119.35714285714286,,70.0,14,140.0,4,0.5,0.0,20.0,80.0,0.0,40.0,0.0,SJF,0.3443930463034966,34.43930463034966
621,5.380179789009669,5.480179789009669,5,0.0039969275903308,1.851957668384488e-07,4.134334444444445,33.79737700826978,119.77777777777776,,50.0,9,90.0,3,0.375,0.0,20.0,40.0,0.0,30.0,0.0,SJF,0.3311178586948881,33.111785869488806
622,5.388857498346781,5.488857498346781,5,0.0075443222532186,1.9041699596565762e-07,0.9406615,1.3492439492929442,120.0,,50.0,10,100.0,4,0.5,0.0,40.0,50.0,0.0,10.0,0.0,SJF,0.30820371509443695,30.820371509443696
623,5.397535207683894,5.497535207683893,11,0.003530060043379,4.955590862829226e-06,1.6169947666666669,10.7110873626655,115.73333333333332,,110.0,30,300.0,4,0.5,0.0,70.0,130.0,20.0,80.0,0.0,SJF,0.3940511624762159,39.40511624762159
624,5.406212917021007,5.506212917021006,7,0.0038582338361362,5.097001701296433e-06,2.051347266666667,6.467371197028065,117.06666666666666,,70.0,15,150.0,3,0.375,0.0,40.0,70.0,0.0,40.0,0.0,SJF,0.32956896420724013,32.956896420724014
625,5.414890626358119,5.514890626358119,12,0.0044334338918811,9.387569851128764e-07,1.0719003243243244,7.065983400432224,117.29729729729728,,120.0,37,370.0,4,0.5,0.0,90.0,140.0,10.0,130.0,0.0,SJF,0.4018445662801471,40.18445662801471
626,5.423568335695231,5.523568335695231,4,0.0013149823047688,3.645927652331054e-07,3.9693021,28.902744673485657,118.0,,40.0,10,100.0,3,0.375,0.0,20.0,50.0,0.0,30.0,0.0,SJF,0.3234540701591366,32.34540701591366
627,5.432246045032343,5.532246045032343,7,0.005691869396228,7.996090068569171e-06,0.901823,2.398218851329,121.33333333333331,,70.0,15,150.0,3,0.375,30.0,40.0,60.0,10.0,10.0,0.0,SJF,0.32179359727046275,32.179359727046275
628,5.440923754369456,5.540923754369455,11,0.0023352822669081,5.0801445671478855e-06,1.2086858717948716,7.385160170634696,118.25641025641026,,110.0,39,390.0,4,0.5,0.0,110.0,160.0,0.0,120.0,0.0,SJF,0.38737259550161013,38.73725955016101
629,5.449601463706569,5.549601463706568,11,0.0037708826570677,8.293431593853594e-06,3.0306510454545457,28.649968631271378,117.0,,110.0,22,220.0,4,0.5,0.0,60.0,90.0,0.0,70.0,0.0,SJF,0.3970124756774197,39.70124756774197
630,5.458279173043681,5.5582791730436805,0,,0.0,,0.0,,,0.0,0,0.0,0,0.0,0.0,0.0,0.0,0.0,0.0,0.0,RR,0.46263451357794594,46.263451357794594
631,5.466956882380793,5.566956882380793,13,0.0047505512345916,2.5494944790774987e-06,2.1114235925925926,15.012367185541327,114.51851851851852,,130.0,27,270.0,4,0.5,10.0,50.0,90.0,0.0,120.0,0.0,SJF,0.42376251286506095,42.3762512865061
632,5.475634591717905,5.575634591717905,3,0.0038582529487616,5.17058668809325e-07,1.44631525,3.521758084631584,120.0,,30.0,4,40.0,1,0.125,0.0,10.0,20.0,0.0,10.0,0.0,SJF,0.30865483650220815,30.865483650220817
633,5.484312301055017,5.584312301055017,10,0.0029508685449824,3.73265506098637e-06,2.9997569523809524,27.77879583234635,110.61904761904762,,100.0,21,210.0,4,0.5,10.0,30.0,90.0,10.0,70.0,0.0,SJF,0.37322121192738306,37.32212119273831
634,5.49299001039213,5.592990010392129,4,0.0062499483578704,2.1521198137807106e-06,0.521296,0.319252209077125,120.0,,40.0,17,170.0,2,0.25,0.0,70.0,60.0,0.0,40.0,0.0,SJF,0.30820371509443695,30.820371509443696
635,5.501667719729243,5.601667719729242,18,0.005426925048535,5.363058861607462e-06,1.8546368333333327,44.861238946420144,116.05555555555556,,180.0,36,360.0,4,0.5,0.0,40.0,130.0,10.0,180.0,0.0,SJF,0.43727053469783705,43.727053469783705
636,5.510345429066355,5.610345429066355,25,0.003459431333645,6.843068919508157e-06,0.412259213114754,0.1571647727258372,115.18032786885246,,250.0,61,610.0,3,0.375,10.0,30.0,140.0,50.0,380.0,0.0,SJF,0.41896542635042183,41.89654263504218
637,5.519023138403467,5.619023138403467,21,0.0032368941203424,6.1765999057354e-06,0.4229533934426229,0.183892346312876,119.11475409836063,,210.0,61,610.0,3,0.375,0.0,100.0,140.0,70.0,300.0,0.0,SJF,0.4166224490944978,41.66224490944978
638,5.527700847740579,5.627700847740579,9,0.0021758225927539,3.480622876296305e-06,1.580401,4.060683187373895,117.8,,90.0,20,200.0,3,0.375,0.0,30.0,90.0,0.0,80.0,0.0,SJF,0.3503167261881977,35.03167261881977
639,5.536378557077692,5.636378557077691,6,0.0032373000889752,8.028542456511322e-06,1.9661539230769232,11.68514704777291,108.3076923076923,,60.0,13,130.0,3,0.375,10.0,10.0,70.0,0.0,40.0,0.0,SJF,0.32448138095975615,32.448138095975615
640,5.545056266414805,5.645056266414804,11,0.0026537694033772,3.8101218959204576e-06,1.3114466326530612,19.551851999527734,118.44897959183672,,110.0,49,490.0,4,0.5,0.0,130.0,190.0,10.0,160.0,0.0,SJF,0.41148594415851625,41.148594415851626
641,5.553733975751917,5.6537339757519165,7,0.0017762302480832,1.600833057047172e-07,2.1699147272727277,18.896222341225617,113.54545454545456,,70.0,11,110.0,2,0.25,0.0,10.0,40.0,10.0,50.0,0.0,SJF,0.3583932527322653,35.83932527322653
642,5.562411685089029,5.662411685089029,9,0.0054073344665265,4.629988508760068e-07,1.292779,4.572781279055077,114.35714285714286,,90.0,14,140.0,3,0.375,0.0,30.0,50.0,10.0,50.0,0.0,SJF,0.3506128679327574,35.06128679327574
643,5.571089394426141,5.671089394426141,7,0.0028102090024301,5.895734959477031e-06,1.2711545416666663,5.01010698347365,117.25,,70.0,24,240.0,4,0.5,0.0,80.0,100.0,0.0,60.0,0.0,SJF,0.32233876977459675,32.23387697745967
644,5.5797671037632535,5.679767103763253,10,0.0031857533367465,9.358289197779332e-06,4.635810222222222,54.08709888919313,118.22222222222224,,100.0,18,180.0,4,0.5,0.0,40.0,80.0,0.0,60.0,0.0,SJF,0.3805840057079468,38.05840057079468
645,5.588444813100366,5.688444813100365,0,,0.0,,0.0,,,0.0,0,0.0,0,0.0,0.0,0.0,0.0,0.0,0.0,0.0,RR,0.46263451357794594,46.263451357794594
646,5.597122522437479,5.697122522437478,9,0.0062393501180767,3.562511948975954e-06,0.7779586923076922,1.2831353024028616,118.42307692307692,,90.0,26,260.0,4,0.5,0.0,90.0,90.0,10.0,70.0,0.0,SJF,0.3499472928853541,34.99472928853541
647,5.605800231774591,5.705800231774591,5,0.0020912658254092,7.530852595970279e-07,4.122643249999999,19.28089665712336,117.25,,50.0,8,80.0,4,0.5,0.0,20.0,40.0,0.0,20.0,0.0,SJF,0.3467558835597113,34.67558835597113
648,5.614477941111703,5.714477941111703,9,0.002517641110519,5.279137644815416e-06,1.866126375,6.627454759155316,115.6875,,90.0,16,160.0,4,0.5,0.0,30.0,60.0,10.0,60.0,0.0,SJF,0.35840638699505895,35.840638699505895
649,5.623155650448815,5.723155650448815,9,0.0015236238845177,6.431233471826682e-06,1.7382333783783783,14.042421504988743,118.62162162162164,,90.0,37,370.0,4,0.5,0.0,90.0,160.0,10.0,110.0,0.0,SJF,0.3901026734287031,39.01026734287031
650,5.631833359785928,5.731833359785927,4,0.0003208567140724,4.519669666959968e-08,3.883559,32.85400264301121,120.0,,40.0,6,60.0,2,0.25,0.0,10.0,20.0,0.0,30.0,0.0,SJF,0.3311178586948881,33.111785869488806
651,5.640511069123041,5.74051106912304,7,0.0051609153055307,3.681416624194942e-06,0.9236178928571428,1.7133329739425434,118.42857142857144,,70.0,28,280.0,4,0.5,30.0,70.0,140.0,0.0,40.0,0.0,SJF,0.32179359727046275,32.179359727046275
652,5.649188778460153,5.7491887784601525,10,0.0034454274398471,4.706658409381183e-06,0.7651138837209303,1.3108798809004862,118.95348837209302,,100.0,43,430.0,4,0.5,10.0,130.0,160.0,20.0,110.0,0.0,SJF,0.3568094429125288,35.68094429125288
653,5.657866487797265,5.757866487797265,7,0.0022707719170205,2.8308289103865543e-08,7.518489545454545,123.03715664848188,116.0,,70.0,11,110.0,4,0.5,0.0,20.0,50.0,0.0,40.0,0.0,SJF,0.3522812084043401,35.22812084043401
654,5.666544197134377,5.766544197134377,0,,0.0,,0.0,,,0.0,0,0.0,0,0.0,0.0,0.0,0.0,0.0,0.0,0.0,RR,0.46263451357794594,46.263451357794594
655,5.6752219064714895,5.775221906471489,5,0.0016686537285107,2.0950775666051765e-06,2.417924071428572,18.40893376640345,119.92857142857144,,50.0,14,140.0,3,0.375,0.0,40.0,50.0,10.0,40.0,0.0,SJF,0.3452212333576889,34.52212333576889
656,5.683899615808603,5.783899615808602,8,0.0050370354413973,1.2834043617371626e-05,0.9972049333333334,1.1995523596172093,117.13333333333334,,80.0,15,150.0,4,0.5,0.0,40.0,50.0,10.0,50.0,0.0,SJF,0.3485449170835346,34.85449170835346
657,5.692577325145715,5.792577325145714,11,0.003164031581558,1.3653420581221217e-05,0.915684,3.119829537102317,117.86666666666666,,110.0,45,450.0,4,0.5,0.0,60.0,90.0,30.0,270.0,0.0,SJF,0.3802153999939187,38.02153999939187
658,5.701255034482827,5.801255034482827,11,0.0030444896080822,8.173206320589168e-06,0.5729592909090909,0.8655715677775434,118.56363636363636,,110.0,55,550.0,4,0.5,0.0,80.0,90.0,30.0,350.0,0.0,SJF,0.3802153999939187,38.02153999939187
659,5.709932743819939,5.809932743819939,11,0.0012050853618789,5.926752429999289e-07,0.6074168421052631,1.9333765519442068,116.73684210526316,,110.0,57,570.0,4,0.5,10.0,40.0,60.0,130.0,330.0,0.0,SJF,0.3802153999939187,38.02153999939187
660,5.718610453157051,5.818610453157051,12,0.0026328170929486,5.314151008964958e-06,0.7155984716981132,3.2438442733494472,116.49056603773585,,120.0,53,530.0,4,0.5,10.0,60.0,130.0,10.0,320.0,0.0,SJF,0.3950742908743124,39.50742908743124
661,5.727288162494164,5.827288162494163,22,0.004133816733109,5.772976236272072e-06,0.4211854776119403,0.268515013922435,117.71641791044776,,220.0,67,670.0,4,0.5,0.0,100.0,160.0,50.0,360.0,0.0,SJF,0.4183366181620626,41.83366181620626
662,5.735965871831277,5.835965871831276,14,0.0017513579544375,6.248231552264792e-06,1.2400036279069766,5.469495263416238,118.30232558139537,,140.0,43,430.0,4,0.5,0.0,50.0,200.0,0.0,180.0,0.0,SJF,0.396341883658725,39.634188365872504
663,5.744643581168389,5.844643581168389,8,0.005326787581611,3.5371335760691533e-06,1.3031745714285714,4.015846401054557,117.9047619047619,,80.0,21,210.0,4,0.5,0.0,60.0,90.0,0.0,60.0,0.0,SJF,0.3489143503863783,34.89143503863783
664,5.753321290505501,5.853321290505501,15,0.0049640126944989,6.301986763776922e-06,1.022449282051282,3.721026273980944,117.3846153846154,,150.0,39,390.0,4,0.5,0.0,90.0,160.0,10.0,130.0,0.0,SJF,0.4024536737282366,40.24536737282366
665,5.761998999842613,5.861998999842613,4,0.0023811541573866,4.081337345979891e-07,5.061119833333334,37.35995273086177,116.33333333333331,,40.0,6,60.0,3,0.375,0.0,10.0,30.0,0.0,20.0,0.0,SJF,0.33133801241058547,33.13380124105855
666,5.7706767091797255,5.870676709179725,8,0.0025047793202744,3.0251813574247047e-06,0.7509778064516128,0.9254073087927608,122.25806451612904,,80.0,31,310.0,3,0.375,10.0,70.0,80.0,30.0,120.0,0.0,SJF,0.3485449170835346,34.85449170835346
667,5.779354418516839,5.879354418516838,21,0.0025855345307805,5.123572456473246e-06,0.7869133472222223,6.179153064604453,110.18055555555556,,210.0,72,720.0,5,0.625,100.0,60.0,320.0,20.0,220.0,0.0,SJF,0.4203176171451777,42.03176171451777
668,5.788032127853951,5.888032127853951,11,0.0033838546005947,1.2967301703547246e-05,1.2530152142857145,3.838213408155284,113.07142857142856,,110.0,28,280.0,4,0.5,20.0,30.0,130.0,10.0,90.0,0.0,SJF,0.3805848332967624,38.05848332967624
669,5.796709837191063,5.896709837191063,36,0.0043175938922703,6.261511801720187e-06,0.2640017947019867,0.2790623255283109,95.18543046357615,,360.0,151,1510.0,5,0.625,390.0,80.0,580.0,80.0,380.0,0.0,SJF,0.4101975684967375,41.01975684967375
670,5.805387546528175,5.905387546528175,38,0.0037461120770878,3.6603066885159215e-06,0.7644390707964601,6.50987815734153,110.01769911504424,,380.0,113,1130.0,6,0.75,30.0,90.0,350.0,120.0,540.0,0.0,SJF,0.4123637563796281,41.23637563796281
671,5.814065255865287,5.914065255865287,15,0.0045105958680459,4.469750100628608e-06,0.4087492463768116,0.8712637626474531,114.5072463768116,,150.0,69,690.0,4,0.5,0.0,50.0,110.0,210.0,320.0,0.0,SJF,0.4021799205030373,40.21799205030373
672,5.8227429652024005,5.9227429652024,23,0.0037400146236863,7.420956390697144e-06,0.6194517090909091,1.0135360288970243,116.10909090909092,,230.0,55,550.0,4,0.5,0.0,80.0,190.0,30.0,240.0,10.0,SJF,0.41346947201252326,41.34694720125233
673,5.831420674539513,5.931420674539512,19,0.0021325523025926,3.952315182757426e-06,2.2701228113207548,46.22981907288762,112.45283018867924,,190.0,53,530.0,6,0.75,10.0,80.0,240.0,10.0,190.0,0.0,SJF,0.43727053469783705,43.727053469783705
674,5.840098383876625,5.940098383876625,9,0.0025427190122638,1.2326165611915952e-05,0.9536979,2.207135296351148,119.9,,90.0,20,200.0,4,0.5,10.0,10.0,60.0,20.0,100.0,0.0,SJF,0.3499472928853541,34.99472928853541
675,5.848776093213737,5.948776093213737,14,0.0031257011434057,6.717253641769785e-06,0.878112,2.941861927645529,116.4423076923077,,140.0,52,520.0,4,0.5,20.0,120.0,260.0,0.0,120.0,0.0,SJF,0.39702849874377044,39.702849874377044
676,5.857453802550849,5.957453802550849,11,0.0044035860855142,1.0186730815068323e-05,0.9369421935483871,1.9707314119371613,118.58064516129032,,110.0,31,310.0,4,0.5,0.0,100.0,120.0,10.0,80.0,0.0,SJF,0.3802153999939187,38.02153999939187
677,5.866131511887962,5.966131511887961,13,0.0024168110351153,2.253393859313081e-06,4.825847078947369,209.52110691345007,108.28947368421052,,130.0,38,380.0,6,0.75,20.0,20.0,170.0,20.0,150.0,0.0,SJF,0.4460558451854636,44.60558451854636
678,5.874809221225075,5.974809221225074,7,0.0047703746320681,1.2107073449092656e-07,1.1851958,8.7165668082875,118.36,,70.0,25,250.0,4,0.5,0.0,70.0,90.0,10.0,80.0,0.0,SJF,0.3290778933790651,32.907789337906515
679,5.883486930562187,5.9834869305621865,7,0.0026746815806703,6.334214745324336e-06,1.1078105555555555,3.860753842274027,111.51851851851852,,70.0,27,270.0,3,0.375,50.0,40.0,130.0,0.0,50.0,0.0,SJF,0.3221630305733065,32.21630305733065
680,5.892164639899299,5.992164639899299,13,0.0037306381776239,2.982518948364648e-06,1.0955469333333334,2.006611506826478,114.16666666666669,,130.0,30,300.0,4,0.5,10.0,50.0,120.0,20.0,100.0,0.0,SJF,0.4030651809775221,40.30651809775221
681,5.900842349236411,6.000842349236411,12,0.0037126485135888,4.8749956906140965e-06,0.8114333913043478,2.555235802700999,114.71739130434784,,120.0,46,460.0,4,0.5,50.0,80.0,180.0,50.0,100.0,0.0,SJF,0.3950742908743124,39.50742908743124
682,5.909520058573524,6.009520058573523,9,0.0021740189820321,4.6265076965391005e-06,1.0776167586206895,2.3878992511431893,118.20689655172414,,90.0,29,290.0,4,0.5,0.0,80.0,120.0,0.0,90.0,0.0,SJF,0.3499472928853541,34.99472928853541
683,5.918197767910637,6.018197767910636,10,0.0027822035893635,3.4842082273943865e-06,2.20697135,11.430012264781608,110.7,,100.0,20,200.0,4,0.5,10.0,40.0,90.0,0.0,60.0,0.0,SJF,0.367643347069283,36.764334706928295
684,5.926875477247749,6.026875477247748,13,0.0051343962137896,4.921406780664503e-06,0.5483221081081081,0.6714283269523214,116.0,,130.0,37,370.0,5,0.625,0.0,90.0,120.0,30.0,130.0,0.0,SJF,0.4030651809775221,40.30651809775221
685,5.935553186584861,6.035553186584861,10,0.001236029915139,3.011346262805878e-06,13.958854043478262,1378.4857688794618,110.1304347826087,,100.0,23,230.0,6,0.75,0.0,70.0,110.0,0.0,50.0,0.0,SJF,0.5464445111764621,54.644451117646206
686,5.944230895921973,6.044230895921973,3,0.0026626434113602,4.9312062886301234e-08,5.871473142857143,53.22489065004381,99.42857142857144,,30.0,7,70.0,3,0.375,10.0,0.0,40.0,0.0,20.0,0.0,SJF,0.33718236899323323,33.71823689932332
687,5.952908605259085,6.052908605259085,4,0.0059094652409146,4.427001442438612e-08,0.9938229000000002,3.176287293813656,105.8,,40.0,10,100.0,2,0.25,10.0,20.0,40.0,0.0,30.0,0.0,SJF,0.30820371509443695,30.820371509443696
688,5.961586314596198,6.061586314596197,12,0.0029587351538023,2.3707531845024737e-06,1.239369,3.2773834158205597,110.65384615384616,,120.0,26,260.0,4,0.5,10.0,60.0,100.0,10.0,80.0,0.0,SJF,0.3950742908743124,39.50742908743124
689,5.970264023933311,6.07026402393331,12,0.0024528182333559,4.228776332458744e-06,1.9422756538461536,19.57796923935472,115.57692307692308,,120.0,26,260.0,4,0.5,10.0,60.0,110.0,0.0,80.0,0.0,SJF,0.42362920582289826,42.362920582289824
690,5.978941733270423,6.078941733270423,5,0.0022236499295772,7.18584278492544e-06,0.7385389473684211,2.532314378700159,118.13157894736842,,50.0,38,380.0,3,0.375,0.0,150.0,150.0,0.0,80.0,0.0,SJF,0.30820371509443695,30.820371509443696
691,5.987619442607535,6.087619442607535,7,0.0039517083924648,3.0202163030874217e-06,1.3815277222222224,2.810228683827272,108.77777777777776,,70.0,18,180.0,4,0.5,10.0,50.0,80.0,10.0,30.0,0.0,SJF,0.32179359727046275,32.179359727046275
692,5.996297151944647,6.096297151944647,14,0.0047179683410668,1.097220493593837e-05,1.5899621363636365,3.995678799251362,115.36363636363636,,140.0,22,220.0,4,0.5,0.0,30.0,90.0,20.0,80.0,0.0,SJF,0.3973979320466141,39.73979320466141
693,6.00497486128176,6.104974861281759,18,0.0024483163849071,2.6022742431304006e-06,1.1595584772727272,13.858441312751513,116.5,,180.0,44,440.0,4,0.5,0.0,110.0,160.0,0.0,170.0,0.0,SJF,0.44245519170357483,44.24551917035748
694,6.013652570618873,6.113652570618872,7,0.0020351055239844,4.891997737142176e-06,1.3572561818181816,6.172321296137775,118.0,,70.0,22,220.0,3,0.375,0.0,60.0,120.0,0.0,40.0,0.0,SJF,0.3270647451992522,32.70647451992522
695,6.022330279955985,6.122330279955984,10,0.0045002801440152,8.424121275560484e-06,1.3594530625,4.265117818434196,118.0,,100.0,16,160.0,3,0.375,20.0,40.0,60.0,10.0,30.0,0.0,SJF,0.3571788762153724,35.717887621537244
696,6.031007989293097,6.131007989293097,17,0.0026314782363147,4.422157618017183e-06,0.4199262727272727,0.2829315488299377,116.87012987012989,,170.0,77,770.0,4,0.5,50.0,190.0,360.0,40.0,130.0,0.0,SJF,0.40928643228013906,40.928643228013904
697,6.039685698630209,6.139685698630209,10,0.0021682102697908,7.503418161594317e-06,1.3086443235294118,3.549125181072711,115.0,,100.0,34,340.0,4,0.5,20.0,90.0,190.0,0.0,40.0,0.0,SJF,0.3572605643203,35.72605643203
698,6.048363407967321,6.148363407967321,12,0.0035584168660121,2.392647198644036e-06,0.7281072272727273,1.3118392487773427,115.77272727272728,,120.0,44,440.0,4,0.5,30.0,100.0,230.0,0.0,80.0,0.0,SJF,0.3950742908743124,39.50742908743124
699,6.0570411173044345,6.157041117304434,28,0.0047751563027083,5.330942652939781e-06,0.3879091447368421,0.2106384892424987,111.90789473684212,,280.0,76,760.0,4,0.5,0.0,140.0,180.0,60.0,380.0,0.0,SJF,0.4078576763329254,40.785767633292544
700,6.065718826641547,6.165718826641546,24,0.0031937361501199,6.231345086745574e-06,9.887685473684211,2303.854413750361,115.7719298245614,,240.0,57,570.0,6,0.75,10.0,40.0,200.0,70.0,250.0,0.0,SJF,0.6205150434752429,62.051504347524286
701,6.074396535978659,6.174396535978659,23,0.0026314234561237,6.096224091735455e-06,0.49877496,0.4214829431628147,115.72,,230.0,50,500.0,3,0.375,10.0,40.0,130.0,50.0,270.0,0.0,SJF,0.41346947201252326,41.34694720125233
702,6.083074245315771,6.183074245315771,30,0.0035461202508955,7.157220229797806e-06,0.5392488555555556,3.433283318358193,117.16666666666669,,300.0,90,900.0,4,0.5,10.0,70.0,260.0,160.0,400.0,0.0,SJF,0.41047132172193684,41.047132172193685
703,6.091751954652883,6.191751954652883,26,0.004729210731732,8.244283017593805e-06,0.4403231016949152,1.0503240722539895,115.67796610169492,,260.0,59,590.0,3,0.375,0.0,90.0,160.0,40.0,300.0,0.0,SJF,0.41896542635042183,41.89654263504218
704,6.100429663989996,6.200429663989995,36,0.0037607617322266,9.303084080491624e-06,0.3419583375,0.2609706448560999,119.2125,,360.0,80,800.0,4,0.5,0.0,20.0,180.0,120.0,480.0,0.0,SJF,0.4101975684967375,41.01975684967375
705,6.109107373327109,6.209107373327108,24,0.0023036485478913,4.102087255649918e-06,0.5399406582278481,0.846075724521869,119.83544303797468,,240.0,79,790.0,4,0.5,20.0,90.0,260.0,70.0,350.0,0.0,SJF,0.4131270486772409,41.312704867724094
706,6.117785082664221,6.2177850826642205,7,0.002820785335779,2.9874307913661533e-06,2.7676178421052637,33.99337787937237,117.6842105263158,,70.0,19,190.0,4,0.5,10.0,40.0,90.0,0.0,50.0,0.0,SJF,0.3443930463034966,34.43930463034966
707,6.126462792001333,6.226462792001333,4,0.0023605389986669,5.762515363685658e-07,2.310156214285714,18.73012409956156,109.85714285714286,,40.0,14,140.0,3,0.375,10.0,40.0,60.0,0.0,30.0,0.0,SJF,0.3467558835597113,34.67558835597113
708,6.135140501338445,6.235140501338445,4,0.0031237929115546,7.580469797569754e-06,2.763943888888889,36.86764334877916,119.88888888888889,,40.0,18,180.0,3,0.375,0.0,60.0,70.0,0.0,50.0,0.0,SJF,0.3311178586948881,33.111785869488806
709,6.143818210675557,6.243818210675557,4,0.0031207318244426,3.033713499624983e-06,12.71148475,406.78568213964553,120.0,,40.0,4,40.0,2,0.25,0.0,10.0,20.0,0.0,10.0,0.0,SJF,0.4940923193169642,49.40923193169642
710,6.152495920012671,6.25249592001267,5,0.0063668275873292,5.164505527535373e-06,1.849348875,4.861221735552124,117.25,,50.0,8,80.0,3,0.375,0.0,30.0,40.0,0.0,10.0,0.0,SJF,0.30874888759857083,30.874888759857082
711,6.161173629349783,6.261173629349782,18,0.0057439405946617,8.11639054576891e-06,0.4070916136363636,0.1660697512818705,117.4318181818182,,180.0,44,440.0,3,0.375,0.0,110.0,150.0,30.0,150.0,0.0,SJF,0.40460030818780496,40.460030818780496
712,6.169851338686895,6.269851338686895,23,0.0020687244435398,2.050545589164776e-06,0.4778505396825397,1.0908043209798006,112.7936507936508,,230.0,63,630.0,3,0.375,60.0,60.0,230.0,30.0,250.0,0.0,SJF,0.41346947201252326,41.34694720125233
713,6.178529048024007,6.278529048024007,16,0.0044738661634929,6.8767290488779565e-06,0.4482986111111111,0.6396641851677137,113.62962962962963,,160.0,54,540.0,3,0.375,40.0,90.0,160.0,80.0,170.0,0.0,SJF,0.40822418707477015,40.82241870747701
714,6.187206757361119,6.287206757361119,21,0.0034246935912615,5.303253957309864e-06,0.4779990632911393,1.4780259985570088,118.60759493670886,,210.0,79,790.0,4,0.5,20.0,150.0,310.0,40.0,270.0,0.0,SJF,0.4166224490944978,41.66224490944978
715,6.195884466698232,6.295884466698231,42,0.0030551984684351,5.77621129624934e-06,0.2464237421875,0.1142447872464448,115.546875,,420.0,128,1280.0,4,0.5,20.0,90.0,230.0,190.0,750.0,0.0,SJF,0.4101975684967375,41.01975684967375
716,6.204562176035345,6.304562176035344,10,0.0030012379646552,8.692923440334058e-06,0.344138179245283,1.0750028247139582,119.311320754717,,100.0,106,1060.0,4,0.5,10.0,50.0,100.0,0.0,900.0,0.0,SJF,0.3568094429125288,35.68094429125288
717,6.213239885372457,6.3132398853724565,15,0.0028809212942098,4.250286529482337e-06,0.3087688620689655,0.4269280684893199,117.10344827586206,,150.0,116,1160.0,4,0.5,30.0,90.0,170.0,30.0,840.0,0.0,SJF,0.4021799205030373,40.21799205030373
718,6.221917594709569,6.321917594709569,14,0.0033696202190023,5.55660694434633e-06,0.3219564077669903,0.8489075012779693,117.64077669902912,,140.0,103,1030.0,4,0.5,20.0,40.0,90.0,20.0,860.0,0.0,SJF,0.39702849874377044,39.702849874377044
719,6.230595304046681,6.330595304046681,17,0.0031817370121424,6.603204244087165e-06,0.3466537741935484,0.5064709153870461,118.76344086021506,,170.0,93,930.0,4,0.5,0.0,80.0,110.0,20.0,720.0,0.0,SJF,0.40928643228013906,40.928643228013904
720,6.2392730133837935,6.339273013383793,9,0.0011936738384287,3.2253993132897937e-06,0.9412322765957446,7.39074684127042,119.48936170212764,,90.0,47,470.0,4,0.5,0.0,60.0,100.0,0.0,310.0,0.0,SJF,0.35746455456584086,35.74645545658409
721,6.247950722720907,6.347950722720906,8,0.0016862539040936,6.092499028373355e-06,2.131114666666667,17.93642583615595,117.2,,80.0,15,150.0,3,0.375,10.0,30.0,60.0,0.0,50.0,0.0,SJF,0.37148123780208897,37.1481237802089
722,6.256628432058019,6.356628432058018,9,0.0032426882753146,1.225194985317778e-05,0.9670435263157894,2.049367686039445,117.10526315789474,,90.0,38,380.0,4,0.5,20.0,110.0,180.0,0.0,70.0,0.0,SJF,0.3499472928853541,34.99472928853541
723,6.265306141395131,6.365306141395131,11,0.0037648265139599,5.291447880028724e-06,1.1125153529411764,4.545729585125812,118.02941176470588,,110.0,34,340.0,4,0.5,0.0,100.0,150.0,0.0,90.0,0.0,SJF,0.3799677174137397,37.99677174137397
724,6.273983850732243,6.373983850732243,6,0.0038335077677566,4.973439898633447e-06,1.895434055555556,5.900500329690173,117.55555555555556,,60.0,18,180.0,4,0.5,10.0,40.0,90.0,0.0,40.0,0.0,SJF,0.3134732426574923,31.347324265749233
725,6.282661560069355,6.382661560069355,8,0.0040334635556446,4.758693615574771e-06,1.838246476190476,21.38940282235377,118.95238095238096,,80.0,21,210.0,4,0.5,0.0,50.0,110.0,0.0,50.0,0.0,SJF,0.37905199160709385,37.90519916070939
726,6.2913392694064685,6.391339269406468,6,0.0021328114268646,6.779410315770279e-06,2.4632778,17.02709184271417,110.53333333333332,,60.0,15,150.0,3,0.375,10.0,50.0,60.0,10.0,20.0,0.0,SJF,0.32349384517805985,32.34938451780599
727,6.300016978743581,6.40001697874358,11,0.0056075785291465,7.787939725358193e-06,1.384362619047619,3.844885068517848,112.85714285714286,,110.0,21,210.0,4,0.5,0.0,30.0,80.0,20.0,80.0,0.0,SJF,0.3805848332967624,38.05848332967624
728,6.308694688080693,6.4086946880806925,10,0.004328069719307,5.769662191377812e-06,1.070165888888889,2.502103548672257,112.66666666666669,,100.0,27,270.0,4,0.5,10.0,60.0,110.0,10.0,80.0,0.0,SJF,0.3568094429125288,35.68094429125288
729,6.317372397417805,6.417372397417805,11,0.0036408812185585,7.591708326242601e-06,1.410479625,5.83544101288607,117.08333333333331,,110.0,24,240.0,5,0.625,0.0,50.0,90.0,20.0,80.0,0.0,SJF,0.38011702211735793,38.011702211735795
730,6.326050106754917,6.426050106754917,9,0.0017924370228604,4.769175400784895e-06,57.41358005263158,26099.070503593797,115.21052631578948,,90.0,19,190.0,6,0.75,0.0,30.0,90.0,0.0,70.0,0.0,SJF,0.5357475390762335,53.574753907623354
731,6.3347278160920295,6.434727816092029,4,0.0064415041579706,2.2544404568289217e-07,1.1714479,6.538469083820099,120.0,,40.0,10,100.0,2,0.25,0.0,30.0,30.0,0.0,40.0,0.0,SJF,0.3159790820312143,31.597908203121428
732,6.343405525429143,6.443405525429142,11,0.0042363423890392,9.179691479425332e-06,1.779865,10.26730544120477,119.85185185185183,,110.0,27,270.0,4,0.5,0.0,40.0,110.0,20.0,100.0,0.0,SJF,0.3895454270977962,38.95454270977962
733,6.352083234766255,6.4520832347662544,6,0.0020349399004118,1.064360519266603e-05,1.5910655384615386,5.291118301330269,119.3846153846154,,60.0,13,130.0,3,0.375,0.0,30.0,40.0,10.0,50.0,0.0,SJF,0.31062628087977245,31.062628087977245
734,6.360760944103367,6.460760944103367,8,0.0040218071466329,7.532926022722603e-06,1.35326048,3.045568104378594,118.24,,80.0,25,250.0,4,0.5,0.0,70.0,130.0,0.0,50.0,0.0,SJF,0.3485449170835346,34.85449170835346
735,6.369438653440479,6.469438653440479,20,0.0031187398595206,1.681196690058243e-06,0.8193004090909092,1.6864237053428988,116.8409090909091,,200.0,44,440.0,4,0.5,0.0,70.0,150.0,20.0,200.0,0.0,SJF,0.41466816996714057,41.46681699671406
736,6.378116362777591,6.478116362777591,8,0.0029554119724086,2.623900808948565e-06,3.3893862142857145,22.07160596830188,118.42857142857144,,80.0,14,140.0,4,0.5,0.0,40.0,60.0,0.0,40.0,0.0,SJF,0.37905199160709385,37.90519916070939
737,6.3867940721147045,6.486794072114704,16,0.0060262932602955,3.509869330944015e-06,0.7793228787878788,4.250390504073548,114.6060606060606,,160.0,33,330.0,4,0.5,0.0,70.0,80.0,60.0,120.0,0.0,SJF,0.40841625219504185,40.84162521950419
738,6.395471781451817,6.495471781451816,8,0.0020023761731832,5.407345571262479e-06,1.22898128,3.78512347963771,118.24,,80.0,25,250.0,3,0.375,0.0,90.0,130.0,0.0,30.0,0.0,SJF,0.34899603849130584,34.899603849130585
739,6.404149490788929,6.504149490788929,9,0.0030216004332933,5.185615360989717e-06,2.619207916666667,18.65366034583921,116.375,,90.0,24,240.0,4,0.5,0.0,60.0,120.0,0.0,60.0,0.0,SJF,0.38735125346139054,38.73512534613906
740,6.412827200126041,6.512827200126041,3,0.0071414085406254,3.255068621125326e-07,0.821145875,1.2991993309735537,120.0,,30.0,8,80.0,2,0.25,0.0,30.0,30.0,0.0,20.0,0.0,SJF,0.30820371509443695,30.820371509443696
741,6.421504909463153,6.521504909463153,9,0.0031621366479577,6.836829235963308e-06,2.07659164,15.312452584982989,117.28,,90.0,25,250.0,4,0.5,0.0,70.0,110.0,0.0,70.0,0.0,SJF,0.388125857429085,38.8125857429085
742,6.4301826188002655,6.530182618800265,6,0.0032804863664011,4.748094734948584e-06,1.669043,6.544320087238572,117.25,,60.0,8,80.0,2,0.25,0.0,20.0,30.0,0.0,20.0,10.0,SJF,0.3179319964911404,31.79319964911404
743,6.438860328137379,6.538860328137378,10,0.0023100443626214,3.2369518852489387e-06,1.5792013636363635,9.12469324898899,117.1818181818182,,100.0,33,330.0,4,0.5,0.0,80.0,140.0,10.0,100.0,0.0,SJF,0.3641691909534864,36.41691909534864
744,6.447538037474491,6.5475380374744905,7,0.0023121756683664,9.112692180045197e-08,2.1960104,11.357061498273543,119.73333333333332,,70.0,15,150.0,3,0.375,0.0,30.0,70.0,0.0,50.0,0.0,SJF,0.3323976496945263,33.23976496945263
745,6.456215746811603,6.556215746811603,8,0.005546783063397,4.252523865386774e-06,0.8463794545454545,1.6022040878668804,117.93939393939394,,80.0,33,330.0,4,0.5,30.0,90.0,160.0,0.0,50.0,0.0,SJF,0.3485449170835346,34.85449170835346
746,6.464893456148715,6.564893456148715,7,0.0039181408512846,5.2566143520975885e-06,0.9007411538461538,1.638344979742456,118.3076923076923,,70.0,26,260.0,4,0.5,0.0,80.0,120.0,0.0,60.0,0.0,SJF,0.32179359727046275,32.179359727046275
747,6.4735711654858274,6.573571165485827,15,0.0025333179808392,5.631274565688401e-06,2.450650225806452,37.444205375887904,118.4516129032258,,150.0,31,310.0,4,0.5,0.0,60.0,130.0,0.0,120.0,0.0,SJF,0.42917692686973175,42.917692686973176
748,6.4822488748229405,6.58224887482294,5,0.0034791017770594,5.692570962821767e-06,4.322425428571429,30.806935949782616,120.0,,50.0,7,70.0,3,0.375,0.0,30.0,30.0,0.0,10.0,0.0,SJF,0.33202503728845206,33.20250372884521
749,6.490926584160053,6.590926584160052,4,0.0017043505899472,1.8186641413515482e-07,1.717299894736842,18.53014958929288,118.84210526315788,,40.0,19,190.0,2,0.25,0.0,60.0,70.0,0.0,60.0,0.0,SJF,0.3448817051332201,34.48817051332201
750,6.499604293497165,6.599604293497165,3,0.0063558948361685,1.6989936114224676e-06,5.772482666666666,61.05278400787233,107.33333333333331,,30.0,3,30.0,1,0.125,0.0,0.0,10.0,0.0,20.0,0.0,SJF,0.32921841454498074,32.92184145449807
751,6.508282002834277,6.608282002834277,10,0.0021596664657229,2.009774080918633e-06,2.327757904761905,24.32625979494079,117.57142857142856,,100.0,21,210.0,3,0.375,0.0,40.0,100.0,10.0,60.0,0.0,SJF,0.3893155451184068,38.93155451184068
752,6.516959712171389,6.616959712171389,4,0.0049410663286106,2.7712048411770337e-07,0.4190469,0.282790269350621,112.9,,40.0,20,200.0,2,0.25,10.0,60.0,80.0,0.0,50.0,0.0,SJF,0.30820371509443695,30.820371509443696
753,6.525637421508503,6.625637421508502,7,0.0042866383486403,6.677749072264114e-06,4.388755833333334,59.915960384483206,117.55555555555556,,70.0,18,180.0,4,0.5,0.0,60.0,90.0,0.0,30.0,0.0,SJF,0.3430000608852977,34.30000608852977
754,6.534315130845615,6.634315130845614,2,0.0033003611543849,9.46027635199797e-09,2.8724220000000003,14.959027833800002,125.0,,20.0,2,20.0,1,0.125,0.0,0.0,10.0,0.0,10.0,0.0,SJF,0.3461728394015433,34.61728394015433
755,6.542992840182727,6.642992840182727,6,0.0017562109839398,3.861941846351474e-06,1.9140686470588235,14.234794594414245,120.0,,60.0,17,170.0,3,0.375,0.0,50.0,70.0,0.0,50.0,0.0,SJF,0.3420047800678629,34.20047800678629
756,6.551670549519839,6.651670549519839,10,0.005473322880161,5.026723752818819e-06,2.82343225,51.87969137311209,114.15,,100.0,20,200.0,4,0.5,0.0,40.0,70.0,20.0,70.0,0.0,SJF,0.38045171483129053,38.04517148312905
757,6.560348258856951,6.660348258856951,7,0.0054724230001915,4.714945974939264e-06,2.9265321666666666,11.657381203418334,118.0,,70.0,12,120.0,3,0.375,0.0,30.0,60.0,0.0,30.0,0.0,SJF,0.33611834867585605,33.61183486758561
758,6.569025968194064,6.669025968194063,3,0.00319835213927,9.83332516623105e-08,0.649434,0.8482638688787143,120.0,,30.0,15,150.0,2,0.25,0.0,50.0,50.0,0.0,50.0,0.0,SJF,0.30820371509443695,30.820371509443696
759,6.577703677531177,6.677703677531176,6,0.0014922748021567,6.089712199745965e-07,2.695298272727273,14.410067784575016,115.54545454545456,,60.0,11,110.0,3,0.375,0.0,10.0,50.0,10.0,40.0,0.0,SJF,0.3420047800678629,34.20047800678629
760,6.586381386868289,6.686381386868288,14,0.0038124126317112,3.3764670612109464e-06,1.0985107777777776,3.339267384050179,115.8148148148148,,140.0,27,270.0,4,0.5,0.0,60.0,100.0,10.0,100.0,0.0,SJF,0.39702849874377044,39.702849874377044
761,6.595059096205401,6.695059096205401,5,0.0016887549945989,3.767820551969355e-06,2.5425644761904764,28.52564713197936,118.95238095238096,,50.0,21,210.0,4,0.5,0.0,70.0,90.0,0.0,50.0,0.0,SJF,0.32303555836906384,32.30355583690638
762,6.603736805542513,6.703736805542513,6,0.0037420632908202,4.871836458698655e-06,1.7883333529411765,8.886360000702743,114.88235294117646,,60.0,17,170.0,3,0.375,0.0,50.0,80.0,0.0,40.0,0.0,SJF,0.3176171692313171,31.76171692313171
763,6.612414514879625,6.712414514879625,2,4.8711620374231046e-05,3.3007812499304915e-11,8.937170333333333,65.93580463229033,120.0,,20.0,3,30.0,2,0.25,0.0,0.0,20.0,0.0,10.0,0.0,SJF,0.36954878308632877,36.95487830863288
764,6.6210922242167385,6.721092224216738,9,0.0043394107832614,9.51466051476475e-06,1.1093446111111112,3.872197370448187,119.38888888888889,,90.0,36,360.0,4,0.5,0.0,120.0,170.0,10.0,60.0,0.0,SJF,0.3503167261881977,35.03167261881977
765,6.629769933553851,6.72976993355385,6,0.0046528849461493,6.518145581706757e-06,2.9745690909090907,16.450793930997897,116.0,,60.0,11,110.0,4,0.5,0.0,40.0,50.0,0.0,20.0,0.0,SJF,0.3312778642224422,33.12778642224422
766,6.638447642890963,6.7384476428909625,4,0.001830791859037,1.3735817953423325e-07,4.086007,16.3047245245424,118.66666666666669,,40.0,6,60.0,3,0.375,0.0,10.0,30.0,0.0,20.0,0.0,SJF,0.33731619953306974,33.731619953306975
767,6.647125352228075,6.747125352228075,9,0.0024421683274804,4.293088372509442e-06,3.1071218260869564,30.935436395140595,118.30434782608695,,90.0,23,230.0,4,0.5,0.0,60.0,80.0,10.0,80.0,0.0,SJF,0.370063833508245,37.0063833508245
768,6.655803061565187,6.755803061565187,1,0.0082434984348127,0.0,0.564792,0.0,120.0,,10.0,1,10.0,1,0.125,10.0,0.0,0.0,0.0,0.0,0.0,SJF,0.30820371509443695,30.820371509443696
769,6.6644807709023,6.764480770902299,11,0.0034354480977005,4.748172188198925e-06,0.8499616052631579,1.8012117511560288,118.21052631578948,,110.0,38,380.0,4,0.5,20.0,90.0,190.0,0.0,80.0,0.0,SJF,0.3802153999939187,38.02153999939187
770,6.673158480239413,6.773158480239412,9,0.0028128018716985,6.349761223109125e-06,1.5023184594594594,10.602375863386698,118.8108108108108,,90.0,37,370.0,4,0.5,10.0,120.0,150.0,0.0,90.0,0.0,SJF,0.36462993888579925,36.46299388857992
771,6.681836189576525,6.7818361895765245,6,0.0057710907568084,7.197553685564006e-07,2.199936222222222,8.499713528320695,117.0,,60.0,9,90.0,3,0.375,0.0,30.0,40.0,0.0,20.0,0.0,SJF,0.31614294477009525,31.614294477009526
772,6.690513898913637,6.790513898913637,7,0.00411251222922,7.252131911818075e-06,2.38613535,16.04443397256224,116.7,,70.0,20,200.0,4,0.5,0.0,60.0,90.0,0.0,50.0,0.0,SJF,0.34864057648757085,34.86405764875708
773,6.699191608250749,6.799191608250749,11,0.0044956284765235,8.556977474857302e-06,470.53933108000007,5515606.96948964,115.92,,110.0,25,250.0,4,0.5,0.0,90.0,90.0,10.0,60.0,0.0,SJF,0.5621708182734659,56.21708182734659
774,6.707869317587861,6.807869317587861,11,0.0041138235030477,1.0015191564537638e-05,1.4966446538461535,4.957356392617595,114.0,,110.0,26,260.0,4,0.5,0.0,60.0,110.0,10.0,80.0,0.0,SJF,0.37963418631739626,37.96341863173963
775,6.716547026924975,6.816547026924974,9,0.0041024610750254,4.519794642447436e-07,0.988958346153846,2.3762525823727154,114.96153846153848,,90.0,26,260.0,4,0.5,10.0,50.0,110.0,20.0,70.0,0.0,SJF,0.3499472928853541,34.99472928853541
776,6.725224736262087,6.825224736262086,7,0.001782463452199,1.8915565034811845e-06,3.272447892857143,61.83798073778152,119.21428571428572,,70.0,28,280.0,4,0.5,0.0,80.0,120.0,0.0,80.0,0.0,SJF,0.3421088327281605,34.21088327281605
777,6.733902445599199,6.833902445599199,2,0.003124062400801,1.2872535040830644e-07,6.707526,76.88322403379999,120.0,,20.0,2,20.0,1,0.125,0.0,0.0,10.0,0.0,10.0,0.0,SJF,0.34006623491980487,34.006623491980484
778,6.742580154936311,6.842580154936311,4,0.0081088788136889,1.2084982583509706e-07,0.4840235,0.073004333347,120.0,,40.0,4,40.0,2,0.25,0.0,20.0,10.0,0.0,10.0,0.0,SJF,0.30820371509443695,30.820371509443696
779,6.751257864273423,6.851257864273423,6,0.0017038168932431,4.452834292993351e-06,4.0176875,62.11132446903943,119.9,,60.0,20,200.0,4,0.5,0.0,60.0,90.0,0.0,50.0,0.0,SJF,0.33376221936447353,33.37622193644735
780,6.759935573610536,6.859935573610536,2,0.0014028873894633,7.966249087999622e-07,8.649999999999999,109.1579956352,120.0,,20.0,2,20.0,1,0.125,0.0,0.0,10.0,0.0,10.0,0.0,SJF,0.38297430690828527,38.29743069082853
781,6.768613282947649,6.868613282947648,0,,0.0,,0.0,,,0.0,0,0.0,0,0.0,0.0,0.0,0.0,0.0,0.0,0.0,RR,0.46263451357794594,46.263451357794594
782,6.777290992284761,6.8772909922847605,20,0.0041253981652391,9.81907256680347e-06,1.1070206481481482,7.176559205146119,116.5925925925926,,200.0,54,540.0,4,0.5,10.0,140.0,200.0,20.0,170.0,0.0,SJF,0.4201819409820579,42.01819409820579
783,6.785968701621873,6.885968701621873,3,0.0039478580447938,1.121573802083312e-05,9.300876666666667,214.32958740660183,120.0,,30.0,6,60.0,3,0.375,0.0,20.0,30.0,0.0,10.0,0.0,SJF,0.4750359484686219,47.50359484686219
784,6.794646410958985,6.894646410958985,5,0.0062992322410146,1.1045475886125839e-07,1.1563541428571429,6.907772251343671,120.0,,50.0,14,140.0,3,0.375,0.0,60.0,60.0,0.0,20.0,0.0,SJF,0.31650394801985177,31.650394801985176
785,6.8033241202960975,6.903324120296097,7,0.0017624468467597,7.75288226368009e-06,2.5491597333333336,25.59076296427164,115.6,,70.0,15,150.0,3,0.375,0.0,30.0,50.0,0.0,70.0,0.0,SJF,0.33611942125853084,33.61194212585308
786,6.8120018296332105,6.91200182963321,5,0.0022703343667895,4.584432891124258e-07,4.757491333333333,46.69171705843026,118.33333333333331,,50.0,6,60.0,2,0.25,0.0,10.0,20.0,0.0,30.0,0.0,SJF,0.33244850513981333,33.24485051398133
787,6.820679538970323,6.920679538970322,6,0.0072356578630105,3.658080960055685e-06,1.694762,6.812044437723333,120.0,,60.0,7,70.0,4,0.5,0.0,30.0,20.0,10.0,10.0,0.0,SJF,0.3184568624797779,31.84568624797779
788,6.829357248307435,6.929357248307435,22,0.0044377325562013,6.175802191922345e-06,0.5487687868852459,0.6853895250893706,116.55737704918032,,220.0,61,610.0,4,0.5,10.0,70.0,60.0,180.0,290.0,0.0,SJF,0.4183366181620626,41.83366181620626
789,6.838034957644547,6.938034957644547,14,0.0026362301411671,4.800211727551124e-06,16.70815418,6164.922335233302,116.78,,140.0,50,500.0,6,0.75,0.0,50.0,110.0,120.0,220.0,0.0,SJF,0.5702822951098678,57.02822951098678
790,6.846712666981659,6.946712666981659,24,0.0049696350183405,4.445561461458906e-06,0.6366827636363637,1.2401331464575174,114.6,,240.0,55,550.0,4,0.5,10.0,90.0,190.0,40.0,220.0,0.0,SJF,0.4131270486772409,41.312704867724094
791,6.8553903763187725,6.955390376318772,14,0.0042253315383703,3.92988929937104e-06,1.2835063548387096,3.657112164300103,113.2258064516129,,140.0,31,310.0,4,0.5,0.0,60.0,130.0,10.0,110.0,0.0,SJF,0.3974796201515417,39.74796201515417
792,6.864068085655885,6.964068085655884,11,0.0045118784350244,4.794931801789207e-06,0.6688762727272728,1.1959286691048296,112.21212121212122,,110.0,33,330.0,4,0.5,40.0,50.0,150.0,10.0,80.0,0.0,SJF,0.3802153999939187,38.02153999939187
793,6.872745794992997,6.9727457949929965,11,0.0022817164615486,6.956297402019536e-06,1.205142162162162,2.5465497032105286,118.16216216216216,,110.0,37,370.0,4,0.5,0.0,110.0,160.0,0.0,100.0,0.0,SJF,0.3802153999939187,38.02153999939187
794,6.881423504330109,6.981423504330109,11,0.0037132400335274,5.230976843320543e-06,1.19688336,3.029117848466907,115.64,,110.0,25,250.0,4,0.5,0.0,70.0,90.0,10.0,80.0,0.0,SJF,0.3802153999939187,38.02153999939187
795,6.890101213667221,6.990101213667221,8,0.0023493435827786,3.1664233975675743e-06,3.0936666500000003,29.9123817707154,110.7,,80.0,20,200.0,4,0.5,10.0,40.0,100.0,0.0,50.0,0.0,SJF,0.36870066364305537,36.870066364305536
796,6.898778923004334,6.998778923004334,6,0.0053889906623324,1.154857423625002e-06,0.8708833199999999,3.42385056250156,112.04,,60.0,25,250.0,3,0.375,10.0,60.0,110.0,10.0,60.0,0.0,SJF,0.31060775096213433,31.060775096213433
797,6.907456632341447,7.007456632341446,7,0.0029083278014105,1.2494724416362306e-05,1.6242708999999995,8.391127992836765,117.8,,70.0,10,100.0,2,0.25,0.0,20.0,30.0,10.0,40.0,0.0,SJF,0.3277799124861951,32.77799124861951
798,6.916134341678559,7.016134341678558,12,0.0027080254047745,5.370643444769929e-06,2.284274161290323,15.24806972444914,116.2258064516129,,120.0,31,310.0,4,0.5,0.0,60.0,140.0,10.0,100.0,0.0,SJF,0.42302030990845735,42.302030990845736
799,6.924812051015671,7.024812051015671,4,0.0065795477343288,7.257508702711381e-07,0.79514975,1.3268499064727857,120.0,,40.0,8,80.0,2,0.25,0.0,30.0,20.0,10.0,20.0,0.0,SJF,0.30820371509443695,30.820371509443696
800,6.933489760352783,7.033489760352783,9,0.0032651036472167,9.199983278521764e-06,1.442665304347826,3.897994407406221,118.08695652173913,,90.0,23,230.0,4,0.5,0.0,60.0,90.0,0.0,80.0,0.0,SJF,0.3503167261881977,35.03167261881977
801,6.942167469689895,7.042167469689895,8,0.0021487709351047,1.333108547250688e-06,2.032675875,9.054886383955584,116.625,,80.0,16,160.0,4,0.5,0.0,40.0,80.0,0.0,40.0,0.0,SJF,0.3560054567604886,35.60054567604886
802,6.9508451790270085,7.050845179027008,8,0.0016713222229913,3.132111986054226e-07,1.1570614838709676,5.040184648194793,119.29032258064515,,80.0,31,310.0,4,0.5,0.0,100.0,130.0,0.0,80.0,0.0,SJF,0.3490900895876685,34.909008958766854
803,6.959522888364121,7.05952288836412,6,0.0017888796358792,2.160492759049048e-06,1.3927067272727274,10.30675099475514,113.27272727272728,,60.0,33,330.0,4,0.5,40.0,80.0,180.0,20.0,10.0,0.0,SJF,0.3201036884436978,32.01036884436978
804,6.968200597701233,7.0682005977012325,7,0.0048221375844814,1.1462806936330934e-05,1.7137649285714285,4.749313699678686,117.0,,70.0,14,140.0,3,0.375,0.0,40.0,40.0,30.0,30.0,0.0,SJF,0.32233876977459675,32.23387697745967
805,6.976878307038345,7.076878307038345,18,0.0042289327394327,5.38871731455289e-06,0.5765172295081966,1.4441558686689469,115.22950819672133,,180.0,61,610.0,4,0.5,80.0,140.0,190.0,110.0,90.0,0.0,SJF,0.40460030818780496,40.460030818780496
806,6.985556016375457,7.085556016375457,17,0.0032236406833662,4.474497522609653e-06,0.4513449345794392,2.492225423973477,113.8785046728972,,170.0,107,1070.0,4,0.5,210.0,270.0,290.0,210.0,90.0,0.0,SJF,0.40928643228013906,40.928643228013904
807,6.99423372571257,7.09423372571257,7,0.0036836748588582,1.2020115517710096e-05,0.1296489448818897,0.1157789976974651,114.15748031496064,,70.0,127,1270.0,3,0.375,300.0,320.0,330.0,300.0,20.0,0.0,SJF,0.32179359727046275,32.179359727046275
808,7.002911435049683,7.102911435049682,10,0.0020262860503173,4.323555370414336e-06,0.3302855109489051,1.806964735587752,115.63503649635037,,100.0,137,1370.0,4,0.5,260.0,370.0,360.0,290.0,90.0,0.0,SJF,0.3568094429125288,35.68094429125288
809,7.011589144386795,7.1115891443867945,5,0.0010709570132052,3.81989457471481e-06,0.4828048431372549,12.998716244498866,115.07843137254902,,50.0,102,1020.0,3,0.375,230.0,260.0,270.0,250.0,10.0,0.0,SJF,0.33630282710512227,33.630282710512226
810,7.020266853723907,7.120266853723907,5,0.000823404276093,2.9169521765490225e-06,0.3079617211538462,1.9135896096336973,115.17307692307692,,50.0,104,1040.0,3,0.375,240.0,260.0,290.0,240.0,10.0,0.0,SJF,0.30820371509443695,30.820371509443696
811,7.028944563061019,7.128944563061019,7,0.0024781573675521,6.8691679114256e-06,0.1928438359375,0.546660390118359,115.78125,,70.0,128,1280.0,3,0.375,260.0,350.0,340.0,270.0,60.0,0.0,SJF,0.32179359727046275,32.179359727046275
812,7.037622272398131,7.137622272398131,9,0.0025627538240908,6.0659849483493325e-06,0.2656069504950495,1.0004287413297874,115.3069306930693,,90.0,101,1010.0,3,0.375,220.0,260.0,280.0,220.0,30.0,0.0,SJF,0.3499472928853541,34.99472928853541
813,7.0462999817352445,7.146299981735244,11,0.0033654652647553,2.9323599013938777e-06,1.151863,2.24024011139032,115.26923076923076,,110.0,26,260.0,4,0.5,0.0,70.0,100.0,10.0,80.0,0.0,SJF,0.3802153999939187,38.02153999939187
814,7.054977691072357,7.154977691072356,16,0.0015735725526432,2.519434206614722e-06,1.219278261904762,8.993052113613127,117.16666666666669,,160.0,42,420.0,4,0.5,10.0,100.0,150.0,10.0,150.0,0.0,SJF,0.4191311541636072,41.91311541636072
815,7.063655400409469,7.163655400409469,4,0.0024317453405311,1.692851790087291e-05,5.230329833333333,68.75906704523176,119.66666666666669,,40.0,6,60.0,3,0.375,0.0,10.0,30.0,0.0,20.0,0.0,SJF,0.3291620441503131,32.91620441503131
816,7.072333109746581,7.172333109746581,6,0.0034589447534189,8.35658512214033e-06,0.9709307391304348,2.258740314459747,118.08695652173913,,60.0,23,230.0,3,0.375,30.0,50.0,120.0,0.0,30.0,0.0,SJF,0.3101566295543631,31.01566295543631
817,7.081010819083693,7.181010819083693,13,0.0037351476855375,1.0909094193446756e-05,0.942402023809524,1.940054908940072,118.23809523809524,,130.0,42,420.0,4,0.5,0.0,120.0,130.0,30.0,140.0,0.0,SJF,0.4030651809775221,40.30651809775221
818,7.089688528420806,7.189688528420806,18,0.0049618419680825,8.584673271959473e-06,0.7581084318181819,1.188599098702437,111.5909090909091,,180.0,44,440.0,4,0.5,20.0,80.0,190.0,10.0,140.0,0.0,SJF,0.40460030818780496,40.460030818780496
819,7.098366237757919,7.198366237757918,13,0.0036694886266966,5.1747636108523e-06,0.5982500000000001,0.586807822214898,115.5,,130.0,50,500.0,4,0.5,10.0,40.0,240.0,20.0,190.0,0.0,SJF,0.4030651809775221,40.30651809775221
820,7.107043947095031,7.2070439470950305,14,0.0015431445478263,2.0557884886124777e-06,0.6518519615384615,0.9543259520109784,113.01923076923076,,140.0,52,520.0,4,0.5,10.0,50.0,230.0,20.0,210.0,0.0,SJF,0.39702849874377044,39.702849874377044
821,7.115721656432143,7.215721656432143,11,0.0025026682951296,9.637073291183389e-06,1.3757274333333334,4.838391766986531,115.23333333333332,,110.0,30,300.0,4,0.5,0.0,70.0,140.0,0.0,90.0,0.0,SJF,0.37963418631739626,37.96341863173963
822,7.124399365769255,7.224399365769255,8,0.0022839778557448,2.7924441674040897e-06,2.865276625,18.02367310985052,108.625,,80.0,16,160.0,4,0.5,10.0,10.0,70.0,10.0,60.0,0.0,SJF,0.37528256778711244,37.528256778711246
823,7.133077075106368,7.233077075106368,8,0.0047769908936315,6.655274421907856e-06,0.9928523529411764,3.861023639530174,117.58823529411764,,80.0,34,340.0,4,0.5,10.0,110.0,150.0,10.0,60.0,0.0,SJF,0.3489143503863783,34.89143503863783
824,7.1417547844434806,7.24175478444348,7,0.0050835238422336,6.985115752895903e-06,2.1945796428571427,10.83124859603486,115.42857142857144,,70.0,14,140.0,4,0.5,0.0,50.0,60.0,0.0,30.0,0.0,SJF,0.3331619921257225,33.31619921257225
825,7.150432493780593,7.250432493780592,11,0.0037471246739527,1.1418476090178142e-05,0.926263,3.4440229011686085,109.75,,110.0,24,240.0,4,0.5,0.0,30.0,70.0,0.0,140.0,0.0,SJF,0.38066652140169,38.066652140169
826,7.159110203117705,7.259110203117705,17,0.0023568190587657,5.38939676099615e-06,0.6925025573770492,1.770498548579084,117.11475409836063,,170.0,61,610.0,4,0.5,0.0,120.0,260.0,20.0,210.0,0.0,SJF,0.40928643228013906,40.928643228013904
827,7.167787912454817,7.267787912454817,13,0.003440982775952,7.738465229238517e-06,1.258001733333333,4.165989431479376,118.96666666666668,,130.0,30,300.0,4,0.5,10.0,30.0,120.0,20.0,120.0,0.0,SJF,0.4034346142803658,40.34346142803658
828,7.176465621791929,7.276465621791929,8,0.0035987894580706,7.476277406658884e-06,1.6905512083333332,6.1013347104489535,116.25,,80.0,24,240.0,4,0.5,0.0,70.0,120.0,0.0,50.0,0.0,SJF,0.3538298354309224,35.38298354309224
829,7.1851433311290425,7.285143331129042,12,0.0055375211209575,8.449318758799914e-06,0.8731921842105264,3.00602914498356,117.55263157894736,,120.0,38,380.0,4,0.5,0.0,110.0,140.0,10.0,120.0,0.0,SJF,0.3950742908743124,39.50742908743124
830,7.193821040466155,7.293821040466154,13,0.0044637965338452,5.707554623385444e-06,0.8762212758620691,3.221464446106564,117.17241379310344,,130.0,29,290.0,4,0.5,0.0,60.0,110.0,10.0,110.0,0.0,SJF,0.4030651809775221,40.30651809775221
831,7.202498749803267,7.302498749803266,18,0.0034382468078442,5.01497816242934e-06,0.4694756271186441,0.3397858814429275,118.1186440677966,,180.0,59,590.0,4,0.5,20.0,70.0,180.0,30.0,290.0,0.0,SJF,0.40460030818780496,40.460030818780496
832,7.211176459140379,7.311176459140379,14,0.0030896727167638,4.498130165511011e-06,0.8653053636363637,2.2637052852382835,116.75,,140.0,44,440.0,4,0.5,10.0,90.0,180.0,30.0,130.0,0.0,SJF,0.39702849874377044,39.702849874377044
833,7.219854168477491,7.319854168477491,19,0.0029915659961928,5.120798686472273e-06,0.7179858181818183,1.296406938457485,114.50909090909092,,190.0,55,550.0,4,0.5,10.0,100.0,160.0,80.0,200.0,0.0,SJF,0.40076686106167786,40.076686106167784
834,7.228531877814604,7.328531877814604,38,0.0046862895275009,5.069995686628552e-06,0.3434497160493827,0.2933780431233808,117.33333333333331,,380.0,81,810.0,4,0.5,10.0,60.0,220.0,80.0,430.0,10.0,SJF,0.4101975684967375,41.01975684967375
835,7.237209587151717,7.337209587151716,32,0.0022835691607833,3.335025322118094e-06,1.18087396,27.65965482978147,113.64,,320.0,100,1000.0,6,0.75,70.0,120.0,320.0,90.0,400.0,0.0,SJF,0.4397750831942255,43.97750831942255
836,7.245887296488829,7.345887296488828,9,0.0042348187333933,7.89228026034012e-06,1.2815033636363635,3.0758580739511947,114.72727272727272,,90.0,22,220.0,4,0.5,0.0,50.0,100.0,0.0,70.0,0.0,SJF,0.3499472928853541,34.99472928853541
837,7.254565005825941,7.354565005825941,19,0.0032286645951115,6.335300521565288e-06,0.6535544210526316,1.60687719444707,109.43859649122808,,190.0,57,570.0,4,0.5,70.0,80.0,220.0,40.0,160.0,0.0,SJF,0.40076686106167786,40.076686106167784
838,7.263242715163053,7.363242715163053,30,0.0042949035036134,6.839656322230708e-06,0.2195593868613138,0.2766167365619154,94.22627737226276,,300.0,137,1370.0,4,0.5,390.0,110.0,300.0,320.0,250.0,0.0,SJF,0.4101975684967375,41.01975684967375
839,7.271920424500165,7.371920424500165,38,0.0029761487366766,8.091204143231044e-06,11.720687488888888,11059.123937572693,111.47777777777776,,380.0,90,900.0,6,0.75,20.0,90.0,330.0,50.0,410.0,0.0,SJF,0.638981404491496,63.8981404491496
840,7.2805981338372785,7.380598133837278,19,0.0036097690574582,8.663093940169684e-06,0.6305139000000001,1.1066087765898205,112.86666666666666,,190.0,60,600.0,4,0.5,50.0,100.0,300.0,0.0,150.0,0.0,SJF,0.40076686106167786,40.076686106167784
841,7.289275843174391,7.38927584317439,18,0.0037648976033871,6.038706064316123e-06,1.4254258070175438,33.22555446351152,114.0,,180.0,57,570.0,5,0.625,10.0,130.0,250.0,0.0,170.0,10.0,SJF,0.43727053469783705,43.727053469783705
842,7.297953552511503,7.3979535525115026,11,0.0044098585794061,6.849998274006449e-06,1.4588044090909091,3.7468289699546338,111.72727272727272,,110.0,22,220.0,4,0.5,0.0,40.0,100.0,10.0,70.0,0.0,SJF,0.38066652140169,38.066652140169
843,7.306631261848615,7.406631261848615,18,0.0028108417069402,3.5601749670998954e-06,1.105567725,7.038676832716717,114.4,,180.0,40,400.0,4,0.5,10.0,110.0,160.0,0.0,120.0,0.0,SJF,0.41011407920272236,41.011407920272234
844,7.315308971185727,7.415308971185727,11,0.0032752447233635,8.641634573726403e-06,0.7851495161290323,1.086646051677858,109.4516129032258,,110.0,31,310.0,3,0.375,10.0,60.0,160.0,0.0,80.0,0.0,SJF,0.3802153999939187,38.02153999939187
845,7.32398668052284,7.42398668052284,14,0.0031227622628739,7.860825892377522e-06,1.9884486428571428,10.96563094877994,111.53571428571428,,140.0,28,280.0,4,0.5,10.0,40.0,120.0,10.0,100.0,0.0,SJF,0.41056740573781686,41.05674057378169
846,7.332664389859953,7.432664389859952,11,0.0069215636855019,5.609374008302207e-07,37.96724584,34300.60573821556,111.32,,110.0,25,250.0,5,0.625,10.0,40.0,110.0,10.0,80.0,0.0,SJF,0.5821407191894096,58.21407191894096
847,7.341342099197065,7.441342099197064,13,0.0050828136490889,5.901590264625261e-06,1.1224400303030302,3.747843189469344,112.51515151515152,,130.0,33,330.0,4,0.5,10.0,60.0,150.0,10.0,100.0,0.0,SJF,0.4035163023852934,40.35163023852934
848,7.350019808534177,7.450019808534177,10,0.0046295946658229,3.52859999670706e-06,0.9588020789473684,4.174951925355319,110.28947368421052,,100.0,38,380.0,4,0.5,60.0,60.0,180.0,0.0,80.0,0.0,SJF,0.3571788762153724,35.717887621537244
849,7.358697517871289,7.458697517871289,7,0.0027338481287108,2.984477851528604e-06,1.2322609999999998,4.600504650303,118.70588235294116,,70.0,17,170.0,3,0.375,0.0,40.0,70.0,0.0,60.0,0.0,SJF,0.3224591723178662,32.24591723178662
850,7.367375227208402,7.467375227208402,16,0.0027241739790976,5.584146406002237e-06,0.8999806511627907,1.7393430969517567,115.04651162790698,,160.0,43,430.0,4,0.5,60.0,40.0,160.0,20.0,150.0,0.0,SJF,0.40822418707477015,40.82241870747701
851,7.376052936545514,7.476052936545514,15,0.0036941543211522,4.481481718920057e-06,1.140593393939394,3.2490597380059327,116.3939393939394,,150.0,33,330.0,4,0.5,20.0,60.0,80.0,60.0,110.0,0.0,SJF,0.4021799205030373,40.21799205030373
852,7.384730645882627,7.484730645882626,9,0.0033052074507067,5.250168185705521e-06,3.44565325,142.58780891768737,111.33333333333331,,90.0,24,240.0,4,0.5,10.0,70.0,100.0,10.0,50.0,0.0,SJF,0.3802594881569825,38.02594881569825
853,7.393408355219739,7.493408355219739,14,0.0029675755659754,3.5432032426972707e-06,0.7617882051282051,1.7195822117841673,113.97435897435898,,140.0,39,390.0,3,0.375,10.0,90.0,170.0,10.0,110.0,0.0,SJF,0.39702849874377044,39.702849874377044
854,7.402086064556851,7.502086064556851,9,0.0037791175542601,2.853770733722445e-06,2.244797105263158,17.767288692390434,114.6842105263158,,90.0,19,190.0,3,0.375,0.0,60.0,70.0,10.0,50.0,0.0,SJF,0.3679328386576891,36.79328386576891
855,7.410763773893963,7.510763773893963,4,0.0054713663560366,1.1648128839040434e-07,1.2161498461538462,9.927898626458145,120.0,,40.0,13,130.0,2,0.25,0.0,50.0,40.0,0.0,40.0,0.0,SJF,0.3157657036087752,31.576570360877522
856,7.419441483231076,7.519441483231076,3,0.0046971594355902,1.8324154439759293e-05,3.0290107500000003,14.429761035156252,116.0,,30.0,4,40.0,2,0.25,0.0,10.0,20.0,0.0,10.0,0.0,SJF,0.3443600081035212,34.43600081035212
857,7.428119192568189,7.528119192568188,6,0.0008498497651447,8.57843313398297e-07,4.349547153846154,55.33679786897249,118.15384615384616,,60.0,13,130.0,3,0.375,0.0,20.0,60.0,0.0,50.0,0.0,SJF,0.33791825590887503,33.791825590887505
858,7.436796901905301,7.5367969019053,0,,0.0,,0.0,,,0.0,0,0.0,0,0.0,0.0,0.0,0.0,0.0,0.0,0.0,RR,0.46263451357794594,46.263451357794594
859,7.445474611242413,7.545474611242413,10,0.0030042503575869,5.505007491568348e-06,3.3385146666666663,48.90571929298116,118.37037037037037,,100.0,27,270.0,4,0.5,0.0,90.0,130.0,0.0,50.0,0.0,SJF,0.38045171483129053,38.04517148312905
860,7.454152320579525,7.554152320579525,0,,0.0,,0.0,,,0.0,0,0.0,0,0.0,0.0,0.0,0.0,0.0,0.0,0.0,RR,0.46263451357794594,46.263451357794594
861,7.462830029916638,7.562830029916638,8,0.0046641208333615,5.616439946806122e-07,1.6480303636363636,10.892957715305196,117.77272727272728,,80.0,22,220.0,3,0.375,0.0,60.0,70.0,10.0,80.0,0.0,SJF,0.35834556068257434,35.834556068257434
862,7.471507739253751,7.57150773925375,6,0.0075206607462492,7.85945435900159e-07,3.1142410000000003,28.99437491679167,119.71428571428572,,60.0,7,70.0,4,0.5,0.0,10.0,20.0,0.0,40.0,0.0,SJF,0.3283826444040582,32.838264440405815
863,7.480185448590863,7.580185448590862,14,0.0035596897662801,8.190663185849044e-06,0.8320070975609756,1.40961649971244,118.6829268292683,,140.0,41,410.0,3,0.375,30.0,70.0,200.0,0.0,110.0,0.0,SJF,0.39702849874377044,39.702849874377044
864,7.488863157927975,7.588863157927975,9,0.0048912255164694,4.076070713954642e-06,0.8087378333333334,1.244680747257109,117.8,,90.0,30,300.0,4,0.5,0.0,110.0,130.0,0.0,60.0,0.0,SJF,0.3499472928853541,34.99472928853541
865,7.497540867265087,7.597540867265087,8,0.0026884071099128,7.3203510341121635e-06,2.72807815,26.82713177804108,116.85,,80.0,20,200.0,4,0.5,0.0,50.0,90.0,0.0,60.0,0.0,SJF,0.3555810960033717,35.55810960033717
866,7.506218576602199,7.606218576602199,8,0.0017119673978005,6.122197146302696e-07,3.2137933333333333,27.95631094850405,116.58333333333331,,80.0,12,120.0,3,0.375,0.0,30.0,50.0,0.0,40.0,0.0,SJF,0.3661352211664057,36.61352211664057
867,7.514896285939312,7.614896285939312,4,0.0045337370606877,2.291223407133522e-06,3.294523857142857,51.23848695311567,120.0,,40.0,14,140.0,3,0.375,0.0,60.0,50.0,0.0,30.0,0.0,SJF,0.3361555397377897,33.61555397377897
868,7.523573995276425,7.623573995276424,5,0.0049233039235753,4.3031773460120765e-06,0.8969921666666667,1.5773574262650605,106.33333333333331,,50.0,12,120.0,2,0.25,10.0,20.0,50.0,0.0,40.0,0.0,SJF,0.30820371509443695,30.820371509443696
869,7.532251704613537,7.632251704613536,9,0.0022120136086851,5.419335223911309e-06,2.231148777777777,13.017244424243714,109.27777777777776,,90.0,18,180.0,3,0.375,10.0,20.0,80.0,10.0,60.0,0.0,SJF,0.37384959052283945,37.384959052283946
870,7.540929413950649,7.640929413950649,9,0.0059026086049065,5.204587667349869e-07,0.933157275862069,2.550450340009136,116.51724137931036,,90.0,29,290.0,4,0.5,0.0,80.0,110.0,10.0,90.0,0.0,SJF,0.3499472928853541,34.99472928853541
871,7.549607123287761,7.649607123287761,8,0.0038544167122389,4.695966369473503e-06,2.545362142857143,21.377816438011028,117.33333333333331,,80.0,21,210.0,4,0.5,0.0,60.0,90.0,10.0,50.0,0.0,SJF,0.37905199160709385,37.90519916070939
872,7.558284832624874,7.658284832624874,8,0.0067963752501255,6.84682966196075e-07,1.4292187692307694,6.181854484052527,114.6923076923077,,80.0,13,130.0,3,0.375,0.0,10.0,50.0,10.0,60.0,0.0,SJF,0.353816065012324,35.3816065012324
873,7.566962541961987,7.666962541961986,5,0.0012317674380133,8.959480167930165e-08,2.935277761904762,52.4035178995148,120.0,,50.0,21,210.0,3,0.375,0.0,70.0,70.0,10.0,60.0,0.0,SJF,0.3346987248757975,33.46987248757975
874,7.575640251299099,7.675640251299098,3,0.0003133740342346,5.13078481843576e-08,5.2687761250000005,45.77485525169899,119.5,,30.0,8,80.0,2,0.25,0.0,20.0,40.0,0.0,20.0,0.0,SJF,0.33147000520230113,33.147000520230115
875,7.584317960636211,7.684317960636211,0,,0.0,,0.0,,,0.0,0,0.0,0,0.0,0.0,0.0,0.0,0.0,0.0,0.0,RR,0.46263451357794594,46.263451357794594
876,7.592995669973323,7.692995669973323,11,0.0051236641175861,2.6866151564174574e-06,1.1908923333333334,8.219278981143194,117.5,,110.0,30,300.0,4,0.5,0.0,90.0,120.0,0.0,90.0,0.0,SJF,0.38604819324106787,38.604819324106785
877,7.601673379310436,7.701673379310436,5,0.0009852218895636,1.2220704585389754e-06,5.11707025,41.493948656612496,115.375,,50.0,8,80.0,3,0.375,0.0,0.0,30.0,10.0,40.0,0.0,SJF,0.33133801241058547,33.13380124105855
878,7.6103510886475485,7.710351088647548,7,0.0058617282095944,3.510322358404799e-07,1.7388495454545456,6.378065290473674,118.0,,70.0,11,110.0,4,0.5,0.0,30.0,50.0,0.0,30.0,0.0,SJF,0.3292808044115989,32.92808044115989
879,7.619028797984661,7.71902879798466,8,0.0024875597653392,5.212665832949791e-06,2.5541858421052632,45.00407844871386,118.84210526315788,,80.0,38,380.0,4,0.5,0.0,130.0,150.0,10.0,90.0,0.0,SJF,0.36987722788459865,36.98772278845986
880,7.627706507321773,7.7277065073217726,0,,0.0,,0.0,,,0.0,0,0.0,0,0.0,0.0,0.0,0.0,0.0,0.0,0.0,RR,0.46263451357794594,46.263451357794594
881,7.636384216658885,7.736384216658885,3,0.0001409366744479,1.8155906584354862e-08,6.99830725,66.80681316721558,114.5,,30.0,4,40.0,2,0.25,0.0,10.0,20.0,0.0,10.0,0.0,SJF,0.3384828070142114,33.84828070142114
882,7.645061925995997,7.745061925995997,4,0.0040292817540028,1.366603708902824e-07,2.2152285555555555,24.52795248543355,120.0,,40.0,18,180.0,3,0.375,0.0,70.0,70.0,0.0,40.0,0.0,SJF,0.3303529933672938,33.03529933672938
883,7.65373963533311,7.75373963533311,6,0.0054341636668896,1.4456862979737609e-06,2.6681920000000003,19.800385894739843,116.5,,60.0,14,140.0,3,0.375,0.0,30.0,70.0,0.0,40.0,0.0,SJF,0.3483231515120421,34.832315151204206
884,7.662417344670223,7.762417344670222,1,0.0084618713297777,0.0,0.714427,0.0,89.0,,10.0,1,10.0,1,0.125,0.0,0.0,0.0,0.0,10.0,0.0,SJF,0.30820371509443695,30.820371509443696
885,7.671095054007335,7.7710950540073345,10,0.0025456303926651,7.2136228815311965e-06,0.7865187272727273,1.0422147447834125,119.4318181818182,,100.0,44,440.0,4,0.5,0.0,110.0,210.0,10.0,110.0,0.0,SJF,0.3568094429125288,35.68094429125288
886,7.679772763344447,7.779772763344447,5,0.0014903484555528,4.156527722952226e-06,3.4520231538461537,15.954752262039143,116.6153846153846,,50.0,13,130.0,4,0.5,0.0,30.0,70.0,0.0,30.0,0.0,SJF,0.3393588368071295,33.935883680712955
887,7.688450472681559,7.788450472681559,10,0.0042843888184407,1.032702840503102e-05,0.903892923076923,2.310966831868284,117.48717948717947,,100.0,39,390.0,4,0.5,30.0,100.0,190.0,0.0,70.0,0.0,SJF,0.3568094429125288,35.68094429125288
888,7.697128182018672,7.797128182018672,13,0.0046131411351738,7.3137770817686895e-06,0.5833735681818182,0.8044463379619256,118.5681818181818,,130.0,44,440.0,4,0.5,0.0,140.0,170.0,10.0,120.0,0.0,SJF,0.4030651809775221,40.30651809775221
889,7.705805891355784,7.805805891355784,12,0.0031366316442154,5.529829432489485e-06,1.6267875357142856,5.773624104576629,113.96428571428572,,120.0,28,280.0,4,0.5,0.0,40.0,110.0,20.0,110.0,0.0,SJF,0.3944795786879066,39.44795786879066
890,7.714483600692897,7.814483600692896,7,0.003510228021389,5.666430920117569e-06,3.346446307692308,29.17130121053974,116.6153846153846,,70.0,13,130.0,4,0.5,0.0,40.0,60.0,0.0,30.0,0.0,SJF,0.3367292577677452,33.67292577677452
891,7.723161310030009,7.823161310030009,5,0.0034847181699911,1.5413841779538303e-05,2.9820486666666666,17.481305525070752,112.11111111111111,,50.0,9,90.0,3,0.375,10.0,20.0,50.0,0.0,10.0,0.0,SJF,0.32817390107946587,32.817390107946586
892,7.731839019367121,7.831839019367121,13,0.0058223477098018,6.4560457290668375e-06,2.3720217727272725,20.7214894381919,113.45454545454544,,130.0,22,220.0,4,0.5,0.0,20.0,90.0,10.0,100.0,0.0,SJF,0.41785325119028677,41.78532511902868
893,7.740516728704234,7.840516728704234,6,0.0048504642957656,5.303638327523887e-06,1.0157291538461537,1.9706748189418075,106.46153846153848,,60.0,13,130.0,2,0.25,10.0,40.0,50.0,10.0,20.0,0.0,SJF,0.3101566295543631,31.01566295543631
894,7.749194438041346,7.849194438041346,13,0.0041288882663459,9.141941625984316e-06,0.7175485681818182,2.691557130043182,118.11363636363636,,130.0,44,440.0,4,0.5,0.0,100.0,160.0,10.0,170.0,0.0,SJF,0.4030651809775221,40.30651809775221
895,7.757872147378459,7.857872147378458,13,0.0028723929292336,6.697389652990032e-06,1.054446,4.011043338323876,117.15151515151516,,130.0,33,330.0,4,0.5,0.0,30.0,140.0,0.0,160.0,0.0,SJF,0.4034346142803658,40.34346142803658
896,7.766549856715571,7.86654985671557,9,0.0035079585066513,1.0697434829419614e-05,4.23783525,93.66471823959088,118.625,,90.0,16,160.0,4,0.5,0.0,40.0,80.0,0.0,40.0,0.0,SJF,0.3807383951451758,38.07383951451758
897,7.775227566052683,7.875227566052683,3,0.0003538716139838,2.2977313592332365e-08,3.149201333333333,65.84419508161444,120.0,,30.0,12,120.0,2,0.25,0.0,40.0,50.0,0.0,30.0,0.0,SJF,0.32894189043461564,32.894189043461566
898,7.783905275389795,7.883905275389795,4,0.0028904116102048,7.828789898982417e-06,2.03576825,6.357477094279927,119.625,,40.0,8,80.0,2,0.25,0.0,20.0,40.0,0.0,20.0,0.0,SJF,0.31569092223557305,31.569092223557305
899,7.792582984726908,7.892582984726908,4,0.0026103325230912,1.5890423203043707e-05,2.3218815,12.488733431691143,119.75,,40.0,8,80.0,2,0.25,0.0,30.0,30.0,0.0,20.0,0.0,SJF,0.3333979450749894,33.33979450749894
900,7.801260694064021,7.90126069406402,14,0.0035745447216936,3.488861556897769e-06,1.7378927297297295,40.16271342894959,116.91891891891892,,140.0,37,370.0,4,0.5,0.0,80.0,130.0,30.0,130.0,0.0,SJF,0.4068993821934063,40.68993821934063
901,7.809938403401133,7.909938403401132,12,0.0031654605988672,3.275706469886889e-06,1.0562890833333334,2.429259155222428,115.79166666666669,,120.0,24,240.0,3,0.375,0.0,70.0,100.0,0.0,70.0,0.0,SJF,0.3950742908743124,39.50742908743124
902,7.818616112738245,7.918616112738245,10,0.0030991862617549,4.299776860641981e-06,1.0987073636363638,2.5702058816225284,119.0,,100.0,22,220.0,3,0.375,0.0,90.0,90.0,0.0,40.0,0.0,SJF,0.3568094429125288,35.68094429125288
903,7.827293822075357,7.927293822075357,5,0.0007927893246426,6.370947749832279e-07,3.4462934166666663,32.355382298763,119.91666666666669,,50.0,12,120.0,3,0.375,0.0,40.0,50.0,0.0,30.0,0.0,SJF,0.3311178586948881,33.111785869488806
904,7.83597153141247,7.93597153141247,6,0.0068515382541961,1.924414311543711e-06,3.7673720909090913,25.798310400485494,117.8181818181818,,60.0,11,110.0,4,0.5,0.0,30.0,50.0,10.0,20.0,0.0,SJF,0.3229780116978355,32.297801169783554
905,7.8446492407495825,7.944649240749582,6,0.0059957387504175,3.484517963255759e-06,0.7678125625,1.252277354899462,119.875,,60.0,16,160.0,3,0.375,0.0,30.0,40.0,30.0,60.0,0.0,SJF,0.3101566295543631,31.01566295543631
906,7.853326950086695,7.953326950086694,8,0.0030909635383054,1.0771409522199228e-05,0.5868414193548388,1.9669188871077237,119.64516129032258,,80.0,62,620.0,4,0.5,0.0,80.0,100.0,170.0,270.0,0.0,SJF,0.3485449170835346,34.85449170835346
907,7.862004659423807,7.9620046594238065,7,0.0034981425761932,5.0274105572157e-06,2.3928576666666665,9.835478030651378,117.06666666666666,,70.0,15,150.0,4,0.5,0.0,40.0,70.0,0.0,40.0,0.0,SJF,0.32906327678127234,32.906327678127234
908,7.870682368760919,7.970682368760919,14,0.004719573881938,1.2543966792805468e-06,0.9840674838709677,3.0568636707666585,115.87096774193547,,140.0,31,310.0,4,0.5,0.0,40.0,120.0,30.0,120.0,0.0,SJF,0.39702849874377044,39.702849874377044
909,7.879360078098031,7.979360078098031,11,0.003555823174696,6.631688574618761e-06,1.03754884375,2.72728034817762,117.71875,,110.0,32,320.0,4,0.5,0.0,70.0,130.0,0.0,120.0,0.0,SJF,0.3802153999939187,38.02153999939187
910,7.888037787435144,7.988037787435144,11,0.002879771019401,7.147732891915157e-06,0.8145058536585366,1.6998781554542783,117.85365853658536,,110.0,41,410.0,4,0.5,30.0,100.0,180.0,10.0,90.0,0.0,SJF,0.3802153999939187,38.02153999939187
911,7.896715496772257,7.996715496772256,11,0.0042462284095616,7.81435249752177e-06,1.0630594516129033,1.906292694062856,117.19354838709675,,110.0,31,310.0,4,0.5,0.0,90.0,130.0,10.0,80.0,0.0,SJF,0.3802153999939187,38.02153999939187
912,7.905393206109369,8.00539320610937,12,0.0021935920572978,3.0815094922586684e-06,1.1255967428571427,2.96322801875149,116.17142857142858,,120.0,35,350.0,4,0.5,0.0,90.0,160.0,0.0,100.0,0.0,SJF,0.3950742908743124,39.50742908743124
913,7.914070915446481,8.014070915446482,7,0.002911566553519,7.220809182372779e-07,6.198649769230769,99.12316586151368,118.3076923076923,,70.0,13,130.0,4,0.5,0.0,30.0,60.0,0.0,40.0,0.0,SJF,0.35480501256597,35.480501256597
914,7.922748624783593,8.022748624783594,3,0.0063260075497399,1.8129200904532257e-07,0.34608725,0.0729801192890714,120.0,,30.0,8,80.0,1,0.125,0.0,30.0,20.0,0.0,30.0,0.0,SJF,0.30820371509443695,30.820371509443696
915,7.931426334120706,8.031426334120706,3,0.0001235928792935,2.7909605067930848e-08,4.101397666666666,30.714517658346665,120.0,,30.0,6,60.0,2,0.25,0.0,20.0,30.0,0.0,10.0,0.0,SJF,0.3311178586948881,33.111785869488806
916,7.940104043457818,8.040104043457818,10,0.0041106461421813,2.6611354300784456e-06,2.1220104,8.997039170582257,115.26666666666668,,100.0,15,150.0,4,0.5,0.0,30.0,50.0,20.0,50.0,0.0,SJF,0.3641691909534864,36.41691909534864
917,7.948781752794931,8.04878175279493,16,0.0039224987050692,1.7369741076857105e-06,2.316528170731708,70.016994077683,116.51219512195122,,160.0,41,410.0,4,0.5,0.0,70.0,140.0,40.0,160.0,0.0,SJF,0.4380058808950495,43.80058808950495
918,7.957459462132043,8.057459462132043,3,0.0005943022012904,2.7627756869350643e-08,7.196469888888889,250.04820568141784,120.0,,30.0,9,90.0,2,0.25,0.0,30.0,30.0,0.0,30.0,0.0,SJF,0.3802901950535078,38.02901950535078
919,7.966137171469155,8.066137171469155,0,,0.0,,0.0,,,0.0,0,0.0,0,0.0,0.0,0.0,0.0,0.0,0.0,0.0,RR,0.46263451357794594,46.263451357794594
920,7.974814880806268,8.074814880806269,4,0.0030927851937319,9.494812736958008e-06,0.65645004,0.55577170396354,120.0,,40.0,25,250.0,2,0.25,0.0,90.0,100.0,0.0,60.0,0.0,SJF,0.30820371509443695,30.820371509443696
921,7.98349259014338,8.083492590143381,3,0.0019229971899526,1.883333142231314e-08,10.019505,126.26115621743536,119.5,,30.0,4,40.0,2,0.25,0.0,10.0,20.0,0.0,10.0,0.0,SJF,0.42848841549667005,42.84884154966701
922,7.992170299480493,8.092170299480493,0,,0.0,,0.0,,,0.0,0,0.0,0,0.0,0.0,0.0,0.0,0.0,0.0,0.0,RR,0.46263451357794594,46.263451357794594
923,8.000848008817606,8.100848008817605,10,0.005691019182394,1.3227879328926862e-06,0.76006672,0.6869469601985433,117.6,,100.0,25,250.0,4,0.5,0.0,80.0,110.0,0.0,60.0,0.0,SJF,0.3568094429125288,35.68094429125288
924,8.009525718154718,8.109525718154718,15,0.0028565356452819,6.177827810434971e-06,2.518129875,25.594349993357277,112.65625,,150.0,32,320.0,4,0.5,10.0,70.0,130.0,10.0,100.0,0.0,SJF,0.4219082758495336,42.19082758495336
925,8.01820342749183,8.11820342749183,3,0.0040127845081698,9.585867222050009e-08,1.895954666666667,7.552443917620334,120.0,,30.0,3,30.0,1,0.125,0.0,10.0,10.0,0.0,10.0,0.0,SJF,0.3155621155906337,31.556211559063367
926,8.026881136828942,8.126881136828942,6,0.003301698337724,4.007998916308732e-06,1.40201825,5.858158102318408,120.0,,60.0,20,200.0,3,0.375,0.0,70.0,80.0,0.0,50.0,0.0,SJF,0.3110215222513265,31.102152225132652
927,8.035558846166055,8.135558846166054,11,0.0047177082884908,4.696178942177556e-06,0.6933073125,0.8237569687683507,115.21875,,110.0,32,320.0,4,0.5,10.0,50.0,130.0,20.0,110.0,0.0,SJF,0.3802153999939187,38.02153999939187
928,8.044236555503167,8.144236555503166,5,0.0018460768968335,1.2948088830427748e-05,7.155719545454545,74.01842736126648,117.8181818181818,,50.0,11,110.0,4,0.5,0.0,20.0,60.0,0.0,30.0,0.0,SJF,0.3384828070142114,33.84828070142114
929,8.052914264840279,8.152914264840279,3,0.0053121901597214,2.3800924577698545e-07,0.3551941818181818,0.0418037259269636,120.0,,30.0,11,110.0,1,0.125,0.0,40.0,30.0,0.0,40.0,0.0,SJF,0.30820371509443695,30.820371509443696
930,8.061591974177391,8.16159197417739,9,0.0032268883781646,7.502087382561363e-06,3.534315863636364,50.1472304697804,118.45454545454544,,90.0,22,220.0,4,0.5,0.0,60.0,110.0,0.0,50.0,0.0,SJF,0.3766403672928063,37.66403672928063
931,8.070269683514503,8.170269683514503,0,,0.0,,0.0,,,0.0,0,0.0,0,0.0,0.0,0.0,0.0,0.0,0.0,0.0,RR,0.46263451357794594,46.263451357794594
932,8.078947392851616,8.178947392851615,7,0.0020327528626703,2.834154982546778e-07,1.0996212272727273,4.47146976286047,117.77272727272728,,70.0,22,220.0,3,0.375,0.0,50.0,70.0,10.0,90.0,0.0,SJF,0.3224591723178662,32.24591723178662
933,8.087625102188728,8.187625102188727,5,0.0011052280112721,1.7451375115073133e-07,2.8809752727272726,14.166638972906616,119.63636363636364,,50.0,11,110.0,3,0.375,0.0,20.0,50.0,0.0,40.0,0.0,SJF,0.3481496554011614,34.81496554011614
934,8.096302811525842,8.196302811525841,11,0.0039139655650673,6.752101735714096e-06,0.9646593513513514,1.871770423415679,117.64864864864865,,110.0,37,370.0,4,0.5,30.0,100.0,170.0,0.0,70.0,0.0,SJF,0.3802153999939187,38.02153999939187
935,8.104980520862954,8.204980520862954,9,0.0033509749148239,2.6979043592798646e-06,0.9675390833333332,1.8419493744574496,118.77777777777776,,90.0,36,360.0,4,0.5,0.0,130.0,160.0,0.0,70.0,0.0,SJF,0.3499472928853541,34.99472928853541
936,8.113658230200066,8.213658230200066,8,0.0026313630499337,1.127352696086061e-07,6.100204307692308,109.41053048696574,117.6923076923077,,80.0,13,130.0,4,0.5,0.0,30.0,60.0,0.0,40.0,0.0,SJF,0.38918338177848744,38.918338177848746
937,8.122335939537178,8.222335939537178,3,0.0026920084628212,3.3897396558960334e-07,2.390625,9.942549834267002,120.0,,30.0,3,30.0,1,0.125,0.0,10.0,10.0,0.0,10.0,0.0,SJF,0.3157657036087752,31.576570360877522
938,8.13101364887429,8.23101364887429,5,0.0023569417257096,7.100669597690736e-06,1.8730613333333328,9.164960630956823,120.0,,50.0,18,180.0,3,0.375,0.0,60.0,70.0,0.0,50.0,0.0,SJF,0.3160529929753731,31.60529929753731
939,8.139691358211403,8.239691358211402,6,0.0057010517885975,3.731776617663809e-06,1.4633258571428571,2.9733536475874764,111.14285714285714,,60.0,7,70.0,3,0.375,0.0,20.0,20.0,0.0,30.0,0.0,SJF,0.3101566295543631,31.01566295543631
940,8.148369067548515,8.248369067548515,10,0.0021461324514849,9.14229698363019e-06,3.709098157894737,41.38190220605748,116.3157894736842,,100.0,19,190.0,4,0.5,0.0,10.0,90.0,10.0,80.0,0.0,SJF,0.3738751810467293,37.38751810467293
941,8.157046776885627,8.257046776885627,4,0.0047279336143728,2.785114212580773e-06,0.8282319473684211,2.603304291459275,120.0,,40.0,19,190.0,2,0.25,0.0,60.0,80.0,0.0,50.0,0.0,SJF,0.30820371509443695,30.820371509443696
942,8.16572448622274,8.265724486222739,8,0.0047748141522605,8.186174227540929e-07,3.43877595,73.98249495635869,124.45,,80.0,20,200.0,4,0.5,0.0,0.0,110.0,0.0,90.0,0.0,SJF,0.3689388252771757,36.89388252771757
943,8.174402195559852,8.274402195559851,4,0.0034379574401484,1.1503713191926563e-05,1.7831901250000002,4.591854991859267,120.0,,40.0,8,80.0,2,0.25,0.0,40.0,30.0,0.0,10.0,0.0,SJF,0.3088692901418403,30.886929014184027
944,8.183079904896964,8.283079904896963,5,0.0027142063030364,1.1637357867693149e-05,1.896798,12.69834697906291,119.91304347826087,,50.0,23,230.0,3,0.375,0.0,80.0,100.0,0.0,50.0,0.0,SJF,0.33512879595994455,33.512879595994455
945,8.191757614234078,8.291757614234077,2,0.0061026952659224,1.1328285720518902e-08,3.1646615,18.1700859074805,110.0,,20.0,2,20.0,1,0.125,0.0,0.0,10.0,0.0,10.0,0.0,SJF,0.3385127206091869,33.85127206091869
946,8.20043532357119,8.30043532357119,15,0.0046248119621431,5.228728846004423e-06,0.9308642972972972,2.65384340789988,115.70270270270272,,150.0,37,370.0,4,0.5,0.0,80.0,140.0,30.0,120.0,0.0,SJF,0.4021799205030373,40.21799205030373
947,8.209113032908302,8.309113032908302,11,0.0042892365462432,6.551202483453374e-06,1.19333985,10.462197424396289,117.875,,110.0,40,400.0,4,0.5,0.0,120.0,170.0,0.0,110.0,0.0,SJF,0.3895454270977962,38.95454270977962
948,8.217790742245414,8.317790742245414,5,0.0023238483545856,1.9579515728867065e-08,6.756874857142857,69.05374554143246,116.85714285714286,,50.0,7,70.0,3,0.375,0.0,20.0,30.0,0.0,20.0,0.0,SJF,0.3374826631493295,33.74826631493295
949,8.226468451582527,8.326468451582526,0,,0.0,,0.0,,,0.0,0,0.0,0,0.0,0.0,0.0,0.0,0.0,0.0,0.0,RR,0.46263451357794594,46.263451357794594
950,8.235146160919639,8.335146160919638,11,0.0027311842621793,5.609350674381946e-06,1.5252808695652174,4.937617400424844,113.3913043478261,,110.0,23,230.0,4,0.5,10.0,40.0,70.0,20.0,90.0,0.0,SJF,0.37963418631739626,37.96341863173963
951,8.243823870256751,8.34382387025675,19,0.0029627108485119,6.186454108987893e-06,0.3151304563106796,0.4036466985168385,119.02912621359224,,190.0,103,1030.0,4,0.5,160.0,210.0,320.0,80.0,260.0,0.0,SJF,0.40076686106167786,40.076686106167784
952,8.252501579593863,8.352501579593863,26,0.004043429136906,9.418945802764034e-06,0.4631684102564102,0.4176684264934138,118.33333333333331,,260.0,78,780.0,4,0.5,40.0,120.0,220.0,90.0,310.0,0.0,SJF,0.41896542635042183,41.89654263504218
953,8.261179288930975,8.361179288930975,41,0.0036898795080488,6.096306167731781e-06,0.3179361450381679,0.6145405688865248,114.78625954198472,,410.0,131,1310.0,5,0.625,40.0,150.0,370.0,180.0,570.0,0.0,SJF,0.4101975684967375,41.01975684967375
954,8.269856998268088,8.369856998268087,31,0.0038014259254606,6.5767853360854585e-06,0.7905661399999999,6.384016844778788,110.72,,310.0,100,1000.0,6,0.75,90.0,70.0,400.0,80.0,350.0,10.0,SJF,0.4124374623799419,41.24374623799419
955,8.278534707605202,8.378534707605201,27,0.0052683543207244,5.909526351831654e-06,0.2116011370967742,0.164771897039485,94.16935483870968,,270.0,124,1240.0,4,0.5,360.0,60.0,340.0,210.0,270.0,0.0,SJF,0.4097901054688535,40.979010546885355
956,8.287212416942314,8.387212416942313,36,0.0029791364743527,7.856957213632613e-06,0.4243779438202247,0.5501970822161671,109.3258426966292,,360.0,89,890.0,6,0.75,50.0,120.0,300.0,50.0,370.0,0.0,SJF,0.4101975684967375,41.01975684967375
957,8.295890126279426,8.395890126279426,32,0.0016279807518239,4.255507937938425e-06,0.7758403365384616,6.67494402324075,112.07692307692308,,320.0,104,1040.0,6,0.75,70.0,100.0,420.0,60.0,390.0,0.0,SJF,0.4131901951639911,41.31901951639911
958,8.304567835616538,8.404567835616538,23,0.0044302770356356,8.58735996497505e-06,0.6051572,1.0961134720075334,110.58181818181818,,230.0,55,550.0,4,0.5,20.0,90.0,230.0,10.0,190.0,10.0,SJF,0.41346947201252326,41.34694720125233
959,8.31324554495365,8.41324554495365,22,0.0031690257281677,7.947989604363275e-06,1.1649446075949368,20.99309916299664,115.34177215189874,,220.0,79,790.0,6,0.75,0.0,160.0,350.0,30.0,250.0,0.0,SJF,0.45001215957021456,45.00121595702146
960,8.321923254290763,8.421923254290762,28,0.0029590061735231,4.906941342921995e-06,0.4491382597402598,0.2637957351395106,111.57142857142856,,280.0,77,770.0,4,0.5,50.0,90.0,240.0,60.0,330.0,0.0,SJF,0.4078576763329254,40.785767633292544
961,8.330600963627875,8.430600963627874,21,0.0041593158006968,9.45208803604202e-06,0.5898729824561404,0.5811921948965535,117.7719298245614,,210.0,57,570.0,4,0.5,30.0,150.0,180.0,50.0,160.0,0.0,SJF,0.4166224490944978,41.66224490944978
962,8.339278672964987,8.439278672964987,21,0.0019298653683463,2.524558586774519e-06,0.7104742236842105,3.6870142601411895,111.48684210526316,,210.0,76,760.0,5,0.625,60.0,150.0,350.0,50.0,150.0,0.0,SJF,0.41689620231969715,41.68962023196971
963,8.3479563823021,8.447956382302099,19,0.0033213062768481,5.214595924540505e-06,0.7304989999999999,1.2116507312662042,111.86,,190.0,50,500.0,6,0.75,40.0,90.0,180.0,50.0,140.0,0.0,SJF,0.40076686106167786,40.076686106167784
964,8.356634091639211,8.456634091639211,24,0.0038331620274552,9.17632439744949e-06,2.6353865625,122.34760097716092,110.359375,,240.0,64,640.0,6,0.75,30.0,80.0,310.0,20.0,200.0,0.0,SJF,0.4577886836714265,45.77886836714265
965,8.365311800976324,8.465311800976323,16,0.005393303211176,9.211825057015254e-06,1.3479785,7.816259706074193,109.25,,160.0,32,320.0,4,0.5,10.0,50.0,140.0,20.0,100.0,0.0,SJF,0.4150083699082356,41.50083699082356
966,8.373989510313438,8.473989510313437,7,0.0017700621151338,2.425912153624176e-06,2.3329320588235296,20.73116026901306,110.88235294117646,,70.0,17,170.0,3,0.375,20.0,10.0,90.0,0.0,50.0,0.0,SJF,0.3515269242432824,35.152692424328244
967,8.38266721965055,8.48266721965055,7,0.0047960733494503,3.3036110651420417e-06,0.6211805,1.026288125413707,115.26666666666668,,70.0,30,300.0,3,0.375,60.0,70.0,120.0,0.0,50.0,0.0,SJF,0.32179359727046275,32.179359727046275
968,8.391344928987662,8.491344928987662,10,0.0036032969123381,5.7425940137674585e-06,1.9313824166666669,9.984277325428511,113.66666666666669,,100.0,24,240.0,4,0.5,10.0,30.0,110.0,0.0,90.0,0.0,SJF,0.36421254495557565,36.42125449555756
969,8.400022638324774,8.500022638324774,10,0.0045197333752257,1.4191324068139884e-05,1.2781001904761904,4.6871942935093625,109.47619047619048,,100.0,21,210.0,4,0.5,10.0,40.0,50.0,30.0,80.0,0.0,SJF,0.35714148686358876,35.714148686358875
970,8.408700347661886,8.508700347661886,11,0.0032223336108412,8.032486907284003e-06,1.199375,4.086342070498644,118.875,,110.0,32,320.0,4,0.5,0.0,60.0,140.0,10.0,110.0,0.0,SJF,0.3805848332967624,38.05848332967624
971,8.417378056998999,8.517378056998998,16,0.0038244917510015,6.380501789729143e-06,7.959210454545455,761.3731147322236,115.36363636363636,,160.0,44,440.0,6,0.75,0.0,80.0,160.0,30.0,170.0,0.0,SJF,0.45245094436374844,45.24509443637484
972,8.42605576633611,8.52605576633611,0,,0.0,,0.0,,,0.0,0,0.0,0,0.0,0.0,0.0,0.0,0.0,0.0,0.0,RR,0.46263451357794594,46.263451357794594
973,8.434733475673223,8.534733475673223,5,0.0063152189267768,1.170882442106564e-06,1.3828124444444445,3.3626437053115272,120.0,,50.0,9,90.0,3,0.375,0.0,40.0,30.0,0.0,20.0,0.0,SJF,0.30820371509443695,30.820371509443696
974,8.443411185010335,8.543411185010335,9,0.0033926311007758,2.4067468745028985e-06,1.2296208,2.415971643012333,111.68,,90.0,25,250.0,4,0.5,10.0,70.0,120.0,0.0,50.0,0.0,SJF,0.3499472928853541,34.99472928853541
975,8.452088894347447,8.552088894347447,15,0.0033658244525523,5.854382219238296e-06,0.9366896764705884,2.388631532831801,113.29411764705884,,150.0,34,340.0,4,0.5,0.0,20.0,150.0,20.0,150.0,0.0,SJF,0.4021799205030373,40.21799205030373
976,8.46076660368456,8.56076660368456,24,0.0029989767321068,7.061177241651809e-06,0.5589364492753623,0.6412465262646626,116.34782608695652,,240.0,69,690.0,4,0.5,0.0,70.0,230.0,60.0,320.0,10.0,SJF,0.4131270486772409,41.312704867724094
977,8.469444313021674,8.569444313021673,19,0.0023758535572736,3.303562736206729e-06,0.64530815,1.3237367205664687,116.06666666666666,,190.0,60,600.0,4,0.5,0.0,60.0,240.0,0.0,300.0,0.0,SJF,0.40076686106167786,40.076686106167784
978,8.478122022358786,8.578122022358786,13,0.003963623333522,2.8315965915625084e-06,1.8657427391304349,10.360720490196654,117.91304347826087,,130.0,23,230.0,4,0.5,0.0,30.0,90.0,0.0,110.0,0.0,SJF,0.41027457176895,41.027457176895
979,8.486799731695898,8.586799731695898,11,0.0023049855768292,2.760595459336237e-06,0.79053546875,2.549645891309225,118.09375,,110.0,32,320.0,3,0.375,0.0,100.0,120.0,0.0,100.0,0.0,SJF,0.3802153999939187,38.02153999939187
980,8.49547744103301,8.59547744103301,6,0.0009469739669896,2.688209967531136e-07,1.8099554285714288,11.772850487880358,119.8095238095238,,60.0,21,210.0,4,0.5,0.0,30.0,90.0,0.0,90.0,0.0,SJF,0.32448138095975615,32.448138095975615
981,8.504155150370122,8.604155150370122,17,0.0053068652769363,5.739310655159243e-06,0.6056493829787234,0.4311395738221978,116.12765957446808,,170.0,47,470.0,4,0.5,40.0,80.0,190.0,20.0,140.0,0.0,SJF,0.40928643228013906,40.928643228013904
982,8.512832859707235,8.612832859707234,22,0.0037580602473107,6.095722502757948e-06,0.8878555217391304,19.944932846984656,115.0144927536232,,220.0,69,690.0,4,0.5,0.0,100.0,190.0,80.0,320.0,0.0,SJF,0.4550748826183201,45.50748826183201
983,8.521510569044347,8.621510569044347,32,0.0040217746744031,8.260081902900305e-06,0.4510891929824561,0.1911562301045513,117.96491228070175,,320.0,57,570.0,3,0.375,0.0,50.0,120.0,80.0,320.0,0.0,SJF,0.4101975684967375,41.01975684967375
984,8.530188278381459,8.630188278381459,35,0.0027927674471124,5.6576102732310496e-06,0.34738,0.144076142133282,117.46835443037976,,350.0,79,790.0,3,0.375,10.0,40.0,90.0,150.0,500.0,0.0,SJF,0.4101975684967375,41.01975684967375
985,8.538865987718571,8.638865987718571,31,0.0026192070878804,3.3131088663743698e-06,0.4040957590361446,1.377889072435356,118.4578313253012,,310.0,83,830.0,3,0.375,0.0,100.0,270.0,70.0,390.0,0.0,SJF,0.4101975684967375,41.01975684967375
986,8.547543697055684,8.647543697055683,15,0.0046871190109831,7.964657336774414e-06,13.27590192682927,3183.2085406387896,112.09756097560977,,150.0,41,410.0,6,0.75,40.0,60.0,160.0,30.0,120.0,0.0,SJF,0.5834303686131378,58.34303686131378
987,8.556221406392796,8.656221406392795,9,0.0036924386072044,1.3503451083227926e-05,4.2659320526315785,82.27301074897584,116.73684210526316,,90.0,19,190.0,4,0.5,0.0,40.0,90.0,10.0,50.0,0.0,SJF,0.3693087608669732,36.93087608669732
988,8.56489911572991,8.66489911572991,6,0.0046675304367565,4.140246909284899e-06,2.6182496071428574,60.61224843182246,114.5,,60.0,28,280.0,3,0.375,10.0,80.0,120.0,0.0,70.0,0.0,SJF,0.33376221936447353,33.37622193644735
989,8.573576825067022,8.673576825067022,3,0.0017219909329782,7.153664601036102e-06,4.94915375,48.69373488407626,120.0,,30.0,4,40.0,1,0.125,0.0,0.0,20.0,0.0,20.0,0.0,SJF,0.33746492166747544,33.746492166747544
990,8.582254534404134,8.682254534404134,0,,0.0,,0.0,,,0.0,0,0.0,0,0.0,0.0,0.0,0.0,0.0,0.0,0.0,RR,0.46263451357794594,46.263451357794594
991,8.590932243741246,8.690932243741246,4,0.0038171540087534,2.956311809193436e-06,2.739564363636364,30.874774130968053,120.0,,40.0,11,110.0,2,0.25,0.0,40.0,40.0,0.0,30.0,0.0,SJF,0.3311178586948881,33.111785869488806
992,8.599609953078359,8.699609953078358,6,0.0062519532549745,1.9430678858577987e-06,1.1984042727272728,3.2414683677522182,114.27272727272728,,60.0,11,110.0,3,0.375,0.0,40.0,40.0,10.0,20.0,0.0,SJF,0.3101566295543631,31.01566295543631
993,8.60828766241547,8.70828766241547,11,0.0045883757663476,6.434783635276302e-06,1.325964448275862,3.7852832287803984,116.34482758620688,,110.0,29,290.0,4,0.5,0.0,60.0,130.0,20.0,80.0,0.0,SJF,0.38066652140169,38.066652140169
994,8.616965371752583,8.716965371752583,10,0.005068911347417,7.2408231854692e-06,0.6063037741935484,1.0867054296972474,117.96774193548389,,100.0,31,310.0,4,0.5,0.0,90.0,100.0,10.0,110.0,0.0,SJF,0.3568094429125288,35.68094429125288
995,8.625643081089695,8.725643081089695,8,0.0026523454103051,1.1232959079959084e-05,4.972239549999999,131.98861762876476,118.5,,80.0,20,200.0,4,0.5,0.0,60.0,100.0,0.0,40.0,0.0,SJF,0.3814848093712044,38.14848093712044
996,8.634320790426807,8.734320790426807,5,0.0019470183731932,6.995824259764367e-08,6.997135571428572,219.459945036839,116.85714285714286,,50.0,7,70.0,2,0.25,0.0,20.0,30.0,0.0,20.0,0.0,SJF,0.3802901950535078,38.02901950535078
997,8.64299849976392,8.74299849976392,3,0.0023558199027468,2.5706515791270105e-07,1.3669386666666667,6.1792307816015,120.0,,30.0,9,90.0,1,0.125,0.0,30.0,30.0,0.0,30.0,0.0,SJF,0.31347486302322636,31.347486302322636
998,8.651676209101032,8.751676209101031,4,0.005685949148968,2.078547577699698e-08,6.937614600000001,84.83422083759731,119.6,,40.0,5,50.0,2,0.25,0.0,10.0,20.0,0.0,20.0,0.0,SJF,0.3409912146864387,34.09912146864387
999,8.660353918438146,8.760353918438145,0,,0.0,,0.0,,,0.0,0,0.0,0,0.0,0.0,0.0,0.0,0.0,0.0,0.0,RR,0.46263451357794594,46.263451357794594
1000,8.669031627775258,8.769031627775258,7,0.005951449224742,2.839133995510771e-06,3.0347584545454542,39.34518152093664,119.0,,70.0,22,220.0,4,0.5,0.0,80.0,90.0,0.0,50.0,0.0,SJF,0.3443930463034966,34.43930463034966
1001,8.67770933711237,8.77770933711237,2,0.0039929768876296,8.281587601904895e-09,7.2658335,101.87740629072051,120.0,,20.0,2,20.0,1,0.125,0.0,0.0,10.0,0.0,10.0,0.0,SJF,0.3443292116390087,34.43292116390087
1002,8.686387046449482,8.786387046449482,4,0.0083310750505174,1.881167239992969e-07,0.772435,0.2766829408033334,110.25,,40.0,4,40.0,3,0.375,0.0,10.0,10.0,10.0,10.0,0.0,SJF,0.30820371509443695,30.820371509443696
1003,8.695064755786595,8.795064755786594,12,0.0031802625467385,8.411816804027897e-06,1.226421702702703,5.745964034192825,117.32432432432432,,120.0,37,370.0,4,0.5,0.0,80.0,140.0,20.0,130.0,0.0,SJF,0.39446307526394414,39.44630752639441
1004,8.703742465123707,8.803742465123706,7,0.0026140417334362,8.613513020085965e-06,1.8606869375,7.774711487653794,116.0625,,70.0,16,160.0,3,0.375,10.0,40.0,80.0,0.0,30.0,0.0,SJF,0.32869762978223677,32.869762978223676
1005,8.712420174460819,8.812420174460819,10,0.003065905439181,8.036308942969434e-06,1.02105790625,1.912856433684604,117.25,,100.0,32,320.0,4,0.5,20.0,100.0,140.0,20.0,40.0,0.0,SJF,0.3568094429125288,35.68094429125288
1006,8.721097883797931,8.82109788379793,13,0.0029466638943764,2.581166304713894e-06,1.105444375,3.3633812762723725,113.4375,,130.0,32,320.0,4,0.5,10.0,80.0,120.0,30.0,80.0,0.0,SJF,0.4030651809775221,40.30651809775221
1007,8.729775593135043,8.829775593135043,15,0.0026212853316234,2.1343765357689475e-06,1.2572308666666667,4.492157574666395,116.23333333333332,,150.0,30,300.0,4,0.5,0.0,50.0,120.0,10.0,120.0,0.0,SJF,0.4017548697402863,40.17548697402863
1008,8.738453302472156,8.838453302472155,8,0.0037633802778445,6.835866324633355e-06,1.633484105263158,4.305770371719099,109.15789473684212,,80.0,19,190.0,4,0.5,10.0,40.0,90.0,0.0,50.0,0.0,SJF,0.3489143503863783,34.89143503863783
1009,8.74713101180927,8.84713101180927,7,0.0023884936193019,5.772178719088498e-06,4.370842772727273,101.0621193712936,119.63636363636364,,70.0,22,220.0,4,0.5,0.0,60.0,90.0,0.0,70.0,0.0,SJF,0.34771140509392495,34.771140509392495
1010,8.755808721146382,8.855808721146381,6,0.0062546521869514,3.4575482360854373e-07,4.641915555555555,79.88151964144903,114.55555555555556,,60.0,9,90.0,2,0.25,0.0,0.0,30.0,10.0,50.0,0.0,SJF,0.3358418031743558,33.58418031743558
1011,8.764486430483494,8.864486430483494,0,,0.0,,0.0,,,0.0,0,0.0,0,0.0,0.0,0.0,0.0,0.0,0.0,0.0,RR,0.46263451357794594,46.263451357794594
1012,8.773164139820606,8.873164139820606,5,0.004030596179394,7.758475837148075e-06,1.17752085,7.202010985322029,118.9,,50.0,20,200.0,2,0.25,0.0,70.0,70.0,0.0,60.0,0.0,SJF,0.3155621155906337,31.556211559063367
1013,8.781841849157718,8.881841849157718,4,0.005361532592282,1.0918064996423148e-05,2.5119584,10.8218555369763,122.0,,40.0,5,50.0,3,0.375,0.0,0.0,20.0,10.0,20.0,0.0,SJF,0.32214940156032584,32.21494015603258
1014,8.79051955849483,8.89051955849483,12,0.0034059892551693,4.219747259841712e-06,1.4837864666666667,6.190514091112051,118.9,,120.0,30,300.0,4,0.5,10.0,40.0,120.0,10.0,120.0,0.0,SJF,0.398965526569999,39.8965526569999
1015,8.799197267831943,8.899197267831942,9,0.0046008306125017,1.0568926006914709e-05,0.8821590909090908,1.0921103937288483,116.3181818181818,,90.0,22,220.0,4,0.5,0.0,60.0,80.0,10.0,70.0,0.0,SJF,0.3499472928853541,34.99472928853541
1016,8.807874977169055,8.907874977169055,12,0.0021745636642783,2.995995062877645e-06,3.9288522857142856,81.277304929252,112.35714285714286,,120.0,28,280.0,6,0.75,0.0,40.0,110.0,20.0,110.0,0.0,SJF,0.412194335026106,41.2194335026106
1017,8.816552686506167,8.916552686506167,17,0.0056941083761858,9.695257531628087e-06,0.7011346666666667,2.5905762873033487,100.47619047619048,,170.0,42,420.0,4,0.5,90.0,40.0,140.0,40.0,110.0,0.0,SJF,0.40928643228013906,40.928643228013904
1018,8.82523039584328,8.925230395843279,29,0.0028188589153415,4.3477116930163146e-06,0.3660573879310345,0.4534083361585351,98.58620689655172,,290.0,116,1160.0,4,0.5,270.0,90.0,340.0,160.0,300.0,0.0,SJF,0.4063031747548861,40.63031747548861
1019,8.833908105180392,8.933908105180391,24,0.0047916504862749,3.92899078308698e-06,0.7141851041666666,1.415859002376776,116.5,,240.0,48,480.0,4,0.5,20.0,90.0,100.0,70.0,200.0,0.0,SJF,0.4131270486772409,41.312704867724094
1020,8.842585814517506,8.942585814517505,36,0.004577521149161,5.010173460566075e-06,7.075762698630137,2974.5525332187626,112.82191780821918,,360.0,73,730.0,6,0.75,20.0,80.0,290.0,20.0,320.0,0.0,SJF,0.5193568135358037,51.935681353580364
1021,8.851263523854618,8.951263523854617,13,0.0026453949146131,5.700677767820126e-06,0.7912152564102565,1.1774144130170376,114.87179487179488,,130.0,39,390.0,4,0.5,0.0,100.0,180.0,0.0,100.0,10.0,SJF,0.4030651809775221,40.30651809775221
1022,8.85994123319173,8.95994123319173,22,0.0034691042173608,8.250333651181416e-06,9.45151041509434,3777.671316500607,113.0377358490566,,220.0,53,530.0,5,0.625,10.0,50.0,240.0,40.0,190.0,0.0,SJF,0.6064062404262129,60.6406240426213
1023,8.868618942528842,8.968618942528842,13,0.0055670956250038,7.180357098540881e-06,0.3316825593220339,0.2721995493415266,119.2542372881356,,130.0,59,590.0,4,0.5,0.0,80.0,90.0,170.0,250.0,0.0,SJF,0.4030651809775221,40.30651809775221
1024,8.877296651865954,8.977296651865954,12,0.0028593905507121,8.491261290739397e-06,1.675174142857143,10.932615601850186,115.45714285714286,,120.0,35,350.0,4,0.5,10.0,80.0,130.0,30.0,100.0,0.0,SJF,0.4029214905300001,40.29214905300001
1025,8.885974361203067,8.985974361203066,5,0.0014015205969332,2.9169221067736806e-06,3.326751375,28.88754176902112,111.125,,50.0,8,80.0,2,0.25,0.0,10.0,30.0,10.0,30.0,0.0,SJF,0.3234540701591366,32.34540701591366
1026,8.894652070540179,8.994652070540178,8,0.0040012789598211,4.206086293490856e-07,0.969924181818182,3.459694128188917,117.77272727272728,,80.0,22,220.0,3,0.375,0.0,50.0,80.0,10.0,80.0,0.0,SJF,0.34899603849130584,34.899603849130585
1027,8.903329779877291,9.00332977987729,18,0.0035581275115977,5.948279677168e-06,0.829517292682927,1.4565699899481626,112.36585365853658,,180.0,41,410.0,4,0.5,20.0,60.0,130.0,50.0,150.0,0.0,SJF,0.40460030818780496,40.460030818780496
1028,8.912007489214403,9.012007489214405,13,0.0036717100932888,5.591170936652644e-06,0.7683499361702129,1.2229487469506264,115.74468085106383,,130.0,47,470.0,4,0.5,40.0,90.0,200.0,20.0,120.0,0.0,SJF,0.4030651809775221,40.30651809775221
1029,8.920685198551515,9.020685198551517,19,0.0051861657642739,6.155693272940088e-06,0.6276151923076922,0.8258378739197663,110.34615384615384,,190.0,52,520.0,4,0.5,50.0,70.0,210.0,30.0,160.0,0.0,SJF,0.40076686106167786,40.076686106167784
1030,8.929362907888628,9.029362907888627,12,0.0029609991113724,6.479665338936922e-06,0.7825563265306121,1.5957462223736412,112.85714285714286,,120.0,49,490.0,4,0.5,80.0,100.0,210.0,20.0,80.0,0.0,SJF,0.3950742908743124,39.50742908743124
1031,8.938040617225742,9.03804061722574,6,0.0020281379409251,9.25800942824867e-09,5.224502444444444,39.97899400479853,117.55555555555556,,60.0,9,90.0,4,0.5,0.0,30.0,40.0,0.0,20.0,0.0,SJF,0.33626658665550707,33.62665866555071
1032,8.946718326562854,9.046718326562852,7,0.0039709037228605,5.171461468687935e-07,1.1770915263157895,5.287966320800041,112.10526315789474,,70.0,19,190.0,3,0.375,10.0,50.0,70.0,10.0,50.0,0.0,SJF,0.3222632485958721,32.22632485958721
1033,8.955396035899966,9.055396035899966,12,0.0030948590167005,5.673111916380091e-06,0.8934298235294118,1.870786434820938,118.82352941176472,,120.0,34,340.0,4,0.5,0.0,80.0,170.0,0.0,90.0,0.0,SJF,0.3950742908743124,39.50742908743124
1034,8.964073745237078,9.064073745237078,10,0.0018647461629218,2.3997598200201846e-06,3.7186805238095233,47.39662897811286,115.47619047619048,,100.0,21,210.0,4,0.5,0.0,40.0,90.0,10.0,70.0,0.0,SJF,0.3738751810467293,37.38751810467293
1035,8.97275145457419,9.07275145457419,4,0.0074675261758097,1.0756014781665143e-07,0.6162565000000001,0.7874674638091431,120.0,,40.0,8,80.0,2,0.25,0.0,30.0,30.0,0.0,20.0,0.0,SJF,0.30820371509443695,30.820371509443696
1036,8.981429163911303,9.081429163911302,10,0.0029831032886974,7.03606089944382e-06,1.4567535185185188,9.01376655798195,117.55555555555556,,100.0,27,270.0,3,0.375,0.0,90.0,120.0,0.0,60.0,0.0,SJF,0.3641691909534864,36.41691909534864
1037,8.990106873248415,9.090106873248414,6,0.0033515087515851,4.000294783003011e-06,3.610133,19.373482782261995,114.77777777777776,,60.0,9,90.0,3,0.375,0.0,20.0,40.0,0.0,30.0,0.0,SJF,0.34658920893070017,34.65892089307002
1038,8.998784582585527,9.098784582585528,8,0.0055396586644731,4.392012486285174e-06,0.6593769629629629,1.0345878812987297,118.48148148148148,,80.0,27,270.0,4,0.5,0.0,90.0,110.0,10.0,60.0,0.0,SJF,0.3485449170835346,34.85449170835346
1039,9.00746229192264,9.10746229192264,17,0.0027846071950078,3.802765736911677e-06,1.3860129591836736,10.94259303117254,116.71428571428572,,170.0,49,490.0,4,0.5,0.0,100.0,220.0,10.0,160.0,0.0,SJF,0.421212329577928,42.1212329577928
1040,9.016140001259751,9.116140001259753,2,0.004130047240249,3.3526953468017454e-05,4.247361333333333,17.91309899310633,120.0,,20.0,3,30.0,2,0.25,0.0,10.0,20.0,0.0,0.0,0.0,SJF,0.3273794153729441,32.73794153729441
1041,9.024817710596864,9.124817710596863,13,0.0044124862492901,5.829636960464129e-06,0.6634656486486487,0.8536899916636231,117.2162162162162,,130.0,37,370.0,4,0.5,0.0,70.0,160.0,10.0,130.0,0.0,SJF,0.4030651809775221,40.30651809775221
1042,9.033495419933978,9.133495419933976,12,0.0018322458993555,3.690185392940669e-06,2.508312857142857,24.9620676159325,116.67857142857144,,120.0,28,280.0,4,0.5,0.0,60.0,110.0,10.0,100.0,0.0,SJF,0.41507824404857596,41.507824404857594
1043,9.04217312927109,9.14217312927109,0,,0.0,,0.0,,,0.0,0,0.0,0,0.0,0.0,0.0,0.0,0.0,0.0,0.0,RR,0.46263451357794594,46.263451357794594
1044,9.050850838608202,9.150850838608202,16,0.0026179404542977,3.2480421133318305e-06,0.9036505454545456,3.3242901018558344,117.47727272727272,,160.0,44,440.0,4,0.5,0.0,120.0,130.0,40.0,150.0,0.0,SJF,0.40822418707477015,40.82241870747701
1045,9.059528547945314,9.159528547945314,11,0.00366123060014,4.207893172505002e-06,1.3846745,6.058586284601824,110.5,,110.0,24,240.0,4,0.5,0.0,50.0,90.0,10.0,90.0,0.0,SJF,0.3846167404180487,38.46167404180487
1046,9.068206257282426,9.168206257282426,9,0.0032110192731291,1.263239605804946e-05,1.9123437647058823,7.347230788155566,112.70588235294116,,90.0,17,170.0,4,0.5,10.0,20.0,80.0,10.0,50.0,0.0,SJF,0.35746455456584086,35.74645545658409
1047,9.07688396661954,9.176883966619538,8,0.0019059972554613,1.957429626918997e-06,1.7961241250000002,14.389019745080198,118.16666666666669,,80.0,24,240.0,4,0.5,0.0,60.0,90.0,0.0,90.0,0.0,SJF,0.38439290875184295,38.4392908751843
1048,9.08556167595665,9.18556167595665,9,0.0027102939322377,4.462766307393615e-06,1.2821701428571428,2.090353245138928,116.47619047619048,,90.0,21,210.0,3,0.375,0.0,50.0,80.0,10.0,70.0,0.0,SJF,0.3499472928853541,34.99472928853541
1049,9.094239385293765,9.194239385293764,10,0.0033560694062368,8.185826061688437e-06,1.7813338888888888,5.406062249362341,114.83333333333331,,100.0,18,180.0,4,0.5,0.0,40.0,80.0,10.0,50.0,0.0,SJF,0.3564132489822594,35.64132489822594
1050,9.102917094630875,9.202917094630877,11,0.0011258894600335,2.2158142729971379e-07,0.8038854499999999,1.1508787299566128,117.625,,110.0,40,400.0,4,0.5,0.0,110.0,160.0,0.0,130.0,0.0,SJF,0.3802153999939187,38.02153999939187
1051,9.111594803967987,9.211594803967987,7,0.0013715911748697,7.057316281966597e-06,1.5828215652173914,6.73815980480262,117.04347826086956,,70.0,23,230.0,4,0.5,10.0,60.0,110.0,0.0,50.0,0.0,SJF,0.3300938301958777,33.009383019587766
1052,9.1202725133051,9.2202725133051,15,0.0023232920948984,4.647839858154176e-06,0.94544582,4.579819908626028,117.06,,150.0,50,500.0,4,0.5,20.0,100.0,230.0,10.0,140.0,0.0,SJF,0.4017548697402863,40.17548697402863
1053,9.128950222642214,9.228950222642212,9,0.0041080029133421,5.998147113112048e-06,0.8018214444444445,1.607909553036711,118.16666666666669,,90.0,36,360.0,4,0.5,0.0,130.0,140.0,0.0,90.0,0.0,SJF,0.3499472928853541,34.99472928853541
1054,9.137627931979326,9.237627931979326,7,0.0030328083063881,2.1089513236885545e-06,3.7892188,62.54921789053832,117.06666666666666,,70.0,15,150.0,4,0.5,0.0,50.0,70.0,0.0,30.0,0.0,SJF,0.3421088327281605,34.21088327281605
1055,9.146305641316438,9.246305641316438,6,0.0024236520168952,5.61357076099355e-08,3.073391222222222,19.65268301095244,117.55555555555556,,60.0,9,90.0,3,0.375,0.0,30.0,40.0,0.0,20.0,0.0,SJF,0.3483231515120421,34.832315151204206
1056,9.15498335065355,9.25498335065355,4,0.0027239113464494,1.6688105839189797e-06,2.3259589411764705,19.927307186544937,120.0,,40.0,17,170.0,3,0.375,0.0,70.0,70.0,0.0,30.0,0.0,SJF,0.3484898261410532,34.848982614105324
1057,9.163661059990662,9.263661059990662,8,0.0076822111343375,1.936644075792947e-07,1.786223916666667,21.79529531849572,115.91666666666669,,80.0,12,120.0,4,0.5,0.0,20.0,50.0,10.0,40.0,0.0,SJF,0.37905199160709385,37.90519916070939
1058,9.172338769327776,9.272338769327774,6,0.0002190308388921,2.5140965020163032e-08,5.326550999999999,70.6840204164225,118.88888888888889,,60.0,9,90.0,3,0.375,0.0,20.0,40.0,0.0,30.0,0.0,SJF,0.33411436587188653,33.41143658718865
1059,9.181016478664889,9.281016478664888,8,0.005525711710113,4.067477140657522e-06,1.0712097272727272,3.46738383160897,119.0,,80.0,22,220.0,3,0.375,0.0,80.0,90.0,0.0,50.0,0.0,SJF,0.34899603849130584,34.899603849130585
1060,9.189694188002,9.289694188002,11,0.0050258841798191,6.6450544474637935e-06,2.17817275,53.84051900522248,115.20833333333331,,110.0,24,240.0,4,0.5,0.0,50.0,100.0,20.0,70.0,0.0,SJF,0.4039043168268839,40.39043168268839
1061,9.198371897339111,9.298371897339113,12,0.0039508637442218,9.925073231427404e-06,1.2039341428571428,3.3278319803707928,116.5,,120.0,28,280.0,3,0.375,0.0,70.0,120.0,0.0,90.0,0.0,SJF,0.3950742908743124,39.50742908743124
1062,9.207049606676224,9.307049606676223,4,0.0027548038237763,1.0222139766818044e-05,3.533121941176471,45.3194038707918,119.88235294117646,,40.0,17,170.0,3,0.375,0.0,50.0,70.0,0.0,50.0,0.0,SJF,0.3311178586948881,33.111785869488806
1063,9.215727316013338,9.315727316013335,0,,0.0,,0.0,,,0.0,0,0.0,0,0.0,0.0,0.0,0.0,0.0,0.0,0.0,RR,0.46263451357794594,46.263451357794594
1064,9.22440502535045,9.32440502535045,8,0.0057062080245504,9.457756829731777e-06,1.6523332666666666,5.975940428067924,117.86666666666666,,80.0,15,150.0,4,0.5,0.0,40.0,80.0,0.0,30.0,0.0,SJF,0.3538298354309224,35.38298354309224
1065,9.233082734687562,9.333082734687562,11,0.0049296621306195,7.2576251962902436e-06,2.969515484848485,52.78238262748401,116.93939393939394,,110.0,33,330.0,4,0.5,0.0,90.0,120.0,10.0,110.0,0.0,SJF,0.4039043168268839,40.39043168268839
1066,9.241760444024674,9.341760444024674,0,,0.0,,0.0,,,0.0,0,0.0,0,0.0,0.0,0.0,0.0,0.0,0.0,0.0,RR,0.46263451357794594,46.263451357794594
1067,9.250438153361786,9.350438153361786,3,0.0009945686382136,1.2143729360054896e-07,2.743437666666667,17.212451194657334,120.0,,30.0,3,30.0,1,0.125,0.0,10.0,10.0,0.0,10.0,0.0,SJF,0.32817390107946587,32.817390107946586
1068,9.2591158626989,9.359115862698898,6,0.0023137083011013,5.158076566793345e-06,0.997456625,5.052076188829549,120.0,,60.0,24,240.0,3,0.375,0.0,50.0,50.0,20.0,120.0,0.0,SJF,0.310701802058497,31.070180205849702
1069,9.26779357203601,9.36779357203601,18,0.0030940979639891,7.292206270131058e-06,0.5579510566037735,0.8924136381534773,118.1509433962264,,180.0,53,530.0,4,0.5,20.0,90.0,150.0,50.0,220.0,0.0,SJF,0.40460030818780496,40.460030818780496
1070,9.276471281373125,9.376471281373124,20,0.0041259442768771,1.1319054301169668e-05,0.704034962264151,1.6635057896790366,116.64150943396228,,200.0,53,530.0,4,0.5,10.0,60.0,160.0,60.0,240.0,0.0,SJF,0.41466816996714057,41.46681699671406
1071,9.285148990710235,9.385148990710237,39,0.0034489050333546,4.8750075375596665e-06,0.4220176477272727,0.7971371702763683,116.01136363636364,,390.0,88,880.0,4,0.5,0.0,80.0,230.0,100.0,470.0,0.0,SJF,0.4101975684967375,41.01975684967375
1072,9.293826700047347,9.393826700047349,22,0.0030413858617435,3.68409704078799e-06,0.7117187500000001,1.269923988254617,117.79166666666669,,220.0,48,480.0,4,0.5,0.0,50.0,120.0,80.0,230.0,0.0,SJF,0.4183366181620626,41.83366181620626
1073,9.30250440938446,9.40250440938446,35,0.0042040868726832,4.680801393062326e-06,0.2441913129770992,0.2776534273663859,93.45038167938932,,350.0,131,1310.0,4,0.5,390.0,70.0,420.0,170.0,260.0,0.0,SJF,0.4101975684967375,41.01975684967375
1074,9.311182118721574,9.411182118721571,38,0.0029396086994791,4.7962434854991896e-06,0.5874901698113207,2.583736126640713,112.55660377358492,,380.0,106,1060.0,6,0.75,40.0,90.0,420.0,30.0,480.0,0.0,SJF,0.4101975684967375,41.01975684967375
1075,9.319859828058686,9.419859828058684,26,0.0043509415951603,9.569109362681186e-06,0.7411471111111111,5.132971676653478,113.1358024691358,,260.0,81,810.0,6,0.75,30.0,110.0,330.0,50.0,290.0,0.0,SJF,0.4174292346509732,41.74292346509732
1076,9.328537537395798,9.428537537395798,32,0.005042968260452,5.046440703105725e-06,0.6786352753623188,3.098698748429201,111.56521739130434,,320.0,69,690.0,5,0.625,10.0,90.0,180.0,100.0,300.0,10.0,SJF,0.4101975684967375,41.01975684967375
1077,9.33721524673291,9.43721524673291,18,0.004766789600423,8.321188785730081e-06,0.66483852,0.8789366948531117,114.3,,180.0,50,500.0,5,0.625,0.0,100.0,220.0,10.0,170.0,0.0,SJF,0.40460030818780496,40.460030818780496
1078,9.345892956070022,9.445892956070022,20,0.0024859048299776,3.6613462595664094e-06,25.089228666666664,23586.89300311562,111.92857142857144,,200.0,42,420.0,6,0.75,20.0,40.0,200.0,10.0,150.0,0.0,SJF,0.6452716226903825,64.52716226903826
1079,9.354570665407136,9.454570665407134,19,0.0041519267507603,5.857694549222943e-06,0.63259272,0.6294900631325729,113.26,,190.0,50,500.0,4,0.5,10.0,100.0,200.0,20.0,170.0,0.0,SJF,0.40076686106167786,40.076686106167784
1080,9.363248374744249,9.463248374744246,14,0.0014735932557531,1.1683920053612e-06,24.23849717073171,22119.97508096237,113.1219512195122,,140.0,41,410.0,5,0.625,0.0,100.0,190.0,0.0,120.0,0.0,SJF,0.6073546618315252,60.73546618315252
1081,9.37192608408136,9.47192608408136,12,0.0036124407519744,3.120525531344044e-06,1.270406653846154,2.721431324810635,114.73076923076924,,120.0,26,260.0,4,0.5,0.0,80.0,100.0,10.0,70.0,0.0,SJF,0.3950742908743124,39.50742908743124
1082,9.380603793418471,9.48060379341847,12,0.0041026742481954,6.542188955782329e-06,2.3044294545454544,19.72931090224188,118.27272727272728,,120.0,22,220.0,4,0.5,0.0,30.0,110.0,0.0,80.0,0.0,SJF,0.42362920582289826,42.362920582289824
1083,9.389281502755583,9.489281502755585,5,0.0016489726444167,3.2370644506243297e-06,1.904751882352941,12.615563806250483,120.0,,50.0,17,170.0,3,0.375,0.0,50.0,80.0,0.0,40.0,0.0,SJF,0.33512879595994455,33.512879595994455
1084,9.397959212092696,9.497959212092695,6,0.0047000204073042,8.600691950001892e-06,1.934119272727273,4.437970797623217,100.0,,60.0,11,110.0,4,0.5,20.0,10.0,50.0,10.0,20.0,0.0,SJF,0.31082220460176646,31.082220460176647
1085,9.40663692142981,9.50663692142981,12,0.0032912909868569,4.348954090849286e-06,0.5618513272727272,0.6949967728163353,114.4,,120.0,55,550.0,4,0.5,110.0,90.0,240.0,10.0,100.0,0.0,SJF,0.3950742908743124,39.50742908743124
1086,9.415314630766922,9.51531463076692,20,0.0020969096830781,3.5662049811793406e-06,0.963219875,3.912314916903566,112.16071428571428,,200.0,56,560.0,4,0.5,10.0,100.0,180.0,60.0,210.0,0.0,SJF,0.4149419231923399,41.49419231923399
1087,9.423992340104034,9.523992340104034,7,0.004940081895966,7.30610421072864e-06,2.1640735714285717,13.07495563645642,108.71428571428572,,70.0,14,140.0,3,0.375,10.0,20.0,60.0,0.0,50.0,0.0,SJF,0.3450563570591971,34.505635705919715
1088,9.432670049441146,9.532670049441146,8,0.0039606694338538,1.370395441088041e-05,1.038537,3.478393249880191,118.9090909090909,,80.0,22,220.0,3,0.375,0.0,60.0,90.0,0.0,70.0,0.0,SJF,0.34899603849130584,34.899603849130585
1089,9.441347758778258,9.541347758778258,12,0.0032190517217416,6.241903831993121e-06,2.156177970588235,25.190684841299483,113.08823529411764,,120.0,34,340.0,4,0.5,0.0,80.0,160.0,10.0,90.0,0.0,SJF,0.4077012165180401,40.77012165180401
1090,9.45002546811537,9.55002546811537,2,0.00053812188463,4.895821152812048e-08,6.273333,71.053141627778,120.0,,20.0,2,20.0,1,0.125,0.0,0.0,10.0,0.0,10.0,0.0,SJF,0.33692672606379803,33.6926726063798
1091,9.458703177452485,9.558703177452482,4,0.0046239280475166,9.817796313234787e-08,1.3442861764705882,10.569014829538157,116.47058823529412,,40.0,17,170.0,4,0.5,10.0,40.0,80.0,10.0,30.0,0.0,SJF,0.320728065594401,32.072806559440096
1092,9.467380886789597,9.567380886789596,10,0.002934885510405,7.475559732792961e-06,1.116427827586207,5.318832873033005,116.89655172413794,,100.0,29,290.0,3,0.375,0.0,60.0,140.0,10.0,80.0,0.0,SJF,0.3570659656848642,35.70659656848642
1093,9.476058596126707,9.576058596126709,16,0.0048561266857928,6.261455417145623e-06,0.61909478,0.8197395729444606,111.08,,160.0,50,500.0,4,0.5,0.0,40.0,180.0,20.0,260.0,0.0,SJF,0.40822418707477015,40.82241870747701
1094,9.48473630546382,9.58473630546382,22,0.0037670998089078,5.069454503899034e-06,0.785985947368421,2.7492741964298726,119.29824561403508,,220.0,57,570.0,4,0.5,10.0,70.0,200.0,40.0,250.0,0.0,SJF,0.4183366181620626,41.83366181620626
1095,9.493414014800932,9.593414014800931,8,0.0022649529490683,2.347341755519668e-07,1.05797292,4.990191275998076,117.36,,80.0,25,250.0,3,0.375,0.0,80.0,130.0,0.0,40.0,0.0,SJF,0.3490900895876685,34.909008958766854
1096,9.502091724138046,9.602091724138043,10,0.0027036732619544,2.1580173842297893e-06,1.7150547894736845,6.200687757382287,107.21052631578948,,100.0,19,190.0,4,0.5,10.0,30.0,80.0,10.0,60.0,0.0,SJF,0.36197979920532186,36.197979920532184
1097,9.510769433475158,9.610769433475156,15,0.0034016808581752,7.41075563369562e-06,0.7623567857142858,1.9401543573085716,116.44642857142856,,150.0,56,560.0,4,0.5,0.0,90.0,240.0,40.0,190.0,0.0,SJF,0.4021799205030373,40.21799205030373
1098,9.51944714281227,9.61944714281227,13,0.0043363711108068,1.141845880188092e-05,0.8880615,3.078200849666645,116.90625,,130.0,32,320.0,4,0.5,30.0,50.0,130.0,20.0,90.0,0.0,SJF,0.4030651809775221,40.30651809775221
1099,9.528124852149382,9.628124852149382,8,0.0032246168506175,7.306860609902755e-06,3.040061173913044,43.29850479088597,116.17391304347828,,80.0,23,230.0,4,0.5,0.0,70.0,120.0,0.0,40.0,0.0,SJF,0.36987722788459865,36.98772278845986
1100,9.536802561486494,9.636802561486494,7,0.0038268545135056,3.55092491591877e-07,1.7508307000000003,19.880809098945907,118.9,,70.0,20,200.0,3,0.375,0.0,70.0,80.0,0.0,50.0,0.0,SJF,0.3601271953136072,36.01271953136072
1101,9.545480270823608,9.645480270823606,4,0.0012876421763929,4.15724938832599e-06,2.3463958,14.689562019057956,119.7,,40.0,10,100.0,2,0.25,0.0,20.0,40.0,0.0,40.0,0.0,SJF,0.3461728394015433,34.61728394015433
1102,9.55415798016072,9.654157980160718,5,0.0056089432392809,1.795196999324212e-07,3.5130677,39.923418812219566,120.0,,50.0,10,100.0,3,0.375,10.0,20.0,50.0,0.0,20.0,0.0,SJF,0.3311178586948881,33.111785869488806
1103,9.562835689497833,9.66283568949783,4,0.0034397755021688,4.893512006094538e-06,2.318304,17.616181301733732,120.0,,40.0,16,160.0,3,0.375,0.0,60.0,60.0,0.0,40.0,0.0,SJF,0.32732740796138104,32.7327407961381
1104,9.571513398834943,9.671513398834945,4,0.0068328731650573,8.877224606207549e-07,0.5683768333333333,0.5169402992285667,114.83333333333331,,40.0,6,60.0,2,0.25,0.0,20.0,20.0,0.0,20.0,0.0,SJF,0.30820371509443695,30.820371509443696
1105,9.580191108172055,9.680191108172057,10,0.0014293828279441,2.225740998705937e-06,3.178440388888889,24.556735143163078,119.44444444444444,,100.0,18,180.0,4,0.5,0.0,20.0,80.0,10.0,70.0,0.0,SJF,0.3810603071825181,38.10603071825181
1106,9.58886881750917,9.688868817509167,5,0.0045112930908302,1.0985628866255736e-07,1.7101157777777778,13.863251137848655,119.55555555555556,,50.0,18,180.0,3,0.375,0.0,50.0,60.0,0.0,70.0,0.0,SJF,0.33747548945840045,33.747548945840045
1107,9.597546526846282,9.69754652684628,7,0.0037542284394326,5.905655976005833e-06,1.7147097857142857,4.841804588436951,115.5,,70.0,14,140.0,3,0.375,0.0,40.0,70.0,0.0,30.0,0.0,SJF,0.32233876977459675,32.23387697745967
1108,9.606224236183394,9.706224236183392,8,0.0023357991916062,2.7231257907051668e-06,4.422829866666666,79.55776207680024,117.06666666666666,,80.0,15,150.0,4,0.5,10.0,40.0,70.0,0.0,30.0,0.0,SJF,0.37029635227102964,37.029635227102965
1109,9.614901945520506,9.714901945520506,4,0.003440498479494,1.8995591028807117e-06,1.2535729333333334,18.73747171279903,120.0,,40.0,30,300.0,3,0.375,0.0,110.0,150.0,0.0,40.0,0.0,SJF,0.3467558835597113,34.67558835597113
1110,9.623579654857618,9.723579654857618,4,0.0011922163923818,3.414493064390549e-06,7.126328000000001,91.5724138510996,119.66666666666669,,40.0,6,60.0,2,0.25,0.0,10.0,30.0,0.0,20.0,0.0,SJF,0.34280998009595787,34.280998009595784
1111,9.63225736419473,9.73225736419473,0,,0.0,,0.0,,,0.0,0,0.0,0,0.0,0.0,0.0,0.0,0.0,0.0,0.0,RR,0.46263451357794594,46.263451357794594
1112,9.640935073531844,9.740935073531842,11,0.0056286158317938,2.421372025165629e-06,1.3687701290322578,11.170750600354914,117.0,,110.0,31,310.0,4,0.5,0.0,90.0,120.0,10.0,90.0,0.0,SJF,0.39020242063252497,39.020242063252496
1113,9.649612782868957,9.749612782868954,6,0.0025092271310451,1.3575116089208173e-08,4.555162111111112,52.28835353677411,117.55555555555556,,60.0,9,90.0,3,0.375,0.0,30.0,40.0,0.0,20.0,0.0,SJF,0.3404102819627925,34.04102819627925
1114,9.658290492206069,9.758290492206068,3,0.0011362224605999,3.8421364774309995e-08,2.8039063333333334,20.42737282457033,120.0,,30.0,3,30.0,1,0.125,0.0,10.0,10.0,0.0,10.0,0.0,SJF,0.33988955507072843,33.988955507072845
1115,9.66696820154318,9.76696820154318,9,0.0020916326790432,1.1709549894707752e-06,2.187314189189189,31.92917637001632,118.91891891891892,,90.0,37,370.0,4,0.5,10.0,90.0,180.0,0.0,90.0,0.0,SJF,0.370063833508245,37.0063833508245
1116,9.675645910880291,9.775645910880293,4,0.0069218848697087,4.1469935644346396e-07,2.9517634285714283,20.86134967975195,119.71428571428572,,40.0,7,70.0,2,0.25,0.0,20.0,30.0,0.0,20.0,0.0,SJF,0.33988955507072843,33.988955507072845
1117,9.684323620217404,9.784323620217403,2,0.0081301522825949,2.816018599803152e-07,0.7211195,0.0017227863005,104.5,,20.0,2,20.0,1,0.125,0.0,0.0,10.0,0.0,10.0,0.0,SJF,0.30820371509443695,30.820371509443696
1118,9.693001329554518,9.793001329554516,11,0.0024238370818459,6.23718867369846e-06,1.1211297142857144,5.940657779984989,117.0952380952381,,110.0,42,420.0,4,0.5,0.0,120.0,160.0,20.0,120.0,0.0,SJF,0.3851649065831691,38.51649065831691
1119,9.70167903889163,9.80167903889163,15,0.0050052142417033,3.1654387280458877e-06,1.6131691153846153,7.307787770272026,114.1923076923077,,150.0,26,260.0,4,0.5,0.0,50.0,100.0,10.0,100.0,0.0,SJF,0.40857778357727204,40.857778357727206
1120,9.710356748228742,9.810356748228742,9,0.0065290581045916,5.704893394046828e-07,1.949759777777777,13.619970864044186,116.05555555555556,,90.0,18,180.0,4,0.5,0.0,40.0,70.0,10.0,60.0,0.0,SJF,0.3706256422906178,37.06256422906178
1121,9.719034457565854,9.819034457565854,5,0.003150726234146,7.512430307233816e-06,1.4077893333333331,5.131382562040236,119.88888888888889,,50.0,18,180.0,3,0.375,0.0,60.0,70.0,0.0,50.0,0.0,SJF,0.30874888759857083,30.874888759857082
1122,9.727712166902966,9.827712166902966,6,0.0038172910970336,8.210636477302292e-06,1.0608826842105263,2.255168059609561,117.6842105263158,,60.0,19,190.0,4,0.5,30.0,50.0,90.0,0.0,20.0,0.0,SJF,0.3101566295543631,31.01566295543631
1123,9.73638987624008,9.836389876240078,8,0.0016265325099211,7.97620115227837e-06,1.598885074074074,5.841263523224916,117.48148148148148,,80.0,27,270.0,4,0.5,0.0,70.0,140.0,0.0,60.0,0.0,SJF,0.34933011713023165,34.93301171302316
1124,9.74506758557719,9.84506758557719,8,0.0019397022978091,1.982194835178808e-06,3.2689639285714285,106.63825426225895,118.42857142857144,,80.0,28,280.0,4,0.5,0.0,100.0,120.0,0.0,60.0,0.0,SJF,0.38057363690380536,38.057363690380534
1125,9.753745294914305,9.853745294914305,8,0.0037415698356968,5.649325323080772e-06,1.30856325,5.606216142356204,118.16666666666669,,80.0,12,120.0,2,0.25,0.0,30.0,50.0,0.0,40.0,0.0,SJF,0.3488542168388246,34.88542168388246
1126,9.762423004251415,9.862423004251417,5,0.002961273148584,7.654268982784549e-06,2.4847112727272727,13.816810802130613,120.0,,50.0,11,110.0,3,0.375,10.0,30.0,50.0,0.0,20.0,0.0,SJF,0.33747548945840045,33.747548945840045
1127,9.771100713588527,9.871100713588527,4,0.0010166656614725,2.2442034227707474e-06,2.423794571428572,17.128627060814722,120.0,,40.0,14,140.0,3,0.375,0.0,50.0,50.0,0.0,40.0,0.0,SJF,0.3262816143800515,32.62816143800515
1128,9.77977842292564,9.87977842292564,10,0.0054723595743586,1.402852120876129e-06,0.9520052857142856,1.0541372921745271,116.42857142857144,,100.0,14,140.0,3,0.375,0.0,20.0,30.0,10.0,80.0,0.0,SJF,0.3568094429125288,35.68094429125288
1129,9.788456132262754,9.888456132262752,2,0.0001804787372465,3.0844228819139607e-09,9.581549,44.24882747040999,120.0,,20.0,4,40.0,3,0.375,0.0,0.0,30.0,0.0,10.0,0.0,SJF,0.4193291121861231,41.93291121861231
1130,9.797133841599866,9.897133841599866,11,0.0057777217637703,5.640158709588354e-06,0.6161127272727273,0.7471444894177671,118.1818181818182,,110.0,33,330.0,4,0.5,0.0,90.0,130.0,10.0,100.0,0.0,SJF,0.3802153999939187,38.02153999939187
1131,9.805811550936978,9.905811550936978,13,0.0036066062937913,6.194893471258468e-06,2.362538038461538,27.75567320106948,115.8846153846154,,130.0,26,260.0,4,0.5,0.0,60.0,120.0,0.0,80.0,0.0,SJF,0.40905782449587025,40.90578244958702
1132,9.81448926027409,9.91448926027409,9,0.0039627323925765,5.142441422485612e-06,0.98021095,2.1632928606214192,116.2,,90.0,20,200.0,3,0.375,0.0,50.0,80.0,0.0,70.0,0.0,SJF,0.3499472928853541,34.99472928853541
1133,9.823166969611204,9.923166969611202,8,0.0018459822637975,4.27545556107304e-06,2.596406208333333,33.83696838861921,113.08333333333331,,80.0,24,240.0,3,0.375,10.0,50.0,110.0,0.0,70.0,0.0,SJF,0.36987722788459865,36.98772278845986
1134,9.831844678948316,9.931844678948314,2,0.0069217235516854,8.18137944431959e-09,5.0791405,49.0292282939045,120.0,,20.0,2,20.0,1,0.125,0.0,0.0,10.0,0.0,10.0,0.0,SJF,0.3363756934534871,33.63756934534871
1135,9.840522388285429,9.940522388285428,8,0.0059811297145728,9.946184410066405e-06,1.4434040714285712,4.213332134875457,118.28571428571428,,80.0,14,140.0,4,0.5,0.0,50.0,60.0,0.0,30.0,0.0,SJF,0.3489143503863783,34.89143503863783
1136,9.84920009762254,9.94920009762254,22,0.0055836318320063,7.144745585165193e-06,0.6060104181818182,0.5707709968912847,116.21818181818182,,220.0,55,550.0,4,0.5,0.0,90.0,160.0,60.0,240.0,0.0,SJF,0.4183366181620626,41.83366181620626
1137,9.857877806959651,9.957877806959653,7,0.0029484541832057,4.432614942210331e-06,2.54689125,9.672465496835668,117.25,,70.0,16,160.0,4,0.5,0.0,40.0,80.0,0.0,40.0,0.0,SJF,0.3289703661604804,32.89703661604804
1138,9.866555516296764,9.966555516296763,10,0.0043461308032364,4.834297261925739e-06,2.798730238095238,34.7149764523723,117.9047619047619,,100.0,21,210.0,4,0.5,0.0,50.0,100.0,0.0,60.0,0.0,SJF,0.3738751810467293,37.38751810467293
1139,9.875233225633878,9.975233225633875,4,0.0012016793661224,2.830331017417954e-06,1.5325476666666666,7.5544349680189695,120.0,,40.0,12,120.0,2,0.25,0.0,40.0,40.0,10.0,30.0,0.0,SJF,0.3155621155906337,31.556211559063367
1140,9.88391093497099,9.98391093497099,6,0.0043863266956769,4.768440744909306e-06,0.7344071764705883,5.008647581799965,117.91176470588236,,60.0,34,340.0,4,0.5,0.0,20.0,20.0,150.0,150.0,0.0,SJF,0.310701802058497,31.070180205849702
1141,9.892588644308102,9.992588644308102,11,0.0031677345100797,1.0669475757893848e-05,0.7495627631578947,1.2077569730452125,115.52631578947368,,110.0,38,380.0,4,0.5,0.0,60.0,140.0,40.0,140.0,0.0,SJF,0.3802153999939187,38.02153999939187
1142,9.901266353645214,10.001266353645214,21,0.0031005546405,4.657275119187199e-06,0.7707792307692307,0.9603804614061416,115.46153846153848,,210.0,52,520.0,4,0.5,10.0,100.0,220.0,10.0,180.0,0.0,SJF,0.4166224490944978,41.66224490944978
1143,9.909944062982326,10.009944062982326,10,0.0035246518176734,4.627132105668661e-06,1.283583677419355,6.765483899074158,117.16129032258064,,100.0,31,310.0,4,0.5,0.0,80.0,140.0,10.0,80.0,0.0,SJF,0.3652685370222337,36.52685370222337
1144,9.91862177231944,10.018621772319438,11,0.0025411214987431,2.762549676123984e-06,0.915001925925926,2.062641194929994,111.29629629629628,,110.0,27,270.0,3,0.375,10.0,50.0,100.0,10.0,100.0,0.0,SJF,0.3802153999939187,38.02153999939187
1145,9.92729948165655,10.02729948165655,14,0.0023451015577345,3.6559408125798096e-06,1.0952335172413794,1.8428416915670447,119.17241379310344,,140.0,29,290.0,4,0.5,0.0,50.0,110.0,0.0,130.0,0.0,SJF,0.39702849874377044,39.702849874377044
1146,9.935977190993665,10.035977190993664,9,0.0018589335618926,6.811560271255786e-06,1.1651577222222222,2.971847639012663,118.63888888888889,,90.0,36,360.0,4,0.5,30.0,70.0,170.0,10.0,80.0,0.0,SJF,0.3499472928853541,34.99472928853541
1147,9.944654900330775,10.044654900330777,10,0.0029775907692247,4.409389702963528e-06,1.5193364782608696,4.5520706510078055,118.0,,100.0,23,230.0,4,0.5,0.0,80.0,90.0,0.0,60.0,0.0,SJF,0.3574750179599321,35.74750179599321
1148,9.953332609667887,10.053332609667889,12,0.0036625513321126,6.637721795198947e-06,1.171565457142857,3.814497837929021,114.62857142857143,,120.0,35,350.0,4,0.5,10.0,70.0,150.0,0.0,120.0,0.0,SJF,0.39552541228208377,39.552541228208376
1149,9.962010319005,10.062010319005,10,0.0041051249949989,6.466968516481345e-06,1.0853168333333334,2.073744128564232,116.83333333333331,,100.0,24,240.0,4,0.5,0.0,60.0,110.0,0.0,70.0,0.0,SJF,0.3568094429125288,35.68094429125288
1150,9.970688028342114,10.070688028342111,8,0.0021748387828863,1.555488523852302e-06,1.3957219655172417,11.80293645208375,113.58620689655172,,80.0,29,290.0,4,0.5,10.0,90.0,130.0,0.0,60.0,0.0,SJF,0.36370076881268515,36.37007688126852
1151,9.979365737679226,10.079365737679224,9,0.0015010986541074,3.5354029874948565e-06,2.2019545263157894,21.075733210676603,111.21052631578948,,90.0,19,190.0,3,0.375,0.0,20.0,90.0,0.0,80.0,0.0,SJF,0.3804849249724077,38.04849249724077
1152,9.988043447016338,10.088043447016338,6,0.0011267746503289,9.29912778051311e-07,4.8830677,54.61949626557334,115.1,,60.0,10,100.0,3,0.375,0.0,10.0,40.0,10.0,40.0,0.0,SJF,0.3381137149789978,33.81137149789978
1153,9.99672115635345,10.09672115635345,6,0.0076593171465499,1.0627281955142933e-07,0.7358102222222223,0.6787883268341945,117.88888888888889,,60.0,9,90.0,3,0.375,0.0,40.0,20.0,20.0,10.0,0.0,SJF,0.3101566295543631,31.01566295543631
1154,10.005398865690562,10.105398865690562,14,0.0023973543808661,3.187401901691307e-06,0.7706738979591837,1.3130054250072605,118.44897959183672,,140.0,49,490.0,4,0.5,0.0,70.0,150.0,70.0,200.0,0.0,SJF,0.39702849874377044,39.702849874377044
1155,10.014076575027676,10.114076575027674,13,0.0049558729723252,6.19855427398214e-06,1.3094701724137932,3.1520210429205764,115.93103448275862,,130.0,29,290.0,4,0.5,0.0,40.0,120.0,20.0,110.0,0.0,SJF,0.4030651809775221,40.30651809775221
1156,10.022754284364789,10.122754284364786,9,0.0034663599685467,6.05860709070292e-06,0.8064876249999999,1.5300724384076614,117.90625,,90.0,32,320.0,4,0.5,0.0,100.0,140.0,0.0,80.0,0.0,SJF,0.3499472928853541,34.99472928853541
1157,10.0314319937019,10.1314319937019,8,0.000717592173101,4.204510466907284e-07,3.195689076923077,46.18769197217239,118.8846153846154,,80.0,26,260.0,4,0.5,10.0,50.0,120.0,0.0,80.0,0.0,SJF,0.36987722788459865,36.98772278845986
1158,10.040109703039011,10.14010970303901,1,0.0086747719609885,0.0,0.878594,0.0,119.0,,10.0,1,10.0,1,0.125,0.0,0.0,0.0,0.0,10.0,0.0,SJF,0.30820371509443695,30.820371509443696
1159,10.048787412376123,10.148787412376125,10,0.0049334690238765,4.997606266230338e-06,0.8287900769230769,1.080383111585674,117.03846153846152,,100.0,26,260.0,4,0.5,0.0,80.0,100.0,10.0,70.0,0.0,SJF,0.3568094429125288,35.68094429125288
1160,10.057465121713236,10.157465121713235,11,0.002664476741308,7.333192710412328e-06,2.844366,31.08273764663928,117.82758620689656,,110.0,29,290.0,4,0.5,0.0,70.0,120.0,10.0,90.0,0.0,SJF,0.39726245632053425,39.72624563205343
1161,10.06614283105035,10.16614283105035,0,,0.0,,0.0,,,0.0,0,0.0,0,0.0,0.0,0.0,0.0,0.0,0.0,0.0,RR,0.46263451357794594,46.263451357794594
1162,10.074820540387462,10.17482054038746,7,0.0042898274696813,4.179352869815333e-06,2.01014168,22.995856618242385,119.92,,70.0,25,250.0,4,0.5,0.0,60.0,100.0,0.0,90.0,0.0,SJF,0.35553511979871255,35.55351197987125
1163,10.083498249724574,10.183498249724574,5,0.0044583608754262,7.330826256470914e-06,2.5997869090909087,12.45143103899569,120.72727272727272,,50.0,11,110.0,3,0.375,0.0,20.0,60.0,0.0,30.0,0.0,SJF,0.3333979450749894,33.33979450749894
1164,10.092175959061686,10.192175959061686,8,0.0049783923133137,6.528432559092061e-07,2.125156357142857,13.892451959978713,115.07142857142856,,80.0,14,140.0,3,0.375,0.0,10.0,60.0,10.0,60.0,0.0,SJF,0.3775083901067222,37.75083901067222
1165,10.100853668398798,10.200853668398798,4,0.0036392313512014,1.3852059394296012e-07,3.072286909090909,88.67740115075722,119.13636363636364,,40.0,22,220.0,3,0.375,0.0,70.0,70.0,0.0,80.0,0.0,SJF,0.3324715774849001,33.24715774849001
1166,10.10953137773591,10.20953137773591,4,0.0010332797640892,4.70359766075237e-07,1.62140625,6.511927720714386,119.75,,40.0,12,120.0,2,0.25,0.0,20.0,60.0,0.0,40.0,0.0,SJF,0.3159790820312143,31.597908203121428
1167,10.118209087073025,10.218209087073022,8,0.0047410456769771,1.0084710761043734e-05,1.1719583333333332,3.0175466548916665,107.8,,80.0,15,150.0,3,0.375,10.0,30.0,30.0,40.0,40.0,0.0,SJF,0.3485449170835346,34.85449170835346
1168,10.126886796410137,10.226886796410136,9,0.0021541602565318,6.99429741555226e-06,1.6854764444444443,16.56714886217964,118.85185185185183,,90.0,27,270.0,3,0.375,0.0,80.0,100.0,0.0,90.0,0.0,SJF,0.37228300509234563,37.228300509234565
1169,10.135564505747247,10.235564505747249,4,0.0035475605027524,1.393995412928538e-05,1.1516714545454545,3.2364137486306723,106.8181818181818,,40.0,11,110.0,2,0.25,20.0,0.0,50.0,0.0,40.0,0.0,SJF,0.30820371509443695,30.820371509443696
1170,10.14424221508436,10.24424221508436,7,0.0024969700584974,9.850679215690871e-06,1.135784393939394,3.2861731151646847,117.27272727272728,,70.0,33,330.0,4,0.5,20.0,90.0,170.0,0.0,50.0,0.0,SJF,0.32179359727046275,32.179359727046275
1171,10.152919924421472,10.252919924421471,8,0.0042552018285266,3.3480489511679825e-06,3.42263748,166.39242521077702,118.24,,80.0,25,250.0,4,0.5,0.0,90.0,100.0,0.0,60.0,0.0,SJF,0.39934460918468695,39.934460918468695
1172,10.161597633758586,10.261597633758583,8,0.0040976942414143,1.1578209777118851e-05,1.680410125,4.190654072942917,118.5,,80.0,16,160.0,3,0.375,0.0,30.0,80.0,0.0,50.0,0.0,SJF,0.3489143503863783,34.89143503863783
1173,10.170275343095698,10.270275343095696,7,0.0017180234757306,2.478843759335825e-07,3.2024428,24.161172732969288,117.8,,70.0,10,100.0,3,0.375,0.0,30.0,40.0,0.0,30.0,0.0,SJF,0.35371810842212875,35.371810842212874
1174,10.17895305243281,10.27895305243281,12,0.0058281891505232,4.5673442520134775e-06,0.6070775185185185,0.31880317699649,117.03703703703704,,120.0,27,270.0,3,0.375,0.0,60.0,90.0,30.0,90.0,0.0,SJF,0.3950742908743124,39.50742908743124
1175,10.187630761769922,10.287630761769922,9,0.0032995641189668,8.513420431168566e-06,3.168278714285714,39.37238182143941,115.1904761904762,,90.0,21,210.0,3,0.375,0.0,40.0,90.0,10.0,70.0,0.0,SJF,0.370063833508245,37.0063833508245
1176,10.196308471107034,10.296308471107034,1,0.0086266288929657,0.0,1.794636,0.0,101.0,,10.0,1,10.0,1,0.125,0.0,0.0,0.0,0.0,10.0,0.0,SJF,0.30820371509443695,30.820371509443696
1177,10.204986180444148,10.304986180444146,4,0.0021180473058537,1.6459235004843916e-07,2.1563367777777778,31.049371361899126,118.94444444444444,,40.0,18,180.0,2,0.25,0.0,60.0,70.0,0.0,50.0,0.0,SJF,0.3311178586948881,33.111785869488806
1178,10.21366388978126,10.313663889781258,7,0.0047526610758839,4.463228690576024e-06,0.8321018235294118,0.7284317648077794,118.6470588235294,,70.0,17,170.0,3,0.375,20.0,40.0,80.0,0.0,30.0,0.0,SJF,0.32179359727046275,32.179359727046275
1179,10.222341599118373,10.32234159911837,10,0.0031093968816291,4.219909092434738e-06,1.0475997916666666,1.8010989481550417,116.91666666666669,,100.0,24,240.0,3,0.375,0.0,80.0,110.0,0.0,50.0,0.0,SJF,0.3568094429125288,35.68094429125288
1180,10.231019308455483,10.331019308455485,11,0.0033116580899712,7.263814408231178e-06,0.9117447894736842,1.9309403456494136,118.76315789473684,,110.0,38,380.0,4,0.5,0.0,100.0,160.0,10.0,110.0,0.0,SJF,0.3802153999939187,38.02153999939187
1181,10.239697017792595,10.339697017792597,8,0.0022437204574043,2.748394528290998e-07,3.120223647058824,25.595004232105865,111.52941176470588,,80.0,17,170.0,4,0.5,10.0,30.0,60.0,10.0,60.0,0.0,SJF,0.36172127462030623,36.17212746203062
1182,10.24837472712971,10.348374727129707,7,0.0068599340131475,2.7011868688252573e-06,1.061696,1.822006091977867,109.625,,70.0,16,160.0,4,0.5,10.0,40.0,80.0,0.0,30.0,0.0,SJF,0.32179359727046275,32.179359727046275
1183,10.257052436466822,10.35705243646682,13,0.003292415225486,3.53202182709059e-06,1.2357158510638298,21.24872473699444,117.55319148936172,,130.0,47,470.0,4,0.5,0.0,150.0,180.0,10.0,130.0,0.0,SJF,0.4185297940141844,41.85297940141844
1184,10.265730145803934,10.365730145803932,8,0.0021826560710662,3.082682212249485e-06,4.4898525000000005,53.30436290223117,118.16666666666669,,80.0,12,120.0,3,0.375,0.0,30.0,50.0,0.0,40.0,0.0,SJF,0.3758714638064258,37.58714638064258
1185,10.274407855141046,10.374407855141046,0,,0.0,,0.0,,,0.0,0,0.0,0,0.0,0.0,0.0,0.0,0.0,0.0,0.0,RR,0.46263451357794594,46.263451357794594
1186,10.283085564478158,10.383085564478158,8,0.0039893988968415,1.2836198593498544e-05,0.7424311785714286,0.8969536832327448,118.60714285714286,,80.0,28,280.0,3,0.375,0.0,70.0,70.0,40.0,100.0,0.0,SJF,0.3485449170835346,34.85449170835346
1187,10.29176327381527,10.39176327381527,25,0.0024439346247295,5.244610689511902e-06,0.3675682888888889,0.1716409532809268,116.05555555555556,,250.0,90,900.0,4,0.5,60.0,150.0,280.0,70.0,340.0,0.0,SJF,0.41896542635042183,41.89654263504218
1188,10.300440983152384,10.400440983152382,22,0.0046710133021626,1.0388986408632424e-05,0.6572246964285714,1.071585384751779,117.30357142857144,,220.0,56,560.0,4,0.5,20.0,70.0,190.0,60.0,220.0,0.0,SJF,0.4183366181620626,41.83366181620626
1189,10.309118692489497,10.409118692489496,40,0.003374660210505,5.613277589970754e-06,0.345415587628866,0.3715338860272865,115.22680412371136,,400.0,97,970.0,4,0.5,20.0,110.0,170.0,180.0,490.0,0.0,SJF,0.4101975684967375,41.01975684967375
1190,10.317796401826609,10.417796401826608,26,0.0024052507118545,7.600330090126363e-06,0.9536381764705882,10.987544911249072,108.6470588235294,,260.0,68,680.0,5,0.625,70.0,50.0,260.0,40.0,260.0,0.0,SJF,0.4332903200028908,43.32903200028908
1191,10.32647411116372,10.42647411116372,19,0.0035333573099647,4.480432140877249e-06,0.60846875,1.2950080111750035,110.03333333333332,,190.0,60,600.0,4,0.5,90.0,80.0,250.0,40.0,140.0,0.0,SJF,0.40076686106167786,40.076686106167784
1192,10.335151820500831,10.435151820500831,33,0.0046139094082595,7.336806276750149e-06,0.2213942589928057,0.0966703046354831,98.61151079136692,,330.0,139,1390.0,5,0.625,330.0,150.0,420.0,170.0,320.0,0.0,SJF,0.4101975684967375,41.01975684967375
1193,10.343829529837944,10.443829529837943,42,0.0028053049239594,6.1693115515527005e-06,0.3372154183006536,0.1660200272098764,110.34640522875816,,420.0,153,1530.0,6,0.75,90.0,90.0,560.0,130.0,650.0,10.0,SJF,0.4101975684967375,41.01975684967375
1194,10.352507239175058,10.452507239175056,28,0.0045597898963707,1.0267625592690115e-05,0.9995251176470588,8.066409292021119,111.61764705882354,,280.0,68,680.0,6,0.75,10.0,80.0,250.0,30.0,310.0,0.0,SJF,0.4138802979405521,41.38802979405521
1195,10.36118494851217,10.46118494851217,26,0.0050874652955224,6.226686941814215e-06,0.6855235344827586,1.5099772029638676,111.43103448275862,,260.0,58,580.0,5,0.625,10.0,70.0,190.0,70.0,230.0,10.0,SJF,0.41896542635042183,41.89654263504218
1196,10.369862657849282,10.469862657849282,21,0.0041217874840511,7.0360336081898286e-06,1.1099656037735848,4.956539545672054,112.0,,210.0,53,530.0,6,0.75,0.0,70.0,220.0,30.0,210.0,0.0,SJF,0.41508625739504923,41.50862573950492
1197,10.378540367186394,10.478540367186394,25,0.0035468662536055,4.914494199886716e-06,12.46830355357143,7345.330537023465,111.89285714285714,,250.0,56,560.0,6,0.75,20.0,70.0,250.0,10.0,210.0,0.0,SJF,0.6243837587042171,62.438375870421716
1198,10.387218076523506,10.487218076523506,12,0.0036976008098267,4.384486539131738e-06,0.9186328571428573,1.2466921477339792,112.28571428571428,,120.0,28,280.0,4,0.5,0.0,60.0,140.0,0.0,80.0,0.0,SJF,0.3950742908743124,39.50742908743124
1199,10.39589578586062,10.495895785860618,18,0.0018883679727145,2.881900235717702e-06,1.167466744680851,4.287319083015976,112.02127659574468,,180.0,47,470.0,5,0.625,10.0,80.0,210.0,10.0,160.0,0.0,SJF,0.40487406141300425,40.487406141300426
1200,10.404573495197733,10.50457349519773,15,0.0047157090689357,4.868627355061526e-06,17.995588805555556,10429.139566349802,111.16666666666669,,150.0,36,360.0,5,0.625,0.0,70.0,140.0,20.0,130.0,0.0,SJF,0.5864999874700032,58.64999874700032
1201,10.413251204534845,10.513251204534845,7,0.0027510531794422,3.819891613518288e-06,1.5110887096774193,9.95675181933748,117.61290322580643,,70.0,31,310.0,4,0.5,0.0,90.0,150.0,0.0,70.0,0.0,SJF,0.32896684758081896,32.896684758081896
1202,10.421928913871955,10.521928913871957,8,0.0031906781280446,1.027429242844568e-06,2.793513692307692,25.53873577954556,112.53846153846152,,80.0,13,130.0,3,0.375,0.0,20.0,60.0,0.0,50.0,0.0,SJF,0.36172127462030623,36.17212746203062
1203,10.43060662320907,10.530606623209067,7,0.0052287967909305,4.075287145080742e-06,0.9205948421052632,1.695729278945918,119.57894736842104,,70.0,19,190.0,4,0.5,0.0,50.0,80.0,0.0,60.0,0.0,SJF,0.32179359727046275,32.179359727046275
1204,10.43928433254618,10.53928433254618,13,0.0033077546076644,7.96044617663269e-06,0.5132907999999999,0.8423842818096878,113.06666666666666,,130.0,60,600.0,4,0.5,120.0,100.0,220.0,50.0,110.0,0.0,SJF,0.4030651809775221,40.30651809775221
1205,10.447962041883294,10.547962041883292,12,0.0014917387000396,4.4683618754994624e-06,2.6155781666666664,30.29578877746187,111.43333333333334,,120.0,30,300.0,4,0.5,10.0,30.0,100.0,30.0,130.0,0.0,SJF,0.40971179361521637,40.971179361521635
1206,10.456639751220406,10.556639751220406,4,0.008054567779594,4.776644941275601e-08,0.4158928571428571,0.2997868047004762,99.71428571428572,,40.0,7,70.0,2,0.25,0.0,10.0,30.0,10.0,20.0,0.0,SJF,0.30820371509443695,30.820371509443696
1207,10.465317460557518,10.565317460557518,10,0.0018310614424818,4.12189220148731e-06,1.4096399130434782,4.875851794724539,111.65217391304348,,100.0,23,230.0,3,0.375,10.0,40.0,90.0,10.0,80.0,0.0,SJF,0.35714148686358876,35.714148686358875
1208,10.47399516989463,10.57399516989463,14,0.0043166600339411,1.9318849208717583e-06,0.9389045161290324,2.965559262532792,114.87096774193547,,140.0,31,310.0,4,0.5,50.0,20.0,120.0,20.0,100.0,0.0,SJF,0.39702849874377044,39.702849874377044
1209,10.482672879231744,10.582672879231742,14,0.0041889842682573,1.130997205879062e-05,0.8374019803921569,4.090114948859339,115.76470588235294,,140.0,51,510.0,4,0.5,30.0,120.0,170.0,60.0,130.0,0.0,SJF,0.3973979320466141,39.73979320466141
1210,10.491350588568856,10.591350588568854,15,0.0017691259644787,1.142089319830597e-06,0.6766273469387755,2.8383807121490645,123.42857142857144,,150.0,49,490.0,3,0.375,80.0,20.0,150.0,50.0,190.0,0.0,SJF,0.4021799205030373,40.21799205030373
1211,10.500028297905969,10.600028297905968,6,0.004166099094033,9.602503426073391e-06,1.285851275862069,6.835872174822063,113.51724137931036,,60.0,29,290.0,4,0.5,90.0,10.0,130.0,30.0,30.0,0.0,SJF,0.3184568624797779,31.84568624797779
1212,10.50870600724308,10.60870600724308,19,0.0059328291253419,5.032097175538075e-06,0.4445096307692307,0.9219304895482054,118.1076923076923,,190.0,65,650.0,4,0.5,80.0,60.0,250.0,60.0,200.0,0.0,SJF,0.40076686106167786,40.076686106167784
1213,10.517383716580191,10.617383716580193,9,0.003058096642031,9.367990117128983e-06,0.6554766037735849,2.9262721903064364,119.9245283018868,,90.0,53,530.0,4,0.5,120.0,100.0,210.0,50.0,50.0,0.0,SJF,0.3499472928853541,34.99472928853541
1214,10.526061425917304,10.626061425917303,12,0.0037803582493614,9.776084884056184e-06,0.8249029607843137,3.987289899929999,118.52941176470588,,120.0,51,510.0,4,0.5,160.0,40.0,220.0,30.0,60.0,0.0,SJF,0.3954437241771561,39.544372417715614
1215,10.534739135254418,10.634739135254415,10,0.0025694074455826,1.0786480658185149e-05,0.3676292115384615,0.2398220250020525,122.09615384615384,,100.0,52,520.0,4,0.5,110.0,70.0,200.0,10.0,130.0,0.0,SJF,0.3568094429125288,35.68094429125288
1216,10.54341684459153,10.64341684459153,15,0.0037386200084705,9.19577001160936e-06,0.5956334032258065,0.8829397834027366,120.37096774193547,,150.0,62,620.0,4,0.5,140.0,90.0,290.0,0.0,100.0,0.0,SJF,0.4021799205030373,40.21799205030373
1217,10.552094553928642,10.652094553928642,14,0.0029789649999296,5.20862102025338e-06,0.5114174556962024,1.2126691667379434,115.72151898734175,,140.0,79,790.0,4,0.5,110.0,150.0,360.0,10.0,160.0,0.0,SJF,0.39702849874377044,39.702849874377044
1218,10.560772263265754,10.660772263265754,9,0.0032288205120239,4.5686277166931736e-06,0.5924091176470588,1.9201093310593456,121.05882352941175,,90.0,51,510.0,4,0.5,120.0,100.0,220.0,0.0,70.0,0.0,SJF,0.3499472928853541,34.99472928853541
1219,10.569449972602866,10.669449972602866,9,0.0014335476193555,1.3039785531869926e-06,0.8665932307692308,2.8690460681733394,121.43589743589745,,90.0,39,390.0,4,0.5,90.0,50.0,180.0,0.0,70.0,0.0,SJF,0.3499472928853541,34.99472928853541
1220,10.57812768193998,10.678127681939978,11,0.0020939001509306,3.447230667397193e-06,0.6563437272727273,1.4636002903925356,122.0909090909091,,110.0,55,550.0,4,0.5,170.0,40.0,240.0,0.0,100.0,0.0,SJF,0.3802153999939187,38.02153999939187
1221,10.58680539127709,10.68680539127709,13,0.0028731463382937,7.369816554911005e-06,0.3208962358490566,0.2276363972214772,119.688679245283,,130.0,106,1060.0,4,0.5,340.0,80.0,450.0,40.0,150.0,0.0,SJF,0.4030651809775221,40.30651809775221
1222,10.595483100614205,10.695483100614204,18,0.004062844385797,7.685759849128217e-06,0.494213046875,0.4114507434355058,116.515625,,180.0,64,640.0,4,0.5,120.0,40.0,290.0,40.0,150.0,0.0,SJF,0.40460030818780496,40.460030818780496
1223,10.604160809951315,10.704160809951317,12,0.0019819637153514,5.312603666320307e-06,0.4053623894736842,1.900711655953068,118.58947368421052,,120.0,95,950.0,4,0.5,100.0,70.0,520.0,30.0,230.0,0.0,SJF,0.3950742908743124,39.50742908743124
1224,10.612838519288427,10.712838519288429,18,0.0037667977115726,6.850031789207877e-06,0.2527365081967213,0.2085285919950619,120.31967213114754,,180.0,122,1220.0,4,0.5,330.0,120.0,430.0,90.0,250.0,0.0,SJF,0.40460030818780496,40.460030818780496
1225,10.62151622862554,10.72151622862554,16,0.0022669214994587,5.928072220608508e-06,0.3099344758064516,0.7887086655862021,119.56451612903226,,160.0,124,1240.0,4,0.5,420.0,90.0,520.0,30.0,180.0,0.0,SJF,0.40822418707477015,40.82241870747701
1226,10.630193937962654,10.730193937962651,15,0.0020473321706797,1.8956520381444316e-06,0.3874473333333333,1.4581786186657306,119.06666666666666,,150.0,90,900.0,4,0.5,330.0,40.0,400.0,30.0,100.0,0.0,SJF,0.4021799205030373,40.21799205030373
1227,10.638871647299766,10.738871647299764,23,0.0031908891350169,3.618425701965864e-06,0.2977395913043478,0.7058518914976648,118.81739130434782,,230.0,115,1150.0,4,0.5,330.0,100.0,460.0,80.0,180.0,0.0,SJF,0.41346947201252326,41.34694720125233
1228,10.647549356636878,10.747549356636878,14,0.0035841771488363,1.217360290758229e-05,0.6094862876712329,2.4886881237570138,116.97260273972604,,140.0,73,730.0,4,0.5,230.0,30.0,320.0,40.0,110.0,0.0,SJF,0.39702849874377044,39.702849874377044
1229,10.65622706597399,10.75622706597399,11,0.0052613104805555,8.494385106552085e-06,1.209942138888889,15.940504384682582,114.27777777777776,,110.0,36,360.0,4,0.5,110.0,30.0,160.0,10.0,50.0,0.0,SJF,0.40277083200790165,40.277083200790166
1230,10.664904775311102,10.764904775311102,11,0.0047651543252612,7.738443701777262e-06,0.2851584166666667,0.2389274839190915,119.0,,110.0,72,720.0,3,0.375,220.0,80.0,310.0,10.0,100.0,0.0,SJF,0.3802153999939187,38.02153999939187
1231,10.673582484648216,10.773582484648214,21,0.0054234288279758,7.180529296138456e-06,0.440367974025974,0.9194770463948416,116.8051948051948,,210.0,77,770.0,4,0.5,190.0,70.0,300.0,50.0,160.0,0.0,SJF,0.4166224490944978,41.66224490944978
1232,10.682260193985329,10.782260193985326,9,0.003014443125784,7.28854049758869e-06,1.5639405454545454,43.680858828646166,116.4090909090909,,90.0,44,440.0,4,0.5,150.0,40.0,190.0,20.0,40.0,0.0,SJF,0.370063833508245,37.0063833508245
1233,10.69093790332244,10.79093790332244,9,0.0012134813442279,2.1609826921617173e-06,0.4374689104477612,0.9481085918498404,119.6268656716418,,90.0,67,670.0,3,0.375,170.0,80.0,310.0,0.0,110.0,0.0,SJF,0.3499472928853541,34.99472928853541
1234,10.699615612659551,10.79961561265955,8,0.0039340314654487,1.111986775435978e-05,0.5330304814814815,1.19769699305116,119.25925925925924,,80.0,54,540.0,3,0.375,200.0,20.0,260.0,0.0,60.0,0.0,SJF,0.3485449170835346,34.85449170835346
1235,10.708293321996663,10.808293321996665,5,0.0026082154033368,5.888351829719281e-06,1.2209245,5.640298753562473,120.5,,50.0,20,200.0,3,0.375,70.0,10.0,100.0,0.0,20.0,0.0,SJF,0.308513014849727,30.851301484972698
1236,10.716971031333776,10.816971031333775,7,0.0027292472376512,6.266656348038704e-06,0.194602046875,0.2817115586859978,117.09375,,70.0,128,1280.0,3,0.375,290.0,280.0,410.0,190.0,110.0,0.0,SJF,0.32179359727046275,32.179359727046275
1237,10.72564874067089,10.82564874067089,23,0.0043517939812844,6.5320562739757165e-06,0.2606420204081632,0.2745133805899583,118.51020408163264,,230.0,98,980.0,4,0.5,200.0,130.0,280.0,150.0,220.0,0.0,SJF,0.41346947201252326,41.34694720125233
1238,10.734326450008002,10.834326450008,26,0.0029192048381518,5.13075590920256e-06,0.4400247010309278,1.1957521212571285,122.45360824742268,,260.0,97,970.0,4,0.5,340.0,50.0,280.0,80.0,220.0,0.0,SJF,0.41896542635042183,41.89654263504218
1239,10.743004159345114,10.843004159345114,14,0.0047554309406001,8.644111735294767e-06,0.6189006808510639,0.943309530770048,119.19148936170212,,140.0,47,470.0,4,0.5,70.0,60.0,200.0,0.0,140.0,0.0,SJF,0.39702849874377044,39.702849874377044
1240,10.751681868682226,10.851681868682226,17,0.0028335161413031,5.613913894693448e-06,1.172697447761194,41.85623983833247,116.11940298507464,,170.0,67,670.0,4,0.5,90.0,80.0,300.0,50.0,150.0,0.0,SJF,0.43369397451840386,43.369397451840385
1241,10.760359578019338,10.860359578019338,16,0.0035899944181616,8.13155484117761e-06,0.7362980769230769,1.2542644119289148,111.2051282051282,,160.0,39,390.0,3,0.375,30.0,70.0,190.0,0.0,100.0,0.0,SJF,0.40822418707477015,40.82241870747701
1242,10.76903728735645,10.86903728735645,8,0.0032500652685492,7.583032538646264e-06,0.7523333333333333,2.3604562996221614,113.63333333333334,,80.0,30,300.0,3,0.375,10.0,80.0,120.0,0.0,90.0,0.0,SJF,0.3485449170835346,34.85449170835346
1243,10.777714996693565,10.877714996693562,13,0.0022568580756679,5.18437911656334e-06,1.15848796875,4.342380771802612,113.40625,,130.0,32,320.0,3,0.375,10.0,50.0,140.0,0.0,120.0,0.0,SJF,0.4034346142803658,40.34346142803658
1244,10.786392706030677,10.886392706030676,10,0.0054246542693249,6.566036262331496e-06,0.6490875555555555,0.4284737381020257,117.33333333333331,,100.0,27,270.0,3,0.375,0.0,50.0,110.0,10.0,100.0,0.0,SJF,0.3568094429125288,35.68094429125288
1245,10.795070415367787,10.895070415367789,7,0.0017439777750699,1.2445746560610949e-06,0.845625,2.578777311016138,115.16666666666669,,70.0,30,300.0,3,0.375,20.0,60.0,150.0,0.0,70.0,0.0,SJF,0.32179359727046275,32.179359727046275
1246,10.8037481247049,10.9037481247049,15,0.0027000272950987,2.3601870959165017e-06,2.010677121212121,43.98979342906643,111.84848484848484,,150.0,33,330.0,4,0.5,20.0,50.0,140.0,10.0,110.0,0.0,SJF,0.42917692686973175,42.917692686973176
1247,10.812425834042012,10.912425834042011,10,0.0039590836579863,8.994137250078607e-06,1.216704545454545,5.855568554311022,108.5,,100.0,22,220.0,3,0.375,10.0,40.0,90.0,10.0,70.0,0.0,SJF,0.3575735439734958,35.75735439734958
1248,10.821103543379126,10.921103543379123,8,0.002773600995874,5.631409247243633e-06,1.0981863846153848,8.782602097237245,118.28205128205128,,80.0,39,390.0,3,0.375,0.0,110.0,170.0,0.0,110.0,0.0,SJF,0.3558292131921369,35.58292131921369
1249,10.829781252716238,10.929781252716236,3,0.0021426489504291,4.764575412299304e-09,2.0590885,16.082091838980336,114.5,,30.0,4,40.0,1,0.125,0.0,20.0,20.0,0.0,0.0,0.0,SJF,0.3393588368071295,33.935883680712955
1250,10.83845896205335,10.93845896205335,26,0.0042111918312654,3.994982214741241e-06,0.5473251571428571,3.444789116881409,115.61428571428571,,260.0,70,700.0,4,0.5,10.0,110.0,210.0,40.0,330.0,0.0,SJF,0.4192391795756211,41.92391795756211
1251,10.847136671390462,10.947136671390462,7,0.0010727214666808,8.354508413797436e-07,0.8416468965517241,3.4585368613520244,118.41379310344828,,70.0,29,290.0,3,0.375,0.0,90.0,120.0,0.0,80.0,0.0,SJF,0.32224471867823395,32.2244718678234
1252,10.855814380727574,10.955814380727574,14,0.0027123039152827,8.181048581777227e-06,1.2871025263157894,6.653206736898957,113.26315789473684,,140.0,38,380.0,4,0.5,10.0,90.0,170.0,10.0,100.0,0.0,SJF,0.4041473618399585,40.41473618399585
1253,10.864492090064688,10.964492090064686,13,0.0048557782430054,8.39335322104598e-06,0.8596019285714285,2.1229742691583646,113.42857142857144,,130.0,28,280.0,4,0.5,10.0,70.0,110.0,10.0,80.0,0.0,SJF,0.4030651809775221,40.30651809775221
1254,10.8731697994018,10.973169799401798,17,0.0031791484217305,3.2377260812210426e-06,2.2224537333333334,103.15997286507906,113.5111111111111,,170.0,45,450.0,4,0.5,10.0,100.0,160.0,20.0,160.0,0.0,SJF,0.44108878277671765,44.108878277671764
1255,10.881847508738913,10.98184750873891,6,0.0047995529277556,2.584270928969041e-06,1.158990875,2.1907264626814498,108.375,,60.0,16,160.0,3,0.375,20.0,40.0,80.0,0.0,20.0,0.0,SJF,0.3101566295543631,31.01566295543631
1256,10.890525218076023,10.990525218076025,8,0.0029605197989766,4.4219031126613805e-06,0.99757916,4.073322436556974,118.24,,80.0,25,250.0,3,0.375,10.0,70.0,110.0,10.0,50.0,0.0,SJF,0.3489143503863783,34.89143503863783
1257,10.899202927413135,10.999202927413137,10,0.0027749432868626,4.92253239302861e-06,0.609055984375,4.144221164807952,116.5,,100.0,64,640.0,3,0.375,20.0,50.0,120.0,190.0,260.0,0.0,SJF,0.3571788762153724,35.717887621537244
1258,10.90788063675025,11.007880636750247,8,0.0028917742497507,4.949761789094408e-06,1.2288858695652174,9.334279563720573,111.82608695652172,,80.0,23,230.0,2,0.25,20.0,50.0,110.0,0.0,50.0,0.0,SJF,0.3560523293422392,35.60523293422392
1259,10.916558346087362,11.01655834608736,7,0.0045635913412096,3.689817280478889e-06,0.9428507333333332,4.773010763657495,117.06666666666666,,70.0,15,150.0,2,0.25,0.0,40.0,70.0,0.0,40.0,0.0,SJF,0.32233876977459675,32.23387697745967
1260,10.925236055424474,11.025236055424472,8,0.0021726772005263,1.580740507072059e-06,1.1960562,7.791990769574916,118.24,,80.0,25,250.0,3,0.375,0.0,90.0,90.0,0.0,70.0,0.0,SJF,0.3554489495953085,35.54489495953085
1261,10.933913764761586,11.033913764761586,6,0.0040898679050807,4.987933939560032e-06,2.458503909090909,12.93977974476889,116.0,,60.0,11,110.0,3,0.375,0.0,40.0,50.0,0.0,20.0,0.0,SJF,0.3339475990694639,33.39475990694639
1262,10.942591474098698,11.042591474098698,9,0.0016717217901902,1.270651414546053e-06,4.0010499600000005,257.3223731086808,118.2,,90.0,25,250.0,3,0.375,10.0,50.0,80.0,20.0,90.0,0.0,SJF,0.4094718677167018,40.94718677167018
1263,10.95126918343581,11.05126918343581,10,0.0038450154641893,6.415453500327024e-06,0.5483556666666667,0.9410581784808127,118.9047619047619,,100.0,42,420.0,3,0.375,40.0,90.0,160.0,20.0,110.0,0.0,SJF,0.3568094429125288,35.68094429125288
1264,10.959946892772924,11.059946892772922,13,0.0040323978424619,1.0899634182765837e-05,0.8099586470588235,1.9352292935829625,117.3529411764706,,130.0,34,340.0,3,0.375,20.0,90.0,150.0,0.0,80.0,0.0,SJF,0.4030651809775221,40.30651809775221
1265,10.968624602110037,11.068624602110036,11,0.0041919323445104,4.7369172542081495e-06,0.8993094838709678,1.6382593350723915,117.5483870967742,,110.0,31,310.0,3,0.375,0.0,70.0,150.0,0.0,90.0,0.0,SJF,0.3802153999939187,38.02153999939187
1266,10.977302311447149,11.077302311447148,6,0.0014095592195196,1.7328674859570645e-06,1.0527824615384616,5.583075064998098,118.3076923076923,,60.0,26,260.0,3,0.375,10.0,80.0,100.0,0.0,70.0,0.0,SJF,0.3104659293096531,31.04659293096531
1267,10.98598002078426,11.08598002078426,10,0.0048985167157406,8.045420513662306e-06,1.3027910588235294,4.634382021475434,116.94117647058825,,100.0,17,170.0,3,0.375,20.0,40.0,70.0,10.0,30.0,0.0,SJF,0.35732195824151985,35.73219582415199
1268,10.994657730121371,11.094657730121371,13,0.0017643931093959,1.0549936134987756e-06,0.469768046875,0.9146544161493468,114.59375,,130.0,64,640.0,3,0.375,90.0,160.0,260.0,20.0,110.0,0.0,SJF,0.4030651809775221,40.30651809775221
1269,11.003335439458484,11.103335439458483,15,0.0047950562081812,8.08647834278084e-06,0.4186549130434783,0.3405326222010145,114.1304347826087,,150.0,46,460.0,3,0.375,20.0,90.0,160.0,20.0,170.0,0.0,SJF,0.4021799205030373,40.21799205030373
1270,11.012013148795598,11.112013148795596,7,0.0022886476329736,9.822978847626794e-06,2.041803375,7.803804198884384,112.6875,,70.0,16,160.0,3,0.375,10.0,40.0,80.0,0.0,30.0,0.0,SJF,0.32869762978223677,32.869762978223676
1271,11.02069085813271,11.12069085813271,21,0.00459741886729,4.131642497553263e-06,12.449569672131148,4144.96298463609,117.59016393442624,,210.0,61,610.0,6,0.75,0.0,130.0,250.0,40.0,190.0,0.0,SJF,0.6195657675985268,61.95657675985268
1272,11.029368567469822,11.129368567469822,9,0.0020404098635111,2.0561593861124654e-06,1.49560675,6.897144819354618,118.0,,90.0,20,200.0,3,0.375,0.0,80.0,80.0,10.0,30.0,0.0,SJF,0.35840638699505895,35.840638699505895
1273,11.038046276806934,11.138046276806934,11,0.0036030228294295,2.1306815665765504e-06,0.907265619047619,5.028887716110145,111.83333333333331,,110.0,42,420.0,4,0.5,20.0,40.0,210.0,20.0,130.0,0.0,SJF,0.37963418631739626,37.96341863173963
1274,11.046723986144046,11.146723986144046,11,0.0039308484923171,5.698513426245945e-06,0.6132291842105263,0.9001625905334518,115.05263157894736,,110.0,38,380.0,3,0.375,20.0,100.0,160.0,0.0,100.0,0.0,SJF,0.3802153999939187,38.02153999939187
1275,11.05540169548116,11.155401695481158,12,0.0028435911021749,8.043398686792738e-06,0.8506637872340426,4.028802595453952,119.06382978723404,,120.0,47,470.0,4,0.5,30.0,90.0,210.0,0.0,140.0,0.0,SJF,0.3954437241771561,39.544372417715614
1276,11.064079404818273,11.16407940481827,24,0.0046812006400624,5.423985335433956e-06,0.8442916545454545,3.7194456665220086,115.50909090909092,,240.0,55,550.0,4,0.5,10.0,40.0,220.0,20.0,240.0,20.0,SJF,0.4134008019024402,41.340080190244024
1277,11.072757114155385,11.172757114155385,10,0.005026563744617,8.621574200021516e-06,0.7453422857142857,1.624711243510656,117.60714285714286,,100.0,28,280.0,3,0.375,0.0,60.0,100.0,10.0,110.0,0.0,SJF,0.3568094429125288,35.68094429125288
1278,11.081434823492495,11.181434823492497,12,0.0022865350908379,3.543326751283778e-06,1.2537253157894737,11.300470265693573,118.5,,120.0,38,380.0,4,0.5,10.0,80.0,160.0,10.0,120.0,0.0,SJF,0.403437009510314,40.3437009510314
1279,11.09011253282961,11.190112532829607,9,0.0031869477259465,3.501852247970968e-06,1.6596046363636363,8.28309169544672,110.72727272727272,,90.0,22,220.0,3,0.375,10.0,30.0,90.0,10.0,80.0,0.0,SJF,0.3561401523052986,35.61401523052986
1280,11.09879024216672,11.19879024216672,8,0.0048134317082784,5.872171311259823e-06,0.842251148148148,2.1537131136262846,118.14814814814817,,80.0,27,270.0,4,0.5,0.0,70.0,100.0,0.0,100.0,0.0,SJF,0.3485449170835346,34.85449170835346
1281,11.107467951503834,11.207467951503832,8,0.0030733267461662,4.420254062906078e-06,1.7928768235294117,5.313441457305154,117.41176470588236,,80.0,17,170.0,4,0.5,0.0,40.0,80.0,0.0,50.0,0.0,SJF,0.3490145684089439,34.90145684089439
1282,11.116145660840946,11.216145660840946,7,0.0015618050161967,2.347228265354959e-06,2.9030915714285714,14.840731401338418,118.42857142857144,,70.0,14,140.0,4,0.5,10.0,40.0,60.0,0.0,30.0,0.0,SJF,0.35545457908198463,35.545457908198465
1283,11.124823370178058,11.224823370178058,12,0.0042935959886084,5.050978657740646e-06,0.7651137346938776,2.212568920078032,119.10204081632654,,120.0,49,490.0,4,0.5,20.0,110.0,160.0,20.0,180.0,0.0,SJF,0.3950742908743124,39.50742908743124
1284,11.13350107951517,11.23350107951517,11,0.0047711747575569,5.510618145477369e-06,1.2873557307692307,4.804313552649484,112.84615384615384,,110.0,26,260.0,4,0.5,10.0,40.0,110.0,10.0,90.0,0.0,SJF,0.37963418631739626,37.96341863173963
1285,11.142178788852284,11.242178788852282,10,0.0046351078477172,7.444452685176652e-06,2.593368947368421,21.22089187364905,108.78947368421052,,100.0,19,190.0,4,0.5,10.0,20.0,80.0,10.0,70.0,0.0,SJF,0.38497281533478966,38.49728153347897
1286,11.150856498189397,11.250856498189394,6,0.0034480288106054,6.987312228821991e-06,0.477073380952381,0.2035803598822476,120.0,,60.0,21,210.0,2,0.25,20.0,60.0,80.0,0.0,50.0,0.0,SJF,0.3101566295543631,31.01566295543631
1287,11.159534207526509,11.259534207526508,6,0.0013787131401598,3.5934262796852047e-06,1.5640625454545456,3.807264448535212,117.0,,60.0,22,220.0,4,0.5,10.0,60.0,110.0,0.0,40.0,0.0,SJF,0.31060775096213433,31.060775096213433
1288,11.16821191686362,11.26821191686362,13,0.00433284636715,1.078884023301208e-05,1.2206914482758622,3.4217887363271844,116.3103448275862,,130.0,29,290.0,4,0.5,0.0,70.0,120.0,10.0,90.0,0.0,SJF,0.4035163023852934,40.35163023852934
1289,11.176889626200731,11.276889626200733,10,0.0032522442992684,9.633555272763929e-06,1.7763238055555557,9.250422547093072,118.05555555555556,,100.0,36,360.0,4,0.5,0.0,100.0,140.0,10.0,110.0,0.0,SJF,0.36421606353523706,36.42160635352371
1290,11.185567335537844,11.285567335537843,5,0.0069769622621546,3.800071346637159e-08,1.412779875,3.366769392856696,117.25,,50.0,8,80.0,3,0.375,0.0,30.0,40.0,0.0,10.0,0.0,SJF,0.30820371509443695,30.820371509443696
1291,11.194245044874958,11.294245044874955,6,0.0022658186250428,5.8190752292249774e-08,2.850662818181818,14.667664069876562,118.0,,60.0,11,110.0,4,0.5,0.0,30.0,60.0,0.0,20.0,0.0,SJF,0.343817611365885,34.3817611365885
1292,11.20292275421207,11.30292275421207,9,0.0026291278990411,4.911045924145443e-06,1.25560836,3.5225098782509066,108.76,,90.0,25,250.0,4,0.5,10.0,40.0,100.0,10.0,90.0,0.0,SJF,0.3503984142931253,35.03984142931253
1293,11.211600463549182,11.311600463549182,13,0.0033286786815871,7.294268336739677e-06,1.4796401515151516,6.771585232859632,116.45454545454544,,130.0,33,330.0,4,0.5,0.0,70.0,150.0,10.0,100.0,0.0,SJF,0.41066787460458665,41.06678746045866
1294,11.220278172886294,11.320278172886294,5,0.0009782809137057,2.270586868954996e-06,3.232947166666667,19.82460231580706,106.33333333333331,,50.0,12,120.0,3,0.375,0.0,10.0,60.0,0.0,50.0,0.0,SJF,0.3484898261410532,34.848982614105324
1295,11.228955882223406,11.328955882223406,9,0.0060321053321494,3.427689738610004e-06,1.1910454814814817,6.2200599442007976,119.1851851851852,,90.0,27,270.0,4,0.5,0.0,90.0,100.0,10.0,70.0,0.0,SJF,0.3551176491781471,35.51176491781471
1296,11.23763359156052,11.337633591560518,10,0.0050376853394816,4.682819148148464e-06,1.5942140454545453,6.3214225089370935,118.36363636363636,,100.0,22,220.0,4,0.5,0.0,40.0,100.0,0.0,80.0,0.0,SJF,0.36197979920532186,36.197979920532184
1297,11.24631130089763,11.34631130089763,8,0.005558200102369,6.826106891484485e-06,1.456539625,3.35276641163225,118.625,,80.0,16,160.0,4,0.5,0.0,50.0,70.0,0.0,40.0,0.0,SJF,0.3485449170835346,34.85449170835346
1298,11.254989010234745,11.354989010234744,7,0.0019729793366854,5.865419018671636e-06,1.3301562666666666,7.432632789871168,118.53333333333332,,70.0,30,300.0,4,0.5,0.0,80.0,140.0,0.0,80.0,0.0,SJF,0.32915199776665965,32.915199776665965
1299,11.263666719571855,11.363666719571857,9,0.0033069913170334,7.974245884063384e-07,3.116452176470588,26.863768509008903,115.94117647058825,,90.0,17,170.0,4,0.5,10.0,20.0,70.0,10.0,60.0,0.0,SJF,0.3636000213097276,36.36000213097276
1300,11.27234442890897,11.372344428908969,5,0.0076387124910311,3.726608853390344e-06,1.5444272,6.1309419966452,99.8,,50.0,5,50.0,3,0.375,10.0,0.0,10.0,10.0,20.0,0.0,SJF,0.3134886334418247,31.34886334418247
1301,11.28102213824608,11.38102213824608,12,0.0020470022539186,3.2408269490492946e-06,1.1071392195121952,4.187589218442927,117.02439024390245,,120.0,41,410.0,4,0.5,0.0,100.0,170.0,10.0,130.0,0.0,SJF,0.3954437241771561,39.544372417715614
1302,11.289699847583194,11.389699847583191,5,0.0032919708168066,4.973243860041575e-06,4.0872813,39.264617200273335,105.8,,50.0,10,100.0,4,0.5,10.0,10.0,50.0,0.0,30.0,0.0,SJF,0.3311178586948881,33.111785869488806
1303,11.298377556920306,11.398377556920304,7,0.0034960546511226,5.107551554548362e-06,1.3186068125,2.5618636022088297,116.0625,,70.0,16,160.0,3,0.375,0.0,60.0,70.0,0.0,30.0,0.0,SJF,0.32179359727046275,32.179359727046275
1304,11.307055266257418,11.407055266257418,10,0.0020622242425821,3.4276002426813176e-06,0.73798435,1.758377580711669,118.35,,100.0,40,400.0,4,0.5,0.0,100.0,120.0,20.0,160.0,0.0,SJF,0.3568094429125288,35.68094429125288
1305,11.31573297559453,11.41573297559453,19,0.0017181247212592,4.840042780401161e-06,0.4994734512195122,0.5134451282073865,118.39024390243902,,190.0,82,820.0,4,0.5,30.0,130.0,310.0,30.0,320.0,0.0,SJF,0.40076686106167786,40.076686106167784
1306,11.324410684931642,11.424410684931642,24,0.0037756843183577,3.962142214463082e-06,0.5534402857142857,0.5466394338279168,118.5,,240.0,56,560.0,4,0.5,0.0,40.0,140.0,80.0,300.0,0.0,SJF,0.4131270486772409,41.312704867724094
1307,11.333088394268756,11.433088394268754,22,0.0028823516403363,5.67099025833387e-06,0.5480993478260869,0.7958912955017889,117.6086956521739,,220.0,69,690.0,4,0.5,0.0,140.0,200.0,80.0,270.0,0.0,SJF,0.4183366181620626,41.83366181620626
1308,11.341766103605869,11.441766103605866,7,0.0017597329655621,9.911652066175098e-07,2.3960845294117643,11.08900077468864,116.94117647058825,,70.0,17,170.0,4,0.5,10.0,50.0,80.0,0.0,30.0,0.0,SJF,0.33188213071421235,33.18821307142124
1309,11.35044381294298,11.45044381294298,12,0.003882827557021,4.48533590485278e-06,1.0192830000000002,2.8675024133933804,116.9,,120.0,30,300.0,4,0.5,0.0,60.0,130.0,10.0,100.0,0.0,SJF,0.3950742908743124,39.50742908743124
1310,11.359121522280091,11.45912152228009,9,0.0026278136087977,3.9302038031729705e-06,1.040405911764706,3.928224325685538,119.29411764705884,,90.0,34,340.0,4,0.5,30.0,90.0,150.0,10.0,60.0,0.0,SJF,0.3503167261881977,35.03167261881977
1311,11.367799231617203,11.467799231617205,7,0.0017738516685089,9.012023386244695e-06,1.8080938,7.93761998045301,116.7,,70.0,20,200.0,4,0.5,0.0,60.0,90.0,0.0,50.0,0.0,SJF,0.32808724832640374,32.80872483264037
1312,11.376476940954316,11.476476940954315,18,0.0057979418234605,5.902927100652233e-06,22.44985285,9046.203455238783,113.25,,180.0,40,400.0,6,0.75,0.0,40.0,170.0,30.0,150.0,10.0,SJF,0.6166541048255596,61.66541048255596
1313,11.38515465029143,11.48515465029143,9,0.0024655710419037,5.667897382573689e-06,2.858585,34.299229879921405,110.33333333333331,,90.0,18,180.0,4,0.5,0.0,40.0,70.0,10.0,60.0,0.0,SJF,0.370063833508245,37.0063833508245
1314,11.393832359628542,11.49383235962854,9,0.0038184865936802,4.150723565438883e-06,1.7452221052631582,6.975303484708546,110.21052631578948,,90.0,19,190.0,3,0.375,10.0,40.0,90.0,0.0,50.0,0.0,SJF,0.3579603445476826,35.79603445476826
1315,11.402510068965654,11.502510068965654,6,0.005012713034346,2.6115926220089364e-06,2.4999665,22.42118314004458,115.92857142857144,,60.0,14,140.0,3,0.375,0.0,40.0,50.0,10.0,40.0,0.0,SJF,0.343460222163757,34.3460222163757
1316,11.411187778302766,11.511187778302766,4,0.0020674124472339,1.092495182609382e-05,1.5064783846153844,6.858093011318424,120.0,,40.0,13,130.0,2,0.25,0.0,40.0,60.0,0.0,30.0,0.0,SJF,0.31650394801985177,31.650394801985176
1317,11.419865487639878,11.519865487639878,9,0.0028014061378996,1.9800558895675734e-06,6.2680208125,136.2664907802247,115.9375,,90.0,16,160.0,4,0.5,0.0,20.0,60.0,10.0,70.0,0.0,SJF,0.38977642958172937,38.977642958172936
1318,11.42854319697699,11.52854319697699,0,,0.0,,0.0,,,0.0,0,0.0,0,0.0,0.0,0.0,0.0,0.0,0.0,0.0,RR,0.46263451357794594,46.263451357794594
1319,11.437220906314105,11.537220906314102,3,0.000686450352564,1.828178556844477e-07,1.7824232105263156,16.08247556515273,120.0,,30.0,19,190.0,2,0.25,0.0,70.0,80.0,0.0,40.0,0.0,SJF,0.3393588368071295,33.935883680712955
1320,11.445898615651217,11.545898615651216,4,0.006741431848785,4.360587830155802e-08,2.411562714285714,14.43188977980357,120.0,,40.0,7,70.0,2,0.25,10.0,30.0,30.0,0.0,0.0,0.0,SJF,0.3443600081035212,34.43600081035212
1321,11.454576324988327,11.554576324988329,11,0.0061753231025821,3.601737282648151e-06,0.6841761363636363,0.734811486667552,116.86363636363636,,110.0,22,220.0,4,0.5,0.0,30.0,70.0,10.0,110.0,0.0,SJF,0.3802153999939187,38.02153999939187
1322,11.46325403432544,11.56325403432544,12,0.0019280098412253,5.507883359998152e-06,1.6506955483870966,7.941512045581256,119.87096774193547,,120.0,31,310.0,4,0.5,0.0,50.0,120.0,20.0,120.0,0.0,SJF,0.4005201640196048,40.05201640196048
1323,11.471931743662552,11.571931743662551,5,0.0018695645374467,2.454002920100429e-06,4.276019142857143,27.172037823687145,120.0,,50.0,7,70.0,3,0.375,0.0,10.0,30.0,0.0,30.0,0.0,SJF,0.3203244492353794,32.03244492353794
1324,11.480609452999666,11.580609452999663,9,0.0041563353336678,8.35613223463985e-06,1.076632739130435,2.832988597016292,115.69565217391305,,90.0,23,230.0,4,0.5,0.0,70.0,100.0,0.0,60.0,0.0,SJF,0.3499472928853541,34.99472928853541
1325,11.489287162336778,11.589287162336776,26,0.0038280695478378,5.942912796563326e-06,0.8202881666666666,2.687824935900752,117.03333333333332,,260.0,60,600.0,4,0.5,10.0,90.0,210.0,20.0,270.0,0.0,SJF,0.41896542635042183,41.89654263504218
1326,11.49796487167389,11.59796487167389,8,0.0052833788261097,1.0613327120121775e-05,1.7922444545454546,3.4296932632628723,113.45454545454544,,80.0,11,110.0,4,0.5,0.0,20.0,50.0,20.0,20.0,0.0,SJF,0.34899603849130584,34.899603849130585
1327,11.506642581011002,11.606642581011002,14,0.0018924776318548,3.5082621261114644e-06,0.7849878837209303,1.2765374993300576,114.32558139534883,,140.0,43,430.0,4,0.5,0.0,80.0,180.0,0.0,170.0,0.0,SJF,0.39702849874377044,39.702849874377044
1328,11.515320290348114,11.615320290348114,21,0.004541523128076,7.842361302290177e-06,0.5886404310344828,0.7590475878935121,115.24137931034484,,210.0,58,580.0,4,0.5,10.0,80.0,220.0,40.0,230.0,0.0,SJF,0.4166224490944978,41.66224490944978
1329,11.523997999685228,11.623997999685226,26,0.0028827008532347,5.856587410242388e-06,0.6047395892857143,1.116812009063446,116.28571428571428,,260.0,56,560.0,4,0.5,10.0,20.0,200.0,40.0,290.0,0.0,SJF,0.41896542635042183,41.89654263504218
1330,11.53267570902234,11.632675709022338,25,0.0019763385376609,3.3528367392639087e-06,0.6181478780487805,4.893267923408575,114.58536585365852,,250.0,82,820.0,4,0.5,70.0,100.0,210.0,90.0,350.0,0.0,SJF,0.4174292346509732,41.74292346509732
1331,11.541353418359453,11.64135341835945,10,0.0027631084405486,5.209266465351454e-06,0.7428556571428572,1.4324743384002905,116.14285714285714,,100.0,35,350.0,3,0.375,10.0,90.0,170.0,0.0,80.0,0.0,SJF,0.3568094429125288,35.68094429125288
1332,11.550031127696563,11.650031127696565,13,0.0036427619957443,6.21631451979452e-06,2.666022681818182,31.275934633471373,110.04545454545456,,130.0,22,220.0,4,0.5,10.0,40.0,80.0,10.0,80.0,0.0,SJF,0.40971179361521637,40.971179361521635
1333,11.558708837033675,11.658708837033677,8,0.0038316402163227,1.306198547549098e-05,0.5057535625,0.8151934398292867,119.75,,80.0,32,320.0,3,0.375,30.0,90.0,120.0,0.0,80.0,0.0,SJF,0.3485449170835346,34.85449170835346
1334,11.56738654637079,11.667386546370787,11,0.0019834016292106,5.62455823166054e-06,0.7316068,1.843266690786523,117.2,,110.0,40,400.0,3,0.375,0.0,120.0,190.0,0.0,80.0,10.0,SJF,0.3802153999939187,38.02153999939187
1335,11.576064255707902,11.6760642557079,9,0.0035703577365426,9.607948544328088e-06,1.2464448148148148,3.2484702615226952,118.37037037037037,,90.0,27,270.0,4,0.5,20.0,50.0,130.0,0.0,70.0,0.0,SJF,0.3499472928853541,34.99472928853541
1336,11.584741965045014,11.684741965045014,9,0.0037944539549861,7.707980073751467e-06,1.1007358709677415,3.1698777417747164,117.87096774193547,,90.0,31,310.0,4,0.5,0.0,80.0,140.0,0.0,90.0,0.0,SJF,0.3499472928853541,34.99472928853541
1337,11.593419674382126,11.693419674382126,11,0.0023862679815103,1.6580755905520669e-06,1.3567456451612905,7.665483726273235,119.29032258064515,,110.0,31,310.0,4,0.5,10.0,80.0,150.0,0.0,70.0,0.0,SJF,0.38698385729762796,38.6983857297628
1338,11.602097383719238,11.702097383719238,9,0.0042163386140949,2.790701764675643e-06,1.833625,10.565781850712424,112.45,,90.0,20,200.0,4,0.5,20.0,30.0,90.0,20.0,40.0,0.0,SJF,0.3601242035073795,36.01242035073795
1339,11.61077509305635,11.71077509305635,10,0.0039880534436496,1.08575285309478e-05,0.6256539444444444,1.807673041234911,117.72222222222224,,100.0,36,360.0,3,0.375,0.0,140.0,140.0,0.0,80.0,0.0,SJF,0.3568094429125288,35.68094429125288
1340,11.619452802393464,11.719452802393462,19,0.0042223081854848,9.486531818816607e-06,0.4666757246376812,0.8570551617617023,114.1304347826087,,190.0,69,690.0,4,0.5,0.0,20.0,130.0,120.0,420.0,0.0,SJF,0.40076686106167786,40.076686106167784
1341,11.628130511730577,11.728130511730576,20,0.0015870150694251,3.955973075963959e-06,0.6628821304347826,5.966078346562337,119.19565217391305,,200.0,92,920.0,4,0.5,0.0,30.0,140.0,170.0,580.0,0.0,SJF,0.4158682332927903,41.586823329279035
1342,11.636808221067689,11.736808221067689,7,0.0030583665037414,6.96965218479149e-06,1.4810146666666666,13.658599740824998,114.74074074074076,,70.0,27,270.0,3,0.375,10.0,50.0,70.0,0.0,140.0,0.0,SJF,0.34236061855334193,34.23606185533419
1343,11.6454859304048,11.7454859304048,3,0.001845124261866,2.3305835699938324e-06,2.0097708,7.617183074362699,120.0,,30.0,5,50.0,1,0.125,0.0,10.0,20.0,0.0,20.0,0.0,SJF,0.3155621155906337,31.556211559063367
1344,11.654163639741911,11.754163639741911,10,0.0023010483580867,3.376119809493741e-07,2.320952,16.580900390613177,108.61111111111111,,100.0,18,180.0,4,0.5,10.0,10.0,70.0,10.0,80.0,0.0,SJF,0.37556506739927437,37.556506739927435
1345,11.662841349079024,11.762841349079023,11,0.0038864116482473,5.6468144120493465e-06,0.4658925227272727,0.3396398834562552,112.5681818181818,,110.0,44,440.0,3,0.375,10.0,120.0,170.0,10.0,130.0,0.0,SJF,0.3802153999939187,38.02153999939187
1346,11.671519058416138,11.771519058416136,14,0.0016562050124337,5.3604612028063765e-06,2.811508551724138,26.498329190203183,116.89655172413794,,140.0,29,290.0,4,0.5,0.0,40.0,120.0,20.0,110.0,0.0,SJF,0.40043556999488894,40.04355699948889
1347,11.68019676775325,11.78019676775325,0,,0.0,,0.0,,,0.0,0,0.0,0,0.0,0.0,0.0,0.0,0.0,0.0,0.0,RR,0.46263451357794594,46.263451357794594
1348,11.688874477090362,11.788874477090362,14,0.004294138052495,2.5886516126732867e-06,0.7141518095238095,1.1135893691116212,117.26190476190476,,140.0,42,420.0,4,0.5,0.0,110.0,170.0,10.0,130.0,0.0,SJF,0.39702849874377044,39.702849874377044
1349,11.697552186427474,11.797552186427474,18,0.0044607631836368,5.186677375972291e-06,0.9467048333333332,1.8849777527389715,114.33333333333331,,180.0,30,300.0,4,0.5,10.0,50.0,90.0,40.0,110.0,0.0,SJF,0.40460030818780496,40.460030818780496
1350,11.706229895764588,11.806229895764586,9,0.0010716852354136,3.698641244876207e-06,1.6359787916666668,8.867096651275302,114.29166666666669,,90.0,24,240.0,4,0.5,0.0,50.0,100.0,20.0,70.0,0.0,SJF,0.35730704092631177,35.73070409263118
1351,11.7149076051017,11.814907605101698,8,0.0024626767733013,3.012833225617436e-06,1.3800627931034484,5.32044990404067,113.58620689655172,,80.0,29,290.0,4,0.5,10.0,80.0,120.0,0.0,80.0,0.0,SJF,0.3490145684089439,34.90145684089439
1352,11.723585314438813,11.82358531443881,6,0.0029760695611888,6.0623510303701705e-06,5.2896789166666665,50.6360953121199,104.5,,60.0,12,120.0,4,0.5,0.0,30.0,60.0,0.0,30.0,0.0,SJF,0.3414362604901243,34.14362604901243
1353,11.732263023775923,11.832263023775925,0,,0.0,,0.0,,,0.0,0,0.0,0,0.0,0.0,0.0,0.0,0.0,0.0,0.0,RR,0.46263451357794594,46.263451357794594
1354,11.740940733113035,11.840940733113037,13,0.0035602438100396,9.636616312510968e-06,1.0922618928571428,3.20923911520936,115.85714285714286,,130.0,28,280.0,4,0.5,30.0,60.0,100.0,10.0,60.0,20.0,SJF,0.4030651809775221,40.30651809775221
1355,11.74961844245015,11.849618442450147,11,0.0028910366407597,7.335295436689455e-06,1.5985121666666666,4.721860549376904,118.8,,110.0,30,300.0,4,0.5,0.0,70.0,140.0,0.0,90.0,0.0,SJF,0.37963418631739626,37.96341863173963
1356,11.758296151787262,11.85829615178726,12,0.0049592254627384,4.010621293639952e-06,0.9685108148148148,1.910932793255772,112.11111111111111,,120.0,27,270.0,4,0.5,10.0,50.0,110.0,10.0,90.0,0.0,SJF,0.3950742908743124,39.50742908743124
1357,11.766973861124374,11.866973861124372,10,0.0024105197756265,4.393970252422722e-06,0.6973915918367347,1.0925504954263718,118.6122448979592,,100.0,49,490.0,4,0.5,30.0,140.0,220.0,10.0,90.0,0.0,SJF,0.3568094429125288,35.68094429125288
1358,11.775651570461486,11.875651570461486,6,0.0017721057051804,4.491864741052728e-06,2.519813058823529,11.31799764191931,114.82352941176472,,60.0,17,170.0,4,0.5,0.0,60.0,80.0,0.0,30.0,0.0,SJF,0.32076068197842644,32.076068197842645
1359,11.784329279798598,11.884329279798598,7,0.0049872706299731,1.199032124279206e-05,2.0006597333333334,10.30982239888178,118.4,,70.0,15,150.0,4,0.5,0.0,40.0,80.0,0.0,30.0,0.0,SJF,0.3317406561597976,33.17406561597976
1360,11.79300698913571,11.89300698913571,11,0.0037365763188352,6.868508309721181e-06,1.3434604705882354,6.299546881892256,118.70588235294116,,110.0,34,340.0,4,0.5,0.0,100.0,140.0,0.0,100.0,0.0,SJF,0.3846029699994503,38.46029699994503
1361,11.801684698472824,11.901684698472822,9,0.0054060723049554,2.7664325353665538e-06,1.2280580476190477,2.668189078230348,121.04761904761904,,90.0,21,210.0,4,0.5,0.0,30.0,60.0,40.0,80.0,0.0,SJF,0.3499472928853541,34.99472928853541
1362,11.810362407809937,11.910362407809934,15,0.0041589173900652,3.859752268542178e-06,2.4695523571428573,47.07056588654252,109.64285714285714,,150.0,42,420.0,6,0.75,50.0,20.0,200.0,10.0,140.0,0.0,SJF,0.42917692686973175,42.917692686973176
1363,11.819040117147049,11.919040117147048,7,0.0031026312815242,7.485603256001546e-06,1.6608245833333335,6.661936305150267,105.25,,70.0,12,120.0,3,0.375,10.0,10.0,50.0,0.0,50.0,0.0,SJF,0.3300938301958777,33.009383019587766
1364,11.82771782648416,11.92771782648416,18,0.0029839454602853,7.846078605606901e-06,0.7496929824561404,2.670810156802196,109.4561403508772,,180.0,57,570.0,4,0.5,80.0,60.0,230.0,30.0,170.0,0.0,SJF,0.40460030818780496,40.460030818780496
1365,11.836395535821271,11.936395535821273,18,0.004828429400949,1.1680813183036694e-05,0.4645504385964912,1.2771050182262154,96.71929824561404,,180.0,57,570.0,4,0.5,150.0,30.0,180.0,80.0,130.0,0.0,SJF,0.40460030818780496,40.460030818780496
1366,11.845073245158384,11.945073245158383,47,0.0042352642245934,8.573434312375285e-06,0.2932457402597402,0.2124849935055138,100.96753246753246,,470.0,154,1540.0,6,0.75,270.0,120.0,260.0,430.0,460.0,0.0,SJF,0.4101975684967375,41.01975684967375
1367,11.853750954495498,11.953750954495495,33,0.0025516577166236,8.135881035138881e-06,1.0276697530864196,9.187143276932607,111.82716049382717,,330.0,81,810.0,6,0.75,30.0,40.0,280.0,60.0,400.0,0.0,SJF,0.4166161978094181,41.66161978094181
1368,11.86242866383261,11.96242866383261,9,0.0032883281673902,5.369757369650206e-06,1.6629948181818184,9.587249433584825,110.86363636363636,,90.0,22,220.0,4,0.5,10.0,50.0,90.0,0.0,70.0,0.0,SJF,0.3573539135080624,35.73539135080624
1369,11.871106373169722,11.971106373169722,19,0.004123509725015,6.067709507859318e-06,1.96469965,44.01473722509808,111.93333333333334,,190.0,60,600.0,6,0.75,10.0,110.0,250.0,20.0,200.0,10.0,SJF,0.43727053469783705,43.727053469783705
1370,11.879784082506834,11.979784082506834,6,0.0022459564931658,4.434231988691893e-06,1.75277605,6.487461354558261,116.7,,60.0,20,200.0,3,0.375,20.0,60.0,100.0,0.0,20.0,0.0,SJF,0.3179319964911404,31.79319964911404
1371,11.888461791843946,11.988461791843946,12,0.0058302738227203,4.199281499482296e-06,0.6320052142857142,0.8807530556906187,114.17857142857144,,120.0,28,280.0,4,0.5,0.0,70.0,120.0,0.0,90.0,0.0,SJF,0.3950742908743124,39.50742908743124
1372,11.89713950118106,11.997139501181058,15,0.0040303309522748,8.526874607958303e-06,0.9688206904761903,2.212924500091731,116.8095238095238,,150.0,42,420.0,4,0.5,0.0,100.0,160.0,30.0,130.0,0.0,SJF,0.4021799205030373,40.21799205030373
1373,11.90581721051817,12.00581721051817,20,0.0045999697818292,4.3402688775998665e-06,2.298194904109589,115.6241523173279,111.94520547945206,,200.0,73,730.0,6,0.75,10.0,70.0,210.0,120.0,320.0,0.0,SJF,0.447578567494322,44.7578567494322
1374,11.914494919855285,12.014494919855284,10,0.0026195963447165,5.933235544071338e-06,0.9429501190476188,3.01943250311762,118.07142857142856,,100.0,42,420.0,4,0.5,10.0,60.0,120.0,80.0,150.0,0.0,SJF,0.3568094429125288,35.68094429125288
1375,11.923172629192395,12.023172629192397,13,0.004200647269143,2.857101551290479e-06,2.4417158,54.52350247508393,110.2,,130.0,35,350.0,4,0.5,40.0,40.0,160.0,10.0,100.0,0.0,SJF,0.41384567763122165,41.38456776312216
1376,11.93185033852951,12.031850338529509,4,0.0023332372204909,4.033249892634924e-06,4.744025428571429,58.54076789646763,99.71428571428572,,40.0,7,70.0,2,0.25,10.0,10.0,30.0,0.0,20.0,0.0,SJF,0.3335213948303785,33.35213948303785
1377,11.94052804786662,12.04052804786662,1,0.0086184061333778,0.0,0.296718,0.0,120.0,,10.0,1,10.0,1,0.125,0.0,10.0,0.0,0.0,0.0,0.0,SJF,0.30820371509443695,30.820371509443696
1378,11.949205757203734,12.049205757203731,8,0.0032374540462665,6.7247483435983634e-06,0.9599122,4.591268241809106,115.71428571428572,,80.0,35,350.0,3,0.375,70.0,50.0,150.0,0.0,80.0,0.0,SJF,0.34921049213093797,34.921049213093795
1379,11.957883466540846,12.057883466540844,3,0.0036634037924875,8.421583299573958e-06,3.4830357142857147,30.040947370815235,99.71428571428572,,30.0,7,70.0,2,0.25,10.0,0.0,40.0,0.0,20.0,0.0,SJF,0.3311178586948881,33.111785869488806
1380,11.966561175877958,12.066561175877958,11,0.0046380239402239,3.7012126939297673e-06,0.8505696875,3.0687937744534484,114.03125,,110.0,32,320.0,4,0.5,30.0,60.0,120.0,20.0,90.0,0.0,SJF,0.3802153999939187,38.02153999939187
1381,11.97523888521507,12.07523888521507,18,0.0025677565071517,6.407195891882423e-06,5.250617666666667,589.3437987735969,114.47368421052632,,180.0,57,570.0,6,0.75,20.0,80.0,210.0,20.0,240.0,0.0,SJF,0.4490211918742656,44.90211918742656
1382,11.983916594552182,12.083916594552182,10,0.0024419789478175,4.16226998959297e-06,1.430500434782609,4.278544826025257,117.1304347826087,,100.0,23,230.0,3,0.375,0.0,50.0,100.0,10.0,70.0,0.0,SJF,0.3571788762153724,35.717887621537244
1383,11.992594303889296,12.092594303889294,9,0.0039598696662608,6.603220007430815e-06,1.3072939565217392,4.624538002435316,110.56521739130434,,90.0,23,230.0,4,0.5,10.0,60.0,110.0,0.0,50.0,0.0,SJF,0.35045980821434514,35.04598082143451
1384,12.001272013226409,12.101272013226406,17,0.0031720323618284,8.314555971074541e-06,1.0041006097560976,2.703481343633244,116.60975609756098,,170.0,41,410.0,4,0.5,0.0,70.0,170.0,30.0,140.0,0.0,SJF,0.40928643228013906,40.928643228013904
1385,12.00994972256352,12.10994972256352,9,0.00312213032537,1.8224112497954244e-06,3.316141541666666,47.69123902993452,117.25,,90.0,24,240.0,4,0.5,0.0,50.0,110.0,0.0,80.0,0.0,SJF,0.3766403672928063,37.66403672928063
1386,12.018627431900631,12.11862743190063,4,0.0032493863493687,1.282580968046239e-06,0.4707924285714285,0.225342457769956,120.0,,40.0,14,140.0,1,0.125,0.0,40.0,50.0,0.0,50.0,0.0,SJF,0.30820371509443695,30.820371509443696
1387,12.027305141237743,12.127305141237745,5,0.0030955833622549,1.4873240222434492e-05,1.356087125,6.982029659201552,118.625,,50.0,8,80.0,2,0.25,0.0,20.0,40.0,0.0,20.0,0.0,SJF,0.31605790557247543,31.60579055724754
1388,12.035982850574856,12.135982850574855,12,0.001381914758476,1.8394447706587e-06,1.64985416,7.555723154937724,117.44,,120.0,25,250.0,4,0.5,0.0,50.0,100.0,10.0,90.0,0.0,SJF,0.4018445662801471,40.18445662801471
1389,12.04466055991197,12.14466055991197,9,0.0024335095324747,3.519715758806059e-06,2.8236168888888886,45.60345603280599,116.16666666666669,,90.0,18,180.0,4,0.5,0.0,30.0,60.0,10.0,80.0,0.0,SJF,0.370063833508245,37.0063833508245
1390,12.053338269249082,12.15333826924908,9,0.0030787283064738,6.416013687911044e-06,2.454043892857143,35.7870604951141,118.42857142857144,,90.0,28,280.0,3,0.375,0.0,90.0,120.0,0.0,70.0,0.0,SJF,0.370063833508245,37.0063833508245
1391,12.062015978586194,12.162015978586194,0,,0.0,,0.0,,,0.0,0,0.0,0,0.0,0.0,0.0,0.0,0.0,0.0,0.0,RR,0.46263451357794594,46.263451357794594
1392,12.070693687923306,12.170693687923306,4,0.0036570495766934,1.552196688763599e-07,1.4767534666666668,8.07602299500041,120.0,,40.0,15,150.0,3,0.375,0.0,50.0,50.0,0.0,50.0,0.0,SJF,0.31488610435436004,31.488610435436005
1393,12.079371397260418,12.179371397260418,10,0.0036981656395816,4.240231104843391e-06,1.327885090909091,9.742702332238643,110.84848484848484,,100.0,33,330.0,4,0.5,70.0,80.0,130.0,30.0,20.0,0.0,SJF,0.364308974156029,36.4308974156029
1394,12.08804910659753,12.18804910659753,8,0.0039787922774692,1.5001760845027773e-05,0.3813241282051282,1.6201261676604253,115.6153846153846,,80.0,78,780.0,3,0.375,170.0,200.0,220.0,160.0,30.0,0.0,SJF,0.3485449170835346,34.85449170835346
1395,12.096726815934645,12.196726815934642,16,0.0049702171278571,8.891352932370771e-06,0.6590685581395349,2.030038178346872,113.06976744186046,,160.0,43,430.0,4,0.5,30.0,100.0,100.0,70.0,130.0,0.0,SJF,0.40822418707477015,40.82241870747701
1396,12.105404525271757,12.205404525271756,16,0.003879871040745,4.6015407111240335e-06,8.378160246153847,2030.3313626821969,112.72307692307692,,160.0,65,650.0,6,0.75,90.0,150.0,150.0,150.0,110.0,0.0,SJF,0.5159721962075997,51.59721962075997
1397,12.114082234608867,12.214082234608869,13,0.0010133216219002,9.029460488268176e-07,0.3628052685185185,1.3477789850995443,115.4074074074074,,130.0,108,1080.0,4,0.5,190.0,280.0,320.0,220.0,70.0,0.0,SJF,0.4030651809775221,40.30651809775221
1398,12.12275994394598,12.22275994394598,15,0.0020322769873519,2.8170196536299743e-06,0.3889993114754098,2.2909021341200826,114.65573770491804,,150.0,122,1220.0,4,0.5,210.0,300.0,350.0,260.0,100.0,0.0,SJF,0.4021799205030373,40.21799205030373
1399,12.131437653283092,12.231437653283091,8,0.0027729408419068,5.14529791929329e-06,0.1851095463917525,0.2997393019955213,113.97938144329896,,80.0,97,970.0,3,0.375,230.0,250.0,240.0,230.0,20.0,0.0,SJF,0.3485449170835346,34.85449170835346
1400,12.140115362620206,12.240115362620203,8,0.0007129595047943,1.6674337459443596e-06,0.38263333,1.7363873531713951,115.38,,80.0,100,1000.0,4,0.5,220.0,260.0,270.0,230.0,20.0,0.0,SJF,0.3485449170835346,34.85449170835346
1401,12.148793071957318,12.248793071957316,13,0.0029790666580665,1.054323758346482e-05,0.2889030782608696,0.8023964601827219,114.74782608695652,,130.0,115,1150.0,4,0.5,220.0,310.0,320.0,220.0,80.0,0.0,SJF,0.4030651809775221,40.30651809775221
1402,12.15747078129443,12.25747078129443,14,0.0042279490627126,1.0437355864108504e-05,0.3460644666666666,0.8205176196355585,115.20952380952382,,140.0,105,1050.0,4,0.5,210.0,260.0,300.0,230.0,50.0,0.0,SJF,0.39702849874377044,39.702849874377044
1403,12.166148490631542,12.266148490631542,16,0.0034064134309577,7.776665602200912e-06,0.310816623853211,0.6757329022074218,114.59633027522936,,160.0,109,1090.0,4,0.5,210.0,270.0,270.0,240.0,100.0,0.0,SJF,0.40822418707477015,40.82241870747701
1404,12.174826199968654,12.274826199968654,13,0.0021074570313452,3.881777975938485e-06,0.2904782608695652,0.2946204646076331,116.4695652173913,,130.0,115,1150.0,4,0.5,190.0,310.0,360.0,190.0,100.0,0.0,SJF,0.4030651809775221,40.30651809775221
1405,12.183503909305768,12.283503909305766,8,0.0035183646942329,1.2911024191085554e-05,1.6190244615384617,4.768471329802498,115.6923076923077,,80.0,26,260.0,4,0.5,10.0,80.0,130.0,0.0,40.0,0.0,SJF,0.3490900895876685,34.909008958766854
1406,12.19218161864288,12.29218161864288,7,0.0033762709285498,4.128333706288347e-06,2.48614575,8.85574336173567,117.25,,70.0,16,160.0,4,0.5,0.0,40.0,90.0,0.0,30.0,0.0,SJF,0.32925413694741684,32.925413694741685
1407,12.200859327979993,12.30085932797999,8,0.003720842895009,2.3138158029130039e-07,1.13250212,2.671205650130943,117.48,,80.0,25,250.0,4,0.5,0.0,90.0,100.0,10.0,50.0,0.0,SJF,0.3485449170835346,34.85449170835346
1408,12.209537037317103,12.309537037317105,11,0.0035401644101677,6.11148833011188e-06,1.9437665909090909,11.580644721298444,115.27272727272728,,110.0,22,220.0,4,0.5,0.0,50.0,100.0,0.0,70.0,0.0,SJF,0.3939231196138547,39.39231196138547
1409,12.218214746654215,12.318214746654215,7,0.0036820046314969,8.26517030752654e-06,3.976041642857143,37.885342380722086,116.85714285714286,,70.0,14,140.0,4,0.5,0.0,50.0,60.0,0.0,30.0,0.0,SJF,0.3443930463034966,34.43930463034966
1410,12.22689245599133,12.326892455991327,4,0.0033501042586698,2.2376331037235147e-06,1.4842671428571428,8.467636997868441,120.0,,40.0,14,140.0,2,0.25,0.0,50.0,50.0,0.0,40.0,0.0,SJF,0.31457876851415123,31.457876851415122
1411,12.235570165328442,12.33557016532844,12,0.0065088446715582,5.55495790755855e-07,3.4280356666666667,41.48163375577563,115.14285714285714,,120.0,21,210.0,4,0.5,0.0,20.0,80.0,10.0,100.0,0.0,SJF,0.40971179361521637,40.971179361521635
1412,12.244247874665554,12.344247874665554,0,,0.0,,0.0,,,0.0,0,0.0,0,0.0,0.0,0.0,0.0,0.0,0.0,0.0,RR,0.46263451357794594,46.263451357794594
1413,12.252925584002666,12.352925584002666,7,0.006088600140191,3.80004689684183e-06,2.226284,31.64009741637036,119.04347826086956,,70.0,23,230.0,4,0.5,0.0,80.0,100.0,0.0,50.0,0.0,SJF,0.3443930463034966,34.43930463034966
1414,12.261603293339778,12.361603293339778,5,0.0025130664602215,1.8649170315832618e-08,8.427165142857143,216.33737644544817,116.85714285714286,,50.0,7,70.0,2,0.25,0.0,20.0,30.0,0.0,20.0,0.0,SJF,0.41307157906568936,41.30715790656894
1415,12.27028100267689,12.37028100267689,0,,0.0,,0.0,,,0.0,0,0.0,0,0.0,0.0,0.0,0.0,0.0,0.0,0.0,RR,0.46263451357794594,46.263451357794594
1416,12.278958712014004,12.378958712014002,4,0.0030729889859975,1.0026333233128517e-05,3.709756888888888,51.83687658224281,119.88888888888889,,40.0,18,180.0,3,0.375,0.0,60.0,70.0,0.0,50.0,0.0,SJF,0.3361555397377897,33.61555397377897
1417,12.287636421351117,12.387636421351116,0,,0.0,,0.0,,,0.0,0,0.0,0,0.0,0.0,0.0,0.0,0.0,0.0,0.0,RR,0.46263451357794594,46.263451357794594
1418,12.296314130688229,12.396314130688229,7,0.0072210207403442,4.56036299688358e-06,1.2900522,2.6106208905964,115.9,,70.0,10,100.0,4,0.5,0.0,30.0,40.0,0.0,30.0,0.0,SJF,0.32179359727046275,32.179359727046275
1419,12.30499184002534,12.40499184002534,12,0.0038727993079922,5.956728070668448e-06,1.476532,13.152934067255654,117.73170731707316,,120.0,41,410.0,4,0.5,10.0,110.0,170.0,10.0,110.0,0.0,SJF,0.4112030856461387,41.12030856461387
1420,12.313669549362452,12.413669549362451,6,0.0052166956375465,1.4358247522800103e-05,2.5437955,18.119066046908,117.25,,60.0,8,80.0,3,0.375,0.0,10.0,30.0,0.0,40.0,0.0,SJF,0.33834604598017576,33.83460459801758
1421,12.322347258699564,12.422347258699563,4,0.0059265645504344,1.552975776069936e-05,2.9267275,14.9072854312999,114.83333333333331,,40.0,6,60.0,2,0.25,0.0,10.0,30.0,0.0,20.0,0.0,SJF,0.3461728394015433,34.61728394015433
1422,12.331024968036678,12.431024968036676,19,0.0024241829633222,5.788229893240131e-06,0.4850638169014085,0.2852843289250089,118.22535211267606,,190.0,71,710.0,4,0.5,10.0,100.0,220.0,70.0,310.0,0.0,SJF,0.40076686106167786,40.076686106167784
1423,12.33970267737379,12.43970267737379,16,0.0020664064387101,3.736785501728199e-06,0.6447054655172413,1.1676952471604636,118.25862068965516,,160.0,58,580.0,4,0.5,20.0,80.0,180.0,50.0,250.0,0.0,SJF,0.40822418707477015,40.82241870747701
1424,12.348380386710902,12.448380386710902,19,0.0045747645522557,1.0985961516278289e-05,0.7073090208333334,1.1972047585563188,118.16666666666669,,190.0,48,480.0,4,0.5,10.0,90.0,130.0,60.0,190.0,0.0,SJF,0.40076686106167786,40.076686106167784
1425,12.357058096048014,12.457058096048014,26,0.0036269932981394,7.032634942452154e-06,0.5488297721518988,1.07150688615305,118.40506329113924,,260.0,79,790.0,4,0.5,0.0,110.0,200.0,90.0,390.0,0.0,SJF,0.41896542635042183,41.89654263504218
1426,12.365735805385128,12.465735805385126,11,0.0034151745239641,4.331145338856064e-06,42.57632912,20278.998994397727,114.04,,110.0,25,250.0,6,0.75,0.0,40.0,100.0,20.0,90.0,0.0,SJF,0.5673835063858114,56.73835063858114
1427,12.37441351472224,12.474413514722238,15,0.0041337059444278,6.502955914144144e-06,0.6804193846153845,1.2938232742730853,113.97435897435898,,150.0,39,390.0,4,0.5,30.0,90.0,160.0,10.0,100.0,0.0,SJF,0.4021799205030373,40.21799205030373
1428,12.383091224059353,12.48309122405935,11,0.0017002249406488,4.248132119597677e-06,0.858116488372093,2.148177484201875,117.90697674418604,,110.0,43,430.0,4,0.5,10.0,100.0,220.0,0.0,100.0,0.0,SJF,0.3802153999939187,38.02153999939187
1429,12.391768933396463,12.491768933396465,9,0.0023781218257589,4.182826851903987e-06,2.45669015,13.584443191787928,116.4,,90.0,20,200.0,4,0.5,0.0,50.0,90.0,0.0,60.0,0.0,SJF,0.3706256422906178,37.06256422906178
1430,12.400446642733575,12.500446642733577,10,0.0060732430664229,4.2340136812909766e-06,1.1782812083333334,2.7223968718717377,114.875,,100.0,24,240.0,4,0.5,0.0,70.0,100.0,10.0,60.0,0.0,SJF,0.3568094429125288,35.68094429125288
1431,12.40912435207069,12.509124352070687,7,0.0022845492150249,3.200303731570213e-06,1.0178454210526315,6.966219472043277,118.71052631578948,,70.0,38,380.0,4,0.5,0.0,90.0,160.0,0.0,130.0,0.0,SJF,0.3296477877485014,32.96477877485014
1432,12.417802061407802,12.5178020614078,8,0.0037087149671983,5.902164041518548e-06,1.8874153125,8.51641403562263,116.25,,80.0,16,160.0,4,0.5,10.0,40.0,70.0,0.0,40.0,0.0,SJF,0.3545847680892322,35.45847680892322
1433,12.426479770744914,12.526479770744912,13,0.0045438421781633,4.036690597080671e-06,0.7762011875,0.7112550873905442,117.34375,,130.0,32,320.0,4,0.5,0.0,80.0,140.0,0.0,100.0,0.0,SJF,0.4030651809775221,40.30651809775221
1434,12.435157480082026,12.535157480082026,14,0.0008985529894024,4.2566120454305293e-07,1.80994790625,26.462219716000668,117.15625,,140.0,32,320.0,4,0.5,0.0,70.0,120.0,20.0,110.0,0.0,SJF,0.40043556999488894,40.04355699948889
1435,12.443835189419138,12.543835189419138,9,0.0020502744697503,1.5834741331413891e-06,2.71180475,29.30279507098294,117.45,,90.0,20,200.0,3,0.375,0.0,30.0,80.0,10.0,80.0,0.0,SJF,0.3732935238765262,37.32935238765262
1436,12.45251289875625,12.55251289875625,1,0.0086611592437488,0.0,0.352135,0.0,120.0,,10.0,1,10.0,1,0.125,0.0,10.0,0.0,0.0,0.0,0.0,SJF,0.30820371509443695,30.820371509443696
1437,12.461190608093364,12.561190608093362,8,0.0026619325316372,2.3678638009023647e-06,1.4672135,5.822443588872869,118.125,,80.0,24,240.0,4,0.5,0.0,70.0,100.0,0.0,70.0,0.0,SJF,0.34933011713023165,34.93301171302316
1438,12.469868317430477,12.569868317430474,8,0.0045394119445254,5.361399072850278e-06,3.642308,29.8466932956088,117.25,,80.0,16,160.0,4,0.5,0.0,50.0,80.0,0.0,30.0,0.0,SJF,0.36870066364305537,36.870066364305536
1439,12.478546026767589,12.578546026767588,3,0.0069509475657465,1.377704444665778e-07,3.161441,12.116772299443,120.0,,30.0,3,30.0,2,0.25,0.0,20.0,10.0,0.0,0.0,0.0,SJF,0.3269059667490777,32.690596674907766
1440,12.4872237361047,12.5872237361047,13,0.0026839352799141,4.324533743179171e-06,0.7601026666666667,0.872873989122057,109.63888888888889,,130.0,36,360.0,4,0.5,10.0,40.0,140.0,20.0,150.0,0.0,SJF,0.4030651809775221,40.30651809775221
1441,12.495901445441811,12.595901445441813,19,0.0019469185055549,4.595856811843786e-06,0.928320612244898,4.235552829556118,117.08163265306122,,190.0,49,490.0,4,0.5,0.0,60.0,170.0,60.0,200.0,0.0,SJF,0.40104061428687715,40.104061428687714
1442,12.504579154778924,12.604579154778923,14,0.0051245532925033,9.195626721020464e-06,0.8779324242424242,1.984381501234752,111.96969696969695,,140.0,33,330.0,4,0.5,10.0,70.0,120.0,20.0,110.0,0.0,SJF,0.39702849874377044,39.702849874377044
1443,12.513256864116038,12.613256864116035,10,0.0027791309839628,7.006644549034349e-06,1.876466552631579,22.46835950306685,114.89473684210526,,100.0,38,380.0,4,0.5,10.0,90.0,160.0,0.0,120.0,0.0,SJF,0.3867869430547933,38.678694305479326
1444,12.52193457345315,12.62193457345315,4,0.00543776529685,2.0683498261076302e-06,4.316805666666666,27.116902021615463,115.66666666666669,,40.0,6,60.0,3,0.375,0.0,10.0,30.0,0.0,20.0,0.0,SJF,0.32036874694251677,32.03687469425168
1445,12.530612282790262,12.630612282790262,4,0.0038710067097378,8.565881492759419e-07,0.6904618,2.189315386148885,120.0,,40.0,15,150.0,2,0.25,0.0,50.0,50.0,0.0,50.0,0.0,SJF,0.30820371509443695,30.820371509443696
1446,12.539289992127374,12.639289992127374,7,0.0026500104440541,1.2494459539205536e-05,3.79042965,62.38564314503856,120.1,,70.0,20,200.0,4,0.5,0.0,50.0,100.0,0.0,50.0,0.0,SJF,0.3421088327281605,34.21088327281605
1447,12.547967701464486,12.647967701464486,2,0.0004896895355139,2.468375367208901e-08,18.993594,704.7313664336721,125.0,,20.0,2,20.0,1,0.125,0.0,0.0,10.0,0.0,10.0,0.0,SJF,0.47789582618402077,47.78958261840208
1448,12.5566454108016,12.656645410801598,5,0.0079243863984014,2.6806225223670574e-07,0.3796093333333333,0.0404379237490666,120.0,,50.0,6,60.0,2,0.25,10.0,20.0,20.0,0.0,10.0,0.0,SJF,0.30820371509443695,30.820371509443696
1449,12.56532312013871,12.66532312013871,4,0.0001910413612891,5.4881794493779447e-08,3.396259875,41.84521118452612,120.0,,40.0,16,160.0,3,0.375,0.0,60.0,70.0,0.0,30.0,0.0,SJF,0.3311178586948881,33.111785869488806
1450,12.574000829475825,12.674000829475824,1,0.0080896345241772,0.0,0.817135,0.0,89.0,,10.0,1,10.0,1,0.125,0.0,0.0,0.0,0.0,10.0,0.0,SJF,0.30820371509443695,30.820371509443696
1451,12.582678538812935,12.682678538812937,12,0.0030016429370631,4.491922838781363e-06,0.5230911754385965,0.3593687862397901,118.91228070175438,,120.0,57,570.0,4,0.5,30.0,170.0,260.0,10.0,100.0,0.0,SJF,0.3950742908743124,39.50742908743124
1452,12.59135624815005,12.691356248150049,10,0.001576325049951,3.0472579222940505e-06,1.1376388888888889,4.995397987319588,117.44444444444444,,100.0,36,360.0,4,0.5,0.0,90.0,160.0,0.0,110.0,0.0,SJF,0.35714148686358876,35.714148686358875
1453,12.60003395748716,12.70003395748716,9,0.004192374290616,1.600703167278258e-05,1.8689815,6.243880776530029,118.83333333333331,,90.0,18,180.0,4,0.5,0.0,40.0,80.0,0.0,60.0,0.0,SJF,0.3551176491781471,35.51176491781471
1454,12.608711666824274,12.708711666824271,11,0.0032701795393629,5.944224385915423e-06,0.9125812926829268,3.608754233111211,117.70731707317071,,110.0,41,410.0,4,0.5,10.0,90.0,190.0,10.0,110.0,0.0,SJF,0.38066652140169,38.066652140169
1455,12.617389376161386,12.717389376161384,12,0.0034503020886142,5.354156186309783e-06,0.7715734186046511,1.5621568007055826,116.3720930232558,,120.0,43,430.0,4,0.5,0.0,110.0,220.0,0.0,100.0,0.0,SJF,0.3950742908743124,39.50742908743124
1456,12.626067085498498,12.726067085498498,27,0.0046927918718722,4.5775965800453e-06,0.4352006470588235,0.2532466753282318,111.6470588235294,,270.0,68,680.0,4,0.5,0.0,60.0,210.0,40.0,370.0,0.0,SJF,0.4097901054688535,40.979010546885355
1457,12.63474479483561,12.73474479483561,16,0.0026051186643898,6.307009344407359e-06,1.1615858979591838,7.189161559181843,119.6734693877551,,160.0,49,490.0,4,0.5,10.0,50.0,200.0,50.0,180.0,0.0,SJF,0.4151749329919446,41.517493299194456
1458,12.643422504172722,12.743422504172722,7,0.0051561216844207,7.438162321381625e-06,1.3189205454545456,3.829258663586473,115.36363636363636,,70.0,11,110.0,3,0.375,0.0,0.0,40.0,10.0,60.0,0.0,SJF,0.3221630305733065,32.21630305733065
1459,12.652100213509836,12.752100213509834,8,0.0022930954901652,8.784338973022077e-06,2.092194,7.433377988405866,109.0625,,80.0,16,160.0,4,0.5,10.0,40.0,70.0,0.0,40.0,0.0,SJF,0.3559033175797313,35.59033175797313
1460,12.660777922846949,12.760777922846946,12,0.0035211433197196,8.670621833679238e-06,0.8809937837837838,2.29130486545573,116.70270270270272,,120.0,37,370.0,4,0.5,0.0,90.0,140.0,20.0,120.0,0.0,SJF,0.3950742908743124,39.50742908743124
1461,12.66945563218406,12.76945563218406,11,0.0012005607250317,1.1909726169952168e-06,1.886675064516129,22.288002274877403,112.70967741935485,,110.0,31,310.0,4,0.5,10.0,80.0,130.0,30.0,60.0,0.0,SJF,0.4102858457777424,41.02858457777424
1462,12.678133341521171,12.778133341521173,6,0.0026326256454935,1.43621278708802e-07,6.779733888888888,145.8801143784961,117.55555555555556,,60.0,9,90.0,3,0.375,0.0,30.0,40.0,0.0,20.0,0.0,SJF,0.3511290302484309,35.11290302484309
1463,12.686811050858283,12.786811050858285,3,0.0033691698083811,2.7137887022498e-07,0.5193575833333334,0.3552386217769924,120.0,,30.0,12,120.0,1,0.125,0.0,40.0,40.0,0.0,40.0,0.0,SJF,0.30820371509443695,30.820371509443696
1464,12.695488760195396,12.795488760195395,5,0.0007705266046027,7.66764799999732e-08,5.823028285714286,58.404264293464905,119.71428571428572,,50.0,7,70.0,3,0.375,0.0,20.0,30.0,0.0,20.0,0.0,SJF,0.3345651006486115,33.45651006486115
1465,12.70416646953251,12.80416646953251,4,0.0028975229674901,3.0988357920722444e-06,3.2384201666666663,13.326655127394968,110.5,,40.0,6,60.0,2,0.25,0.0,10.0,20.0,10.0,20.0,0.0,SJF,0.3348191998818486,33.48191998818486
1466,12.712844178869622,12.81284417886962,12,0.0044471400470449,1.5303383322561975e-06,1.1805179444444445,7.458614682472455,117.41666666666669,,120.0,36,360.0,4,0.5,0.0,110.0,140.0,10.0,100.0,0.0,SJF,0.4018445662801471,40.18445662801471
1467,12.721521888206734,12.821521888206734,6,0.0025978639599323,1.3313819116878772e-08,8.157528888888889,175.6324538507111,117.55555555555556,,60.0,9,90.0,3,0.375,0.0,30.0,40.0,0.0,20.0,0.0,SJF,0.37606331397281745,37.60633139728174
1468,12.730199597543846,12.830199597543846,3,0.0062034354561539,2.8001485028946523e-08,3.0757425000000005,14.582888520057002,114.5,,30.0,4,40.0,2,0.25,0.0,10.0,20.0,0.0,10.0,0.0,SJF,0.34314223685802675,34.31422368580267
1469,12.738877306880958,12.838877306880958,4,0.0031176363690414,3.0226592079041965e-06,1.3587350714285713,6.731963630777765,120.0,,40.0,14,140.0,2,0.25,0.0,50.0,50.0,0.0,40.0,0.0,SJF,0.31650394801985177,31.650394801985176
1470,12.74755501621807,12.84755501621807,7,0.0045961470676435,1.8720957411679488e-06,2.2528298,23.508948216866028,119.86666666666666,,70.0,15,150.0,3,0.375,0.0,50.0,70.0,0.0,30.0,0.0,SJF,0.35553511979871255,35.55351197987125
1471,12.756232725555185,12.856232725555182,4,0.0022396131948174,1.1618690274000621e-07,4.306631833333333,17.202140841667365,118.66666666666669,,40.0,6,60.0,3,0.375,0.0,0.0,30.0,0.0,30.0,0.0,SJF,0.3271872463621773,32.71872463621773
1472,12.764910434892297,12.864910434892296,10,0.0044225391077054,6.835646555466828e-06,1.8357794285714284,21.625180756776103,119.21428571428572,,100.0,28,280.0,4,0.5,0.0,100.0,110.0,0.0,70.0,0.0,SJF,0.38497281533478966,38.49728153347897
1473,12.773588144229407,12.873588144229409,4,0.0025649367705908,4.1578973728689963e-08,3.51576825,19.827866077301927,114.5,,40.0,8,80.0,3,0.375,0.0,30.0,40.0,0.0,10.0,0.0,SJF,0.3484898261410532,34.848982614105324
1474,12.78226585356652,12.88226585356652,13,0.0047903274334788,5.878101196359036e-06,0.4591807567567568,0.4657442440901337,116.89189189189187,,130.0,37,370.0,3,0.375,30.0,80.0,160.0,10.0,90.0,0.0,SJF,0.4030651809775221,40.30651809775221
1475,12.790943562903632,12.890943562903631,12,0.0030694876796997,8.604202267940992e-06,0.8462797619047618,2.43715169520243,115.52380952380952,,120.0,42,420.0,4,0.5,10.0,80.0,220.0,0.0,110.0,0.0,SJF,0.3950742908743124,39.50742908743124
1476,12.799621272240746,12.899621272240744,10,0.0029128999592543,5.565400971947162e-06,1.9309796190476192,13.309744272446244,115.04761904761904,,100.0,21,210.0,4,0.5,0.0,50.0,100.0,0.0,60.0,0.0,SJF,0.37922811332674056,37.92281133267406
1477,12.808298981577858,12.908298981577856,8,0.002909554922142,1.2866030095009111e-05,1.60371615,6.173539086267293,110.55,,80.0,20,200.0,3,0.375,10.0,40.0,100.0,0.0,50.0,0.0,SJF,0.353816065012324,35.3816065012324
1478,12.81697669091497,12.91697669091497,20,0.0050715410850299,6.8107497161459855e-06,0.4012475625,0.2312477119063134,112.984375,,200.0,64,640.0,4,0.5,40.0,110.0,200.0,80.0,210.0,0.0,SJF,0.41466816996714057,41.46681699671406
1479,12.825654400252082,12.925654400252082,11,0.000621072838827,5.446599880848277e-07,1.5540138666666663,9.245160874612813,115.86666666666666,,110.0,30,300.0,4,0.5,0.0,60.0,140.0,10.0,90.0,0.0,SJF,0.3872116322570001,38.72116322570001
1480,12.834332109589194,12.934332109589194,8,0.0042654179108054,6.544380223865737e-06,1.7611550588235294,6.752885161939685,117.41176470588236,,80.0,17,170.0,4,0.5,0.0,40.0,80.0,0.0,50.0,0.0,SJF,0.3568451500089494,35.68451500089494
1481,12.843009818926308,12.943009818926306,20,0.0034934052236931,3.1104031804626054e-06,0.525801350877193,0.3914786268474105,118.10526315789474,,200.0,57,570.0,4,0.5,20.0,120.0,120.0,70.0,240.0,0.0,SJF,0.41466816996714057,41.46681699671406
1482,12.85168752826342,12.95168752826342,14,0.0027926824508669,6.174367543960049e-06,1.03126303125,1.918089545423257,115.09375,,140.0,32,320.0,4,0.5,0.0,50.0,120.0,30.0,120.0,0.0,SJF,0.39702849874377044,39.702849874377044
1483,12.860365237600533,12.96036523760053,15,0.001642354599469,3.6843315484830257e-06,1.3204201333333332,2.876607218340464,118.5,,150.0,30,300.0,4,0.5,0.0,50.0,130.0,0.0,120.0,0.0,SJF,0.4021799205030373,40.21799205030373
1484,12.869042946937643,12.969042946937645,13,0.0035911666777394,6.006286434877213e-06,0.9003875813953488,2.052624089309534,118.95348837209302,,130.0,43,430.0,4,0.5,0.0,130.0,170.0,0.0,130.0,0.0,SJF,0.4030651809775221,40.30651809775221
1485,12.877720656274755,12.977720656274755,9,0.0040783549474648,5.320415483539468e-06,4.507052133333333,52.80479576435312,113.73333333333332,,90.0,15,150.0,5,0.625,0.0,30.0,50.0,20.0,50.0,0.0,SJF,0.3775969221717318,37.75969221717318
1486,12.88639836561187,12.986398365611867,4,0.0022042856381307,1.717902955996255e-05,602.0184892,678883.3369903975,115.4,,40.0,5,50.0,3,0.375,0.0,10.0,20.0,0.0,20.0,0.0,SJF,0.4715895266659386,47.15895266659386
1487,12.895076074948982,12.99507607494898,7,0.0030721714795896,1.0808865263633818e-05,3.159268625,32.89250836139633,114.0,,70.0,24,240.0,4,0.5,10.0,60.0,110.0,0.0,60.0,0.0,SJF,0.3443930463034966,34.43930463034966
1488,12.903753784286094,13.003753784286094,3,0.0023575300472392,3.0510325962564792e-06,2.72695325,10.827480871572916,105.75,,30.0,4,40.0,1,0.125,0.0,0.0,10.0,10.0,20.0,0.0,SJF,0.32214940156032584,32.21494015603258
1489,12.912431493623206,13.012431493623206,11,0.0056817824677027,3.77183441611776e-06,0.6588975833333334,1.8806535530086883,112.25,,110.0,24,240.0,3,0.375,10.0,60.0,90.0,20.0,60.0,0.0,SJF,0.3802153999939187,38.02153999939187
1490,12.921109202960318,13.021109202960318,16,0.002846996414682,2.7121109455035933e-06,0.84091874,4.488591062944686,115.28,,160.0,50,500.0,4,0.5,0.0,80.0,150.0,80.0,190.0,0.0,SJF,0.40779913631201914,40.779913631201914
1491,12.92978691229743,13.02978691229743,11,0.0027065248843874,5.206161893896378e-06,0.6700998333333333,2.1133497077251207,118.625,,110.0,48,480.0,3,0.375,0.0,60.0,120.0,110.0,190.0,0.0,SJF,0.3802153999939187,38.02153999939187
1492,12.938464621634544,13.038464621634542,11,0.0041718032745482,5.242653692796755e-06,1.08745,2.189454297818416,117.76,,110.0,25,250.0,4,0.5,0.0,60.0,100.0,10.0,80.0,0.0,SJF,0.3802153999939187,38.02153999939187
1493,12.947142330971657,13.047142330971656,8,0.0010604894033452,3.900147536064216e-07,5.3224725263157895,109.54030525684772,118.78947368421052,,80.0,19,190.0,4,0.5,0.0,50.0,90.0,0.0,50.0,0.0,SJF,0.38084222542710866,38.08422254271087
1494,12.955820040308769,13.055820040308769,0,,0.0,,0.0,,,0.0,0,0.0,0,0.0,0.0,0.0,0.0,0.0,0.0,0.0,RR,0.46263451357794594,46.263451357794594
1495,12.96449774964588,13.06449774964588,6,0.0062844673541189,1.0719885086006542e-06,1.426306818181818,5.334814929817965,119.27272727272728,,60.0,11,110.0,3,0.375,0.0,20.0,40.0,0.0,50.0,0.0,SJF,0.3103983967939069,31.039839679390692
1496,12.973175458982992,13.073175458982991,4,0.0017373092670069,1.8195634014945207e-06,3.2076251,24.38149681904544,120.0,,40.0,10,100.0,3,0.375,0.0,30.0,40.0,10.0,20.0,0.0,SJF,0.33860823130318257,33.86082313031826
1497,12.981853168320104,13.081853168320103,9,0.0032720060132276,7.027759631339813e-06,1.4184313529411765,6.815715115664741,101.47058823529412,,90.0,17,170.0,3,0.375,20.0,30.0,50.0,10.0,60.0,0.0,SJF,0.35840638699505895,35.840638699505895
1498,12.990530877657218,13.090530877657216,17,0.0021054286957234,5.417145927573236e-06,0.5416974098360656,0.8510889037180791,117.65573770491804,,170.0,61,610.0,4,0.5,30.0,120.0,220.0,40.0,200.0,0.0,SJF,0.40928643228013906,40.928643228013904
1499,12.99920858699433,13.09920858699433,17,0.002523662888023,4.451917841469801e-06,1.26954295,8.44239221772128,114.575,,170.0,40,400.0,4,0.5,10.0,70.0,150.0,10.0,160.0,0.0,SJF,0.41794156506740004,41.79415650674
1500,13.007886296331442,13.107886296331442,9,0.0028091498907798,8.090485675394643e-06,1.778678736842105,9.37700353762476,112.52631578947368,,90.0,19,190.0,3,0.375,10.0,40.0,70.0,20.0,50.0,0.0,SJF,0.3573539135080624,35.73539135080624
1501,13.016564005668554,13.116564005668554,12,0.004633207081446,7.974077050219543e-07,0.8666294642857143,2.356151838000332,115.96428571428572,,120.0,28,280.0,4,0.5,0.0,70.0,100.0,10.0,100.0,0.0,SJF,0.3950742908743124,39.50742908743124
1502,13.025241715005668,13.125241715005666,10,0.0022933578943332,1.9056583607404493e-06,1.4665961290322582,9.317294737125849,118.19354838709675,,100.0,31,310.0,4,0.5,0.0,90.0,140.0,10.0,70.0,0.0,SJF,0.36421606353523706,36.42160635352371
1503,13.03391942434278,13.133919424342778,5,0.0029232374572213,3.102394384155179e-06,6.446435111111111,204.75536983658532,117.55555555555556,,50.0,9,90.0,3,0.375,10.0,10.0,40.0,0.0,30.0,0.0,SJF,0.37448351002782365,37.44835100278237
1504,13.042597133679893,13.14259713367989,8,0.0024753871951093,5.687043904418921e-06,0.9848942727272728,3.996732485661018,118.0,,80.0,33,330.0,3,0.375,0.0,100.0,130.0,0.0,100.0,0.0,SJF,0.3489143503863783,34.89143503863783
1505,13.051274843017003,13.151274843017005,6,0.0053765843163281,1.6041622500599568e-05,3.7853802,75.97203718475086,115.9,,60.0,10,100.0,3,0.375,0.0,20.0,40.0,10.0,30.0,0.0,SJF,0.3362408206663886,33.62408206663886
1506,13.059952552354115,13.159952552354117,4,0.0007586533958829,1.1201037621136697e-06,4.195403499999999,42.39518317641686,118.75,,40.0,8,80.0,2,0.25,0.0,20.0,40.0,0.0,20.0,0.0,SJF,0.3319807395813147,33.19807395813147
1507,13.06863026169123,13.168630261691227,3,0.0061355489754368,9.417884249413465e-08,0.5243490000000001,0.217584993164,120.0,,30.0,6,60.0,1,0.125,0.0,20.0,20.0,0.0,20.0,0.0,SJF,0.30820371509443695,30.820371509443696
1508,13.077307971028342,13.17730797102834,12,0.0033375880549919,6.242287077878198e-06,2.2937886451612903,21.155505415251373,117.93548387096774,,120.0,31,310.0,4,0.5,0.0,90.0,140.0,0.0,80.0,0.0,SJF,0.41711104823368317,41.711104823368316
1509,13.085985680365454,13.185985680365452,0,,0.0,,0.0,,,0.0,0,0.0,0,0.0,0.0,0.0,0.0,0.0,0.0,0.0,RR,0.46263451357794594,46.263451357794594
1510,13.094663389702566,13.194663389702566,8,0.0033722887974341,5.444729887462826e-06,0.8993732666666667,1.6144611312746853,118.96666666666668,,80.0,30,300.0,4,0.5,0.0,90.0,100.0,10.0,100.0,0.0,SJF,0.3485449170835346,34.85449170835346
1511,13.103341099039678,13.203341099039678,14,0.0025148816746076,8.312124372723157e-06,0.5398258196721312,0.9310540166406504,114.08196721311477,,140.0,61,610.0,4,0.5,110.0,120.0,290.0,10.0,80.0,0.0,SJF,0.39702849874377044,39.702849874377044
1512,13.11201880837679,13.21201880837679,10,0.0015797802232095,5.031779860621872e-06,1.0760590392156864,6.342121320477678,114.23529411764706,,100.0,51,510.0,4,0.5,120.0,70.0,270.0,0.0,50.0,0.0,SJF,0.36197979920532186,36.197979920532184
1513,13.120696517713904,13.220696517713902,9,0.0057709019527643,4.907659204143508e-06,1.7064973888888888,31.009160140681907,114.19444444444444,,90.0,36,360.0,4,0.5,80.0,60.0,140.0,10.0,70.0,0.0,SJF,0.370063833508245,37.0063833508245
1514,13.129374227051017,13.229374227051014,4,0.0003577859489856,8.27387501899965e-08,0.6199988181818181,6.870196397272526,110.9090909090909,,40.0,44,440.0,2,0.25,200.0,10.0,210.0,0.0,20.0,0.0,SJF,0.31650394801985177,31.650394801985176
1515,13.138051936388129,13.238051936388128,2,0.0002239441118732,4.7534619444361216e-08,0.2384121621621621,0.0296602613932507,110.27027027027027,,20.0,37,370.0,1,0.125,180.0,0.0,190.0,0.0,0.0,0.0,SJF,0.30820371509443695,30.820371509443696
1516,13.14672964572524,13.24672964572524,6,0.0028091946080926,8.198330982652346e-06,0.3852604137931034,0.3466192981533345,113.06896551724138,,60.0,58,580.0,4,0.5,190.0,70.0,260.0,0.0,60.0,0.0,SJF,0.3101566295543631,31.01566295543631
1517,13.155407355062351,13.255407355062353,10,0.0010447543376468,7.550551136306203e-07,0.5468331803278688,1.4371553159573505,111.27868852459017,,100.0,61,610.0,4,0.5,200.0,40.0,290.0,20.0,60.0,0.0,SJF,0.3568094429125288,35.68094429125288
1518,13.164085064399464,13.264085064399463,9,0.0012366957116457,4.398460099292179e-06,0.7721287936507937,5.015701542078811,112.2063492063492,,90.0,63,630.0,4,0.5,220.0,50.0,310.0,0.0,50.0,0.0,SJF,0.3502793368364141,35.02793368364141
1519,13.172762773736578,13.272762773736575,10,0.0041377680634223,7.819375921559992e-06,0.3026517101449276,0.3137079010123558,113.47826086956522,,100.0,69,690.0,4,0.5,210.0,90.0,320.0,0.0,70.0,0.0,SJF,0.3568094429125288,35.68094429125288
1520,13.18144048307369,13.28144048307369,9,0.0023442108151989,5.802281309148174e-06,0.7157727049180328,2.449458101766312,112.04918032786884,,90.0,61,610.0,4,0.5,220.0,40.0,310.0,0.0,40.0,0.0,SJF,0.3499472928853541,34.99472928853541
1521,13.190118192410802,13.290118192410802,13,0.0037689458968903,4.718548659477038e-06,0.3891406351351351,0.458418356571221,112.79729729729728,,130.0,74,740.0,4,0.5,250.0,60.0,350.0,10.0,70.0,0.0,SJF,0.4030651809775221,40.30651809775221
1522,13.198795901747914,13.298795901747914,11,0.0024129946157221,5.460925424864689e-06,0.4206179259259259,0.5135505586454945,114.0246913580247,,110.0,81,810.0,4,0.5,210.0,110.0,380.0,10.0,100.0,0.0,SJF,0.3802153999939187,38.02153999939187
1523,13.207473611085026,13.307473611085026,19,0.0033495032833947,9.726549377863227e-06,0.5524657341772152,1.0127453723639153,112.40506329113924,,190.0,79,790.0,4,0.5,210.0,70.0,360.0,10.0,140.0,0.0,SJF,0.40076686106167786,40.076686106167784
1524,13.21615132042214,13.316151320422138,7,0.0028741434350043,3.6342765989396697e-06,0.6295698275862069,3.2090335271472674,111.65517241379312,,70.0,58,580.0,4,0.5,230.0,40.0,280.0,0.0,30.0,0.0,SJF,0.32179359727046275,32.179359727046275
1525,13.22482902975925,13.32482902975925,9,0.0039885517963047,9.053704976905562e-06,1.2217414615384616,11.810251658363676,117.84615384615384,,90.0,39,390.0,4,0.5,20.0,90.0,190.0,0.0,90.0,0.0,SJF,0.365620886191905,36.562088619190504
1526,13.233506739096365,13.333506739096364,8,0.0029428064036367,4.666183888153056e-06,4.256651857142857,51.92370961649813,118.35714285714286,,80.0,14,140.0,3,0.375,0.0,30.0,70.0,0.0,40.0,0.0,SJF,0.3757777898139269,37.57777898139269
1527,13.242184448433475,13.342184448433477,0,,0.0,,0.0,,,0.0,0,0.0,0,0.0,0.0,0.0,0.0,0.0,0.0,0.0,RR,0.46263451357794594,46.263451357794594
1528,13.25086215777059,13.350862157770589,7,0.0051343848008392,5.0947905640724425e-06,2.9585564285714283,16.869563320439955,108.21428571428572,,70.0,14,140.0,4,0.5,0.0,30.0,70.0,0.0,40.0,0.0,SJF,0.3396117267452454,33.96117267452454
1529,13.2595398671077,13.3595398671077,7,0.0045552466065844,3.420083410533415e-06,4.093471071428572,47.59578395886837,116.35714285714286,,70.0,14,140.0,3,0.375,0.0,20.0,60.0,10.0,50.0,0.0,SJF,0.3446993708235572,34.46993708235572
1530,13.268217576444814,13.368217576444811,2,0.0015826785551862,1.92162328817838e-08,3.78950525,52.017353057672246,84.5,,20.0,4,40.0,1,0.125,10.0,0.0,20.0,0.0,10.0,0.0,SJF,0.3361555397377897,33.61555397377897
1531,13.276895285781926,13.376895285781924,7,0.0060010185037884,4.634396725768325e-06,1.1148637307692308,6.891139885877005,119.15384615384616,,70.0,26,260.0,4,0.5,0.0,90.0,90.0,10.0,70.0,0.0,SJF,0.3300938301958777,33.009383019587766
1532,13.285572995119038,13.385572995119038,6,0.0033197947142952,2.033977785093031e-07,4.870694555555556,57.19108081136952,117.55555555555556,,60.0,9,90.0,3,0.375,0.0,20.0,40.0,0.0,30.0,0.0,SJF,0.3381137149789978,33.81137149789978
1533,13.29425070445615,13.39425070445615,4,0.0038930922938495,9.893088761786344e-06,2.40375,12.4999433495036,120.0,,40.0,6,60.0,2,0.25,0.0,30.0,20.0,0.0,10.0,0.0,SJF,0.3333979450749894,33.33979450749894
1534,13.302928413793262,13.402928413793262,9,0.0030967662067374,5.646671514982559e-06,1.1515548529411763,5.858224905649463,118.05882352941175,,90.0,34,340.0,4,0.5,0.0,100.0,150.0,0.0,90.0,0.0,SJF,0.3507113939463211,35.07113939463211
1535,13.311606123130376,13.411606123130374,5,0.0005284550696252,1.6414328279068358e-08,3.604010375,23.33707512327141,117.25,,50.0,8,80.0,3,0.375,0.0,20.0,40.0,0.0,20.0,0.0,SJF,0.34225993219010403,34.225993219010405
1536,13.320283832467489,13.420283832467486,11,0.0033002153506952,6.819731502258691e-06,1.2819001379310344,4.210730449952052,114.72413793103448,,110.0,29,290.0,4,0.5,10.0,70.0,120.0,20.0,70.0,0.0,SJF,0.3805848332967624,38.05848332967624
1537,13.3289615418046,13.4289615418046,13,0.0041768184261701,5.378841418854951e-06,1.444809945945946,14.4590142489335,117.67567567567568,,130.0,37,370.0,4,0.5,0.0,110.0,140.0,0.0,120.0,0.0,SJF,0.4234507715992257,42.34507715992257
1538,13.337639251141711,13.437639251141713,5,0.0029736810582868,4.896791727201148e-07,5.4757761,80.21993628438565,105.8,,50.0,10,100.0,3,0.375,10.0,10.0,50.0,0.0,30.0,0.0,SJF,0.3313066565970431,33.13066565970431
1539,13.346316960478823,13.446316960478825,2,0.0084966545211742,3.123700135211096e-08,0.2686715,0.0007011389045,84.5,,20.0,2,20.0,1,0.125,10.0,0.0,10.0,0.0,0.0,0.0,SJF,0.30820371509443695,30.820371509443696
1540,13.354994669815936,13.454994669815935,10,0.0029262049840625,5.327241571870887e-06,0.8210139333333333,1.5484056714688916,116.56666666666666,,100.0,30,300.0,3,0.375,0.0,60.0,70.0,20.0,150.0,0.0,SJF,0.3568094429125288,35.68094429125288
1541,13.36367237915305,13.46367237915305,16,0.0032562745344503,8.35990374954916e-06,0.4751388787878787,0.327762145741462,118.57575757575758,,160.0,66,660.0,4,0.5,30.0,90.0,280.0,30.0,230.0,0.0,SJF,0.40822418707477015,40.82241870747701
1542,13.372350088490162,13.47235008849016,21,0.0046628156050762,1.0335359238323925e-05,0.7631840444444445,2.3538145753895434,118.35555555555555,,210.0,45,450.0,4,0.5,0.0,60.0,130.0,50.0,210.0,0.0,SJF,0.4166224490944978,41.66224490944978
1543,13.381027797827274,13.481027797827274,28,0.0036265422084402,8.558549669456193e-06,0.5414451126760563,0.9433416664591582,116.50704225352112,,280.0,71,710.0,4,0.5,10.0,90.0,200.0,80.0,330.0,0.0,SJF,0.4078576763329254,40.785767633292544
1544,13.389705507164386,13.489705507164386,12,0.0025636151689472,5.75030518986236e-06,1.4347646,4.186678652852334,117.52,,120.0,25,250.0,4,0.5,0.0,40.0,110.0,0.0,100.0,0.0,SJF,0.3954437241771561,39.544372417715614
1545,13.398383216501498,13.498383216501498,16,0.0029093889360014,4.06187407258454e-06,0.6053768431372549,1.396701749100376,114.6470588235294,,160.0,51,510.0,4,0.5,40.0,100.0,210.0,20.0,140.0,0.0,SJF,0.40822418707477015,40.82241870747701
1546,13.40706092583861,13.50706092583861,15,0.0018656800280557,2.5215695179927705e-06,1.3762806923076925,15.0379517377028,116.0,,150.0,39,390.0,4,0.5,0.0,90.0,170.0,10.0,120.0,0.0,SJF,0.45057750546123193,45.057750546123195
1547,13.415738635175725,13.515738635175722,5,0.0003540782242769,1.9196217166155765e-08,6.368020857142858,68.68932665432747,116.85714285714286,,50.0,7,70.0,3,0.375,0.0,20.0,30.0,0.0,20.0,0.0,SJF,0.33692672606379803,33.6926726063798
1548,13.424416344512837,13.524416344512836,7,0.0061330103443058,4.903531420035395e-06,0.803714,1.659509569094167,117.07692307692308,,70.0,13,130.0,2,0.25,0.0,50.0,50.0,0.0,30.0,0.0,SJF,0.32179359727046275,32.179359727046275
1549,13.433094053849947,13.533094053849949,9,0.0039291297056062,7.51519160219518e-06,2.9057722758620685,68.15196542450683,118.48275862068964,,90.0,29,290.0,4,0.5,0.0,90.0,130.0,0.0,70.0,0.0,SJF,0.37066428364248166,37.06642836424817
1550,13.44177176318706,13.54177176318706,4,0.0022713048129383,1.6820873568879913e-07,2.454516285714285,14.400141389767905,120.0,,40.0,7,70.0,2,0.25,10.0,20.0,20.0,10.0,10.0,0.0,SJF,0.3443600081035212,34.43600081035212
1551,13.450449472524172,13.550449472524171,5,0.0027401890758262,3.5547030990877864e-06,1.4694423529411764,4.823905433611744,119.94117647058825,,50.0,17,170.0,3,0.375,0.0,70.0,70.0,0.0,30.0,0.0,SJF,0.30874888759857083,30.874888759857082
1552,13.459127181861286,13.559127181861284,8,0.0029642580137141,8.35443513077633e-06,2.134800388888889,25.273886821846368,117.0,,80.0,18,180.0,3,0.375,0.0,50.0,70.0,0.0,60.0,0.0,SJF,0.36172127462030623,36.17212746203062
1553,13.467804891198398,13.567804891198396,8,0.0026443223016019,4.125090576781546e-06,2.3614703846153846,15.33249844812009,118.46153846153848,,80.0,13,130.0,2,0.25,0.0,10.0,50.0,10.0,60.0,0.0,SJF,0.3862057400498651,38.62057400498651
1554,13.47648260053551,13.57648260053551,6,0.0073339481311564,2.752149679198335e-07,0.7917708181818182,0.3504767951807636,120.9090909090909,,60.0,11,110.0,4,0.5,0.0,20.0,50.0,0.0,40.0,0.0,SJF,0.3101566295543631,31.01566295543631
1555,13.485160309872622,13.585160309872622,12,0.0022940989607111,5.49903206029027e-06,1.215707794871795,3.954863359090325,116.07692307692308,,120.0,39,390.0,4,0.5,0.0,110.0,160.0,20.0,100.0,0.0,SJF,0.3954437241771561,39.544372417715614
1556,13.493838019209734,13.593838019209734,11,0.0053968286993563,6.525050747314547e-06,2.6104017857142856,19.08695467830341,118.28571428571428,,110.0,14,140.0,4,0.5,0.0,20.0,40.0,0.0,80.0,0.0,SJF,0.4134786059330326,41.34786059330326
1557,13.502515728546848,13.602515728546846,16,0.0034438625781534,9.021064342999504e-06,0.6505448717948717,0.4797605084166411,115.12820512820512,,160.0,39,390.0,3,0.375,10.0,70.0,160.0,10.0,140.0,0.0,SJF,0.40822418707477015,40.82241870747701
1558,13.51119343788396,13.61119343788396,10,0.0021520047160409,6.903395476837959e-06,2.0758493461538463,19.498022078975836,114.42307692307692,,100.0,26,260.0,4,0.5,10.0,40.0,100.0,10.0,100.0,0.0,SJF,0.39185464172401036,39.18546417240103
1559,13.519871147221073,13.619871147221073,5,0.0008685659789268,5.135407192102433e-07,4.001116142857143,35.26479032702147,120.0,,50.0,7,70.0,2,0.25,0.0,10.0,30.0,0.0,30.0,0.0,SJF,0.3311178586948881,33.111785869488806
1560,13.528548856558183,13.628548856558185,8,0.0055779285668149,2.8445709985201323e-06,1.282302066666667,2.095815545649067,114.46666666666668,,80.0,15,150.0,4,0.5,0.0,50.0,60.0,10.0,30.0,0.0,SJF,0.3485449170835346,34.85449170835346
1561,13.537226565895295,13.637226565895295,13,0.0018144624123949,2.264563272392972e-06,3.4192422903225808,69.52138620115987,118.93548387096774,,130.0,31,310.0,4,0.5,0.0,80.0,110.0,10.0,110.0,0.0,SJF,0.41031224374945297,41.031224374945296
1562,13.54590427523241,13.64590427523241,0,,0.0,,0.0,,,0.0,0,0.0,0,0.0,0.0,0.0,0.0,0.0,0.0,0.0,RR,0.46263451357794594,46.263451357794594
1563,13.554581984569522,13.65458198456952,3,0.0060905797638118,3.375304185668796e-07,0.4625445714285714,0.1757905727142857,120.0,,30.0,7,70.0,1,0.125,0.0,30.0,20.0,0.0,20.0,0.0,SJF,0.30820371509443695,30.820371509443696
1564,13.563259693906634,13.663259693906634,6,0.002693243593366,7.053846472314146e-06,3.353534869565217,51.53461722774129,119.04347826086956,,60.0,23,230.0,4,0.5,0.0,70.0,100.0,0.0,60.0,0.0,SJF,0.3410841139827112,34.10841139827112
1565,13.571937403243746,13.671937403243746,2,0.0017841537562537,2.700395040787648e-08,5.55950525,117.97475099208494,84.5,,20.0,4,40.0,1,0.125,10.0,0.0,20.0,0.0,10.0,0.0,SJF,0.3378579268370507,33.78579268370507
1566,13.580615112580858,13.680615112580858,4,0.0078874994191417,1.6426263283479788e-07,0.623802,0.143689217208,120.0,,40.0,4,40.0,2,0.25,0.0,20.0,10.0,0.0,10.0,0.0,SJF,0.30820371509443695,30.820371509443696
1567,13.58929282191797,13.68929282191797,6,0.0031513915820295,9.626150360249038e-06,2.0650677,7.266401574631486,118.65,,60.0,20,200.0,4,0.5,0.0,60.0,90.0,0.0,50.0,0.0,SJF,0.3175150300505598,31.75150300505598
1568,13.597970531255084,13.697970531255082,17,0.0055055786860938,4.168003617810171e-06,0.6284275952380952,0.7056142309602467,115.16666666666669,,170.0,42,420.0,4,0.5,30.0,40.0,150.0,30.0,170.0,0.0,SJF,0.40928643228013906,40.928643228013904
1569,13.606648240592197,13.706648240592196,9,0.0030702727411385,5.29026823377098e-06,0.8347339459459459,1.526181833587719,118.8108108108108,,90.0,37,370.0,4,0.5,0.0,110.0,150.0,0.0,110.0,0.0,SJF,0.3499472928853541,34.99472928853541
1570,13.615325949929307,13.715325949929309,7,0.0027523557849768,9.51254759210349e-06,1.85130832,18.91734183398873,111.68,,70.0,25,250.0,4,0.5,10.0,100.0,100.0,20.0,20.0,0.0,SJF,0.3583932527322653,35.83932527322653
1571,13.62400365926642,13.72400365926642,7,0.0008855020192931,2.1451063110145674e-06,2.4533662105263154,16.393598311890063,119.36842105263158,,70.0,19,190.0,3,0.375,0.0,20.0,100.0,0.0,70.0,0.0,SJF,0.342914831938542,34.2914831938542
1572,13.632681368603532,13.732681368603531,7,0.0064413343964666,1.674909642397438e-06,0.5458217777777779,0.5276049820677123,112.66666666666669,,70.0,18,180.0,4,0.5,10.0,40.0,70.0,0.0,60.0,0.0,SJF,0.32179359727046275,32.179359727046275
1573,13.641359077940646,13.741359077940643,9,0.0006006042815768,1.078738993566801e-07,2.009023458333333,16.1093715406633,124.125,,90.0,24,240.0,4,0.5,0.0,20.0,120.0,0.0,100.0,0.0,SJF,0.3813118548346712,38.13118548346712
1574,13.650036787277758,13.750036787277756,9,0.003917368388909,2.600340162002301e-06,3.22870315,44.35149094933583,114.55,,90.0,20,200.0,4,0.5,0.0,30.0,80.0,20.0,70.0,0.0,SJF,0.370063833508245,37.0063833508245
1575,13.65871449661487,13.75871449661487,4,0.0043970996351299,1.0029437593857464e-06,1.1658927857142858,2.6162357069569517,120.0,,40.0,14,140.0,2,0.25,0.0,50.0,60.0,0.0,30.0,0.0,SJF,0.30820371509443695,30.820371509443696
1576,13.667392205951982,13.767392205951982,9,0.005003228492462,1.163434174657747e-06,4.672708307692307,146.58757779802104,113.0,,90.0,13,130.0,3,0.375,0.0,10.0,40.0,20.0,60.0,0.0,SJF,0.38517605740861555,38.517605740861555
1577,13.676069915289094,13.776069915289094,5,0.0032768293109057,1.3351315263758704e-06,6.304913222222222,136.2590083405232,104.22222222222224,,50.0,9,90.0,3,0.375,10.0,30.0,40.0,0.0,10.0,0.0,SJF,0.34265628079640786,34.265628079640784
1578,13.684747624626208,13.784747624626206,4,0.0053637501237933,2.487773167701892e-08,0.4200674117647059,0.3606935986803823,111.6470588235294,,40.0,17,170.0,2,0.25,10.0,50.0,60.0,0.0,50.0,0.0,SJF,0.30820371509443695,30.820371509443696
1579,13.69342533396332,13.793425333963318,4,0.0002214315366813,2.4592524059469413e-08,4.199724714285714,50.6388836024419,120.0,,40.0,7,70.0,2,0.25,0.0,20.0,30.0,0.0,20.0,0.0,SJF,0.33701842062421633,33.70184206242163
1580,13.702103043300433,13.80210304330043,3,0.0037635660329028,1.781385400881294e-06,2.708142333333333,6.090306286466332,107.33333333333331,,30.0,3,30.0,1,0.125,0.0,0.0,10.0,0.0,20.0,0.0,SJF,0.3134886334418247,31.34886334418247
1581,13.710780752637543,13.810780752637545,6,0.002902323529122,3.999743678432327e-06,1.57008332,11.24922512032156,120.0,,60.0,25,250.0,4,0.5,0.0,90.0,100.0,0.0,60.0,0.0,SJF,0.32076068197842644,32.076068197842645
1582,13.719458461974655,13.819458461974657,6,0.0024995881920097,4.431428381692455e-06,2.0907876875,18.06301312878983,117.125,,60.0,16,160.0,3,0.375,0.0,40.0,80.0,0.0,40.0,0.0,SJF,0.33834604598017576,33.83460459801758
1583,13.72813617131177,13.828136171311767,5,0.0018850212882309,5.770662287794873e-06,2.559523307692308,11.472589436301227,116.6153846153846,,50.0,13,130.0,3,0.375,0.0,30.0,60.0,10.0,30.0,0.0,SJF,0.3213850591291296,32.13850591291296
1584,13.736813880648882,13.83681388064888,12,0.0045505236011186,2.2706944369679794e-07,1.400692,19.463554825513764,117.34285714285714,,120.0,35,350.0,4,0.5,0.0,100.0,140.0,10.0,100.0,0.0,SJF,0.42362920582289826,42.362920582289824
1585,13.745491589985994,13.845491589985992,6,0.0027973283473394,2.019065658732942e-08,4.78375,55.16539355889125,117.55555555555556,,60.0,9,90.0,3,0.375,0.0,30.0,40.0,0.0,20.0,0.0,SJF,0.3383417237602363,33.83417237602363
1586,13.754169299323106,13.854169299323106,4,0.0058190156768942,5.598636138213182e-07,1.148162142857143,0.9545805435924762,120.0,,40.0,7,70.0,2,0.25,0.0,20.0,30.0,0.0,20.0,0.0,SJF,0.30820371509443695,30.820371509443696
1587,13.762847008660218,13.862847008660218,5,0.0025965797397823,5.036616255360475e-06,2.687023588235294,61.98483685160674,120.0,,50.0,34,340.0,4,0.5,0.0,130.0,140.0,0.0,70.0,0.0,SJF,0.32894189043461564,32.894189043461566
1588,13.77152471799733,13.87152471799733,4,0.0047288445026696,1.5925783557608063e-08,7.224104199999999,96.1455115695367,115.6,,40.0,5,50.0,2,0.25,0.0,20.0,20.0,0.0,10.0,0.0,SJF,0.34533482514722974,34.53348251472298
1589,13.780202427334444,13.880202427334442,0,,0.0,,0.0,,,0.0,0,0.0,0,0.0,0.0,0.0,0.0,0.0,0.0,0.0,RR,0.46263451357794594,46.263451357794594
1590,13.788880136671557,13.888880136671554,6,0.0056722798284451,2.6047163795697275e-06,0.78523435,0.6734462424076079,120.0,,60.0,20,200.0,3,0.375,0.0,70.0,80.0,0.0,50.0,0.0,SJF,0.3101566295543631,31.01566295543631
1591,13.797557846008669,13.897557846008668,8,0.0029217903663314,3.1125119799815445e-06,2.298818076923077,9.160841268651742,113.23076923076924,,80.0,13,130.0,3,0.375,0.0,0.0,50.0,10.0,70.0,0.0,SJF,0.3560054567604886,35.60054567604886
1592,13.80623555534578,13.90623555534578,13,0.0043817588849884,2.5242966500008043e-06,0.6638077297297297,0.6147524531935915,116.5945945945946,,130.0,37,370.0,4,0.5,30.0,80.0,160.0,10.0,90.0,0.0,SJF,0.4030651809775221,40.30651809775221
1593,13.814913264682891,13.914913264682893,14,0.0022652343885355,5.034001232993932e-06,0.6452535471698112,0.7845783746115603,117.67924528301889,,140.0,53,530.0,4,0.5,0.0,150.0,210.0,30.0,140.0,0.0,SJF,0.39702849874377044,39.702849874377044
1594,13.823590974020004,13.923590974020003,9,0.0014320068688833,4.276611615396055e-06,4.328130421052632,133.97766495293737,116.0,,90.0,19,190.0,4,0.5,0.0,40.0,80.0,0.0,70.0,0.0,SJF,0.3828916223844984,38.28916223844984
1595,13.832268683357118,13.932268683357115,3,0.0003614673095491,1.0632616786067983e-07,5.915073000000001,29.262537879494506,120.0,,30.0,5,50.0,3,0.375,0.0,0.0,30.0,0.0,20.0,0.0,SJF,0.3325219986205256,33.252199862052564
1596,13.84094639269423,13.94094639269423,10,0.00309481540577,9.64157520335583e-06,1.413378340909091,19.843779449533677,118.5,,100.0,44,440.0,3,0.375,0.0,160.0,180.0,0.0,100.0,0.0,SJF,0.3928965435812168,39.28965435812168
1597,13.849624102031342,13.949624102031342,3,0.0007148509686576,2.4435105100151638e-08,5.686232666666666,91.76794664268134,120.0,,30.0,3,30.0,1,0.125,0.0,10.0,10.0,0.0,10.0,0.0,SJF,0.33355517628311787,33.35551762831179
1598,13.858301811368454,13.958301811368454,0,,0.0,,0.0,,,0.0,0,0.0,0,0.0,0.0,0.0,0.0,0.0,0.0,0.0,RR,0.46263451357794594,46.263451357794594
1599,13.866979520705566,13.966979520705566,4,0.0016239767944337,3.7795932434936215e-06,1.6328906071428573,23.529176495202545,120.0,,40.0,28,280.0,3,0.375,0.0,110.0,140.0,0.0,30.0,0.0,SJF,0.34225993219010403,34.225993219010405
1600,13.87565723004268,13.975657230042678,8,0.0028896982073214,2.5747987416935026e-06,4.506223916666666,50.9310019014328,114.08333333333331,,80.0,12,120.0,3,0.375,0.0,20.0,40.0,10.0,50.0,0.0,SJF,0.3758061370846375,37.58061370846375
1601,13.88433493937979,13.98433493937979,0,,0.0,,0.0,,,0.0,0,0.0,0,0.0,0.0,0.0,0.0,0.0,0.0,0.0,RR,0.46263451357794594,46.263451357794594
1602,13.893012648716905,13.993012648716904,4,0.0029621767830949,4.943490822617911e-07,6.564506705882353,189.3807448043461,120.0,,40.0,17,170.0,4,0.5,0.0,60.0,70.0,0.0,40.0,0.0,SJF,0.37279747979305955,37.27974797930595
1603,13.901690358054015,14.001690358054017,3,0.00410224061265,2.152851089492898e-06,4.6224826666666665,30.750185042490337,107.33333333333331,,30.0,3,30.0,1,0.125,0.0,0.0,10.0,0.0,20.0,0.0,SJF,0.33118482284975603,33.118482284975606
1604,13.91036806739113,14.010368067391129,4,0.0071193491088705,1.8852096176316442e-07,0.588626375,0.3090953875342678,120.0,,40.0,8,80.0,2,0.25,0.0,20.0,30.0,0.0,30.0,0.0,SJF,0.30820371509443695,30.820371509443696
1605,13.91904577672824,14.01904577672824,4,0.0013457022717586,9.448781240213316e-07,3.5670625,41.02890229285317,120.0,,40.0,10,100.0,2,0.25,0.0,40.0,40.0,0.0,20.0,0.0,SJF,0.3311178586948881,33.111785869488806
1606,13.927723486065354,14.027723486065351,1,0.0081581229346472,0.0,8.41224,0.0,120.0,,10.0,1,10.0,1,0.125,0.0,0.0,0.0,10.0,0.0,0.0,SJF,0.34956753100292703,34.9567531002927
1607,13.936401195402466,14.036401195402464,10,0.0052660231975341,1.1255249485721382e-05,1.3596419375,2.8489606811388626,115.3125,,100.0,16,160.0,4,0.5,0.0,40.0,50.0,20.0,50.0,0.0,SJF,0.3568094429125288,35.68094429125288
1608,13.945078904739578,14.045078904739578,11,0.0015128559876947,1.5821674646073768e-06,0.8083249193548387,6.809321473931911,119.35483870967742,,110.0,62,620.0,4,0.5,0.0,80.0,140.0,150.0,250.0,0.0,SJF,0.3883144279308282,38.83144279308282
1609,13.95375661407669,14.05375661407669,7,0.00172407992331,5.02285168107478e-06,1.8436168888888889,8.257411133843988,117.55555555555556,,70.0,18,180.0,3,0.375,0.0,30.0,60.0,30.0,60.0,0.0,SJF,0.32808724832640374,32.80872483264037
1610,13.962434323413802,14.062434323413802,7,0.0039369211576261,5.870037525423703e-06,2.6398665625,32.808768055208795,118.625,,70.0,16,160.0,4,0.5,0.0,50.0,70.0,0.0,40.0,0.0,SJF,0.3443930463034966,34.43930463034966
1611,13.971112032750916,14.071112032750914,4,0.0009591857490853,4.542854318910226e-07,1.6108807272727277,9.690411393816618,120.0,,40.0,11,110.0,2,0.25,0.0,40.0,40.0,0.0,30.0,0.0,SJF,0.31586213280922854,31.586213280922852
1612,13.979789742088029,14.079789742088026,13,0.002581766911973,1.3102932787613676e-06,1.43183425,4.752517583384451,115.15625,,130.0,32,320.0,4,0.5,0.0,80.0,130.0,20.0,90.0,0.0,SJF,0.40248396730099967,40.24839673009997
1613,13.98846745142514,14.08846745142514,12,0.0057253640748591,7.75241384923147e-06,1.223655761904762,4.212481794010289,116.71428571428572,,120.0,21,210.0,4,0.5,0.0,30.0,90.0,10.0,80.0,0.0,SJF,0.3954437241771561,39.544372417715614
1614,13.997145160762251,14.097145160762253,17,0.0035786205318643,4.478369896995165e-06,0.9386623658536586,2.986919459056238,117.14634146341464,,170.0,41,410.0,4,0.5,0.0,120.0,150.0,10.0,130.0,0.0,SJF,0.40928643228013906,40.928643228013904
1615,14.005822870099363,14.105822870099365,11,0.0043300647188166,9.0040703109819e-06,0.9822214782608696,2.0382048079051702,116.52173913043478,,110.0,23,230.0,4,0.5,30.0,40.0,100.0,10.0,50.0,0.0,SJF,0.3802153999939187,38.02153999939187
1616,14.014500579436476,14.114500579436475,15,0.0033115263635224,1.2141589801515064e-05,0.8636864878048781,2.097072805645256,117.95121951219512,,150.0,41,410.0,4,0.5,0.0,90.0,170.0,0.0,150.0,0.0,SJF,0.4021799205030373,40.21799205030373
1617,14.02317828877359,14.12317828877359,12,0.0014311416430771,2.5543132098922427e-06,1.2495554285714283,3.798376815013884,118.35714285714286,,120.0,28,280.0,4,0.5,0.0,70.0,100.0,30.0,80.0,0.0,SJF,0.39552541228208377,39.552541228208376
1618,14.031855998110702,14.1318559981107,9,0.0006063807781874,1.5977493417878974e-07,4.112303692307692,35.01562755236257,118.3076923076923,,90.0,13,130.0,4,0.5,0.0,20.0,50.0,0.0,60.0,0.0,SJF,0.370063833508245,37.0063833508245
1619,14.040533707447814,14.140533707447814,7,0.0047822544093289,1.8660188555761009e-06,1.700416625,5.725291655227049,117.25,,70.0,16,160.0,4,0.5,10.0,70.0,60.0,0.0,20.0,0.0,SJF,0.3221028970257528,32.21028970257528
1620,14.049211416784926,14.149211416784926,15,0.0039615846817402,1.1737765838424788e-06,1.8940129047619048,30.664454074843302,113.16666666666669,,150.0,42,420.0,4,0.5,0.0,50.0,190.0,20.0,160.0,0.0,SJF,0.42917692686973175,42.917692686973176
1621,14.057889126122038,14.157889126122038,3,0.0061350872112946,1.697290496572451e-07,2.4761354,9.0574526606618,120.0,,30.0,5,50.0,2,0.25,0.0,20.0,20.0,0.0,10.0,0.0,SJF,0.3160529929753731,31.60529929753731
1622,14.06656683545915,14.16656683545915,4,0.0037405680408495,9.145969637582636e-07,0.7069531250000001,1.9706755924382504,111.125,,40.0,16,160.0,2,0.25,10.0,40.0,60.0,0.0,50.0,0.0,SJF,0.30820371509443695,30.820371509443696
1623,14.075244544796265,14.175244544796264,7,0.002333329346594,8.451184930342747e-06,0.6187591,1.8463908652817331,119.225,,70.0,40,400.0,3,0.375,0.0,160.0,210.0,0.0,30.0,0.0,SJF,0.32179359727046275,32.179359727046275
1624,14.083922254133377,14.183922254133376,12,0.0020414731166232,2.865898854139853e-06,3.0113881739130437,29.778997399393788,112.0,,120.0,23,230.0,4,0.5,10.0,40.0,100.0,10.0,70.0,0.0,SJF,0.4085352293736731,40.85352293736731
1625,14.092599963470487,14.192599963470489,5,0.0068518227295108,1.122157029237918e-07,0.50391925,0.3963473741272956,108.16666666666669,,50.0,12,120.0,2,0.25,10.0,40.0,50.0,0.0,20.0,0.0,SJF,0.30820371509443695,30.820371509443696
1626,14.1012776728076,14.2012776728076,8,0.0020470156923984,1.6326076564478516e-06,2.3651,26.332444533663747,117.48,,80.0,25,250.0,4,0.5,0.0,80.0,110.0,0.0,60.0,0.0,SJF,0.3555810960033717,35.55810960033717
1627,14.109955382144712,14.209955382144711,5,0.0021752790552866,1.613739444330049e-08,5.444516428571428,102.2157289911703,116.85714285714286,,50.0,7,70.0,2,0.25,0.0,20.0,30.0,0.0,20.0,0.0,SJF,0.33514044156682615,33.514044156682615
1628,14.118633091481826,14.218633091481824,4,0.0052335435181745,1.058098640550778e-07,1.0218315555555555,2.362043694258732,120.0,,40.0,18,180.0,3,0.375,0.0,70.0,70.0,0.0,40.0,0.0,SJF,0.30820371509443695,30.820371509443696
1629,14.127310800818938,14.227310800818938,7,0.0039215447524905,7.591754372541246e-06,0.5612224716981132,2.084102438806485,120.1509433962264,,70.0,53,530.0,3,0.375,120.0,120.0,210.0,60.0,20.0,0.0,SJF,0.32179359727046275,32.179359727046275
1630,14.13598851015605,14.23598851015605,10,0.0030071352439497,7.340501873162738e-06,0.4727203653846154,0.8117775179841974,113.42307692307692,,100.0,52,520.0,4,0.5,110.0,110.0,210.0,60.0,30.0,0.0,SJF,0.3568094429125288,35.68094429125288
1631,14.144666219493162,14.244666219493162,18,0.0035467957846153,5.715137050198577e-06,0.6532004310344827,1.1384531103610562,115.51724137931036,,180.0,58,580.0,4,0.5,40.0,100.0,260.0,50.0,130.0,0.0,SJF,0.40460030818780496,40.460030818780496
1632,14.153343928830274,14.253343928830274,14,0.0034898900982968,5.249986990543834e-06,0.958163717948718,2.1703840500571028,116.53846153846152,,140.0,39,390.0,4,0.5,40.0,100.0,160.0,30.0,60.0,0.0,SJF,0.39702849874377044,39.702849874377044
1633,14.162021638167388,14.262021638167386,8,0.002390602332613,5.183816640795717e-07,4.736013866666666,82.12083572903569,109.06666666666666,,80.0,15,150.0,4,0.5,10.0,30.0,70.0,0.0,40.0,0.0,SJF,0.3707357705588177,37.07357705588177
1634,14.1706993475045,14.2706993475045,4,0.0046321054955011,2.2388512537412923e-06,1.9648958125,17.455002182801096,120.0,,40.0,16,160.0,2,0.25,0.0,60.0,60.0,0.0,40.0,0.0,SJF,0.32817390107946587,32.817390107946586
1635,14.179377056841613,14.279377056841613,0,,0.0,,0.0,,,0.0,0,0.0,0,0.0,0.0,0.0,0.0,0.0,0.0,0.0,RR,0.46263451357794594,46.263451357794594
1636,14.188054766178723,14.288054766178725,10,0.0026875251212748,5.867564582088614e-07,2.9709540000000003,24.47230468342611,115.10526315789474,,100.0,19,190.0,4,0.5,0.0,20.0,80.0,10.0,80.0,0.0,SJF,0.3810603071825181,38.10603071825181
1637,14.196732475515836,14.296732475515835,5,0.0060320084841627,1.0665944461848877e-06,0.748515625,0.8629733750875832,118.8125,,50.0,16,160.0,3,0.375,0.0,60.0,50.0,10.0,40.0,0.0,SJF,0.30820371509443695,30.820371509443696
1638,14.20541018485295,14.30541018485295,8,0.0024970556470507,1.3709839799290504e-06,2.3662304375,9.414795926061332,114.875,,80.0,16,160.0,4,0.5,0.0,50.0,70.0,0.0,40.0,0.0,SJF,0.3560523293422392,35.60523293422392
1639,14.214087894190062,14.31408789419006,12,0.0032375516432717,1.9813585050786702e-06,0.84309765,2.4427173847765924,117.125,,120.0,40,400.0,4,0.5,40.0,90.0,170.0,10.0,90.0,0.0,SJF,0.3950742908743124,39.50742908743124
1640,14.222765603527174,14.322765603527174,11,0.0034326721091897,5.19474122148979e-06,0.9634654285714286,1.750119229629587,118.07142857142856,,110.0,28,280.0,4,0.5,0.0,90.0,100.0,0.0,90.0,0.0,SJF,0.3802153999939187,38.02153999939187
1641,14.231443312864286,14.331443312864286,9,0.0009683830246027,5.830083198059e-07,4.55249025,61.4096804774158,118.0,,90.0,16,160.0,4,0.5,0.0,20.0,80.0,0.0,60.0,0.0,SJF,0.3715555117996189,37.15555117996189
1642,14.240121022201398,14.340121022201398,2,0.0005110037986018,4.182282881998968e-09,6.240806999999999,75.62898624760199,120.0,,20.0,2,20.0,1,0.125,0.0,10.0,10.0,0.0,0.0,0.0,SJF,0.3394053273657132,33.94053273657132
1643,14.24879873153851,14.34879873153851,7,0.0044869027472039,7.470764798711409e-08,1.2053645652173912,2.8131222488258936,118.08695652173913,,70.0,23,230.0,4,0.5,0.0,90.0,100.0,0.0,40.0,0.0,SJF,0.32179359727046275,32.179359727046275
1644,14.257476440875624,14.357476440875622,7,0.0034895134100916,3.643081453339913e-06,8.371576727272727,135.887481540357,118.0,,70.0,11,110.0,4,0.5,0.0,30.0,50.0,0.0,30.0,0.0,SJF,0.3901491822803842,39.01491822803842
1645,14.266154150212737,14.366154150212736,0,,0.0,,0.0,,,0.0,0,0.0,0,0.0,0.0,0.0,0.0,0.0,0.0,0.0,RR,0.46263451357794594,46.263451357794594
1646,14.274831859549847,14.374831859549849,4,0.0029629784501512,1.1292998291406018e-06,1.8985521,33.778131144554,120.0,,40.0,20,200.0,2,0.25,0.0,80.0,80.0,0.0,40.0,0.0,SJF,0.3311178586948881,33.111785869488806
1647,14.28350956888696,14.38350956888696,7,0.0044095029701818,3.1086564368585123e-06,2.528954307692308,18.57658576332789,116.07692307692308,,70.0,13,130.0,3,0.375,0.0,20.0,50.0,10.0,50.0,0.0,SJF,0.3565190743057742,35.65190743057742
1648,14.292187278224072,14.392187278224071,3,0.0042896257759264,1.7278423140969864e-08,3.74449225,18.300038701897588,114.5,,30.0,4,40.0,2,0.25,0.0,10.0,20.0,0.0,10.0,0.0,SJF,0.3452212333576889,34.52212333576889
1649,14.300864987561186,14.400864987561183,9,0.0050614652165922,4.319281621892101e-06,1.4455882352941176,4.012632700531816,116.47058823529412,,90.0,17,170.0,4,0.5,0.0,60.0,70.0,0.0,40.0,0.0,SJF,0.3503167261881977,35.03167261881977
1650,14.309542696898298,14.409542696898296,12,0.0027643548517023,4.649808773638442e-06,1.3824586896551725,4.183238212959721,111.34482758620688,,120.0,29,290.0,4,0.5,10.0,50.0,110.0,20.0,100.0,0.0,SJF,0.3954437241771561,39.544372417715614
1651,14.31822040623541,14.41822040623541,7,0.0032247294788757,5.000321874756234e-06,3.6826930588235296,53.93359938438794,109.05882352941175,,70.0,17,170.0,4,0.5,10.0,30.0,90.0,0.0,40.0,0.0,SJF,0.34786566716934225,34.786566716934225
1652,14.326898115572522,14.426898115572522,6,0.0033243440941446,1.1035856564245182e-05,2.7056169615384613,38.82753263098844,114.46153846153848,,60.0,26,260.0,3,0.375,10.0,80.0,110.0,0.0,60.0,0.0,SJF,0.3360464329398097,33.60464329398097
1653,14.335575824909634,14.435575824909634,0,,0.0,,0.0,,,0.0,0,0.0,0,0.0,0.0,0.0,0.0,0.0,0.0,0.0,RR,0.46263451357794594,46.263451357794594
1654,14.344253534246748,14.444253534246746,0,,0.0,,0.0,,,0.0,0,0.0,0,0.0,0.0,0.0,0.0,0.0,0.0,0.0,RR,0.46263451357794594,46.263451357794594
1655,14.35293124358386,14.452931243583858,12,0.0022615459161414,3.5284565489452296e-06,2.521468261904762,36.29374039109689,117.07142857142856,,120.0,42,420.0,4,0.5,0.0,130.0,160.0,10.0,120.0,0.0,SJF,0.40971179361521637,40.971179361521635
1656,14.361608952920973,14.461608952920972,0,,0.0,,0.0,,,0.0,0,0.0,0,0.0,0.0,0.0,0.0,0.0,0.0,0.0,RR,0.46263451357794594,46.263451357794594
1657,14.370286662258083,14.470286662258085,4,0.0070878767419153,2.69580957198232e-07,1.6615832,7.8192055593712,120.0,,40.0,5,50.0,2,0.25,0.0,10.0,20.0,0.0,20.0,0.0,SJF,0.31549648581019296,31.549648581019298
1658,14.378964371595195,14.478964371595197,12,0.0042240429048029,5.8510016154083605e-06,0.7319763513513513,1.4002896619716232,118.08108108108108,,120.0,37,370.0,4,0.5,0.0,60.0,110.0,40.0,160.0,0.0,SJF,0.3950742908743124,39.50742908743124
1659,14.38764208093231,14.487642080932307,24,0.0035465548176905,5.278909776753344e-06,0.8710241,8.119218461643584,115.8875,,240.0,80,800.0,6,0.75,30.0,100.0,330.0,50.0,290.0,0.0,SJF,0.41903361075146656,41.903361075146655
1660,14.396319790269422,14.49631979026942,26,0.0046328723844247,9.039349411658166e-06,0.6322185384615384,0.8556985874340182,118.21153846153848,,260.0,52,520.0,4,0.5,0.0,50.0,140.0,50.0,280.0,0.0,SJF,0.41896542635042183,41.89654263504218
1661,14.404997499606534,14.504997499606532,27,0.0033435653193922,5.790787528796911e-06,1.4306523974358976,30.99433242372378,117.44871794871794,,270.0,78,780.0,6,0.75,0.0,110.0,210.0,80.0,380.0,0.0,SJF,0.4512000650461745,45.12000650461745
1662,14.413675208943646,14.513675208943646,10,0.0049086136563538,7.623433664424209e-06,0.9746387419354838,3.5390361077176635,116.5483870967742,,100.0,31,310.0,4,0.5,30.0,70.0,150.0,0.0,60.0,0.0,SJF,0.3572605643203,35.72605643203
1663,14.422352918280758,14.522352918280758,13,0.0028580096423187,6.194612815181075e-06,0.9032345128205128,1.9254166528500465,114.35897435897436,,130.0,39,390.0,4,0.5,10.0,70.0,190.0,10.0,110.0,0.0,SJF,0.4030651809775221,40.30651809775221
1664,14.43103062761787,14.53103062761787,11,0.0026100674730387,4.521836462207227e-06,1.228076258064516,3.444474191285532,118.51612903225806,,110.0,31,310.0,4,0.5,0.0,90.0,140.0,0.0,80.0,0.0,SJF,0.38066652140169,38.066652140169
1665,14.439708336954984,14.539708336954982,11,0.0027588259541085,4.605630533853002e-06,8.568079695652173,368.6708619101228,114.56521739130434,,110.0,23,230.0,6,0.75,0.0,30.0,90.0,20.0,90.0,0.0,SJF,0.4916231009325445,49.162310093254455
1666,14.448386046292097,14.548386046292094,4,0.0082869037079058,3.9044747061889215e-08,1.7412084,9.9608820669753,120.0,,40.0,5,50.0,3,0.375,0.0,20.0,20.0,0.0,10.0,0.0,SJF,0.3157657036087752,31.576570360877522
1667,14.457063755629209,14.557063755629208,9,0.0038511055930137,1.3410197586831242e-05,2.609658,25.512754594514067,117.8,,90.0,30,300.0,4,0.5,0.0,100.0,130.0,0.0,70.0,0.0,SJF,0.3697401999266621,36.974019992666214
1668,14.46574146496632,14.56574146496632,0,,0.0,,0.0,,,0.0,0,0.0,0,0.0,0.0,0.0,0.0,0.0,0.0,0.0,RR,0.46263451357794594,46.263451357794594
1669,14.474419174303431,14.574419174303433,12,0.0046517271965667,1.2950499804406968e-06,0.7648269642857143,0.9600435944145542,116.39285714285714,,120.0,28,280.0,4,0.5,0.0,80.0,110.0,10.0,80.0,0.0,SJF,0.3950742908743124,39.50742908743124
1670,14.483096883640544,14.583096883640543,10,0.002323032559455,9.075070626977816e-06,3.049246210526316,40.032527277415056,116.78947368421052,,100.0,19,190.0,4,0.5,0.0,40.0,80.0,10.0,60.0,0.0,SJF,0.3738751810467293,37.38751810467293
1671,14.491774592977658,14.591774592977655,5,0.0006297350223423,2.9381925809572466e-08,4.001744666666667,34.07044234512227,118.33333333333331,,50.0,6,60.0,2,0.25,0.0,10.0,20.0,0.0,30.0,0.0,SJF,0.3311178586948881,33.111785869488806
1672,14.50045230231477,14.60045230231477,15,0.0055480322185636,2.5669355891434228e-06,1.1891406666666666,7.7009149489130575,117.3,,150.0,30,300.0,4,0.5,0.0,40.0,80.0,30.0,150.0,0.0,SJF,0.40857778357727204,40.857778357727206
1673,14.509130011651882,14.609130011651882,9,0.0022714642370069,2.02929559464791e-06,10.274840266666668,1103.0670363223517,112.1,,90.0,30,300.0,5,0.625,10.0,50.0,110.0,20.0,110.0,0.0,SJF,0.5464458478029298,54.64458478029298
1674,14.517807720988994,14.617807720988994,4,0.0040197995110053,2.830956027163856e-06,2.2284085555555557,8.15180522292228,104.22222222222224,,40.0,9,90.0,2,0.25,10.0,10.0,50.0,0.0,20.0,0.0,SJF,0.31488610435436004,31.488610435436005
1675,14.526485430326106,14.626485430326106,19,0.0047851041475776,3.847337390343184e-06,1.0471145777777775,17.328676203874203,114.2,,190.0,45,450.0,4,0.5,10.0,50.0,110.0,50.0,230.0,0.0,SJF,0.4361252279961437,43.612522799614375
1676,14.53516313966322,14.635163139663218,22,0.0027822383367813,7.550048223988347e-06,0.5959016222222222,0.4475588263236496,118.97777777777776,,220.0,45,450.0,3,0.375,0.0,50.0,80.0,80.0,240.0,0.0,SJF,0.4183366181620626,41.83366181620626
1677,14.54384084900033,14.64384084900033,20,0.0022366713496693,2.5996538002949216e-06,0.6452784,2.3878683807695777,115.45454545454544,,200.0,55,550.0,3,0.375,10.0,10.0,170.0,50.0,310.0,0.0,SJF,0.41466816996714057,41.46681699671406
1678,14.552518558337445,14.652518558337444,12,0.0054202858292219,7.06856107616478e-06,1.366907344827586,14.87529837974216,116.79310344827586,,120.0,29,290.0,4,0.5,0.0,60.0,110.0,0.0,120.0,0.0,SJF,0.42302030990845735,42.302030990845736
1679,14.561196267674555,14.661196267674557,8,0.0016626848254428,1.622339469280776e-06,2.4663971739130437,34.28370600664978,112.8695652173913,,80.0,23,230.0,3,0.375,10.0,60.0,90.0,0.0,70.0,0.0,SJF,0.36987722788459865,36.98772278845986
1680,14.56987397701167,14.669873977011669,0,,0.0,,0.0,,,0.0,0,0.0,0,0.0,0.0,0.0,0.0,0.0,0.0,0.0,RR,0.46263451357794594,46.263451357794594
1681,14.57855168634878,14.67855168634878,12,0.0026365023178852,9.454058161202416e-07,1.853227722222222,28.047589800167174,118.08333333333331,,120.0,36,360.0,4,0.5,0.0,80.0,140.0,10.0,130.0,0.0,SJF,0.41380210657973293,41.380210657973294
1682,14.587229395685894,14.687229395685891,3,0.003193463314106,7.379381113836744e-06,7.49375,65.52302106436449,120.0,,30.0,5,50.0,2,0.25,0.0,10.0,30.0,0.0,10.0,0.0,SJF,0.3384828070142114,33.84828070142114
1683,14.595907105023006,14.695907105023004,0,,0.0,,0.0,,,0.0,0,0.0,0,0.0,0.0,0.0,0.0,0.0,0.0,0.0,RR,0.46263451357794594,46.263451357794594
1684,14.604584814360118,14.704584814360118,11,0.0030645170035181,1.6545793522070096e-06,1.5534860344827586,11.635226679031108,115.75862068965516,,110.0,29,290.0,4,0.5,0.0,90.0,90.0,20.0,90.0,0.0,SJF,0.3939231196138547,39.39231196138547
1685,14.61326252369723,14.71326252369723,6,0.00204908530277,1.3958298287849323e-06,2.0780242,13.0052723700026,118.53333333333332,,60.0,15,150.0,3,0.375,0.0,40.0,70.0,0.0,40.0,0.0,SJF,0.3339475990694639,33.39475990694639
1686,14.621940233034342,14.721940233034342,9,0.0045964858545466,3.2181063863963774e-06,1.0587087241379312,3.5931515510913496,116.79310344827586,,90.0,29,290.0,4,0.5,30.0,60.0,130.0,10.0,60.0,0.0,SJF,0.3503984142931253,35.03984142931253
1687,14.630617942371456,14.730617942371454,9,0.0034651364063233,5.814209307542895e-06,0.9175484827586208,1.7418425353209732,118.06896551724138,,90.0,29,290.0,4,0.5,0.0,100.0,120.0,0.0,70.0,0.0,SJF,0.3499472928853541,34.99472928853541
1688,14.639295651708569,14.739295651708568,13,0.0023044547529697,3.019234927962157e-06,11.647361083333331,1928.4389098587696,113.66666666666669,,130.0,36,360.0,6,0.75,0.0,50.0,140.0,40.0,130.0,0.0,SJF,0.5789659011284815,57.896590112848145
1689,14.64797336104568,14.74797336104568,7,0.003628872811462,1.8493468653436856e-05,4.548925272727272,54.05235369893381,117.27272727272728,,70.0,11,110.0,4,0.5,0.0,20.0,50.0,0.0,40.0,0.0,SJF,0.3487568953264795,34.875689532647954
1690,14.656651070382791,14.756651070382793,7,0.0039551144743499,4.641010431515771e-06,2.6619562400000003,124.50597114457186,118.24,,70.0,25,250.0,3,0.375,0.0,100.0,100.0,0.0,50.0,0.0,SJF,0.33849377490691673,33.84937749069167
1691,14.665328779719903,14.765328779719905,9,0.0027971868356502,5.313467489813753e-06,1.0262044166666666,1.7789168629416447,117.125,,90.0,24,240.0,3,0.375,0.0,60.0,110.0,0.0,70.0,0.0,SJF,0.3499472928853541,34.99472928853541
1692,14.674006489057016,14.774006489057015,4,0.0023952241929823,4.78158773583502e-08,6.581961666666667,60.295082058755874,116.33333333333331,,40.0,6,60.0,3,0.375,0.0,10.0,30.0,0.0,20.0,0.0,SJF,0.33692672606379803,33.6926726063798
1693,14.68268419839413,14.78268419839413,4,0.0045100406058704,1.5863632939863213e-06,1.4260644999999998,8.939101288657332,120.0,,40.0,16,160.0,2,0.25,0.0,60.0,60.0,0.0,40.0,0.0,SJF,0.3160529929753731,31.60529929753731
1694,14.691361907731242,14.79136190773124,7,0.0047102445544722,7.994872471451778e-07,1.5507906363636366,9.729610584926656,115.54545454545456,,70.0,11,110.0,2,0.25,0.0,10.0,40.0,10.0,50.0,0.0,SJF,0.32906327678127234,32.906327678127234
1695,14.700039617068354,14.800039617068354,7,0.003653033360217,8.68453587276825e-06,1.4235286500000002,2.900189129395292,116.75,,70.0,20,200.0,3,0.375,10.0,60.0,100.0,0.0,30.0,0.0,SJF,0.32179359727046275,32.179359727046275
1696,14.708717326405466,14.808717326405466,8,0.0038310662195339,5.1224992677761434e-08,1.0089658214285715,3.87956772408556,116.85714285714286,,80.0,28,280.0,4,0.5,0.0,90.0,110.0,0.0,80.0,0.0,SJF,0.3489143503863783,34.89143503863783
1697,14.717395035742578,14.817395035742578,8,0.0032182333824215,4.094046613808795e-06,3.497684590909091,34.519388054727585,117.0,,80.0,22,220.0,4,0.5,0.0,60.0,110.0,0.0,50.0,0.0,SJF,0.36987722788459865,36.98772278845986
1698,14.72607274507969,14.82607274507969,0,,0.0,,0.0,,,0.0,0,0.0,0,0.0,0.0,0.0,0.0,0.0,0.0,0.0,RR,0.46263451357794594,46.263451357794594
1699,14.734750454416805,14.834750454416804,5,0.0039174979831955,9.183892545418104e-07,2.860805384615385,29.79660193855626,120.0,,50.0,13,130.0,4,0.5,0.0,40.0,50.0,0.0,40.0,0.0,SJF,0.3299412944533448,32.99412944533448
1700,14.743428163753917,14.843428163753916,5,0.0007049244460834,1.6395477447953014e-07,13.37076614285714,507.3729166639875,119.71428571428572,,50.0,7,70.0,3,0.375,0.0,10.0,30.0,0.0,30.0,0.0,SJF,0.4799987356834488,47.99987356834488
1701,14.752105873091027,14.852105873091029,4,0.0076498631589712,2.731769442403245e-07,0.9407465555555556,1.5164100694305278,119.77777777777776,,40.0,9,90.0,3,0.375,0.0,20.0,50.0,0.0,20.0,0.0,SJF,0.30820371509443695,30.820371509443696
1702,14.76078358242814,14.86078358242814,12,0.0035645108218587,3.429277162809172e-06,0.7597043783783785,1.2928224530180197,117.48648648648648,,120.0,37,370.0,3,0.375,0.0,110.0,140.0,10.0,110.0,0.0,SJF,0.3950742908743124,39.50742908743124
1703,14.769461291765252,14.869461291765251,11,0.0034081862347463,1.5055410341941156e-06,3.4451343684210527,58.58838578920836,115.21052631578948,,110.0,19,190.0,3,0.375,0.0,20.0,80.0,10.0,80.0,0.0,SJF,0.40139634033653965,40.13963403365396
1704,14.778139001102366,14.878139001102364,0,,0.0,,0.0,,,0.0,0,0.0,0,0.0,0.0,0.0,0.0,0.0,0.0,0.0,RR,0.46263451357794594,46.263451357794594
1705,14.786816710439478,14.886816710439478,4,0.0029367343105222,2.542897735967677e-06,0.88740416,3.361911572352307,120.0,,40.0,25,250.0,2,0.25,0.0,100.0,100.0,0.0,50.0,0.0,SJF,0.30820371509443695,30.820371509443696
1706,14.79549441977659,14.89549441977659,4,0.0047859912234096,1.1377477811096153e-05,1.945067,12.722674933313996,119.71428571428572,,40.0,7,70.0,3,0.375,0.0,20.0,30.0,0.0,20.0,0.0,SJF,0.33512879595994455,33.512879595994455
1707,14.804172129113702,14.904172129113702,12,0.0032496316362976,6.599434970721821e-06,1.1790390000000002,2.2289600588844,114.5483870967742,,120.0,31,310.0,4,0.5,0.0,60.0,140.0,20.0,90.0,0.0,SJF,0.3950742908743124,39.50742908743124
1708,14.812849838450814,14.912849838450814,21,0.0045371250729951,6.557526784404723e-06,0.9783978732394368,16.04175961515557,113.67605633802818,,210.0,71,710.0,5,0.625,60.0,90.0,270.0,50.0,240.0,0.0,SJF,0.4610408031121727,46.104080311217274
1709,14.821527547787928,14.921527547787926,18,0.005813001989851,6.880511871248036e-06,0.8062745294117647,1.8462091456512264,117.23529411764706,,180.0,34,340.0,4,0.5,30.0,50.0,100.0,40.0,120.0,0.0,SJF,0.40460030818780496,40.460030818780496
1710,14.83020525712504,14.93020525712504,21,0.0021498042082926,4.043396782122563e-06,0.5015022428571428,1.4441899526909694,108.58571428571427,,210.0,70,700.0,4,0.5,110.0,70.0,280.0,50.0,190.0,0.0,SJF,0.4166224490944978,41.66224490944978
1711,14.838882966462153,14.938882966462153,18,0.0038072073156248,7.886475441254602e-06,0.4159927777777777,1.0043144694234996,104.44444444444444,,180.0,81,810.0,4,0.5,150.0,140.0,360.0,20.0,140.0,0.0,SJF,0.40460030818780496,40.460030818780496
1712,14.847560675799263,14.947560675799265,46,0.0042967844181261,7.586434809273894e-06,0.7004866753246753,18.17193140086203,100.73376623376625,,460.0,154,1540.0,6,0.75,350.0,100.0,220.0,430.0,440.0,0.0,SJF,0.46252839085322717,46.25283908532272
1713,14.856238385136376,14.956238385136375,21,0.0012812492921943,1.5738421196291296e-06,0.9017822682926828,3.3757513982516025,116.29268292682929,,210.0,41,410.0,4,0.5,20.0,60.0,100.0,50.0,180.0,0.0,SJF,0.4166224490944978,41.66224490944978
1714,14.86491609447349,14.96491609447349,22,0.0025137008901466,3.874281119964252e-06,0.9054745277777776,14.112501909950565,113.43055555555556,,220.0,72,720.0,4,0.5,10.0,140.0,300.0,0.0,270.0,0.0,SJF,0.46990827339679586,46.99082733967958
1715,14.873593803810602,14.9735938038106,11,0.0045830274621255,1.0452242069597238e-05,1.878219555555556,35.463181238618645,113.14814814814817,,110.0,27,270.0,4,0.5,0.0,50.0,130.0,0.0,80.0,10.0,SJF,0.39726245632053425,39.72624563205343
1716,14.882271513147714,14.982271513147714,9,0.0022262705189527,6.568386913984589e-06,1.2881770909090908,4.007896472207134,115.27272727272728,,90.0,22,220.0,3,0.375,0.0,60.0,100.0,0.0,60.0,0.0,SJF,0.3503167261881977,35.03167261881977
1717,14.890949222484826,14.990949222484826,10,0.0037619538151739,1.310418186553584e-05,0.4729268823529412,0.8708919149918259,116.80392156862744,,100.0,51,510.0,3,0.375,10.0,140.0,220.0,0.0,140.0,0.0,SJF,0.3568094429125288,35.68094429125288
1718,14.899626931821938,14.999626931821938,21,0.0032110831780615,6.571958600076586e-06,12.110668103448274,5321.187450805021,111.60344827586206,,210.0,58,580.0,6,0.75,20.0,50.0,210.0,60.0,240.0,0.0,SJF,0.6195657675985268,61.95657675985268
1719,14.90830464115905,15.00830464115905,11,0.0057222186591311,3.959538011013192e-06,0.6023206296296296,1.2373728901551655,111.66666666666669,,110.0,27,270.0,3,0.375,20.0,30.0,150.0,0.0,70.0,0.0,SJF,0.3802153999939187,38.02153999939187
1720,14.916982350496164,15.016982350496162,11,0.0025605509583827,9.169416791940768e-06,14.670477416666667,6686.62678554091,112.80555555555556,,110.0,36,360.0,4,0.5,10.0,80.0,150.0,10.0,110.0,0.0,SJF,0.5630991347593703,56.30991347593704
1721,14.925660059833277,15.025660059833276,13,0.0050997660898,3.496177344692436e-06,1.3354235263157894,17.295079856592363,106.63157894736842,,130.0,38,380.0,3,0.375,60.0,40.0,180.0,0.0,100.0,0.0,SJF,0.4045377011640601,40.45377011640601
1722,14.934337769170387,15.034337769170389,3,0.0032481624962776,7.397535115282605e-06,0.880996125,2.510151084490697,120.0,,30.0,8,80.0,1,0.125,0.0,30.0,30.0,0.0,20.0,0.0,SJF,0.30820371509443695,30.820371509443696
1723,14.9430154785075,15.0430154785075,4,0.0015007657424987,7.997518993699413e-06,0.6738570555555555,1.4152564617495846,119.88888888888889,,40.0,18,180.0,2,0.25,0.0,60.0,70.0,0.0,50.0,0.0,SJF,0.30820371509443695,30.820371509443696
1724,14.951693187844612,15.051693187844611,9,0.0032332415998311,7.147068954672661e-06,0.564500875,0.960591016312239,113.91666666666669,,90.0,48,480.0,3,0.375,100.0,50.0,170.0,70.0,90.0,0.0,SJF,0.3499472928853541,34.99472928853541
1725,14.960370897181726,15.060370897181723,15,0.0058571700182743,1.1551959447881212e-05,0.407116111111111,1.3421440908104774,116.70370370370372,,150.0,54,540.0,3,0.375,0.0,80.0,100.0,130.0,230.0,0.0,SJF,0.4021799205030373,40.21799205030373
1726,14.969048606518838,15.069048606518836,14,0.002552764052591,7.630680105981049e-06,1.1036555833333332,8.084376041046418,113.89583333333331,,140.0,48,480.0,3,0.375,10.0,90.0,180.0,30.0,170.0,0.0,SJF,0.40779946849840365,40.779946849840364
1727,14.97772631585595,15.07772631585595,4,0.0069064776440503,8.818444862407047e-07,1.95575525,9.493857882729642,99.5,,40.0,8,80.0,2,0.25,10.0,20.0,40.0,0.0,10.0,0.0,SJF,0.31638775540183345,31.638775540183346
1728,14.986404025193062,15.086404025193062,9,0.0058962061402713,4.451969839586298e-07,0.57069792,1.2749451097482432,113.44,,90.0,25,250.0,3,0.375,10.0,70.0,110.0,0.0,60.0,0.0,SJF,0.3499472928853541,34.99472928853541
1729,14.995081734530174,15.095081734530174,7,0.0019277384698257,3.904039952270296e-06,1.4742953529411766,6.607071297985493,111.6470588235294,,70.0,17,170.0,3,0.375,10.0,50.0,70.0,0.0,40.0,0.0,SJF,0.3300938301958777,33.009383019587766
1730,15.003759443867288,15.103759443867286,13,0.0023088435942518,2.052020894447863e-06,1.5552468260869563,5.909291408358604,116.34782608695652,,130.0,23,230.0,4,0.5,0.0,50.0,90.0,10.0,80.0,0.0,SJF,0.40494233035433974,40.49423303543397
1731,15.0124371532044,15.112437153204398,11,0.0031948483410556,5.162578516953583e-06,1.2769468275862068,6.610980264277219,115.72413793103448,,110.0,29,290.0,4,0.5,10.0,40.0,140.0,0.0,100.0,0.0,SJF,0.38789170781636223,38.78917078163622
1732,15.021114862541513,15.121114862541512,11,0.0032807848221237,4.685011478338789e-06,9.66641626923077,1914.3583684463576,117.84615384615384,,110.0,26,260.0,4,0.5,10.0,80.0,120.0,0.0,50.0,0.0,SJF,0.5608525386881699,56.085253868816984
1733,15.029792571878623,15.129792571878625,13,0.0044806433521443,5.882988219447442e-06,0.5578174761904762,0.9532736924426456,113.88095238095238,,130.0,42,420.0,3,0.375,40.0,80.0,190.0,10.0,100.0,0.0,SJF,0.4030651809775221,40.30651809775221
1734,15.038470281215735,15.138470281215737,8,0.0028637299092628,3.840160435990682e-06,0.923181375,3.273550507946767,117.25,,80.0,24,240.0,3,0.375,0.0,90.0,80.0,0.0,70.0,0.0,SJF,0.3485449170835346,34.85449170835346
1735,15.04714799055285,15.147147990552847,10,0.0006103993471507,4.65174704845046e-07,1.8089844285714285,17.275206595742404,119.21428571428572,,100.0,28,280.0,3,0.375,0.0,40.0,90.0,20.0,130.0,0.0,SJF,0.37261564920134604,37.2615649201346
1736,15.055825699889962,15.15582569988996,2,0.0003551796100387,8.986680124776692e-10,2.2673045,14.480382420303,120.0,,20.0,4,40.0,1,0.125,0.0,20.0,20.0,0.0,0.0,0.0,SJF,0.3429366806694852,34.29366806694852
1737,15.064503409227074,15.164503409227072,5,0.0032615327729264,1.1134020200336596e-05,2.496312533333333,23.9320007932827,119.86666666666666,,50.0,15,150.0,3,0.375,0.0,50.0,60.0,0.0,40.0,0.0,SJF,0.34556419196307503,34.5564191963075
1738,15.073181118564186,15.173181118564186,5,0.0019654068358139,4.404869570430285e-06,0.942908,2.829250357909529,119.55555555555556,,50.0,18,180.0,2,0.25,0.0,50.0,70.0,0.0,60.0,0.0,SJF,0.30820371509443695,30.820371509443696
1739,15.081858827901298,15.181858827901298,7,0.0038402735272732,4.776045197188719e-06,1.3154618,3.416654144898171,117.06666666666666,,70.0,15,150.0,3,0.375,10.0,50.0,70.0,0.0,20.0,0.0,SJF,0.32224471867823395,32.2244718678234
1740,15.09053653723841,15.19053653723841,7,0.0020207114758752,1.1082289761637373e-06,0.8854860999999999,5.480339622191474,119.26666666666668,,70.0,30,300.0,3,0.375,0.0,100.0,110.0,0.0,90.0,0.0,SJF,0.3221028970257528,32.21028970257528
1741,15.099214246575524,15.199214246575522,13,0.0039675104244774,4.436753234818776e-06,0.6968027419354839,0.7939101422271314,115.80645161290325,,130.0,31,310.0,3,0.375,0.0,60.0,110.0,20.0,120.0,0.0,SJF,0.4030651809775221,40.30651809775221
1742,15.107891955912637,15.207891955912636,5,0.0008881630873638,3.2136173587232405e-06,7.067792875,113.14328539542612,117.25,,50.0,8,80.0,3,0.375,0.0,20.0,40.0,0.0,20.0,0.0,SJF,0.3455389028822083,34.55389028822083
1743,15.116569665249749,15.216569665249748,4,0.0024373080002511,5.57051227110759e-06,0.672423923076923,0.8193639319467434,120.0,,40.0,13,130.0,1,0.125,0.0,40.0,50.0,0.0,40.0,0.0,SJF,0.30820371509443695,30.820371509443696
1744,15.12524737458686,15.22524737458686,4,0.0011263306631392,1.0943560826575883e-06,1.418024846153846,8.871379224640142,118.3076923076923,,40.0,13,130.0,2,0.25,0.0,40.0,50.0,0.0,40.0,0.0,SJF,0.3160529929753731,31.60529929753731
1745,15.133925083923971,15.233925083923973,9,0.0027173059649155,3.674607636601567e-06,1.1497318,4.8253486648319575,114.3,,90.0,20,200.0,3,0.375,0.0,40.0,80.0,20.0,60.0,0.0,SJF,0.3502793368364141,35.02793368364141
1746,15.142602793261084,15.242602793261083,7,0.001209098310343,8.686443516445448e-07,1.258415965517241,8.533851528474749,118.82758620689656,,70.0,29,290.0,3,0.375,0.0,80.0,120.0,0.0,90.0,0.0,SJF,0.32783344827616046,32.78334482761605
1747,15.151280502598198,15.251280502598195,6,0.0017085280684693,5.8774753116861085e-06,1.4586789090909091,7.593992499758092,118.0,,60.0,11,110.0,2,0.25,0.0,30.0,50.0,0.0,30.0,0.0,SJF,0.3175150300505598,31.75150300505598
1748,15.15995821193531,15.25995821193531,10,0.00264605316469,3.2855149096322583e-06,2.027691,9.168357522386351,115.05555555555556,,100.0,18,180.0,3,0.375,0.0,30.0,70.0,10.0,70.0,0.0,SJF,0.36421606353523706,36.42160635352371
1749,15.168635921272422,15.268635921272422,9,0.0051112661720225,8.572959730019763e-07,2.03830416,34.215306446793385,117.96,,90.0,25,250.0,3,0.375,0.0,60.0,90.0,10.0,90.0,0.0,SJF,0.370063833508245,37.0063833508245
1750,15.177313630609534,15.277313630609534,3,0.0008061553904656,3.105183710993844e-09,1.4211562,8.4296948546444,120.0,,30.0,10,100.0,1,0.125,0.0,40.0,40.0,0.0,20.0,0.0,SJF,0.31457876851415123,31.457876851415122
1751,15.185991339946646,15.285991339946646,5,0.0063467582533533,5.6013071047546e-09,1.0240365,3.185348391168286,117.25,,50.0,8,80.0,2,0.25,0.0,30.0,40.0,0.0,10.0,0.0,SJF,0.30820371509443695,30.820371509443696
1752,15.19466904928376,15.294669049283758,7,0.0033360117162413,4.926283581590886e-06,0.7847098214285715,1.898517185371189,118.42857142857144,,70.0,28,280.0,3,0.375,0.0,100.0,110.0,0.0,70.0,0.0,SJF,0.32179359727046275,32.179359727046275
1753,15.203346758620873,15.303346758620872,7,0.0023534289505559,1.2186423145503144e-06,1.7449754705882352,12.67688994484264,113.58823529411764,,70.0,17,170.0,3,0.375,0.0,40.0,70.0,10.0,50.0,0.0,SJF,0.34441053564038593,34.44105356403859
1754,15.212024467957985,15.312024467957984,7,0.001885838613444,9.95812084494843e-06,1.977421863636364,13.901314217676692,116.9090909090909,,70.0,22,220.0,3,0.375,0.0,50.0,110.0,0.0,60.0,0.0,SJF,0.34675722913884177,34.67572291388418
1755,15.220702177295095,15.320702177295097,4,0.0041176347049036,2.362394374361922e-06,0.31573956,0.3500704851324234,120.0,,40.0,25,250.0,1,0.125,0.0,80.0,90.0,0.0,80.0,0.0,SJF,0.30820371509443695,30.820371509443696
1756,15.22937988663221,15.329379886632209,7,0.0030654347963621,1.0413116677917577e-06,0.9269983,2.873917976545389,117.8,,70.0,30,300.0,3,0.375,30.0,80.0,150.0,0.0,40.0,0.0,SJF,0.32179359727046275,32.179359727046275
1757,15.23805759596932,15.33805759596932,12,0.002856443197345,1.6667615093776851e-06,0.831905375,2.8080078182935484,110.20833333333331,,120.0,24,240.0,3,0.375,10.0,50.0,100.0,10.0,70.0,0.0,SJF,0.3950742908743124,39.50742908743124
1758,15.246735305306434,15.346735305306431,8,0.0012809581935664,3.507181762333368e-09,5.019648416666667,386.8728137574311,118.58333333333331,,80.0,24,240.0,4,0.5,0.0,80.0,90.0,0.0,70.0,0.0,SJF,0.4087459974133687,40.87459974133687
1759,15.255413014643546,15.355413014643544,11,0.0019109423564539,6.638521259935276e-06,1.4647302857142857,8.474688306729767,117.92857142857144,,110.0,28,280.0,3,0.375,0.0,80.0,120.0,10.0,70.0,0.0,SJF,0.3857408574008591,38.57408574008591
1760,15.264090723980658,15.364090723980658,8,0.0056726620193416,4.424668641146991e-06,1.4373924,4.404749657442543,118.4,,80.0,15,150.0,3,0.375,0.0,30.0,70.0,0.0,50.0,0.0,SJF,0.34921049213093797,34.921049213093795
1761,15.27276843331777,15.37276843331777,8,0.0031766063072296,3.160048778138439e-06,0.7140088529411764,2.0596640389872203,114.52941176470588,,80.0,34,340.0,3,0.375,10.0,110.0,130.0,10.0,80.0,0.0,SJF,0.3485449170835346,34.85449170835346
1762,15.281446142654882,15.381446142654882,9,0.004106634900673,3.7671978275059607e-06,1.2765686470588236,3.0063581418599927,109.88235294117646,,90.0,17,170.0,3,0.375,10.0,30.0,80.0,0.0,50.0,0.0,SJF,0.3499472928853541,34.99472928853541
1763,15.290123851991996,15.390123851991994,8,0.0040109337580052,5.436235094429783e-06,1.3481452777777778,2.703642997885624,117.0,,80.0,18,180.0,3,0.375,10.0,50.0,80.0,0.0,40.0,0.0,SJF,0.3485449170835346,34.85449170835346
1764,15.298801561329109,15.398801561329108,15,0.002270887537558,2.810574946538013e-06,0.5535178913043478,1.2832931243718768,113.2391304347826,,150.0,46,460.0,3,0.375,10.0,100.0,170.0,30.0,150.0,0.0,SJF,0.4021799205030373,40.21799205030373
1765,15.30747927066622,15.40747927066622,12,0.0032421947504458,9.002836832108372e-06,2.401637260869565,25.740809750578748,110.7391304347826,,120.0,23,230.0,3,0.375,10.0,20.0,100.0,10.0,90.0,0.0,SJF,0.4045933638366255,40.459336383662546
1766,15.316156980003331,15.416156980003333,3,0.0049588996633331,3.45163439408324e-06,2.5673695,9.734400812588335,120.0,,30.0,4,40.0,2,0.25,0.0,10.0,20.0,0.0,10.0,0.0,SJF,0.31586213280922854,31.586213280922852
1767,15.324834689340443,15.424834689340445,4,0.001992934909555,4.845687926924317e-09,0.7281486818181818,2.0445916594523226,120.0,,40.0,22,220.0,2,0.25,0.0,80.0,80.0,0.0,60.0,0.0,SJF,0.30820371509443695,30.820371509443696
1768,15.333512398677556,15.433512398677555,5,0.0018708869224422,2.872495069330093e-06,3.217903625,14.777678647639409,117.25,,50.0,8,80.0,3,0.375,0.0,10.0,40.0,0.0,30.0,0.0,SJF,0.3461728394015433,34.61728394015433
1769,15.34219010801467,15.44219010801467,11,0.004016590712603,5.528156017921147e-06,1.422148,9.243454679448858,115.65517241379312,,110.0,29,290.0,4,0.5,10.0,50.0,150.0,0.0,80.0,0.0,SJF,0.3872116322570001,38.72116322570001
1770,15.350867817351782,15.45086781735178,17,0.0045208501188062,1.0923558872569046e-05,0.6903099344262295,6.327955617140694,116.11475409836063,,170.0,61,610.0,4,0.5,10.0,140.0,240.0,10.0,210.0,0.0,SJF,0.4111897105178802,41.11897105178802
1771,15.359545526688894,15.459545526688894,8,0.0024941940611058,4.841165054917454e-06,3.135916733333333,22.643157384584786,117.73333333333332,,80.0,15,150.0,3,0.375,0.0,40.0,70.0,0.0,40.0,0.0,SJF,0.381253652735917,38.1253652735917
1772,15.368223236026006,15.468223236026006,5,0.0083455809739938,3.714538422079888e-08,0.2273869999999999,0.1574215311644,116.33333333333331,,50.0,6,60.0,2,0.25,0.0,30.0,20.0,0.0,10.0,0.0,SJF,0.30820371509443695,30.820371509443696
1773,15.376900945363118,15.476900945363118,17,0.0030196277545286,8.258827472594091e-06,1.2951003148148148,15.510202091373088,118.22222222222224,,170.0,54,540.0,4,0.5,0.0,140.0,220.0,10.0,170.0,0.0,SJF,0.45076059705104093,45.07605970510409
1774,15.38557865470023,15.48557865470023,9,0.0055598174108805,5.1860024417864725e-06,2.0642903125,15.082388396670094,117.8125,,90.0,16,160.0,3,0.375,0.0,40.0,70.0,0.0,50.0,0.0,SJF,0.388125857429085,38.8125857429085
1775,15.394256364037345,15.494256364037344,3,0.0045396716293222,1.3879290889166432e-05,1.4718055555555556,9.934708019062777,120.0,,30.0,9,90.0,2,0.25,0.0,30.0,40.0,0.0,20.0,0.0,SJF,0.3157657036087752,31.576570360877522
1776,15.402934073374457,15.502934073374457,18,0.0050568464588764,6.700892797262968e-06,0.4081330563380282,0.4741813396405395,116.04225352112675,,180.0,71,710.0,5,0.625,70.0,140.0,250.0,70.0,180.0,0.0,SJF,0.40460030818780496,40.460030818780496
1777,15.411611782711567,15.511611782711569,34,0.0043277287001958,1.0016308980106009e-05,0.4097807105263158,2.4958027263351115,117.70175438596492,,340.0,114,1140.0,5,0.625,40.0,120.0,390.0,90.0,500.0,0.0,SJF,0.4101975684967375,41.01975684967375
1778,15.42028949204868,15.52028949204868,44,0.002082187474046,4.420955163848897e-06,0.7247741249999999,8.469521909932517,119.375,,440.0,104,1040.0,5,0.625,10.0,80.0,370.0,90.0,490.0,0.0,SJF,0.4143556695412112,41.43556695412112
1779,15.428967201385792,15.528967201385791,18,0.0048405790586509,7.918980788974912e-06,0.4052741228070176,0.5447493162719669,116.43859649122808,,180.0,57,570.0,4,0.5,20.0,130.0,200.0,30.0,190.0,0.0,SJF,0.40460030818780496,40.460030818780496
1780,15.437644910722906,15.537644910722904,33,0.0043114530649729,7.433728921830819e-06,0.1742523144329897,0.1912569901167658,91.43298969072166,,330.0,194,1940.0,4,0.5,660.0,60.0,470.0,440.0,310.0,0.0,SJF,0.4101975684967375,41.01975684967375
1781,15.446322620060018,15.546322620060018,23,0.0035674893747647,7.20703336910086e-06,0.7837842954545454,2.5589121780711896,111.27272727272728,,230.0,44,440.0,6,0.75,20.0,70.0,180.0,10.0,160.0,0.0,SJF,0.41346947201252326,41.34694720125233
1782,15.45500032939713,15.55500032939713,27,0.0014752046769439,3.072203545677104e-06,1.7317337575757574,59.85815223873821,115.1060606060606,,270.0,66,660.0,6,0.75,30.0,100.0,300.0,10.0,220.0,0.0,SJF,0.456934361078017,45.6934361078017
1783,15.463678038734242,15.563678038734242,25,0.0029699405457576,1.0114640287059651e-05,1.9101282962962964,51.91945952336995,113.12962962962963,,250.0,54,540.0,4,0.5,10.0,80.0,230.0,20.0,190.0,10.0,SJF,0.44958702243053755,44.95870224305376
1784,15.472355748071354,15.572355748071354,12,0.0046669498453121,1.1294666917629068e-05,37.00765863636363,28632.87717897385,113.63636363636364,,120.0,22,220.0,3,0.375,0.0,60.0,90.0,0.0,70.0,0.0,SJF,0.5926951199671471,59.269511996714705
1785,15.481033457408468,15.581033457408468,6,0.0026417537581983,5.495157486401516e-06,0.7484753636363636,1.586778070794052,118.0,,60.0,22,220.0,2,0.25,0.0,80.0,70.0,10.0,60.0,0.0,SJF,0.3101566295543631,31.01566295543631
1786,15.48971116674558,15.58971116674558,8,0.0026305266294193,4.678429730103099e-06,0.8971568823529411,3.3716621530439856,110.3529411764706,,80.0,17,170.0,2,0.25,10.0,50.0,60.0,10.0,40.0,0.0,SJF,0.3485449170835346,34.85449170835346
1787,15.498388876082691,15.598388876082693,13,0.005337303840384,9.416883571439309e-06,0.6808611333333334,1.2369827713217747,107.66666666666669,,130.0,30,300.0,3,0.375,20.0,60.0,110.0,30.0,80.0,0.0,SJF,0.4030651809775221,40.30651809775221
1788,15.507066585419803,15.607066585419805,20,0.0025773589801947,5.880487839203516e-06,1.094434159090909,5.487450660755858,119.8409090909091,,200.0,44,440.0,4,0.5,0.0,60.0,170.0,30.0,180.0,0.0,SJF,0.41189738021924305,41.189738021924306
1789,15.515744294756916,15.615744294756915,11,0.0026442265158099,6.645383497213448e-06,2.2845449736842105,52.01372218738458,104.94736842105264,,110.0,38,380.0,4,0.5,70.0,30.0,190.0,0.0,90.0,0.0,SJF,0.4038389901050955,40.38389901050955
1790,15.52442200409403,15.62442200409403,7,0.0052611000488277,1.7714314112379182e-06,0.9915410588235294,13.071696898703932,115.0,,70.0,34,340.0,3,0.375,60.0,80.0,170.0,0.0,30.0,0.0,SJF,0.3450563570591971,34.505635705919715
1791,15.533099713431142,15.63309971343114,9,0.0027497133466357,3.2511316575278244e-06,0.80182615625,3.0302668193567825,116.4375,,90.0,32,320.0,3,0.375,10.0,100.0,150.0,0.0,60.0,0.0,SJF,0.3499472928853541,34.99472928853541
1792,15.541777422768254,15.641777422768254,12,0.0034686518984126,5.0812793187533305e-06,0.7527022352941176,3.407341718029276,116.91176470588236,,120.0,34,340.0,3,0.375,90.0,50.0,150.0,0.0,50.0,0.0,SJF,0.39552541228208377,39.552541228208376
1793,15.550455132105366,15.650455132105366,19,0.0034138833156866,3.302298482298188e-06,1.8318114390243905,34.80066006018709,114.14634146341464,,190.0,41,410.0,5,0.625,0.0,50.0,140.0,20.0,200.0,0.0,SJF,0.43727053469783705,43.727053469783705
1794,15.559132841442478,15.659132841442478,7,0.0011594665575214,2.5479677162641817e-06,41.73524304761905,34477.519719795295,113.14285714285714,,70.0,21,210.0,3,0.375,10.0,50.0,100.0,0.0,50.0,0.0,SJF,0.5063589074541134,50.63589074541134
1795,15.56781055077959,15.66781055077959,4,0.002937073220409,1.033503140570747e-05,1.7280366,4.131547789988712,105.8,,40.0,10,100.0,2,0.25,10.0,20.0,50.0,0.0,20.0,0.0,SJF,0.30857314839728056,30.857314839728055
1796,15.576488260116705,15.676488260116704,14,0.005302730811867,1.3010091278475254e-06,2.4911422068965514,81.43878545735075,112.58620689655172,,140.0,29,290.0,4,0.5,10.0,70.0,120.0,10.0,80.0,0.0,SJF,0.4126307815551335,41.26307815551335
1797,15.585165969453817,15.685165969453816,12,0.0046105739628501,6.478991535883744e-06,1.5163486071428574,12.46276040735958,118.78571428571428,,120.0,28,280.0,3,0.375,0.0,90.0,100.0,0.0,90.0,0.0,SJF,0.41962098410053483,41.962098410053486
1798,15.593843678790927,15.693843678790929,3,0.0046726522090712,3.08625854758777e-08,1.4458124,5.3544872537188,120.0,,30.0,5,50.0,1,0.125,0.0,20.0,20.0,0.0,10.0,0.0,SJF,0.3084454823339808,30.84454823339808
1799,15.60252138812804,15.70252138812804,8,0.0031901226219586,2.1636333208180547e-07,0.6655699428571429,2.280066815111585,110.65714285714286,,80.0,35,350.0,3,0.375,20.0,90.0,130.0,10.0,100.0,0.0,SJF,0.3485449170835346,34.85449170835346
1800,15.611199097465152,15.711199097465151,7,0.0022832999634181,5.7721364266355e-06,2.527268875,18.767930835319586,117.875,,70.0,16,160.0,3,0.375,0.0,50.0,70.0,0.0,40.0,0.0,SJF,0.3583932527322653,35.83932527322653
1801,15.619876806802266,15.719876806802263,3,0.0039725621977346,6.247534582923913e-08,2.5224653333333333,13.494562082342668,119.66666666666669,,30.0,6,60.0,2,0.25,0.0,20.0,30.0,0.0,10.0,0.0,SJF,0.33307887887290055,33.30788788729006
1802,15.628554516139378,15.728554516139376,12,0.0036339934439554,2.236678837135648e-06,1.8025868,24.440082728049887,116.3,,120.0,30,300.0,4,0.5,0.0,70.0,100.0,30.0,100.0,0.0,SJF,0.41689691975100523,41.68969197510052
1803,15.63723222547649,15.73723222547649,8,0.00222895352351,5.31080174125287e-06,0.585960027027027,1.7802102722504156,114.97297297297295,,80.0,37,370.0,2,0.25,40.0,100.0,150.0,20.0,60.0,0.0,SJF,0.3485449170835346,34.85449170835346
1804,15.645909934813602,15.745909934813602,15,0.0053694097197314,2.5218967154495157e-06,6.956628576923076,532.5849920687227,111.26923076923076,,150.0,26,260.0,4,0.5,10.0,40.0,90.0,30.0,90.0,0.0,SJF,0.4412606330846068,44.12606330846068
1805,15.654587644150714,15.754587644150714,6,0.0027091031826188,6.537376288580723e-06,0.6273477692307693,2.628219882460105,112.84615384615384,,60.0,26,260.0,2,0.25,10.0,80.0,90.0,10.0,70.0,0.0,SJF,0.3101566295543631,31.01566295543631
1806,15.663265353487828,15.763265353487826,7,0.0008887549407448,5.229597644820382e-08,1.3842100833333335,9.455453119895356,116.16666666666669,,70.0,12,120.0,2,0.25,0.0,40.0,50.0,0.0,30.0,0.0,SJF,0.32958889937387714,32.95888993738772
1807,15.67194306282494,15.77194306282494,4,0.0020360326750594,9.661361003470794e-06,2.7602812,25.73196744935529,103.8,,40.0,10,100.0,2,0.25,0.0,20.0,60.0,0.0,20.0,0.0,SJF,0.31804943745291403,31.804943745291403
1808,15.680620772162053,15.780620772162052,6,0.0051107666712807,3.801426497898588e-06,0.5587525238095238,1.9342592174125608,120.0,,60.0,21,210.0,2,0.25,0.0,70.0,70.0,10.0,60.0,0.0,SJF,0.3101566295543631,31.01566295543631
1809,15.689298481499163,15.789298481499165,5,0.0025799187008352,1.0030615076766795e-05,1.429151294117647,6.960496118715347,111.58823529411764,,50.0,17,170.0,2,0.25,10.0,40.0,70.0,0.0,50.0,0.0,SJF,0.31605790557247543,31.60579055724754
1810,15.697976190836275,15.797976190836277,4,0.0064718239137229,1.2446142319181865e-07,1.5843836666666666,3.5967432735566662,110.5,,40.0,6,60.0,2,0.25,0.0,10.0,20.0,10.0,20.0,0.0,SJF,0.30865483650220815,30.865483650220817
1811,15.70665390017339,15.806653900173387,7,0.0030149181123249,1.3740976534670251e-06,0.4667552,0.748261934413131,115.0,,70.0,30,300.0,2,0.25,10.0,80.0,100.0,10.0,100.0,0.0,SJF,0.32179359727046275,32.179359727046275
1812,15.715331609510502,15.8153316095105,9,0.002177990822832,2.135473548874254e-06,2.3224974,42.27897845919373,117.85,,90.0,20,200.0,3,0.375,0.0,20.0,80.0,10.0,90.0,0.0,SJF,0.370063833508245,37.0063833508245
1813,15.724009318847614,15.824009318847612,6,0.0012069249857195,1.912619330388517e-06,2.181723454545455,10.669715402774877,119.8181818181818,,60.0,11,110.0,2,0.25,0.0,30.0,50.0,0.0,30.0,0.0,SJF,0.32460942382211755,32.460942382211755
1814,15.732687028184726,15.832687028184726,5,0.0042314344152742,6.502884361662725e-07,0.4467116363636363,0.5033695889850043,113.54545454545456,,50.0,22,220.0,2,0.25,10.0,70.0,80.0,0.0,60.0,0.0,SJF,0.30820371509443695,30.820371509443696
1815,15.741364737521838,15.841364737521838,16,0.0043944457281619,9.251723957657716e-06,1.1497664838709678,8.456327738747524,117.29032258064515,,160.0,31,310.0,3,0.375,0.0,50.0,120.0,20.0,120.0,0.0,SJF,0.4176569297023853,41.76569297023853
1816,15.75004244685895,15.85004244685895,15,0.0025879670743827,2.228002488573951e-06,0.544024,1.164964778279333,113.1304347826087,,150.0,46,460.0,3,0.375,80.0,80.0,230.0,10.0,60.0,0.0,SJF,0.4021799205030373,40.21799205030373
1817,15.758720156196064,15.858720156196062,12,0.0026149981372708,3.836032893359896e-06,0.7799442142857144,1.8799002538620253,119.23809523809524,,120.0,42,420.0,4,0.5,60.0,90.0,160.0,20.0,90.0,0.0,SJF,0.3950742908743124,39.50742908743124
1818,15.767397865533177,15.867397865533176,13,0.0029817035437467,7.2779586536147006e-06,1.1260877714285715,4.548449166691828,123.08571428571427,,130.0,35,350.0,4,0.5,40.0,40.0,160.0,0.0,110.0,0.0,SJF,0.4028174983973431,40.28174983973431
1819,15.776075574870289,15.876075574870288,9,0.0046583655741553,8.636237764970501e-06,1.2493229166666666,5.855476652313036,112.41666666666669,,90.0,24,240.0,4,0.5,20.0,20.0,140.0,10.0,50.0,0.0,SJF,0.3507113939463211,35.07113939463211
1820,15.7847532842074,15.8847532842074,16,0.0025830801050991,2.1534497528241995e-06,0.5015820277777778,0.9271028948002248,116.625,,160.0,72,720.0,4,0.5,60.0,150.0,320.0,10.0,180.0,0.0,SJF,0.40822418707477015,40.82241870747701
1821,15.793430993544511,15.893430993544513,18,0.0030329905110425,2.3731921227855066e-06,1.500001232558139,24.612016286738328,112.51162790697674,,180.0,43,430.0,4,0.5,20.0,70.0,170.0,50.0,120.0,0.0,SJF,0.44273176213430504,44.2731762134305
1822,15.802108702881624,15.902108702881623,9,0.0029415977850412,7.225223667122047e-06,0.8886595263157894,1.5906097355283744,108.42105263157896,,90.0,19,190.0,2,0.25,10.0,30.0,90.0,0.0,60.0,0.0,SJF,0.3499472928853541,34.99472928853541
1823,15.810786412218738,15.910786412218735,9,0.0020143340034848,4.035312100363865e-06,0.4526984864864865,0.8137352620589235,117.51351351351352,,90.0,37,370.0,2,0.25,0.0,110.0,140.0,10.0,110.0,0.0,SJF,0.3499472928853541,34.99472928853541
1824,15.81946412155585,15.91946412155585,15,0.0028470354441502,1.0143984638211026e-05,1.6346938775510207,35.38975044798348,113.14285714285714,,150.0,49,490.0,4,0.5,70.0,90.0,260.0,0.0,70.0,0.0,SJF,0.42917692686973175,42.917692686973176
1825,15.828141830892962,15.928141830892962,5,0.0021357669070379,7.817260591542338e-06,1.0515848095238094,3.886140670434861,109.33333333333331,,50.0,21,210.0,2,0.25,30.0,30.0,130.0,0.0,20.0,0.0,SJF,0.30857314839728056,30.857314839728055
1826,15.836819540230074,15.936819540230074,9,0.0046360786588144,4.0552785707425005e-06,0.3765658913043478,0.5495173477568102,115.95652173913044,,90.0,46,460.0,2,0.25,40.0,130.0,170.0,30.0,90.0,0.0,SJF,0.3499472928853541,34.99472928853541
1827,15.845497249567186,15.945497249567186,7,0.0031421417185278,2.1589354057079016e-06,2.138513272727273,10.361289355702816,116.9090909090909,,70.0,11,110.0,3,0.375,0.0,40.0,50.0,0.0,20.0,0.0,SJF,0.3317406561597976,33.17406561597976
1828,15.8541749589043,15.954174958904298,18,0.0029869272068124,4.788321757085076e-06,0.7988808717948718,3.395590637330852,114.17948717948718,,180.0,39,390.0,4,0.5,10.0,90.0,150.0,20.0,120.0,0.0,SJF,0.40487406141300425,40.487406141300426
1829,15.862852668241413,15.962852668241412,20,0.0017353203585874,4.663671059905963e-06,1.2824724264705882,47.57366276707765,116.63235294117646,,200.0,68,680.0,4,0.5,10.0,150.0,210.0,40.0,270.0,0.0,SJF,0.43920370214087207,43.92037021408721
1830,15.871530377578525,15.971530377578524,11,0.0031428690578389,8.3599958848955e-06,1.7154626744186046,36.56298042079599,111.7906976744186,,110.0,43,430.0,3,0.375,70.0,70.0,240.0,0.0,50.0,0.0,SJF,0.39726245632053425,39.72624563205343
1831,15.880208086915635,15.980208086915637,3,0.0078496324176965,1.074467264356305e-09,0.3044835833333333,0.2660621823799015,113.33333333333331,,30.0,12,120.0,2,0.25,20.0,20.0,80.0,0.0,0.0,0.0,SJF,0.30820371509443695,30.820371509443696
1832,15.88888579625275,15.988885796252749,5,0.0033279061472509,1.0377353651057096e-05,0.7504371818181818,3.654650959519029,119.96969696969695,,50.0,33,330.0,2,0.25,0.0,100.0,140.0,0.0,90.0,0.0,SJF,0.30865483650220815,30.865483650220817
1833,15.89756350558986,15.99756350558986,7,0.005764895981567,1.0405895123257408e-05,0.9856823,2.764972728657789,114.0,,70.0,10,100.0,2,0.25,0.0,20.0,30.0,10.0,40.0,0.0,SJF,0.32179359727046275,32.179359727046275
1834,15.906241214926974,16.006241214926973,7,0.0041100213587407,7.846578437446305e-06,1.0594212777777778,4.062649614154565,117.55555555555556,,70.0,18,180.0,2,0.25,0.0,60.0,80.0,0.0,40.0,0.0,SJF,0.3221630305733065,32.21630305733065
1835,15.914918924264086,16.014918924264087,19,0.0046120782622299,6.64111527257032e-06,0.4238104642857143,0.557463183503235,119.41071428571428,,190.0,56,560.0,4,0.5,0.0,140.0,190.0,30.0,200.0,0.0,SJF,0.40076686106167786,40.076686106167784
1836,15.923596633601198,16.023596633601198,13,0.0012261446295712,2.728844635805001e-06,2.0468113333333333,15.743301223901918,112.29629629629628,,130.0,27,270.0,4,0.5,0.0,70.0,100.0,30.0,70.0,0.0,SJF,0.41694851027064717,41.694851027064715
1837,15.93227434293831,16.03227434293831,6,0.0037493227283566,1.0640738583830934e-08,2.69504775,34.488367487368016,115.33333333333331,,60.0,12,120.0,3,0.375,0.0,30.0,60.0,10.0,20.0,0.0,SJF,0.3360464329398097,33.60464329398097
1838,15.940952052275422,16.040952052275422,14,0.0028674132245773,3.82347680689185e-06,0.67727396,5.772882429938938,115.1,,140.0,50,500.0,3,0.375,10.0,120.0,190.0,10.0,170.0,0.0,SJF,0.3963726761409543,39.63726761409543
1839,15.949629761612536,16.049629761612536,14,0.0031869918874634,5.410096158548255e-06,0.8930068076923077,1.9895070329600015,114.0,,140.0,26,260.0,3,0.375,10.0,30.0,120.0,0.0,100.0,0.0,SJF,0.39702849874377044,39.702849874377044
1840,15.958307470949649,16.05830747094965,15,0.0031252032503511,3.5930560955538664e-06,0.7008018604651163,2.7107240724665997,116.90697674418604,,150.0,43,430.0,4,0.5,0.0,60.0,100.0,100.0,170.0,0.0,SJF,0.4021799205030373,40.21799205030373
1841,15.96698518028676,16.06698518028676,12,0.001278125213239,2.1194891049112936e-06,0.7420853815789473,9.770641569535629,119.5,,120.0,76,760.0,4,0.5,0.0,160.0,210.0,120.0,270.0,0.0,SJF,0.39960630228721505,39.960630228721506
1842,15.975662889623871,16.075662889623874,9,0.0032676308205713,1.1169429024443383e-05,1.39844125,6.176932131386713,107.07142857142856,,90.0,28,280.0,3,0.375,20.0,70.0,130.0,10.0,50.0,0.0,SJF,0.3551176491781471,35.51176491781471
1843,15.984340598960983,16.084340598960985,15,0.0075115545723482,2.843298654526473e-07,0.82100625,4.094083655113528,112.75,,150.0,28,280.0,4,0.5,0.0,60.0,100.0,20.0,100.0,0.0,SJF,0.40237198562330895,40.237198562330896
1844,15.993018308298096,16.0930183082981,12,0.0053470673685692,8.508565349005284e-06,1.3323281333333334,9.726424686505364,119.53333333333332,,120.0,30,300.0,4,0.5,0.0,90.0,100.0,20.0,90.0,0.0,SJF,0.400042797445736,40.0042797445736
1845,16.00169601763521,16.101696017635213,12,0.0043254777814546,7.711809996927471e-06,1.013050619047619,1.1440022648650476,117.04761904761904,,120.0,21,210.0,3,0.375,0.0,40.0,80.0,10.0,80.0,0.0,SJF,0.3950742908743124,39.50742908743124
1846,16.010373726972322,16.110373726972323,15,0.0039795272276779,6.100389368789182e-06,2.055097878787879,56.874298840302295,114.96969696969695,,150.0,33,330.0,4,0.5,10.0,100.0,140.0,10.0,70.0,0.0,SJF,0.433310810885737,43.3310810885737
1847,16.019051436309436,16.119051436309437,8,0.0007609729405637,1.0028765993959877e-07,2.8403940000000003,86.46500174662849,119.47826086956522,,80.0,23,230.0,3,0.375,0.0,60.0,100.0,0.0,70.0,0.0,SJF,0.37436509811039315,37.436509811039315
1848,16.027729145646546,16.127729145646548,5,0.0028110667534534,1.0240470530970106e-06,2.146592916666666,18.951145907151723,108.33333333333331,,50.0,12,120.0,2,0.25,0.0,20.0,70.0,0.0,30.0,0.0,SJF,0.3467558835597113,34.67558835597113
1849,16.03640685498366,16.13640685498366,4,0.0060037507663404,5.310779173314124e-06,0.8202256666666666,1.3136492554850667,120.0,,40.0,6,60.0,1,0.125,10.0,20.0,20.0,0.0,10.0,0.0,SJF,0.30820371509443695,30.820371509443696
1850,16.04508456432077,16.145084564320772,9,0.0015229814570072,4.768662552836538e-06,0.4140198863636364,0.7732346185196844,118.5,,90.0,44,440.0,2,0.25,20.0,120.0,190.0,10.0,100.0,0.0,SJF,0.3499472928853541,34.99472928853541
1851,16.053762273657885,16.153762273657886,16,0.0039706139671156,7.356472402452338e-06,0.6620035625,1.2827428271379313,112.96875,,160.0,32,320.0,3,0.375,10.0,50.0,100.0,40.0,110.0,10.0,SJF,0.40822418707477015,40.82241870747701
1852,16.062439982994995,16.162439982994997,15,0.002152104538338,2.8619405025228563e-06,3.0608854102564105,126.3271617434715,115.12820512820512,,150.0,39,390.0,4,0.5,0.0,90.0,150.0,20.0,130.0,0.0,SJF,0.4407870844942207,44.078708449422074
1853,16.07111769233211,16.17111769233211,8,0.0010906801678904,1.2579457563582734e-06,0.7896577142857143,2.5518821335929145,118.85714285714286,,80.0,21,210.0,2,0.25,0.0,70.0,80.0,0.0,60.0,0.0,SJF,0.3485449170835346,34.85449170835346
1854,16.07979540166922,16.17979540166922,4,0.0008773523307796,1.5322684605515947e-06,2.0770261000000003,16.06094701111899,105.8,,40.0,10,100.0,2,0.25,10.0,10.0,60.0,0.0,20.0,0.0,SJF,0.3393588368071295,33.935883680712955
1855,16.088473111006333,16.188473111006335,6,0.0029733323269998,6.402691506972281e-06,0.8775822105263158,3.6321695514299535,117.6842105263158,,60.0,19,190.0,2,0.25,10.0,70.0,80.0,0.0,30.0,0.0,SJF,0.31060775096213433,31.060775096213433
1856,16.097150820343447,16.19715082034345,12,0.0037527583232188,7.579840234723364e-06,0.7377315277777777,2.462976787910599,114.05555555555556,,120.0,36,360.0,3,0.375,10.0,90.0,140.0,10.0,110.0,0.0,SJF,0.3950742908743124,39.50742908743124
1857,16.105828529680558,16.20582852968056,10,0.0042410943194425,3.3189251229513853e-06,1.8859439375,15.04775176452313,119.8125,,100.0,16,160.0,3,0.375,0.0,40.0,70.0,0.0,50.0,0.0,SJF,0.3914079197360136,39.14079197360136
1858,16.114506239017672,16.214506239017673,8,0.0022208314823286,3.3293643954213307e-06,0.6157271538461538,1.0411767320151757,113.6923076923077,,80.0,26,260.0,2,0.25,10.0,70.0,110.0,0.0,70.0,0.0,SJF,0.3485449170835346,34.85449170835346
1859,16.123183948354782,16.223183948354784,18,0.0032888839785505,6.022314489000606e-06,0.6413802045454546,1.1579827439818409,113.27272727272728,,180.0,44,440.0,4,0.5,10.0,80.0,150.0,30.0,170.0,0.0,SJF,0.40460030818780496,40.460030818780496
1860,16.131861657691896,16.231861657691898,18,0.002459452919215,7.319565076668517e-06,3.26697265625,74.67725261891282,118.03125,,180.0,32,320.0,4,0.5,0.0,40.0,140.0,10.0,130.0,0.0,SJF,0.44111984278291116,44.11198427829112
1861,16.140539367029007,16.240539367029008,4,0.0033047022209933,2.5807153574827747e-06,0.4151317647058823,0.3704643021891912,111.6470588235294,,40.0,17,170.0,1,0.125,20.0,40.0,70.0,0.0,40.0,0.0,SJF,0.30820371509443695,30.820371509443696
1862,16.14921707636612,16.249217076366122,8,0.0019990631338795,3.02933940364292e-06,0.6707274333333333,1.8560590353288744,113.8,,80.0,30,300.0,2,0.25,20.0,80.0,120.0,10.0,70.0,0.0,SJF,0.3485449170835346,34.85449170835346
1863,16.15789478570323,16.257894785703233,9,0.0032562035189908,3.2072053538123747e-06,2.612230888888889,47.98315397910847,110.77777777777776,,90.0,18,180.0,3,0.375,20.0,40.0,80.0,0.0,40.0,0.0,SJF,0.3766403672928063,37.66403672928063
1864,16.166572495040345,16.266572495040347,6,0.0046860231263223,7.92368316304841e-06,0.4453090333333334,0.7164042007267233,114.53333333333332,,60.0,30,300.0,2,0.25,10.0,70.0,140.0,0.0,80.0,0.0,SJF,0.3101566295543631,31.01566295543631
1865,16.175250204377456,16.275250204377457,11,0.0026831036225442,7.765034418065663e-06,1.80809635,20.22152305186908,107.3,,110.0,20,200.0,3,0.375,10.0,30.0,90.0,0.0,70.0,0.0,SJF,0.4114351656568635,41.14351656568635
1866,16.18392791371457,16.28392791371457,6,0.004282227618764,2.006947136142123e-05,4.3425104,38.50921419972072,120.8,,60.0,10,100.0,3,0.375,0.0,30.0,50.0,0.0,20.0,0.0,SJF,0.3369536115333737,33.69536115333737
1867,16.192605623051683,16.292605623051685,13,0.0041288297175468,1.6322636356628708e-06,0.8816130588235295,7.704830489681935,113.38235294117646,,130.0,34,340.0,3,0.375,20.0,80.0,150.0,10.0,80.0,0.0,SJF,0.40944671817937467,40.94467181793747
1868,16.201283332388794,16.301283332388795,9,0.0021674078334284,1.853389371802942e-06,0.6275826206896551,1.2344805804091723,116.41379310344828,,90.0,29,290.0,2,0.25,10.0,80.0,110.0,10.0,80.0,0.0,SJF,0.3499472928853541,34.99472928853541
1869,16.209961041725908,16.30996104172591,10,0.0021167696740921,3.364893200126234e-08,4.008593727272728,109.65107246546066,116.9090909090909,,100.0,22,220.0,4,0.5,0.0,70.0,110.0,0.0,40.0,0.0,SJF,0.3861104428075956,38.61104428075956
1870,16.21863875106302,16.31863875106302,9,0.0020553978258703,1.8856898798644137e-06,0.9662586666666668,5.05159818343492,118.53333333333332,,90.0,30,300.0,2,0.25,0.0,90.0,140.0,0.0,70.0,0.0,SJF,0.3502793368364141,35.02793368364141
1871,16.227316460400132,16.327316460400134,3,0.0058924222665339,2.47169637356679e-06,0.6549393333333333,0.9643709502306668,120.0,,30.0,6,60.0,1,0.125,0.0,10.0,40.0,0.0,10.0,0.0,SJF,0.30820371509443695,30.820371509443696
1872,16.235994169737243,16.335994169737244,6,0.0025429505960907,7.083704285844799e-06,1.5952715714285712,4.687328272149495,109.71428571428572,,60.0,14,140.0,2,0.25,10.0,20.0,70.0,0.0,40.0,0.0,SJF,0.310701802058497,31.070180205849702
1873,16.244671879074357,16.344671879074358,12,0.0034082665089766,1.2389507328155768e-07,0.9845845581395348,11.128693815653689,120.13953488372093,,120.0,43,430.0,4,0.5,30.0,130.0,160.0,10.0,100.0,0.0,SJF,0.403437009510314,40.3437009510314
1874,16.253349588411467,16.35334958841147,9,0.0018723961440885,1.4922539981271817e-06,1.6570995624999998,7.883367046394928,117.125,,90.0,16,160.0,3,0.375,0.0,70.0,50.0,10.0,30.0,0.0,SJF,0.35675053376113164,35.67505337611316
1875,16.26202729774858,16.362027297748583,14,0.0028646751799897,2.3551405933351835e-06,2.7113124500000003,39.380365244493845,110.35,,140.0,20,200.0,5,0.625,0.0,40.0,70.0,20.0,70.0,0.0,SJF,0.4068993821934063,40.68993821934063
1876,16.27070500708569,16.370705007085693,16,0.0036987430393091,3.865534767566113e-06,1.7704613186813185,207.3836812572768,118.0,,160.0,91,910.0,4,0.5,10.0,80.0,100.0,40.0,680.0,0.0,SJF,0.4533424990523907,45.33424990523907
1877,16.279382716422806,16.379382716422807,9,0.002547155799417,7.340893870971643e-06,0.2056024774774774,0.4776446841873242,118.2162162162162,,90.0,111,1110.0,3,0.375,20.0,40.0,70.0,10.0,970.0,0.0,SJF,0.3499472928853541,34.99472928853541
1878,16.28806042575992,16.38806042575992,18,0.0026082628511912,3.676105977866376e-06,0.2558795789473684,0.6828730448010268,118.17763157894736,,180.0,152,1520.0,4,0.5,60.0,110.0,250.0,20.0,1080.0,0.0,SJF,0.40460030818780496,40.460030818780496
1879,16.29673813509703,16.39673813509703,14,0.0034582312601129,5.9872336840410335e-06,0.331295276923077,1.1141361006715198,117.34615384615384,,140.0,130,1300.0,4,0.5,20.0,90.0,180.0,10.0,1000.0,0.0,SJF,0.39702849874377044,39.702849874377044
1880,16.305415844434144,16.405415844434145,8,0.0038077104408555,7.169289252126368e-06,2.7894097500000004,16.576230736702932,119.08333333333331,,80.0,12,120.0,4,0.5,0.0,30.0,40.0,20.0,30.0,0.0,SJF,0.3703628877131257,37.03628877131257
1881,16.314093553771254,16.414093553771256,9,0.0041163241176348,5.030727390993274e-06,0.921692710526316,5.897437725448103,110.63157894736842,,90.0,38,380.0,4,0.5,70.0,80.0,220.0,0.0,10.0,0.0,SJF,0.35316311435248693,35.31631143524869
1882,16.32277126310837,16.42277126310837,11,0.0021903639825408,4.415141998804797e-06,2.3779522439024388,154.5135161860241,111.07317073170732,,110.0,41,410.0,3,0.375,40.0,90.0,200.0,0.0,80.0,0.0,SJF,0.41653637821403433,41.653637821403436
1883,16.33144897244548,16.43144897244548,14,0.0017802846259498,3.4942916313884256e-06,3.4958042000000003,182.8916592795451,113.08,,140.0,25,250.0,3,0.375,0.0,20.0,90.0,20.0,120.0,0.0,SJF,0.4423885256788841,44.23885256788841
1884,16.340126681782593,16.440126681782594,5,0.0021645304174064,1.1669960003839322e-06,2.2883073,16.458802160525565,105.0,,50.0,10,100.0,2,0.25,10.0,10.0,50.0,0.0,30.0,0.0,SJF,0.33363309225810056,33.363309225810056
1885,16.348804391119703,16.448804391119705,7,0.0049347915945818,6.345030225014362e-06,0.6106146,2.6107494393201787,114.53333333333332,,70.0,30,300.0,2,0.25,10.0,90.0,120.0,0.0,80.0,0.0,SJF,0.32179359727046275,32.179359727046275
1886,16.357482100456817,16.45748210045682,6,0.0053847075431825,4.771580295247946e-06,1.163171222222222,3.0252458504904447,117.55555555555556,,60.0,9,90.0,2,0.25,0.0,30.0,40.0,0.0,20.0,0.0,SJF,0.3101566295543631,31.01566295543631
1887,16.366159809793928,16.46615980979393,4,0.0028361212060721,1.3827677572761448e-05,1.7385573,8.581087154721345,105.8,,40.0,10,100.0,2,0.25,10.0,30.0,40.0,0.0,20.0,0.0,SJF,0.3147711431488727,31.477114314887274
1888,16.37483751913104,16.474837519131043,7,0.0031435012975298,6.928312515209669e-06,1.195590259259259,11.968827540090892,113.85185185185183,,70.0,27,270.0,2,0.25,10.0,70.0,100.0,20.0,70.0,0.0,SJF,0.3372373388443232,33.72373388443232
1889,16.383515228468156,16.483515228468157,4,0.0030259890318449,1.0211941561435626e-05,1.3141823,2.954533495661789,105.7,,40.0,10,100.0,1,0.125,10.0,20.0,50.0,0.0,20.0,0.0,SJF,0.30820371509443695,30.820371509443696
1890,16.392192937805266,16.492192937805267,7,0.0072901436233061,2.474637711673717e-06,0.5368229999999999,0.7650851913429999,115.1818181818182,,70.0,11,110.0,3,0.375,0.0,30.0,50.0,0.0,30.0,0.0,SJF,0.32179359727046275,32.179359727046275
1891,16.40087064714238,16.50087064714238,16,0.0039652677326198,1.1147447549090903e-05,1.219344888888889,15.193404799669697,118.08888888888887,,160.0,45,450.0,4,0.5,10.0,110.0,150.0,30.0,150.0,0.0,SJF,0.45527268923899383,45.527268923899385
1892,16.40954835647949,16.509548356479492,8,0.0020164092705097,4.003311329747931e-06,3.172237416666667,58.089746709294175,112.66666666666669,,80.0,24,240.0,4,0.5,10.0,20.0,80.0,40.0,90.0,0.0,SJF,0.37247225915894433,37.24722591589443
1893,16.418226065816604,16.518226065816606,21,0.0052639477548241,3.492927796795106e-06,0.3102216444444444,0.7087847219319621,116.46666666666668,,210.0,90,900.0,4,0.5,80.0,130.0,330.0,60.0,300.0,0.0,SJF,0.4166224490944978,41.66224490944978
1894,16.426903775153715,16.526903775153716,30,0.0050285327462854,9.894356165516366e-06,0.3169744204545454,0.2723607781851201,117.25,,300.0,88,880.0,4,0.5,30.0,110.0,320.0,60.0,360.0,0.0,SJF,0.4101975684967375,41.01975684967375
1895,16.43558148449083,16.53558148449083,42,0.0018397839377426,2.200205038373627e-06,0.6629956190476191,4.729224619136014,115.84126984126983,,420.0,126,1260.0,6,0.75,60.0,90.0,400.0,150.0,560.0,0.0,SJF,0.40866137679728887,40.86613767972889
1896,16.44425919382794,16.54425919382794,23,0.0064544116937998,2.242240036249894e-06,0.2051649404761905,0.160565915403141,111.86904761904762,,230.0,84,840.0,4,0.5,140.0,140.0,390.0,40.0,130.0,0.0,SJF,0.41346947201252326,41.34694720125233
1897,16.452936903165053,16.552936903165055,42,0.0032810804063754,5.809400772693305e-06,0.2968581769911504,1.9381652327409375,99.83628318584071,,420.0,226,2260.0,6,0.75,580.0,150.0,670.0,290.0,560.0,10.0,SJF,0.4101975684967375,41.01975684967375
1898,16.461614612502164,16.561614612502165,18,0.0051639054978359,9.086618896016454e-06,1.031517638888889,3.578650179339037,112.08333333333331,,180.0,36,360.0,4,0.5,0.0,40.0,170.0,10.0,140.0,0.0,SJF,0.40487406141300425,40.487406141300426
1899,16.470292321839278,16.57029232183928,32,0.0020938046607222,2.0352885331195435e-06,0.8471112947368421,7.6175680912168495,111.36842105263158,,320.0,95,950.0,6,0.75,40.0,50.0,320.0,100.0,440.0,0.0,SJF,0.4122402835597885,41.224028355978845
1900,16.47897003117639,16.578970031176393,20,0.0029639676736085,6.573248293331967e-06,0.5504479333333333,1.653555792288402,113.13333333333334,,200.0,60,600.0,4,0.5,10.0,120.0,230.0,20.0,210.0,10.0,SJF,0.41466816996714057,41.46681699671406
1901,16.487647740513502,16.587647740513503,18,0.0032562288753865,1.1387881398220534e-05,2.2812293275862072,45.18430420543252,114.34482758620688,,180.0,58,580.0,6,0.75,60.0,100.0,260.0,30.0,130.0,0.0,SJF,0.43727053469783705,43.727053469783705
1902,16.496325449850616,16.596325449850617,16,0.0056977143993839,4.75923578863418e-06,0.42554165,0.4905471426930026,110.15,,160.0,40,400.0,3,0.375,30.0,70.0,180.0,10.0,110.0,0.0,SJF,0.40822418707477015,40.82241870747701
1903,16.505003159187726,16.605003159187728,17,0.0039864789299206,5.342316204734021e-06,0.71359375,1.9632868274771216,118.29545454545456,,170.0,44,440.0,4,0.5,0.0,80.0,170.0,10.0,180.0,0.0,SJF,0.40928643228013906,40.928643228013904
1904,16.51368086852484,16.613680868524842,13,0.003927999321313,4.827868611123444e-06,1.6812854,6.416084378753584,115.96,,130.0,25,250.0,4,0.5,0.0,30.0,140.0,0.0,80.0,0.0,SJF,0.4092880324101384,40.92880324101384
1905,16.52235857786195,16.622358577861952,19,0.0051784359275229,3.72524384239828e-06,1.306940695652174,11.89765933933906,110.69565217391305,,190.0,46,460.0,6,0.75,30.0,70.0,180.0,30.0,150.0,0.0,SJF,0.4180864657106639,41.80864657106639
1906,16.531036287199065,16.631036287199066,16,0.0040061641759352,4.9848788963222994e-06,3.281628152173913,154.48728402735094,111.1304347826087,,160.0,46,460.0,5,0.625,20.0,60.0,170.0,30.0,180.0,0.0,SJF,0.46321594189409937,46.321594189409936
1907,16.539713996536175,16.639713996536177,4,0.0026776767138239,1.1909578320334784e-05,1.0893945833333334,5.800322821801296,120.41666666666669,,40.0,24,240.0,3,0.375,80.0,30.0,130.0,0.0,0.0,0.0,SJF,0.308988915141134,30.8988915141134
1908,16.54839170587329,16.64839170587329,18,0.0046382037933775,2.9185383333457158e-06,0.5762124098360656,3.42244793177018,111.85245901639344,,180.0,61,610.0,4,0.5,110.0,90.0,270.0,40.0,100.0,0.0,SJF,0.40487406141300425,40.487406141300426
1909,16.557069415210403,16.657069415210405,10,0.0012376720895964,1.7997960761862698e-06,0.8387745000000001,3.17805622360444,119.3529411764706,,100.0,34,340.0,3,0.375,0.0,80.0,140.0,10.0,110.0,0.0,SJF,0.3568094429125288,35.68094429125288
1910,16.565747124547514,16.665747124547515,14,0.0024792602382007,2.505103939594844e-06,0.9941276111111113,4.343004947071502,114.38888888888889,,140.0,36,360.0,4,0.5,20.0,30.0,130.0,30.0,150.0,0.0,SJF,0.3973979320466141,39.73979320466141
1911,16.574424833884628,16.67442483388463,8,0.0029629721153718,4.324455880353431e-06,0.8080231304347826,3.478131922874605,113.43478260869566,,80.0,46,460.0,4,0.5,60.0,90.0,250.0,0.0,60.0,0.0,SJF,0.34899603849130584,34.899603849130585
1912,16.583102543221738,16.68310254322174,11,0.0017610109600806,2.154047148509397e-06,0.98523332,3.4656557467858096,117.76,,110.0,25,250.0,3,0.375,0.0,70.0,100.0,20.0,60.0,0.0,SJF,0.38066652140169,38.066652140169
1913,16.591780252558852,16.691780252558853,11,0.0011075250775114,2.341756266943198e-06,10.614965827586206,1120.75110029106,113.13793103448276,,110.0,29,290.0,6,0.75,10.0,50.0,140.0,20.0,70.0,0.0,SJF,0.5690666184539345,56.906661845393444
1914,16.600457961895962,16.700457961895964,16,0.0041691312915375,4.436508166824281e-06,0.8141172564102563,2.1327436804243014,117.1025641025641,,160.0,39,390.0,4,0.5,10.0,90.0,150.0,20.0,120.0,0.0,SJF,0.40822418707477015,40.82241870747701
1915,16.609135671233076,16.709135671233078,8,0.0019209368919237,1.8747765607951104e-06,1.6098096923076923,11.179455840104064,118.23076923076924,,80.0,26,260.0,4,0.5,0.0,80.0,110.0,10.0,60.0,0.0,SJF,0.35886107966288827,35.886107966288826
1916,16.617813380570187,16.71781338057019,12,0.00357539334648,2.6688555181252022e-06,0.7947869393939394,4.112310188428246,116.33333333333331,,120.0,33,330.0,3,0.375,30.0,60.0,120.0,30.0,90.0,0.0,SJF,0.3954437241771561,39.544372417715614
1917,16.6264910899073,16.726491089907302,11,0.0032616120017901,6.776038923839093e-06,0.7360835652173914,2.3640696822570955,115.3913043478261,,110.0,46,460.0,4,0.5,40.0,130.0,230.0,0.0,60.0,0.0,SJF,0.3802153999939187,38.02153999939187
1918,16.63516879924441,16.735168799244413,10,0.0026492516555883,5.573658621494442e-06,2.02972217948718,59.59069956529367,117.33333333333331,,100.0,39,390.0,4,0.5,10.0,120.0,170.0,0.0,90.0,0.0,SJF,0.37447563118096594,37.447563118096596
1919,16.643846508581525,16.743846508581527,7,0.0031874878470452,5.791706061106662e-06,1.528698,6.433559333738154,110.42857142857144,,70.0,14,140.0,3,0.375,20.0,20.0,60.0,0.0,40.0,0.0,SJF,0.32939636093618196,32.9396360936182
1920,16.65252421791864,16.75252421791864,10,0.0032357495813609,8.579550403958488e-06,0.6970784883720931,1.8648782808313984,114.88372093023256,,100.0,43,430.0,3,0.375,30.0,110.0,190.0,20.0,80.0,0.0,SJF,0.3568094429125288,35.68094429125288
1921,16.66120192725575,16.76120192725575,8,0.0034009243692496,9.553836436948604e-06,0.9841648214285714,2.684759097144152,118.0,,80.0,28,280.0,3,0.375,0.0,90.0,130.0,0.0,60.0,0.0,SJF,0.3485449170835346,34.85449170835346
1922,16.669879636592864,16.769879636592865,14,0.0040537610499935,1.94937580316129e-06,0.9164523076923078,2.376295396696621,110.96153846153848,,140.0,26,260.0,3,0.375,10.0,40.0,100.0,10.0,100.0,0.0,SJF,0.39702849874377044,39.702849874377044
1923,16.678557345929974,16.778557345929975,7,0.0029557502128828,3.923070518136359e-06,0.7588367666666667,1.827312396250737,115.6,,70.0,30,300.0,3,0.375,10.0,80.0,120.0,0.0,90.0,0.0,SJF,0.32179359727046275,32.179359727046275
1924,16.687235055267088,16.78723505526709,13,0.002605603348296,7.277058168530669e-06,0.8301378333333332,5.982401568125718,110.875,,130.0,48,480.0,4,0.5,80.0,70.0,190.0,10.0,130.0,0.0,SJF,0.40697018709180705,40.6970187091807
1925,16.6959127646042,16.7959127646042,11,0.003658625759438,1.3991231852911533e-05,1.470260393939394,16.26332498820737,118.45454545454544,,110.0,33,330.0,4,0.5,10.0,70.0,160.0,0.0,90.0,0.0,SJF,0.40277083200790165,40.277083200790166
1926,16.704590473941312,16.804590473941314,12,0.0024840117253542,5.078166246220119e-06,0.672516925,1.9052026022539168,113.125,,120.0,40,400.0,3,0.375,30.0,100.0,180.0,0.0,90.0,0.0,SJF,0.3950742908743124,39.50742908743124
1927,16.713268183278423,16.813268183278424,8,0.0017921032215766,1.2936361975820248e-06,1.2038678947368422,5.1151180999495445,119.36842105263158,,80.0,19,190.0,3,0.375,0.0,60.0,70.0,0.0,60.0,0.0,SJF,0.3490900895876685,34.909008958766854
1928,16.721945892615537,16.82194589261554,13,0.0022746337690786,4.5625454862972205e-06,23.63550204,5086.332895985925,114.24,,130.0,25,250.0,6,0.75,0.0,10.0,90.0,30.0,120.0,0.0,SJF,0.6194423061940801,61.94423061940802
1929,16.730623601952647,16.83062360195265,5,0.0024193288473526,6.382956896579486e-06,1.0515194137931034,4.092654836040966,115.44827586206895,,50.0,29,290.0,3,0.375,10.0,80.0,120.0,0.0,80.0,0.0,SJF,0.30857314839728056,30.857314839728055
1930,16.73930131128976,16.839301311289763,13,0.0041488344794696,2.57946874180612e-06,0.66750628,0.8363285020386267,111.6,,130.0,25,250.0,3,0.375,10.0,30.0,100.0,10.0,100.0,0.0,SJF,0.4030651809775221,40.30651809775221
1931,16.747979020626875,16.847979020626877,8,0.0030594428731243,1.2072318964961235e-05,1.6929562857142857,4.337674800556015,118.1904761904762,,80.0,21,210.0,3,0.375,0.0,60.0,100.0,0.0,50.0,0.0,SJF,0.3489143503863783,34.89143503863783
1932,16.756656729963986,16.856656729963987,8,0.0046107699110136,3.288903004080457e-06,0.9753480454545456,5.021986924464615,120.0909090909091,,80.0,22,220.0,4,0.5,0.0,70.0,80.0,0.0,70.0,0.0,SJF,0.3490900895876685,34.909008958766854
1933,16.7653344393011,16.8653344393011,10,0.0020537625989003,4.156581678554781e-06,1.855448692307692,15.085306915892536,113.1923076923077,,100.0,26,260.0,4,0.5,10.0,60.0,140.0,0.0,50.0,0.0,SJF,0.3914079197360136,39.14079197360136
1934,16.77401214863821,16.87401214863821,8,0.0042489058617896,5.8197881361734655e-06,1.5114062666666668,4.679263867406496,109.73333333333332,,80.0,15,150.0,3,0.375,10.0,30.0,70.0,0.0,40.0,0.0,SJF,0.3490900895876685,34.909008958766854
1935,16.782689857975324,16.882689857975326,15,0.0030039479580089,4.010645536073327e-06,0.6537081086956522,2.2080633700711654,114.95652173913044,,150.0,46,460.0,4,0.5,10.0,100.0,180.0,20.0,150.0,0.0,SJF,0.4021799205030373,40.21799205030373
1936,16.791367567312435,16.891367567312436,11,0.0008873598693839,1.474649045171257e-06,2.2948485,18.00038369902617,118.27272727272728,,110.0,22,220.0,4,0.5,0.0,50.0,70.0,20.0,80.0,0.0,SJF,0.40277812787417233,40.27781278741723
1937,16.80004527664955,16.90004527664955,9,0.0054059610171183,5.025184824134845e-06,1.739136,6.507804041164625,116.76470588235294,,90.0,17,170.0,4,0.5,0.0,50.0,70.0,10.0,40.0,0.0,SJF,0.35788152100642145,35.788152100642144
1938,16.80872298598666,16.90872298598666,16,0.0034576225758413,4.641704513205606e-06,1.5212129777777776,35.879955619247475,117.33333333333331,,160.0,45,450.0,4,0.5,0.0,120.0,160.0,20.0,150.0,0.0,SJF,0.4341565728099754,43.415657280997536
1939,16.817400695323773,16.917400695323774,8,0.0040141094262273,4.6410332947862736e-06,2.176906923076923,9.344988877811245,119.07692307692308,,80.0,13,130.0,3,0.375,0.0,30.0,60.0,0.0,40.0,0.0,SJF,0.3560523293422392,35.60523293422392
1940,16.826078404660883,16.926078404660885,5,0.0028912553391172,4.5891061799717885e-06,2.4301094,12.053251906302265,104.8,,50.0,10,100.0,3,0.375,10.0,10.0,50.0,0.0,30.0,0.0,SJF,0.3269059667490777,32.690596674907766
1941,16.834756113997997,16.934756113998,7,0.0032933585734308,9.823948826911194e-06,1.0900072413793105,6.106640078634263,115.41379310344828,,70.0,29,290.0,3,0.375,10.0,80.0,100.0,0.0,100.0,0.0,SJF,0.32707851561785056,32.707851561785056
1942,16.84343382333511,16.943433823335113,4,0.0047929801648889,1.6764631746420519e-07,2.502829833333333,7.724143389506167,120.0,,40.0,6,60.0,3,0.375,0.0,20.0,30.0,0.0,10.0,0.0,SJF,0.3155621155906337,31.556211559063367
1943,16.85211153267222,16.952111532672223,22,0.0037340669186871,3.3824409726109703e-06,0.6095667246376811,2.350893427574025,116.17391304347828,,220.0,69,690.0,4,0.5,60.0,120.0,190.0,60.0,260.0,0.0,SJF,0.4183366181620626,41.83366181620626
1944,16.860789242009336,16.960789242009337,11,0.004772669081573,7.057088934347759e-06,0.9555844722222222,2.865567502907971,119.30555555555556,,110.0,36,360.0,4,0.5,0.0,120.0,140.0,0.0,100.0,0.0,SJF,0.3802153999939187,38.02153999939187
1945,16.869466951346446,16.969466951346448,12,0.0030893354868872,3.4858377265131173e-06,1.31931252,10.46106803091276,106.04,,120.0,25,250.0,4,0.5,20.0,50.0,110.0,0.0,70.0,0.0,SJF,0.4022836816657403,40.22836816657403
1946,16.87814466068356,16.97814466068356,11,0.0021629843164399,6.272801162794062e-06,1.2895287,4.126904467811591,117.4,,110.0,20,200.0,3,0.375,0.0,40.0,80.0,10.0,70.0,0.0,SJF,0.3805848332967624,38.05848332967624
1947,16.88682237002067,16.986822370020672,12,0.0019545244793297,3.828276362820948e-06,1.410797,11.936140541305312,114.9090909090909,,120.0,33,330.0,4,0.5,10.0,100.0,140.0,0.0,80.0,0.0,SJF,0.4082766986601109,40.82766986601109
1948,16.895500079357785,16.995500079357786,9,0.0018946709755485,6.227740339885128e-06,1.3832870555555554,7.437140726800644,110.22222222222224,,90.0,18,180.0,3,0.375,10.0,40.0,80.0,0.0,50.0,0.0,SJF,0.35746455456584086,35.74645545658409
1949,16.904177788694895,17.004177788694896,18,0.0034816289162164,6.549860124239324e-06,1.1223242,4.868243017450472,114.55,,180.0,40,400.0,4,0.5,10.0,40.0,170.0,10.0,170.0,0.0,SJF,0.4030641164883563,40.306411648835635
1950,16.91285549803201,17.01285549803201,12,0.0041565918846577,5.139826340977332e-06,1.2799428536585369,20.40263101859548,117.48780487804878,,120.0,41,410.0,4,0.5,0.0,100.0,160.0,10.0,140.0,0.0,SJF,0.41711104823368317,41.711104823368316
1951,16.92153320736912,17.02153320736912,8,0.0021093838808807,2.487540600356368e-06,3.732267615384615,52.88831476308659,119.07692307692308,,80.0,13,130.0,3,0.375,0.0,40.0,60.0,0.0,30.0,0.0,SJF,0.37498023564928856,37.49802356492886
1952,16.930210916706233,17.030210916706235,5,0.0051926184937663,9.054973478919232e-06,1.2676677777777778,2.729114368871944,120.0,,50.0,9,90.0,2,0.25,0.0,30.0,40.0,0.0,20.0,0.0,SJF,0.30820371509443695,30.820371509443696
1953,16.938888626043347,17.03888862604335,8,0.0051021030816524,1.3074110586803556e-05,0.9786501666666666,2.9628197553350133,118.375,,80.0,24,240.0,3,0.375,0.0,60.0,80.0,10.0,90.0,0.0,SJF,0.3485449170835346,34.85449170835346
1954,16.947566335380458,17.04756633538046,14,0.0041348559766848,3.6851626988906046e-06,1.4861156578947368,9.046732793349742,117.28947368421052,,140.0,38,380.0,4,0.5,10.0,80.0,150.0,30.0,110.0,0.0,SJF,0.40754892945101034,40.754892945101034
1955,16.95624404471757,17.056244044717573,5,0.0059253340824291,3.827492950369535e-06,0.4664322999999999,1.2800089432834845,112.0,,50.0,20,200.0,2,0.25,70.0,30.0,100.0,0.0,0.0,0.0,SJF,0.30820371509443695,30.820371509443696
1956,16.964921754054682,17.064921754054684,13,0.0036547136376255,9.957992979403977e-06,1.6416497837837838,42.99271608363541,115.4054054054054,,130.0,37,370.0,4,0.5,0.0,110.0,130.0,40.0,90.0,0.0,SJF,0.40971179361521637,40.971179361521635
1957,16.973599463391796,17.073599463391798,9,0.0011170347193147,1.4447783674994817e-06,0.7365369433962264,5.793403611984094,118.22641509433964,,90.0,53,530.0,3,0.375,20.0,40.0,100.0,170.0,200.0,0.0,SJF,0.35063170129605475,35.063170129605474
1958,16.982277172728907,17.082277172728908,10,0.0028243257710933,2.6489752113494845e-06,18.903812161290325,8592.040607788143,114.80645161290325,,100.0,31,310.0,4,0.5,0.0,80.0,110.0,30.0,90.0,0.0,SJF,0.5487606111606657,54.876061116066566
1959,16.99095488206602,17.090954882066022,11,0.0025077580248881,5.313110585887038e-06,1.005310875,7.935180581472438,119.1875,,110.0,32,320.0,3,0.375,0.0,80.0,110.0,20.0,110.0,0.0,SJF,0.38604819324106787,38.604819324106785
1960,16.99963259140313,17.099632591403132,13,0.0054265284430224,1.114010969838926e-05,1.573418590909091,4.680260468048633,116.1818181818182,,130.0,22,220.0,4,0.5,0.0,70.0,100.0,0.0,50.0,0.0,SJF,0.40248396730099967,40.24839673009997
1961,17.008310300740245,17.108310300740246,17,0.006061916906814,3.843323528555855e-06,1.8835833666666668,37.49284346767156,117.63333333333334,,170.0,30,300.0,4,0.5,10.0,50.0,100.0,30.0,110.0,0.0,SJF,0.43369397451840386,43.369397451840385
1962,17.016988010077355,17.116988010077357,11,0.0029800468317353,3.343816941866054e-06,1.18360025,10.685918221463098,116.0625,,110.0,32,320.0,3,0.375,10.0,70.0,160.0,0.0,80.0,0.0,SJF,0.3940511624762159,39.40511624762159
1963,17.02566571941447,17.12566571941447,4,0.0022716048355304,3.867313604292937e-06,1.0783113684210528,4.914848144760468,116.84210526315788,,40.0,19,190.0,2,0.25,30.0,40.0,100.0,0.0,20.0,0.0,SJF,0.30874888759857083,30.874888759857082
1964,17.034343428751583,17.134343428751585,14,0.0055570071769879,4.741697028636189e-06,12.700194631578947,5588.115313536208,113.07894736842104,,140.0,38,380.0,4,0.5,20.0,100.0,160.0,0.0,100.0,0.0,SJF,0.5672126762530023,56.72126762530023
1965,17.043021138088694,17.143021138088695,20,0.0054857824113062,7.522251013646681e-06,0.2284873440860215,0.1752102485208803,112.33333333333331,,200.0,93,930.0,4,0.5,40.0,150.0,340.0,30.0,370.0,0.0,SJF,0.41466816996714057,41.46681699671406
1966,17.051698847425808,17.15169884742581,16,0.0017297202616923,6.190166431555318e-06,0.940134641509434,5.714579026449698,118.45283018867924,,160.0,53,530.0,4,0.5,30.0,120.0,250.0,10.0,120.0,0.0,SJF,0.40638833478854397,40.638833478854394
1967,17.060376556762918,17.16037655676292,12,0.0053685234870819,5.990935607165209e-06,1.121479142857143,7.615263111420949,108.57142857142856,,120.0,35,350.0,4,0.5,40.0,80.0,150.0,0.0,80.0,0.0,SJF,0.4018445662801471,40.18445662801471
1968,17.069054266100032,17.169054266100034,16,0.004268956337468,4.8905922045588346e-06,0.5826728181818182,0.8514094913875478,115.97727272727272,,160.0,44,440.0,3,0.375,10.0,80.0,180.0,30.0,140.0,0.0,SJF,0.40822418707477015,40.82241870747701
1969,17.077731975437143,17.177731975437144,13,0.0034986107936268,2.1008493075127083e-06,2.614474,41.157685757280206,116.35,,130.0,20,200.0,4,0.5,0.0,30.0,70.0,10.0,90.0,0.0,SJF,0.40971179361521637,40.971179361521635
1970,17.086409684774257,17.186409684774258,14,0.0021293040828864,1.921519288059425e-06,0.8832014687499999,3.817691150053741,113.9375,,140.0,32,320.0,3,0.375,10.0,80.0,130.0,0.0,100.0,0.0,SJF,0.3974796201515417,39.74796201515417
1971,17.095087394111367,17.19508739411137,13,0.0043179076578638,9.625221196482168e-06,0.4149659615384615,0.5113717652489004,119.21153846153848,,130.0,52,520.0,3,0.375,0.0,120.0,190.0,20.0,190.0,0.0,SJF,0.4030651809775221,40.30651809775221
1972,17.10376510344848,17.203765103448482,13,0.0031237760899798,1.0757865460793496e-05,1.2493868181818182,3.67478488030168,114.4090909090909,,130.0,22,220.0,4,0.5,0.0,50.0,90.0,10.0,70.0,0.0,SJF,0.4035163023852934,40.35163023852934
1973,17.11244281278559,17.212442812785593,19,0.002310448161777,4.404387115703427e-06,1.2686671020408165,14.22079946010893,114.95918367346938,,190.0,49,490.0,4,0.5,10.0,80.0,190.0,20.0,190.0,0.0,SJF,0.4564855947319386,45.64855947319386
1974,17.121120522122705,17.221120522122707,9,0.0041879086550717,9.957521696228275e-06,0.5325328947368421,1.0922674473015022,115.36842105263158,,90.0,38,380.0,3,0.375,10.0,100.0,150.0,0.0,120.0,0.0,SJF,0.3499472928853541,34.99472928853541
1975,17.12979823145982,17.22979823145982,9,0.0034248694290697,6.982106545036184e-06,1.4804195555555557,5.090083241366733,117.83333333333331,,90.0,18,180.0,3,0.375,0.0,50.0,80.0,0.0,50.0,0.0,SJF,0.3502793368364141,35.02793368364141
1976,17.13847594079693,17.23847594079693,13,0.0033837041261476,3.5195071733728567e-06,0.5674514406779662,1.5031188585540778,111.89830508474576,,130.0,59,590.0,4,0.5,60.0,150.0,280.0,0.0,100.0,0.0,SJF,0.4030651809775221,40.30651809775221
1977,17.147153650134044,17.247153650134045,10,0.003936864165956,3.5990149163280085e-06,4.056964954545455,115.02454497889532,115.04545454545456,,100.0,22,220.0,4,0.5,20.0,20.0,110.0,10.0,60.0,0.0,SJF,0.3891148079825378,38.91148079825378
1978,17.155831359471154,17.255831359471156,4,0.0041257822788463,4.310804164608167e-07,2.326103272727273,13.694087305021217,106.9090909090909,,40.0,11,110.0,3,0.375,0.0,20.0,70.0,0.0,20.0,0.0,SJF,0.33747548945840045,33.747548945840045
1979,17.164509068808268,17.26450906880827,5,0.0049436641917324,1.5469081088873351e-06,1.176934,4.612820142840715,111.2,,50.0,15,150.0,3,0.375,10.0,40.0,50.0,0.0,50.0,0.0,SJF,0.3088692901418403,30.886929014184027
1980,17.17318677814538,17.27318677814538,9,0.0041543898546214,8.564791201298163e-06,0.8224092580645161,1.5278309385144646,115.03225806451611,,90.0,31,310.0,3,0.375,20.0,60.0,150.0,0.0,80.0,0.0,SJF,0.3499472928853541,34.99472928853541
1981,17.181864487482493,17.281864487482494,10,0.0036869848175072,4.046158068315546e-06,1.421849,6.290423002002947,110.8,,100.0,20,200.0,3,0.375,10.0,40.0,90.0,0.0,60.0,0.0,SJF,0.36197979920532186,36.197979920532184
1982,17.190542196819603,17.290542196819604,7,0.0025807278946824,5.016707716467962e-06,0.504839717948718,0.928983929605734,115.23076923076924,,70.0,39,390.0,3,0.375,10.0,110.0,160.0,0.0,110.0,0.0,SJF,0.32179359727046275,32.179359727046275
1983,17.199219906156717,17.29921990615672,18,0.0028740946766158,5.289956005608104e-06,0.4270190347826086,2.405843323764543,112.30434782608695,,180.0,115,1150.0,4,0.5,210.0,220.0,400.0,200.0,120.0,0.0,SJF,0.40460030818780496,40.460030818780496
1984,17.207897615493827,17.30789761549383,10,0.004597633106173,1.1502053626971674e-05,0.782347972972973,2.465812987066527,112.70270270270272,,100.0,37,370.0,3,0.375,40.0,100.0,160.0,20.0,50.0,0.0,SJF,0.3568094429125288,35.68094429125288
1985,17.21657532483094,17.316575324830943,16,0.0047689849815588,4.282522938535565e-06,1.8726174651162788,86.42207963079746,113.6046511627907,,160.0,43,430.0,4,0.5,20.0,90.0,170.0,20.0,130.0,0.0,SJF,0.4476975931821318,44.76975931821318
1986,17.225253034168055,17.325253034168057,7,0.0035775395462296,1.013834453402837e-05,1.4753819444444445,4.019569759778643,117.55555555555556,,70.0,18,180.0,3,0.375,0.0,60.0,80.0,0.0,40.0,0.0,SJF,0.3221630305733065,32.21630305733065
1987,17.233930743505166,17.333930743505167,13,0.0039531960332956,4.770534715243609e-06,1.0577066,5.90982386484156,107.4,,130.0,30,300.0,3,0.375,20.0,50.0,110.0,20.0,100.0,0.0,SJF,0.40494233035433974,40.49423303543397
1988,17.24260845284228,17.34260845284228,9,0.0038013494910538,3.0290139257829927e-06,0.8018520294117647,2.536672851551848,119.94117647058825,,90.0,34,340.0,3,0.375,0.0,110.0,140.0,0.0,90.0,0.0,SJF,0.3499472928853541,34.99472928853541
1989,17.25128616217939,17.35128616217939,4,0.0038882973206098,1.757579418487715e-06,3.36546,8.085313594496,121.66666666666669,,40.0,6,60.0,3,0.375,0.0,10.0,30.0,0.0,20.0,0.0,SJF,0.31488610435436004,31.488610435436005
1990,17.259963871516504,17.359963871516506,7,0.0022947526263524,2.595824899131009e-06,0.9700100967741936,3.768946904361291,118.90322580645162,,70.0,31,310.0,3,0.375,60.0,70.0,150.0,0.0,30.0,0.0,SJF,0.32224471867823395,32.2244718678234
1991,17.268641580853615,17.368641580853616,9,0.0035008312574965,8.699247877819687e-07,0.660830294117647,1.847372016801729,114.17647058823528,,90.0,34,340.0,3,0.375,10.0,110.0,140.0,0.0,80.0,0.0,SJF,0.3499472928853541,34.99472928853541
1992,17.27731929019073,17.37731929019073,12,0.0026274783092713,1.674745883647719e-06,1.353815,4.988906006113042,116.125,,120.0,24,240.0,4,0.5,0.0,40.0,100.0,10.0,90.0,0.0,SJF,0.3944930771977899,39.44930771977899
1993,17.28599699952784,17.38599699952784,12,0.0018033886388281,1.1107695684879407e-07,1.84199745,8.966659389089838,111.35,,120.0,20,200.0,4,0.5,10.0,20.0,70.0,10.0,90.0,0.0,SJF,0.39995333643002495,39.995333643002496
1994,17.294674708864953,17.394674708864954,11,0.0023997114986833,1.875476874861453e-06,0.5797287735849057,1.6152581780732171,114.30188679245283,,110.0,53,530.0,4,0.5,60.0,130.0,250.0,10.0,80.0,0.0,SJF,0.3802153999939187,38.02153999939187
1995,17.303352418202063,17.403352418202065,15,0.0030621167312702,4.256185651333809e-06,2.3211681714285715,66.84043978791075,111.11428571428571,,150.0,35,350.0,4,0.5,20.0,40.0,170.0,10.0,110.0,0.0,SJF,0.4330262349548059,43.30262349548059
1996,17.312030127539177,17.41203012753918,7,0.005669471603679,8.33753368722156e-06,1.7109201333333333,4.356135368992124,119.06666666666666,,70.0,15,150.0,3,0.375,0.0,40.0,80.0,0.0,30.0,0.0,SJF,0.3221630305733065,32.21630305733065
1997,17.32070783687629,17.420707836876293,12,0.0050188707070419,5.0718101056467215e-06,0.7469728048780487,2.238384009960911,114.63414634146342,,120.0,41,410.0,3,0.375,10.0,110.0,150.0,10.0,130.0,0.0,SJF,0.3950742908743124,39.50742908743124
1998,17.329385546213402,17.429385546213403,4,0.0041528715365979,4.99023884923869e-06,3.3300696666666667,9.631089902026668,118.0,,40.0,6,60.0,3,0.375,0.0,20.0,30.0,0.0,10.0,0.0,SJF,0.3157692221884366,31.576922218843663
1999,17.338063255550516,17.438063255550517,7,0.0027751827351981,3.624599005898141e-06,1.7392297857142858,6.82474055221849,109.0,,70.0,14,140.0,3,0.375,10.0,20.0,70.0,0.0,40.0,0.0,SJF,0.3300938301958777,33.009383019587766
2000,17.346740964887626,17.446740964887628,5,0.0014212157123743,4.860073450845677e-06,0.996681103448276,3.7021320426253816,115.44827586206895,,50.0,29,290.0,3,0.375,10.0,80.0,120.0,0.0,80.0,0.0,SJF,0.30865483650220815,30.865483650220817
2001,17.35541867422474,17.45541867422474,14,0.0031473793466881,6.909937739417934e-06,2.9291515161290325,146.319230016955,113.38709677419357,,140.0,31,310.0,4,0.5,20.0,50.0,120.0,20.0,100.0,0.0,SJF,0.4251629611618231,42.51629611618231
2002,17.36409638356185,17.464096383561852,10,0.0021060628381487,3.245052963247781e-06,1.590612705882353,6.00598829118997,119.76470588235294,,100.0,17,170.0,3,0.375,0.0,30.0,70.0,0.0,70.0,0.0,SJF,0.36199356962392015,36.19935696239202
2003,17.372774092898965,17.472774092898966,7,0.0021283779581788,2.07592057703036e-06,0.9317629696969696,2.7518913821707174,112.0,,70.0,33,330.0,3,0.375,10.0,70.0,150.0,0.0,100.0,0.0,SJF,0.32179359727046275,32.179359727046275
2004,17.381451802236075,17.481451802236077,6,0.0029198490972586,7.8782411064969e-07,1.949251909090909,7.200078749331891,116.9090909090909,,60.0,11,110.0,3,0.375,0.0,40.0,50.0,0.0,20.0,0.0,SJF,0.3175150300505598,31.75150300505598
2005,17.39012951157319,17.49012951157319,15,0.0029136241601442,3.784088504189834e-06,1.0686026896551724,5.9270055039222935,115.10344827586206,,150.0,29,290.0,3,0.375,10.0,50.0,110.0,0.0,120.0,0.0,SJF,0.4032982817744016,40.329828177440156
2006,17.398807220910303,17.498807220910304,7,0.0035732260896966,1.01010798730132e-05,1.2239173928571427,11.654079152917657,119.96428571428572,,70.0,28,280.0,3,0.375,0.0,80.0,110.0,0.0,90.0,0.0,SJF,0.33611834867585605,33.61183486758561
2007,17.407484930247414,17.507484930247415,3,0.0008992294192526,4.4823178470811446e-07,3.3580106,12.018652109466798,122.0,,30.0,5,50.0,2,0.25,0.0,10.0,30.0,0.0,10.0,0.0,SJF,0.3262247482789265,32.62247482789265
2008,17.416162639584527,17.51616263958453,9,0.0053962657488051,1.5311191855093955e-05,2.796529,18.905578544307534,119.21428571428572,,90.0,14,140.0,4,0.5,0.0,30.0,50.0,10.0,50.0,0.0,SJF,0.38735125346139054,38.73512534613906
2009,17.424840348921638,17.52484034892164,11,0.0027848906238167,6.61336150105696e-06,0.6704917441860465,1.4502727975244805,114.83720930232558,,110.0,43,430.0,3,0.375,10.0,100.0,180.0,0.0,140.0,0.0,SJF,0.3802153999939187,38.02153999939187
2010,17.433518058258752,17.533518058258753,21,0.0047085842650577,3.027651829362142e-06,0.2691795194805195,0.2242412081522529,117.35064935064936,,210.0,77,770.0,4,0.5,40.0,100.0,230.0,50.0,350.0,0.0,SJF,0.4166224490944978,41.66224490944978
2011,17.442195767595862,17.542195767595864,38,0.0035486554041376,6.472710960851592e-06,0.272703401459854,0.2086417302828891,117.13138686131389,,380.0,137,1370.0,4,0.5,70.0,140.0,430.0,160.0,570.0,0.0,SJF,0.4101975684967375,41.01975684967375
2012,17.450873476932976,17.550873476932978,21,0.0012860871146426,9.33256421252708e-07,0.5614662711864408,1.2132261928571324,118.0677966101695,,210.0,59,590.0,4,0.5,30.0,100.0,190.0,40.0,230.0,0.0,SJF,0.4166224490944978,41.66224490944978
2013,17.459551186270087,17.559551186270088,14,0.0026938255870559,6.770030713923697e-06,1.9916167872340425,61.698747588004125,115.53191489361704,,140.0,47,470.0,4,0.5,40.0,100.0,220.0,0.0,110.0,0.0,SJF,0.41074869027848043,41.074869027848045
2014,17.4682288956072,17.568228895607202,7,0.0061557779642283,5.19797303166345e-06,1.0666185384615383,5.045243847171769,116.6153846153846,,70.0,13,130.0,3,0.375,0.0,50.0,60.0,0.0,20.0,0.0,SJF,0.32233876977459675,32.23387697745967
2015,17.47690660494431,17.576906604944313,9,0.0030055699445779,7.1236410606832085e-06,0.9740922571428572,3.9434848639789615,114.97142857142858,,90.0,35,350.0,3,0.375,10.0,100.0,120.0,20.0,100.0,0.0,SJF,0.3503167261881977,35.03167261881977
2016,17.485584314281425,17.585584314281427,7,0.0054202918614316,4.272822467935822e-06,1.8413765,8.891450000965346,106.35714285714286,,70.0,14,140.0,3,0.375,10.0,10.0,60.0,10.0,50.0,0.0,SJF,0.32925413694741684,32.925413694741685
2017,17.49426202361854,17.59426202361854,13,0.0062930176122301,6.006268990041727e-06,0.73126464,1.7465720081209064,115.16,,130.0,25,250.0,4,0.5,0.0,30.0,70.0,30.0,120.0,0.0,SJF,0.4030651809775221,40.30651809775221
2018,17.50293973295565,17.60293973295565,10,0.0016810832443496,4.619730098046751e-06,21.046374666666665,6520.294570666253,113.78787878787878,,100.0,33,330.0,5,0.625,10.0,70.0,140.0,0.0,110.0,0.0,SJF,0.5545440089469662,55.45440089469662
2019,17.511617442292764,17.611617442292765,14,0.0021235442072361,2.4176087215964333e-06,1.5631622,8.097576873251988,112.97142857142858,,140.0,35,350.0,4,0.5,20.0,20.0,180.0,0.0,130.0,0.0,SJF,0.40779946849840365,40.779946849840364
2020,17.520295151629874,17.620295151629875,7,0.0068411733701257,7.806734694489624e-06,2.0124242727272725,7.788418536398618,121.8181818181818,,70.0,11,110.0,4,0.5,10.0,30.0,50.0,0.0,20.0,0.0,SJF,0.32869762978223677,32.869762978223676
2021,17.528972860966988,17.62897286096699,21,0.0045627672234883,5.497000231933749e-06,0.7314856949152543,9.0545589187418,112.91525423728814,,210.0,59,590.0,4,0.5,20.0,70.0,200.0,10.0,290.0,0.0,SJF,0.43037512645195464,43.03751264519546
2022,17.5376505703041,17.6376505703041,23,0.0035970791306845,9.183774011608858e-06,0.4403394166666666,0.7233531416653319,117.06666666666666,,230.0,60,600.0,3,0.375,10.0,50.0,160.0,60.0,320.0,0.0,SJF,0.41346947201252326,41.34694720125233
2023,17.546328279641212,17.646328279641214,23,0.0030962562283526,5.207839251172938e-06,0.4748891129032258,0.5723729477303314,120.03225806451611,,230.0,62,620.0,3,0.375,0.0,70.0,200.0,20.0,330.0,0.0,SJF,0.41346947201252326,41.34694720125233
2024,17.555005988978323,17.655005988978324,13,0.0029047975601387,3.823005839065005e-06,1.25826175,6.161571033492646,114.59375,,130.0,32,320.0,4,0.5,20.0,50.0,120.0,10.0,120.0,0.0,SJF,0.4069564166732087,40.69564166732087
2025,17.563683698315437,17.663683698315438,6,0.0030687083512302,2.367806213005109e-06,2.716943,14.381538112854331,110.46153846153848,,60.0,13,130.0,4,0.5,10.0,20.0,70.0,0.0,30.0,0.0,SJF,0.3420047800678629,34.20047800678629
2026,17.572361407652547,17.67236140765255,11,0.0043410903474526,6.714760834414655e-06,1.05145208,3.8424371017022434,114.64,,110.0,25,250.0,4,0.5,10.0,50.0,110.0,0.0,80.0,0.0,SJF,0.3805848332967624,38.05848332967624
2027,17.58103911698966,17.681039116989663,14,0.0028553516531964,7.877895524692771e-06,1.5172514318181818,20.50953926411336,116.22727272727272,,140.0,44,440.0,4,0.5,10.0,80.0,140.0,40.0,170.0,0.0,SJF,0.41958018789720825,41.958018789720825
2028,17.589716826326775,17.689716826326777,3,0.0034922816732247,4.030660843305348e-06,3.60553375,11.297696700950915,122.5,,30.0,4,40.0,2,0.25,0.0,10.0,20.0,0.0,10.0,0.0,SJF,0.3213850591291296,32.13850591291296
2029,17.598394535663886,17.698394535663887,10,0.0037501451361144,8.367941570520394e-06,0.8051278484848485,1.7348041373774452,114.9090909090909,,100.0,33,330.0,3,0.375,10.0,70.0,150.0,0.0,100.0,0.0,SJF,0.3568094429125288,35.68094429125288
2030,17.607072245001,17.707072245001,14,0.002996840570429,2.534851798885881e-06,1.126880942857143,9.292232571914116,113.45714285714286,,140.0,35,350.0,4,0.5,10.0,80.0,130.0,20.0,110.0,0.0,SJF,0.40759580203276097,40.759580203276094
2031,17.61574995433811,17.71574995433811,8,0.0015242965368904,6.93269462643964e-06,0.9633170625,3.156109405849479,113.4375,,80.0,32,320.0,3,0.375,10.0,60.0,160.0,0.0,90.0,0.0,SJF,0.3485449170835346,34.85449170835346
2032,17.624427663675224,17.724427663675225,15,0.0037969163247765,5.8258910371796455e-06,2.527362117647059,93.345192683336,114.26470588235294,,150.0,34,340.0,4,0.5,10.0,60.0,140.0,10.0,120.0,0.0,SJF,0.4402032934908945,44.02032934908945
2033,17.633105373012334,17.733105373012336,9,0.0044538562098877,8.5386984106285e-06,0.7528925,1.9019018822949256,116.85714285714286,,90.0,28,280.0,3,0.375,0.0,90.0,120.0,0.0,70.0,0.0,SJF,0.3499472928853541,34.99472928853541
2034,17.64178308234945,17.74178308234945,7,0.0029370967934094,4.597841070674526e-06,1.4923406470588234,5.812556383914867,110.23529411764706,,70.0,17,170.0,3,0.375,10.0,40.0,80.0,0.0,40.0,0.0,SJF,0.3225787973171599,32.25787973171599
2035,17.65046079168656,17.75046079168656,8,0.0020588171884421,1.0614580891621327e-06,1.0748017419354836,9.811220376880728,119.61290322580643,,80.0,31,310.0,3,0.375,0.0,100.0,110.0,0.0,100.0,0.0,SJF,0.3555267067496344,35.55267067496344
2036,17.659138501023673,17.759138501023674,8,0.0038546237263274,1.5977467154513318e-05,0.6687413333333333,1.665585378812667,113.58333333333331,,80.0,24,240.0,3,0.375,40.0,50.0,100.0,10.0,40.0,0.0,SJF,0.3485449170835346,34.85449170835346
2037,17.667816210360783,17.767816210360785,10,0.0025665276392164,6.008824302681764e-06,1.3247587,5.5694256701847,113.66666666666669,,100.0,30,300.0,3,0.375,10.0,70.0,140.0,10.0,70.0,0.0,SJF,0.35690561411474486,35.690561411474484
2038,17.676493919697897,17.7764939196979,9,0.0054820978576582,4.140751876485804e-06,1.4991706923076924,17.908495707503103,113.23076923076924,,90.0,26,260.0,4,0.5,10.0,60.0,120.0,0.0,70.0,0.0,SJF,0.3715930758504237,37.15930758504237
2039,17.68517162903501,17.785171629035013,9,0.0029670331872111,3.85514753983729e-06,1.1110741666666666,4.330901766474752,113.5,,90.0,24,240.0,3,0.375,10.0,60.0,100.0,10.0,60.0,0.0,SJF,0.3503167261881977,35.03167261881977
2040,17.69384933837212,17.793849338372123,16,0.0028808727528781,7.346738634732118e-07,0.844458,4.170501076311161,111.375,,160.0,32,320.0,3,0.375,10.0,30.0,100.0,30.0,150.0,0.0,SJF,0.40841625219504185,40.84162521950419
2041,17.702527047709236,17.802527047709237,8,0.0029563696657648,1.988041511323811e-06,1.0124672592592592,3.284154762411122,119.33333333333331,,80.0,27,270.0,4,0.5,0.0,70.0,100.0,0.0,100.0,0.0,SJF,0.3485449170835346,34.85449170835346
2042,17.711204757046346,17.811204757046347,18,0.0017088821203204,2.7303386001332253e-06,1.2997710526315789,11.050116672470432,116.15789473684212,,180.0,38,380.0,4,0.5,10.0,60.0,130.0,30.0,150.0,0.0,SJF,0.42063199844035615,42.063199844035616
2043,17.71988246638346,17.81988246638346,8,0.0032852869915398,9.53985466486282e-06,1.0930292,2.7739575460166663,112.0,,80.0,25,250.0,3,0.375,10.0,60.0,130.0,0.0,50.0,0.0,SJF,0.3485449170835346,34.85449170835346
2044,17.72856017572057,17.828560175720572,12,0.0036215318627631,1.8592703503040951e-06,1.693936225,49.11392160245479,115.0,,120.0,40,400.0,4,0.5,10.0,120.0,170.0,0.0,100.0,0.0,SJF,0.4162883273997776,41.62883273997776
2045,17.737237885057684,17.837237885057686,9,0.0026970444978711,5.177476577204378e-06,1.2145237619047615,2.7782493260972907,117.33333333333331,,90.0,21,210.0,3,0.375,0.0,60.0,90.0,0.0,60.0,0.0,SJF,0.3499472928853541,34.99472928853541
2046,17.745915594394795,17.845915594394796,8,0.0023834286052046,2.3885500022902744e-06,2.425387375,14.474068741713715,111.0,,80.0,16,160.0,3,0.375,10.0,30.0,80.0,0.0,40.0,0.0,SJF,0.38439290875184295,38.4392908751843
2047,17.75459330373191,17.85459330373191,6,0.0038773056014242,4.530314467001e-06,0.8039145263157895,1.8233238352088188,112.52631578947368,,60.0,19,190.0,2,0.25,10.0,50.0,80.0,0.0,50.0,0.0,SJF,0.3101566295543631,31.01566295543631
2048,17.76327101306902,17.86327101306902,8,0.0017902105559808,2.2336866925415754e-06,1.6791214666666667,7.205093959900981,108.6,,80.0,15,150.0,3,0.375,10.0,10.0,50.0,10.0,70.0,0.0,SJF,0.3559033175797313,35.59033175797313
2049,17.771948722406133,17.871948722406135,14,0.0033653183081529,1.7275034437659038e-06,1.6118117857142855,7.669061264534691,112.46428571428572,,140.0,28,280.0,4,0.5,10.0,50.0,110.0,20.0,90.0,0.0,SJF,0.40393001236376086,40.39300123637609
2050,17.780626431743247,17.88062643174325,9,0.0039628901456423,1.1625325543976297e-06,1.6518537407407408,24.79725797788835,114.66666666666669,,90.0,27,270.0,3,0.375,10.0,80.0,100.0,0.0,80.0,0.0,SJF,0.3772489596440337,37.72489596440337
2051,17.789304141080358,17.88930414108036,4,0.0029075579196415,4.185926021178323e-06,2.267975125,3.3854390001478385,121.25,,40.0,8,80.0,2,0.25,0.0,10.0,50.0,0.0,20.0,0.0,SJF,0.30820371509443695,30.820371509443696
2052,17.79798185041747,17.897981850417473,8,0.0025236569575284,3.7560432956269286e-06,1.9460243888888888,11.389235457571193,113.66666666666669,,80.0,18,180.0,3,0.375,0.0,30.0,70.0,10.0,70.0,0.0,SJF,0.35886107966288827,35.886107966288826
2053,17.806659559754582,17.906659559754583,11,0.0024925261545092,5.061387483984658e-06,0.6406492093023256,2.0228596825534075,115.55813953488372,,110.0,43,430.0,4,0.5,10.0,90.0,190.0,10.0,130.0,0.0,SJF,0.3802153999939187,38.02153999939187
2054,17.815337269091696,17.915337269091697,12,0.0028573635749703,6.4301262218074416e-06,1.599041333333333,9.78251306912246,113.48148148148148,,120.0,27,270.0,4,0.5,10.0,50.0,130.0,0.0,80.0,0.0,SJF,0.39960630228721505,39.960630228721506
2055,17.824014978428806,17.924014978428808,11,0.0062830356621025,9.657685356431122e-06,1.14594525,3.7188639347438817,121.4,,110.0,20,200.0,4,0.5,0.0,30.0,70.0,10.0,90.0,0.0,SJF,0.38066652140169,38.066652140169
2056,17.83269268776592,17.932692687765922,25,0.0024566719140794,3.111546908554963e-06,1.3828305061728394,25.23716323731404,112.77777777777776,,250.0,81,810.0,6,0.75,80.0,100.0,290.0,50.0,290.0,0.0,SJF,0.4328236272298589,43.28236272298589
2057,17.84137039710303,17.941370397103032,9,0.0039124835636362,3.572352019016005e-06,1.4496849,4.482914595474832,111.7,,90.0,20,200.0,3,0.375,20.0,30.0,90.0,0.0,60.0,0.0,SJF,0.3506128679327574,35.06128679327574
2058,17.850048106440145,17.950048106440146,11,0.0044096470144006,2.5381043076862817e-06,0.912759,4.873627777873167,106.0,,110.0,37,370.0,4,0.5,60.0,20.0,210.0,20.0,60.0,0.0,SJF,0.37963418631739626,37.96341863173963
2059,17.858725815777255,17.958725815777257,28,0.0037237010798877,4.834125440990792e-06,0.2149430621761658,0.5611606610442774,96.62694300518136,,280.0,193,1930.0,5,0.625,600.0,110.0,570.0,310.0,340.0,0.0,SJF,0.4078576763329254,40.785767633292544
2060,17.86740352511437,17.96740352511437,31,0.0040180707888565,8.09493955227108e-06,0.8384012053571429,34.45992302956312,112.84821428571428,,310.0,112,1120.0,6,0.75,140.0,160.0,510.0,20.0,290.0,0.0,SJF,0.45252648490763697,45.2526484907637
2061,17.876081234451483,17.976081234451485,23,0.0030491389398212,1.0823335827011036e-05,1.3531651666666666,12.049300050766696,117.0625,,230.0,48,480.0,5,0.625,20.0,60.0,240.0,0.0,160.0,0.0,SJF,0.43422548395711374,43.422548395711374
2062,17.884758943788594,17.984758943788595,25,0.0051854574914062,7.069362377091061e-06,0.5017065147058823,1.5898973414692683,111.88235294117646,,250.0,68,680.0,4,0.5,10.0,110.0,270.0,10.0,270.0,10.0,SJF,0.41896542635042183,41.89654263504218
2063,17.893436653125708,17.99343665312571,14,0.0052206018742924,9.743002447158568e-06,3.839946,111.70014440577071,111.17857142857144,,140.0,28,280.0,5,0.625,10.0,40.0,130.0,10.0,90.0,0.0,SJF,0.41138690890913365,41.13869089091337
2064,17.902114362462818,18.00211436246282,15,0.0031576202705151,5.369088788657139e-06,0.786262294117647,1.3110669381803957,114.67647058823528,,150.0,34,340.0,3,0.375,0.0,60.0,160.0,10.0,110.0,0.0,SJF,0.4021799205030373,40.21799205030373
2065,17.910792071799932,18.010792071799933,7,0.0014027129143541,5.530281259989178e-08,0.5716526585365853,2.38712790327828,116.2439024390244,,70.0,41,410.0,3,0.375,10.0,130.0,130.0,10.0,130.0,0.0,SJF,0.32179359727046275,32.179359727046275
2066,17.919469781137042,18.019469781137044,12,0.0016403463629573,5.492192546862833e-06,1.1570417,3.691541313023804,109.76666666666668,,120.0,30,300.0,3,0.375,10.0,60.0,120.0,0.0,110.0,0.0,SJF,0.39552541228208377,39.552541228208376
2067,17.928147490474156,18.02814749047416,8,0.0051948855258432,7.054575246144226e-06,0.9518284210526315,3.8863909907855896,105.94736842105264,,80.0,19,190.0,3,0.375,20.0,20.0,90.0,0.0,60.0,0.0,SJF,0.3489143503863783,34.89143503863783
2068,17.936825199811267,18.03682519981127,18,0.0028298510220666,5.16314221196554e-06,18.06644096296296,7583.094939328454,111.03703703703704,,180.0,54,540.0,6,0.75,20.0,90.0,230.0,20.0,180.0,0.0,SJF,0.5974794815043599,59.747948150435995
2069,17.94550290914838,18.045502909148382,11,0.0050725573061643,5.808301500053566e-06,0.8163916250000001,2.7529084351920488,111.09375,,110.0,32,320.0,3,0.375,30.0,50.0,150.0,10.0,80.0,0.0,SJF,0.3802153999939187,38.02153999939187
2070,17.95418061848549,18.054180618485493,8,0.0044297066395082,8.410743698753816e-06,1.201439105263158,6.491950042157877,110.21052631578948,,80.0,19,190.0,3,0.375,10.0,50.0,90.0,0.0,40.0,0.0,SJF,0.35632028402031196,35.632028402031196
2071,17.962858327822605,18.062858327822607,13,0.0041231074850869,6.867153955657407e-06,1.2082812452830187,19.281244339343424,117.1509433962264,,130.0,53,530.0,4,0.5,80.0,100.0,210.0,30.0,110.0,0.0,SJF,0.4263640705540182,42.63640705540182
2072,17.97153603715972,18.07153603715972,7,0.0054653396974236,4.372194413610529e-06,1.538980714285714,4.489265587279143,119.28571428571428,,70.0,14,140.0,3,0.375,0.0,30.0,50.0,20.0,40.0,0.0,SJF,0.3224591723178662,32.24591723178662
2073,17.98021374649683,18.08021374649683,8,0.0035936553781699,2.8962406910599143e-06,0.5988626734693877,2.7143600171575577,116.6122448979592,,80.0,49,490.0,3,0.375,10.0,30.0,80.0,170.0,200.0,0.0,SJF,0.3485449170835346,34.85449170835346
2074,17.988891455833944,18.088891455833945,11,0.003702216166056,6.759321804201024e-06,0.5850554782608696,1.7567168235101218,116.17391304347828,,110.0,46,460.0,3,0.375,20.0,110.0,190.0,0.0,140.0,0.0,SJF,0.3802153999939187,38.02153999939187
2075,17.997569165171054,18.097569165171056,11,0.0044462445562183,5.776021743413569e-06,3.3153277647058825,80.60023390742757,115.76470588235294,,110.0,17,170.0,4,0.5,0.0,50.0,70.0,0.0,50.0,0.0,SJF,0.39832920529148763,39.832920529148765
2076,18.006246874508168,18.10624687450817,7,0.0022310573489749,4.31273728743127e-06,1.4137211111111112,4.947704682812812,113.22222222222224,,70.0,18,180.0,3,0.375,10.0,40.0,80.0,0.0,50.0,0.0,SJF,0.32233876977459675,32.23387697745967
2077,18.01492458384528,18.11492458384528,14,0.0039682291547215,7.653109468569102e-06,0.915985,2.804119813964667,115.11764705882354,,140.0,34,340.0,3,0.375,10.0,70.0,110.0,30.0,120.0,0.0,SJF,0.39702849874377044,39.702849874377044
2078,18.023602293182392,18.123602293182397,8,0.003284841942607,7.209105875052189e-06,1.3490202857142857,5.364615033623615,110.76190476190476,,80.0,21,210.0,3,0.375,10.0,40.0,110.0,0.0,50.0,0.0,SJF,0.34836185170633915,34.83618517063392
2079,18.032280002519503,18.132280002519504,17,0.0052495523040263,5.1970568272486905e-06,1.838864305555556,49.16503450226446,118.80555555555556,,170.0,36,360.0,4,0.5,0.0,80.0,130.0,20.0,130.0,0.0,SJF,0.44027050830296505,44.0270508302965
2080,18.040957711856617,18.14095771185662,8,0.002874409893383,1.295689129239714e-06,1.1637831363636364,3.702505076492028,118.45454545454544,,80.0,22,220.0,3,0.375,10.0,60.0,100.0,0.0,50.0,0.0,SJF,0.34899603849130584,34.899603849130585
2081,18.049635421193727,18.14963542119373,8,0.0038274819312729,4.293716480195132e-06,1.7038646,8.024304326197827,115.6,,80.0,15,150.0,3,0.375,0.0,50.0,70.0,0.0,30.0,0.0,SJF,0.35483856813947545,35.48385681394755
2082,18.05831313053084,18.158313130530843,10,0.0036939768691592,5.958651513800215e-06,1.0237878636363638,3.1733145581092663,113.0,,100.0,22,220.0,3,0.375,10.0,50.0,110.0,0.0,50.0,0.0,SJF,0.3568094429125288,35.68094429125288
2083,18.066990839867955,18.16699083986796,8,0.0029573627570447,5.076654734662282e-06,0.8897595294117647,3.0808162647293478,115.17647058823528,,80.0,34,340.0,3,0.375,40.0,80.0,160.0,0.0,60.0,0.0,SJF,0.3485449170835346,34.85449170835346
2084,18.075668549205066,18.175668549205067,12,0.0041826200449349,4.854945938203812e-06,1.2327391481481482,3.599988487689285,112.88888888888889,,120.0,27,270.0,4,0.5,10.0,80.0,120.0,10.0,50.0,0.0,SJF,0.39552541228208377,39.552541228208376
2085,18.08434625854218,18.18434625854218,20,0.0037411510578204,1.2634480008318422e-06,0.8957688571428571,6.988290458710956,115.02380952380952,,200.0,42,420.0,4,0.5,10.0,40.0,130.0,50.0,190.0,0.0,SJF,0.4189987310394531,41.89987310394531
2086,18.09302396787929,18.19302396787929,7,0.0012838896921384,2.599859059995894e-06,1.1490319655172414,6.448026876700536,120.34482758620688,,70.0,29,290.0,3,0.375,0.0,80.0,110.0,0.0,100.0,0.0,SJF,0.32956896420724013,32.956896420724014
2087,18.101701677216404,18.20170167721641,16,0.0035364244085964,1.3175317601446782e-06,2.5702336756756754,124.75942189035185,108.27027027027027,,160.0,37,370.0,4,0.5,30.0,40.0,130.0,20.0,150.0,0.0,SJF,0.44576673043446435,44.576673043446434
2088,18.110379386553515,18.21037938655352,8,0.0025308471964851,2.537984277170133e-06,0.5817674516129033,0.924629989302056,118.58064516129032,,80.0,31,310.0,3,0.375,10.0,100.0,130.0,0.0,70.0,0.0,SJF,0.3485449170835346,34.85449170835346
2089,18.11905709589063,18.21905709589063,10,0.0020519334093712,6.458637212225292e-06,0.9765028292682926,6.928257045387596,116.1951219512195,,100.0,41,410.0,3,0.375,10.0,100.0,170.0,0.0,130.0,0.0,SJF,0.3652685370222337,36.52685370222337
2090,18.12773480522774,18.22773480522774,2,0.0003789377722611,2.2992336718306344e-09,3.8960728,23.432737471530697,120.0,,20.0,5,50.0,2,0.25,0.0,20.0,30.0,0.0,0.0,0.0,SJF,0.34225993219010403,34.225993219010405
2091,18.136412514564853,18.23641251456485,8,0.0034878950601475,5.1615631776068055e-06,1.34316145,4.906842443077101,118.2,,80.0,20,200.0,3,0.375,0.0,70.0,90.0,0.0,40.0,0.0,SJF,0.3490900895876685,34.909008958766854
2092,18.145090223901963,18.245090223901965,10,0.0043008366980366,8.861150882644803e-06,1.0082619142857143,4.996626639031257,114.97142857142858,,100.0,35,350.0,3,0.375,10.0,110.0,140.0,0.0,90.0,0.0,SJF,0.35714148686358876,35.714148686358875
2093,18.15376793323908,18.25376793323908,4,0.0064288435109229,4.5333763154828325e-09,4.3256772,23.535557206601705,117.6,,40.0,5,50.0,3,0.375,0.0,10.0,20.0,0.0,20.0,0.0,SJF,0.3431671107836681,34.31671107836681
2094,18.16244564257619,18.262445642576196,5,0.0030987566238088,2.7396024675637417e-06,0.5295503333333333,2.3744025274791265,110.86666666666666,,50.0,30,300.0,2,0.25,20.0,70.0,120.0,0.0,90.0,0.0,SJF,0.30820371509443695,30.820371509443696
2095,18.1711233519133,18.271123351913303,9,0.0019700091978091,2.26505666463897e-06,2.738007260869565,44.7345872786752,118.30434782608695,,90.0,23,230.0,4,0.5,0.0,60.0,90.0,10.0,70.0,0.0,SJF,0.370063833508245,37.0063833508245
2096,18.179801061250416,18.279801061250417,7,0.003643716178156,1.5215009170382778e-06,1.4921200588235293,7.726903349551184,108.58823529411764,,70.0,17,170.0,3,0.375,40.0,30.0,70.0,0.0,30.0,0.0,SJF,0.32876325956267743,32.87632595626774
2097,18.18847877058753,18.288478770587528,9,0.0052153254124738,2.042370487786229e-06,0.8429747692307692,2.2845907456835444,116.92307692307692,,90.0,26,260.0,3,0.375,0.0,60.0,130.0,0.0,70.0,0.0,SJF,0.3499472928853541,34.99472928853541
2098,18.19715647992464,18.29715647992464,22,0.0046935508935416,6.6089746626272384e-06,0.2872722790697674,0.1914890822968153,110.9186046511628,,220.0,86,860.0,4,0.5,0.0,110.0,270.0,40.0,440.0,0.0,SJF,0.4183366181620626,41.83366181620626
2099,18.20583418926175,18.305834189261752,17,0.0018308312676613,8.210350675811964e-07,1.2606696666666668,16.43001552462203,116.92857142857144,,170.0,42,420.0,4,0.5,10.0,50.0,120.0,50.0,190.0,0.0,SJF,0.44447615989715666,44.447615989715665
2100,18.214511898598865,18.314511898598862,9,0.0034178397344694,6.850519830745808e-06,0.6678029210526316,2.19885261822602,119.6842105263158,,90.0,38,380.0,3,0.375,0.0,120.0,140.0,0.0,120.0,0.0,SJF,0.3499472928853541,34.99472928853541
2101,18.22318960793597,18.323189607935976,6,0.0011866612306921,2.4997794194851366e-06,2.11893875,10.964868202823665,120.5,,60.0,16,160.0,4,0.5,0.0,40.0,80.0,0.0,40.0,0.0,SJF,0.3202451629981125,32.02451629981125
2102,18.23186731727309,18.33186731727309,6,0.0019599848935776,6.9774483614576645e-06,1.710266588235294,9.334468607592637,112.3529411764706,,60.0,17,170.0,3,0.375,10.0,20.0,100.0,10.0,30.0,0.0,SJF,0.3179519316577774,31.79519316577774
2103,18.240545026610203,18.340545026610204,18,0.0035173507231303,4.798873296811401e-06,1.4730977826086955,14.40802565927568,111.80434782608695,,180.0,46,460.0,4,0.5,20.0,90.0,140.0,60.0,150.0,0.0,SJF,0.4599922864436081,45.99922864436081
2104,18.249222735947317,18.349222735947315,7,0.0041051809098294,1.3184732243373928e-05,0.8491115294117647,2.058380986640515,118.70588235294116,,70.0,17,170.0,2,0.25,0.0,50.0,70.0,0.0,50.0,0.0,SJF,0.32179359727046275,32.179359727046275
2105,18.257900445284427,18.35790044528443,8,0.003070589215572,3.394713802559253e-06,2.2986835,35.20029643052333,109.0,,80.0,18,180.0,3,0.375,20.0,40.0,80.0,10.0,30.0,0.0,SJF,0.36987722788459865,36.98772278845986
2106,18.266578154621534,18.36657815462154,12,0.0030904579617958,3.761591728980824e-06,0.4263371428571428,0.6051120004754583,117.48979591836736,,120.0,49,490.0,3,0.375,40.0,120.0,190.0,20.0,120.0,0.0,SJF,0.3950742908743124,39.50742908743124
2107,18.27525586395865,18.375255863958653,14,0.0045952487556338,7.819193616823254e-06,0.898413,2.0501132263553337,114.73529411764706,,140.0,34,340.0,3,0.375,0.0,80.0,150.0,10.0,100.0,0.0,SJF,0.39702849874377044,39.702849874377044
2108,18.28393357329576,18.383933573295764,16,0.0035106742042381,4.013007819076021e-06,1.1025038,6.9404007330276825,115.89090909090908,,160.0,55,550.0,4,0.5,60.0,70.0,280.0,10.0,130.0,0.0,SJF,0.4141938129697773,41.41938129697773
2109,18.29261128263288,18.39261128263288,4,0.0047265748671234,2.881283670530742e-06,0.2822485517241379,0.3048621861741133,117.24137931034484,,40.0,29,290.0,2,0.25,20.0,80.0,130.0,0.0,60.0,0.0,SJF,0.30820371509443695,30.820371509443696
2110,18.301288991969987,18.401288991969988,4,0.0017435140300126,1.3698088341349834e-06,7.940208428571429,113.26479169440694,117.28571428571428,,40.0,7,70.0,4,0.5,0.0,0.0,40.0,0.0,30.0,0.0,SJF,0.3454024356708703,34.54024356708703
2111,18.3099667013071,18.409966701307106,7,0.0016992812643274,4.5068519792017325e-07,3.1087262727272726,21.941221386949017,115.54545454545456,,70.0,11,110.0,3,0.375,0.0,20.0,40.0,10.0,40.0,0.0,SJF,0.35220346706718003,35.220346706718004
2112,18.31864441064421,18.41864441064421,5,0.0031754363557901,4.40278744725226e-06,1.0348355789473684,3.719767788441702,120.0,,50.0,19,190.0,3,0.375,0.0,50.0,80.0,0.0,60.0,0.0,SJF,0.30865483650220815,30.865483650220817
2113,18.327322119981325,18.427322119981326,8,0.0038769551436752,7.941582286478346e-06,2.796617263157895,23.568935078425984,120.0,,80.0,19,190.0,4,0.5,0.0,30.0,90.0,0.0,70.0,0.0,SJF,0.381136973160488,38.1136973160488
2114,18.33599982931844,18.43599982931844,2,0.000294434181562,3.40440589845478e-08,4.4847655,35.6814543948245,120.0,,20.0,2,20.0,1,0.125,0.0,0.0,10.0,0.0,10.0,0.0,SJF,0.3320090868520253,33.20090868520253
2115,18.34467753865555,18.44467753865555,19,0.0037171280286608,5.921129054626259e-06,0.7311624999999999,1.5795087460223367,114.96,,190.0,50,500.0,4,0.5,10.0,70.0,170.0,20.0,230.0,0.0,SJF,0.40076686106167786,40.076686106167784
2116,18.353355247992663,18.453355247992665,27,0.0029895674147442,3.1793841790824577e-06,0.5126536333333334,0.6760885385685074,114.26666666666668,,270.0,60,600.0,4,0.5,0.0,40.0,200.0,20.0,340.0,0.0,SJF,0.4097901054688535,40.979010546885355
2117,18.36203295732977,18.46203295732977,19,0.0027723917754895,5.091272717320182e-06,0.7921265849056603,3.040087839910401,115.01886792452832,,190.0,53,530.0,4,0.5,40.0,80.0,210.0,20.0,180.0,0.0,SJF,0.40076686106167786,40.076686106167784
2118,18.370710666666888,18.47071066666689,15,0.0046130101331125,1.281064101170354e-05,0.5486281063829787,0.629592638680619,116.91489361702128,,150.0,47,470.0,3,0.375,30.0,130.0,190.0,30.0,90.0,0.0,SJF,0.4021799205030373,40.21799205030373
2119,18.379388376004,18.479388376004,26,0.0023057093806174,3.133163237487614e-06,0.7632868648648649,4.123408496948831,112.98648648648648,,260.0,74,740.0,5,0.625,100.0,120.0,250.0,110.0,160.0,0.0,SJF,0.4192391795756211,41.92391795756211
2120,18.388066085341112,18.488066085341117,32,0.0036072880338878,4.270220591179376e-06,0.341604175,0.1862559940235132,116.2,,320.0,80,800.0,4,0.5,40.0,110.0,140.0,170.0,340.0,0.0,SJF,0.4101975684967375,41.01975684967375
2121,18.396743794678223,18.496743794678224,40,0.0031643439967773,6.673736761070867e-06,0.5214722574257425,1.4023715815412134,116.009900990099,,400.0,101,1010.0,5,0.625,110.0,140.0,180.0,210.0,370.0,0.0,SJF,0.4101975684967375,41.01975684967375
2122,18.405421504015337,18.505421504015334,60,0.00430485340133,5.990552255505854e-06,0.6427034479166667,4.547779885026608,112.875,,600.0,96,960.0,6,0.75,50.0,80.0,160.0,180.0,490.0,0.0,SJF,0.40985420583891413,40.98542058389141
2123,18.414099213352447,18.51409921335245,28,0.0033559320404096,5.802711303976836e-06,0.8821573,2.863816620162664,117.16,,280.0,50,500.0,5,0.625,20.0,40.0,90.0,70.0,280.0,0.0,SJF,0.4078576763329254,40.785767633292544
2124,18.42277692268956,18.52277692268956,61,0.0041173051465046,6.489613419819474e-06,0.2468122422360248,0.1068115664852096,117.47826086956522,,610.0,161,1610.0,5,0.625,90.0,110.0,240.0,310.0,860.0,0.0,SJF,0.4101975684967375,41.01975684967375
2125,18.431454632026675,18.53145463202668,68,0.0028914982968544,5.3173397882471945e-06,0.2484458311111111,0.2031884938922927,115.31111111111112,,680.0,225,2250.0,6,0.75,150.0,120.0,340.0,490.0,1150.0,0.0,SJF,0.4101975684967375,41.01975684967375
2126,18.440132341363785,18.540132341363787,83,0.0043592083350097,7.22182232236217e-06,0.3180326694214875,2.415282052632446,116.46280991735536,,830.0,242,2420.0,8,1.0,70.0,170.0,330.0,360.0,1490.0,0.0,SJF,0.4101975684967375,41.01975684967375
2127,18.4488100507009,18.5488100507009,58,0.0032318270577212,6.230479913942544e-06,0.2360293624595469,1.7921152055933087,118.29126213592232,,580.0,309,3090.0,7,0.875,100.0,240.0,230.0,1060.0,1450.0,10.0,SJF,0.4101975684967375,41.01975684967375
2128,18.45748776003801,18.55748776003801,59,0.0042040557416513,8.388495093664394e-06,0.1498400769230769,0.0435601690985985,118.56410256410255,,590.0,312,3120.0,6,0.75,30.0,150.0,400.0,940.0,1600.0,0.0,SJF,0.4101975684967375,41.01975684967375
2129,18.466165469375124,18.566165469375125,67,0.0032096602666672,7.488643936318995e-06,0.1616713010471204,0.1251718077113396,115.53403141361257,,670.0,382,3820.0,8,1.0,190.0,100.0,610.0,1080.0,1840.0,0.0,SJF,0.4101975684967375,41.01975684967375
2130,18.474843178712234,18.57484317871224,68,0.0021400164348247,2.9139245682022803e-06,0.2889293021077283,6.06739552867888,111.44028103044496,,680.0,427,4270.0,8,1.0,510.0,150.0,640.0,910.0,2060.0,0.0,SJF,0.41250259941779527,41.250259941779525
2131,18.48352088804935,18.58352088804935,52,0.0032476093160363,8.592044867566527e-06,0.1769584128113878,0.0815062225535075,116.0035587188612,,520.0,281,2810.0,7,0.875,60.0,110.0,450.0,430.0,1760.0,0.0,SJF,0.4101975684967375,41.01975684967375
2132,18.49219859738646,18.59219859738646,46,0.002804629113541,7.586715173754618e-06,0.7095830000000001,16.878420490585032,113.35668789808918,,460.0,157,1570.0,7,0.875,160.0,150.0,570.0,70.0,620.0,0.0,SJF,0.4325336769793859,43.253367697938586
2133,18.500876306723573,18.60087630672357,26,0.0025873438918116,4.069851726123675e-06,0.3506870382513661,2.2194168958127416,118.06010928961749,,260.0,183,1830.0,6,0.75,40.0,100.0,290.0,80.0,1310.0,10.0,SJF,0.41896542635042183,41.89654263504218
2134,18.509554016060683,18.609554016060684,33,0.0031839596968929,5.1500153057610885e-06,0.2101156912442396,0.5893798560389364,118.57603686635944,,330.0,217,2170.0,5,0.625,0.0,80.0,220.0,80.0,1790.0,0.0,SJF,0.4101975684967375,41.01975684967375
2135,18.5182317253978,18.6182317253978,27,0.004425379713314,7.268578876677565e-06,3.5555799527027023,1568.2034850075902,117.0,,270.0,148,1480.0,6,0.75,10.0,100.0,190.0,90.0,1090.0,0.0,SJF,0.5038215066767685,50.382150667676854
2136,18.52690943473491,18.626909434734912,19,0.0027011611598257,5.52143620262636e-06,0.4467810866141732,1.5399491089636037,114.26771653543308,,190.0,127,1270.0,6,0.75,10.0,250.0,300.0,250.0,460.0,0.0,SJF,0.40076686106167786,40.076686106167784
2137,18.53558714407202,18.635587144072023,8,0.0026435258029784,2.872718007963258e-06,0.26671428125,1.003253937006283,111.984375,,80.0,128,1280.0,5,0.625,10.0,520.0,80.0,400.0,270.0,0.0,SJF,0.3485449170835346,34.85449170835346
2138,18.544264853409132,18.644264853409137,21,0.0030644921622935,5.567456566113316e-06,69.7579569859155,624025.4297898624,114.62676056338027,,210.0,142,1420.0,6,0.75,180.0,340.0,480.0,210.0,210.0,0.0,SJF,0.6099859516028626,60.998595160286264
2139,18.55294256274625,18.652942562746247,17,0.0033681930184599,4.251268836529166e-06,0.923512150943396,8.34732779899536,113.94339622641508,,170.0,53,530.0,4,0.5,60.0,80.0,250.0,0.0,140.0,0.0,SJF,0.4176959383956495,41.76959383956495
2140,18.56162027208336,18.66162027208336,6,0.004153574583307,7.88514562481022e-06,1.6433797222222222,8.915205872241152,101.0,,60.0,18,180.0,3,0.375,20.0,30.0,90.0,30.0,10.0,0.0,SJF,0.3176171692313171,31.76171692313171
2141,18.57029798142047,18.67029798142047,11,0.0043225370340755,3.402031262117499e-06,0.5288047894736841,0.7691777974163871,114.52631578947368,,110.0,38,380.0,4,0.5,70.0,80.0,130.0,20.0,80.0,0.0,SJF,0.3802153999939187,38.02153999939187
2142,18.578975690757584,18.678975690757586,16,0.002050483679916,4.017177644999071e-06,1.3851610303030304,9.67833299877428,108.75757575757576,,160.0,33,330.0,4,0.5,20.0,70.0,100.0,40.0,100.0,0.0,SJF,0.41851212191192905,41.85121219119291
2143,18.58765340009469,18.687653400094696,11,0.0050719006325779,9.655121355054976e-06,1.05756664,2.4225048309514903,112.24,,110.0,25,250.0,4,0.5,10.0,50.0,80.0,20.0,90.0,0.0,SJF,0.3802153999939187,38.02153999939187
2144,18.59633110943181,18.69633110943181,21,0.0041334790443819,5.429358794911572e-06,0.4238957234042553,0.7475297306140731,113.12765957446808,,210.0,94,940.0,4,0.5,130.0,190.0,380.0,80.0,160.0,0.0,SJF,0.4166224490944978,41.66224490944978
2145,18.60500881876892,18.70500881876892,13,0.003523217384927,3.6351120778550368e-06,1.0733159743589742,3.830543151852447,117.33333333333331,,130.0,39,390.0,4,0.5,0.0,90.0,160.0,0.0,140.0,0.0,SJF,0.4034346142803658,40.34346142803658
2146,18.613686528106037,18.713686528106035,7,0.0045851238939665,4.78147668779292e-06,1.3274255714285714,4.525006241887658,107.33333333333331,,70.0,21,210.0,4,0.5,10.0,40.0,130.0,0.0,30.0,0.0,SJF,0.3224591723178662,32.24591723178662
2147,18.622364237443147,18.72236423744315,8,0.0031986199318532,4.51618044961039e-06,2.3238784,15.539707851741117,118.53333333333332,,80.0,15,150.0,4,0.5,0.0,50.0,60.0,0.0,40.0,0.0,SJF,0.3813437698695148,38.13437698695148
2148,18.631041946780257,18.73104194678026,6,0.0017646343864097,2.8303763107167164e-06,4.7590365625,51.50795104720786,119.8125,,60.0,16,160.0,4,0.5,0.0,50.0,70.0,0.0,40.0,0.0,SJF,0.3424147604276366,34.24147604276366
2149,18.63971965611737,18.739719656117373,0,,0.0,,0.0,,,0.0,0,0.0,0,0.0,0.0,0.0,0.0,0.0,0.0,0.0,RR,0.46263451357794594,46.263451357794594
2150,18.64839736545448,18.748397365454483,15,0.0057790544788517,4.975040361441043e-06,0.6820026774193548,0.8787545657525591,116.35483870967742,,150.0,31,310.0,4,0.5,20.0,70.0,120.0,20.0,80.0,0.0,SJF,0.4021799205030373,40.21799205030373
2151,18.6570750747916,18.7570750747916,17,0.0030158492672276,5.26759861144204e-06,0.9254360847457628,4.751114489081561,116.22033898305084,,170.0,59,590.0,4,0.5,50.0,120.0,280.0,0.0,140.0,0.0,SJF,0.4077502405806904,40.77502405806904
2152,18.665752784128703,18.765752784128708,9,0.0061098996490712,1.734080488023136e-07,2.1646780454545453,27.34684208808366,112.3181818181818,,90.0,22,220.0,4,0.5,10.0,20.0,110.0,20.0,60.0,0.0,SJF,0.36673062445989496,36.673062445989494
2153,18.67443049346582,18.77443049346582,4,0.0047988225341804,3.463898367933735e-07,0.6684866666666667,0.9722968257149412,118.77777777777776,,40.0,18,180.0,3,0.375,0.0,60.0,80.0,0.0,40.0,0.0,SJF,0.30820371509443695,30.820371509443696
2154,18.68310820280293,18.78310820280293,7,0.0007533376256405,6.936132036700342e-07,0.8990468666666668,2.437786123258603,118.53333333333332,,70.0,30,300.0,3,0.375,30.0,90.0,140.0,0.0,40.0,0.0,SJF,0.32179359727046275,32.179359727046275
2155,18.691785912140045,18.79178591214005,9,0.0030577610821779,7.919772271990506e-06,1.8051714583333331,3.7774100445189553,116.25,,90.0,24,240.0,4,0.5,0.0,70.0,110.0,10.0,50.0,0.0,SJF,0.3503984142931253,35.03984142931253
2156,18.700463621477155,18.80046362147716,9,0.0043053469672895,4.150306904493756e-06,1.8816087777777777,6.9970822799343,109.5,,90.0,18,180.0,4,0.5,10.0,40.0,60.0,20.0,50.0,0.0,SJF,0.3579603445476826,35.79603445476826
2157,18.70914133081427,18.80914133081427,10,0.0040311826857308,9.644985837668116e-06,1.227633964285714,3.4771367012205547,119.17857142857144,,100.0,28,280.0,4,0.5,0.0,100.0,110.0,0.0,70.0,0.0,SJF,0.3572605643203,35.72605643203
2158,18.717819040151383,18.817819040151385,9,0.0029805011819499,1.688918756431148e-06,1.3596327499999998,3.692009647738197,108.25,,90.0,20,200.0,4,0.5,10.0,30.0,90.0,10.0,60.0,0.0,SJF,0.3503984142931253,35.03984142931253
2159,18.726496749488494,18.82649674948849,12,0.0024832647615067,3.7833519023692114e-06,0.8657621707317072,2.080600881809495,118.3170731707317,,120.0,41,410.0,4,0.5,0.0,110.0,150.0,10.0,140.0,0.0,SJF,0.3950742908743124,39.50742908743124
2160,18.735174458825608,18.83517445882561,6,0.0014753946743925,1.482213454981965e-06,5.767142,81.60319473582322,117.25,,60.0,16,160.0,4,0.5,0.0,30.0,80.0,0.0,50.0,0.0,SJF,0.3357516137191552,33.57516137191552
2161,18.74385216816272,18.84385216816272,0,,0.0,,0.0,,,0.0,0,0.0,0,0.0,0.0,0.0,0.0,0.0,0.0,0.0,RR,0.46263451357794594,46.263451357794594
2162,18.752529877499832,18.852529877499837,6,0.0074370423335015,3.295072775159421e-07,1.2911458333333334,3.7791722868050615,120.0,,60.0,12,120.0,4,0.5,0.0,30.0,50.0,0.0,40.0,0.0,SJF,0.31060775096213433,31.060775096213433
2163,18.761207586836942,18.861207586836944,13,0.0041798297015191,7.063729486659195e-06,1.2029718529411766,5.083037028366736,116.79411764705884,,130.0,34,340.0,4,0.5,0.0,90.0,150.0,20.0,80.0,0.0,SJF,0.40248396730099967,40.24839673009997
2164,18.769885296174056,18.869885296174058,5,0.0021648842259438,7.981720763698599e-07,3.577488333333333,19.84277945580625,117.55555555555556,,50.0,9,90.0,3,0.375,0.0,10.0,50.0,0.0,30.0,0.0,SJF,0.3484898261410532,34.848982614105324
2165,18.778563005511167,18.878563005511168,5,0.0033498308888333,1.8654294342352403e-06,2.860503416666667,20.243421621720994,118.16666666666669,,50.0,12,120.0,4,0.5,0.0,50.0,50.0,0.0,20.0,0.0,SJF,0.347397145782194,34.7397145782194
2166,18.78724071484828,18.88724071484828,7,0.0017542777231476,1.0615054379521868e-06,3.415605,45.00402125376866,105.3076923076923,,70.0,13,130.0,3,0.375,0.0,0.0,50.0,20.0,60.0,0.0,SJF,0.3443930463034966,34.43930463034966
2167,18.79591842418539,18.895918424185396,9,0.0029614759257196,5.175781528215252e-06,2.1139747368421054,18.20261355128776,112.42105263157896,,90.0,19,190.0,3,0.375,10.0,30.0,90.0,0.0,60.0,0.0,SJF,0.3810236168532058,38.10236168532058
2168,18.804596133522505,18.904596133522507,6,0.004347782644162,8.978733618757276e-06,0.6093945625,0.4006432170635958,118.8125,,60.0,16,160.0,2,0.25,0.0,60.0,50.0,10.0,40.0,0.0,SJF,0.3101566295543631,31.01566295543631
2169,18.81327384285962,18.91327384285962,8,0.0021235716403809,5.299184890013646e-06,3.002249375,15.739583173017987,115.6875,,80.0,16,160.0,4,0.5,0.0,50.0,80.0,0.0,30.0,0.0,SJF,0.37939173745545124,37.939173745545126
2170,18.82195155219673,18.92195155219673,5,0.0024002946032702,1.5219932294987845e-07,7.019367571428572,142.59330091899463,116.85714285714286,,50.0,7,70.0,3,0.375,0.0,20.0,30.0,0.0,20.0,0.0,SJF,0.345741927795153,34.5741927795153
2171,18.830629261533844,18.930629261533845,7,0.0033968846090139,6.20069238647894e-06,1.9927994166666665,6.255916405509901,107.33333333333331,,70.0,12,120.0,3,0.375,10.0,30.0,40.0,0.0,40.0,0.0,SJF,0.3270647451992522,32.70647451992522
2172,18.839306970870958,18.939306970870955,3,0.0008676744623793,1.3966186229073186e-07,8.622396,59.961745444716,119.6,,30.0,5,50.0,3,0.375,0.0,10.0,30.0,0.0,10.0,0.0,SJF,0.36852571759739206,36.852571759739206
2173,18.847984680208068,18.94798468020807,5,0.0064040833919321,6.736109784004311e-06,1.3525114444444446,2.386682274126028,104.0,,50.0,9,90.0,3,0.375,10.0,20.0,40.0,0.0,20.0,0.0,SJF,0.30820371509443695,30.820371509443696
2174,18.85666238954518,18.95666238954518,19,0.0037643793495586,6.664401832006919e-06,0.6363679433962264,1.0050700706068236,114.73584905660375,,190.0,53,530.0,4,0.5,0.0,110.0,180.0,60.0,180.0,0.0,SJF,0.40076686106167786,40.076686106167784
2175,18.86534009888229,18.965340098882294,33,0.0024095734813437,3.252729655142915e-06,0.6585664262295081,1.8595654495683824,114.9672131147541,,330.0,61,610.0,4,0.5,20.0,60.0,130.0,60.0,340.0,0.0,SJF,0.4101975684967375,41.01975684967375
2176,18.874017808219403,18.974017808219404,8,0.0021685126555972,3.0300446039640877e-06,1.5214610526315788,5.085367583825053,110.21052631578948,,80.0,19,190.0,4,0.5,10.0,40.0,90.0,0.0,50.0,0.0,SJF,0.3490900895876685,34.909008958766854
2177,18.88269551755652,18.98269551755652,12,0.0026776477768161,3.413721961869673e-06,0.9722017272727272,1.5032603301854546,118.66666666666669,,120.0,33,330.0,4,0.5,30.0,100.0,140.0,0.0,60.0,0.0,SJF,0.3950742908743124,39.50742908743124
2178,18.891373226893627,18.99137322689363,12,0.0024075905230388,6.131316202347738e-06,0.9423900555555556,3.186108974095312,112.94444444444444,,120.0,36,360.0,4,0.5,10.0,80.0,160.0,10.0,100.0,0.0,SJF,0.3950742908743124,39.50742908743124
2179,18.90005093623074,19.000050936230743,10,0.0015729002692587,4.594707736332642e-06,3.4854652,23.1348007540736,117.33333333333331,,100.0,15,150.0,4,0.5,0.0,20.0,60.0,0.0,70.0,0.0,SJF,0.3914765845448288,39.14765845448288
2180,18.90872864556785,19.008728645567857,7,0.005004368003573,6.452046819632746e-06,0.8795145,1.804549190563,119.21428571428572,,70.0,28,280.0,3,0.375,0.0,100.0,100.0,10.0,70.0,0.0,SJF,0.32179359727046275,32.179359727046275
2181,18.91740635490497,19.017406354904967,13,0.0051350440181113,7.793507648988672e-06,1.5059744166666666,4.186178520238165,116.45833333333331,,130.0,24,240.0,4,0.5,0.0,50.0,70.0,40.0,80.0,0.0,SJF,0.4034346142803658,40.34346142803658
2182,18.92608406424208,19.02608406424208,11,0.0037938167579202,5.598106404894878e-06,1.1199627857142855,4.623086235608025,110.75,,110.0,28,280.0,4,0.5,10.0,50.0,100.0,30.0,90.0,0.0,SJF,0.3798146576953274,37.98146576953274
2183,18.93476177357919,19.03476177357919,8,0.0014542867958096,3.3274971229449e-06,2.8269449428571427,49.29116467277688,114.68571428571428,,80.0,35,350.0,4,0.5,10.0,90.0,160.0,0.0,90.0,0.0,SJF,0.3749149089275003,37.49149089275003
2184,18.943439482916304,19.043439482916305,0,,0.0,,0.0,,,0.0,0,0.0,0,0.0,0.0,0.0,0.0,0.0,0.0,0.0,RR,0.46263451357794594,46.263451357794594
2185,18.95211719225341,19.052117192253416,4,0.0031877874965857,2.43113508499008e-06,2.522792875,15.834587117794692,102.0,,40.0,8,80.0,2,0.25,10.0,10.0,40.0,0.0,20.0,0.0,SJF,0.3393588368071295,33.935883680712955
2186,18.96079490159053,19.06079490159053,6,0.004317434742805,9.638458532297494e-06,1.995662909090909,18.03820826201028,119.95454545454544,,60.0,22,220.0,4,0.5,0.0,60.0,90.0,0.0,70.0,0.0,SJF,0.33452511429330234,33.45251142933024
2187,18.96947261092764,19.06947261092764,5,0.0057749442723611,1.0383038124676234e-05,2.5836632222222224,11.676445307444691,117.55555555555556,,50.0,9,90.0,3,0.375,0.0,30.0,50.0,0.0,10.0,0.0,SJF,0.32510575811045933,32.51057581104593
2188,18.978150320264756,19.078150320264758,9,0.0048210380685805,9.356966769803105e-06,2.0402939285714288,11.531433927033609,118.42857142857144,,90.0,14,140.0,4,0.5,0.0,40.0,50.0,10.0,40.0,0.0,SJF,0.3607811970421082,36.07811970421082
2189,18.986828029601863,19.086828029601865,11,0.0046004288526827,7.413415663470838e-06,0.7709913793103449,1.082444665296458,118.27586206896552,,110.0,29,290.0,4,0.5,0.0,50.0,100.0,30.0,110.0,0.0,SJF,0.3802153999939187,38.02153999939187
2190,18.995505738938977,19.09550573893898,11,0.0027303096973867,1.1951233507425684e-05,0.4873444927536232,1.448900317642754,118.68115942028986,,110.0,69,690.0,4,0.5,60.0,100.0,150.0,170.0,210.0,0.0,SJF,0.3802153999939187,38.02153999939187
2191,19.00418344827609,19.104183448276093,16,0.0026232923489086,6.004273518901013e-06,0.9824496304347826,13.302625312320089,116.58695652173913,,160.0,92,920.0,6,0.75,120.0,200.0,370.0,80.0,150.0,0.0,SJF,0.4320629528989248,43.20629528989248
2192,19.0128611576132,19.112861157613203,11,0.0023708616595256,3.78173084935267e-06,1.890340666666667,7.6378322144741455,111.91666666666669,,110.0,24,240.0,4,0.5,10.0,40.0,120.0,0.0,70.0,0.0,SJF,0.38698385729762796,38.6983857297628
2193,19.02153886695032,19.12153886695032,10,0.0056532246496843,7.2038792474553645e-06,1.5708529375,5.245620380632995,118.625,,100.0,16,160.0,4,0.5,0.0,30.0,80.0,0.0,50.0,0.0,SJF,0.35714148686358876,35.714148686358875
2194,19.030216576287422,19.130216576287427,14,0.003128237855431,4.427506021722878e-06,17.763469647058823,7213.866920433639,114.23529411764706,,140.0,34,340.0,6,0.75,10.0,110.0,140.0,10.0,70.0,0.0,SJF,0.5702822951098678,57.02822951098678
2195,19.03889428562454,19.13889428562454,6,0.0027075125421263,9.436819356508674e-06,2.287723588235294,13.696381809723386,115.76470588235294,,60.0,17,170.0,4,0.5,10.0,50.0,60.0,10.0,40.0,0.0,SJF,0.33512026142274204,33.5120261422742
2196,19.04757199496165,19.14757199496165,11,0.0041773346747129,1.2242376117807432e-05,1.1918790384615383,6.047579025471001,114.15384615384616,,110.0,26,260.0,4,0.5,0.0,30.0,90.0,20.0,120.0,0.0,SJF,0.3846167404180487,38.46167404180487
2197,19.056249704298764,19.15624970429877,13,0.0043416143935435,5.0875394086675134e-06,1.27329792,3.3242618957744097,110.24,,130.0,25,250.0,4,0.5,10.0,20.0,100.0,10.0,110.0,0.0,SJF,0.4030651809775221,40.30651809775221
2198,19.064927413635875,19.16492741363588,10,0.0031751050641254,7.483759609905217e-06,2.182507848484849,19.176452587931323,118.63636363636364,,100.0,33,330.0,4,0.5,0.0,100.0,140.0,0.0,90.0,0.0,SJF,0.39116260099987493,39.11626009998749
2199,19.07360512297299,19.17360512297299,3,0.007325321027011,1.377240125286129e-07,3.98458325,16.688807175205586,118.0,,30.0,4,40.0,2,0.25,0.0,0.0,20.0,0.0,20.0,0.0,SJF,0.33032998706480393,33.03299870648039
2200,19.082282832310103,19.182282832310104,5,0.0062910246898979,8.601045757637016e-08,1.3244753076923077,3.611150691228565,120.0,,50.0,13,130.0,4,0.5,0.0,60.0,50.0,0.0,20.0,0.0,SJF,0.30865483650220815,30.865483650220817
2201,19.090960541647213,19.19096054164721,13,0.0036159613527865,4.775744379083841e-06,0.5754422181818182,1.0989661884415072,118.16363636363636,,130.0,55,550.0,4,0.5,30.0,130.0,240.0,10.0,140.0,0.0,SJF,0.4030651809775221,40.30651809775221
2202,19.099638250984327,19.19963825098433,18,0.0036818835156729,6.24143887469662e-06,9.109779195652177,3232.351029440824,115.08695652173913,,180.0,46,460.0,5,0.625,10.0,80.0,160.0,30.0,180.0,0.0,SJF,0.5259318429358566,52.59318429358566
2203,19.10831596032144,19.20831596032144,15,0.0031038968785622,1.0494547340861545e-05,1.3677319032258066,3.633649607627758,113.6774193548387,,150.0,31,310.0,4,0.5,0.0,50.0,140.0,10.0,110.0,0.0,SJF,0.4024536737282366,40.24536737282366
2204,19.11699366965855,19.216993669658557,8,0.0026760953414477,5.561822692081943e-06,1.341662777777778,4.09139453499172,118.37037037037037,,80.0,27,270.0,4,0.5,0.0,90.0,120.0,10.0,50.0,0.0,SJF,0.3489143503863783,34.89143503863783
2205,19.125671378995666,19.225671378995663,12,0.0036483619210046,1.653412325993997e-06,3.4604340416666672,96.41123566947908,116.125,,120.0,24,240.0,4,0.5,0.0,60.0,90.0,10.0,80.0,0.0,SJF,0.42093926680565674,42.09392668056567
2206,19.134349088332776,19.234349088332777,6,0.0049475100005581,5.91014255235201e-07,0.9231965625,1.5037596845219956,119.9375,,60.0,16,160.0,3,0.375,0.0,50.0,60.0,0.0,50.0,0.0,SJF,0.3101566295543631,31.01566295543631
2207,19.143026797669886,19.243026797669888,5,0.0009232677301135,6.595929773889786e-07,4.961605916666667,71.0879345184561,119.91666666666669,,50.0,12,120.0,3,0.375,0.0,30.0,50.0,0.0,40.0,0.0,SJF,0.33025127236430146,33.025127236430144
2208,19.151704507007,19.251704507007,0,,0.0,,0.0,,,0.0,0,0.0,0,0.0,0.0,0.0,0.0,0.0,0.0,0.0,RR,0.46263451357794594,46.263451357794594
2209,19.16038221634411,19.260382216344112,5,0.0039630366558895,2.8326331165759177e-06,3.320922235294117,62.3477800193682,119.88235294117646,,50.0,17,170.0,3,0.375,10.0,60.0,70.0,0.0,30.0,0.0,SJF,0.32894189043461564,32.894189043461566
2210,19.169059925681225,19.269059925681223,3,0.0005606399854419,2.8564600786153213e-07,0.9793986363636364,4.433327364443255,120.0,,30.0,11,110.0,1,0.125,0.0,30.0,40.0,0.0,40.0,0.0,SJF,0.3088692901418403,30.886929014184027
2211,19.17773763501834,19.27773763501834,7,0.0039830494102319,5.301869790085904e-06,2.8919756666666667,23.99514244610153,117.06666666666666,,70.0,15,150.0,3,0.375,0.0,50.0,70.0,0.0,30.0,0.0,SJF,0.355431377746172,35.5431377746172
2212,19.18641534435545,19.28641534435545,3,0.0061098563112172,2.502840960235576e-07,0.5615278333333333,0.3196308842749666,120.0,,30.0,6,60.0,1,0.125,0.0,20.0,20.0,0.0,20.0,0.0,SJF,0.30820371509443695,30.820371509443696
2213,19.195093053692563,19.295093053692565,11,0.0026340270347091,4.674028004347439e-06,1.319800964285714,6.8995304626638125,118.21428571428572,,110.0,28,280.0,4,0.5,0.0,60.0,120.0,10.0,90.0,0.0,SJF,0.3883144279308282,38.83144279308282
2214,19.203770763029677,19.303770763029675,14,0.0044308217560407,1.0939985519366604e-05,1.2555615,4.7228845204098056,121.75,,140.0,32,320.0,4,0.5,0.0,40.0,150.0,10.0,120.0,0.0,SJF,0.396447285067248,39.6447285067248
2215,19.212448472366788,19.31244847236679,8,0.0025207651332124,5.090938070186198e-06,1.1637703913043478,2.9821514555367035,118.08695652173913,,80.0,23,230.0,3,0.375,0.0,50.0,110.0,0.0,70.0,0.0,SJF,0.3485449170835346,34.85449170835346
2216,19.221126181703895,19.3211261817039,13,0.0030443076807171,6.6581104105264845e-06,1.123776870967742,2.854344169698249,118.5483870967742,,130.0,31,310.0,4,0.5,0.0,80.0,130.0,10.0,90.0,0.0,SJF,0.4030651809775221,40.30651809775221
2217,19.22980389104101,19.329803891041013,20,0.0028294349089879,3.094636687843044e-06,0.8255627173913043,1.774980283788163,115.71739130434784,,200.0,46,460.0,4,0.5,10.0,90.0,150.0,40.0,170.0,0.0,SJF,0.41466816996714057,41.46681699671406
2218,19.23848160037812,19.338481600378124,11,0.0033195996218773,5.0613057704637765e-06,0.7951815428571429,1.4739247310745494,117.28571428571428,,110.0,35,350.0,4,0.5,0.0,110.0,140.0,0.0,100.0,0.0,SJF,0.3802153999939187,38.02153999939187
2219,19.24715930971524,19.34715930971524,17,0.0015419635200575,2.3663978048350635e-06,1.2546242857142855,16.18401986205362,114.23809523809524,,170.0,42,420.0,4,0.5,10.0,60.0,200.0,10.0,140.0,0.0,SJF,0.44815926717212584,44.815926717212584
2220,19.255837019052347,19.35583701905235,10,0.0028608745476528,6.910804141275707e-06,1.0004536129032258,1.8065801598297788,114.61290322580643,,100.0,31,310.0,3,0.375,0.0,80.0,130.0,10.0,90.0,0.0,SJF,0.3568094429125288,35.68094429125288
2221,19.26451472838946,19.364514728389462,11,0.0029912395196295,2.6016474422958937e-06,0.8229885172413793,1.8143738908313307,116.03448275862068,,110.0,29,290.0,3,0.375,0.0,80.0,110.0,10.0,90.0,0.0,SJF,0.3802153999939187,38.02153999939187
2222,19.27319243772657,19.373192437726576,23,0.0050882704473382,8.6863532755905e-06,0.5502427627118645,0.4810944237267357,118.79661016949152,,230.0,59,590.0,4,0.5,0.0,120.0,200.0,50.0,200.0,20.0,SJF,0.41346947201252326,41.34694720125233
2223,19.281870147063685,19.381870147063687,14,0.0032608016506002,8.757839625664716e-06,0.8628926410256411,1.8149710164198156,114.94871794871794,,140.0,39,390.0,4,0.5,10.0,30.0,110.0,80.0,160.0,0.0,SJF,0.39702849874377044,39.702849874377044
2224,19.2905478564008,19.3905478564008,24,0.0027240936408675,4.693723751128608e-06,0.4288522222222222,0.319465163808425,117.60493827160494,,240.0,81,810.0,4,0.5,30.0,190.0,350.0,20.0,220.0,0.0,SJF,0.4131270486772409,41.312704867724094
2225,19.29922556573791,19.39922556573791,12,0.0027407635954235,8.355650478951914e-06,1.20464353125,3.5782127066158056,117.4375,,120.0,32,320.0,4,0.5,0.0,70.0,150.0,10.0,90.0,0.0,SJF,0.39552541228208377,39.552541228208376
2226,19.307903275075024,19.407903275075025,13,0.0028283760018994,4.655147274635536e-06,1.66451828125,8.54043207827634,115.96875,,130.0,32,320.0,4,0.5,0.0,90.0,140.0,0.0,90.0,0.0,SJF,0.40652353786197826,40.65235378619783
2227,19.31658098441213,19.416580984412136,4,0.0027779925878661,9.486566564586842e-06,1.0070592307692308,6.443921993232195,120.0,,40.0,13,130.0,2,0.25,0.0,50.0,40.0,0.0,40.0,0.0,SJF,0.3159790820312143,31.597908203121428
2228,19.325258693749248,19.42525869374925,5,0.0006502778507517,9.533848842620273e-08,3.2453819333333334,31.34664448172163,119.86666666666666,,50.0,15,150.0,4,0.5,0.0,40.0,70.0,0.0,40.0,0.0,SJF,0.3311178586948881,33.111785869488806
2229,19.33393640308636,19.43393640308636,9,0.0030155105803086,4.190733348764423e-06,1.7366173684210526,16.457690820217913,109.6842105263158,,90.0,19,190.0,3,0.375,30.0,20.0,80.0,20.0,40.0,0.0,SJF,0.3755861102856422,37.55861102856422
2230,19.342614112423476,19.442614112423477,11,0.005042111031073,9.5171889142484e-06,1.496362777777778,3.651873317091006,112.72222222222224,,110.0,18,180.0,3,0.375,0.0,50.0,60.0,10.0,60.0,0.0,SJF,0.38066652140169,38.066652140169
2231,19.351291821760583,19.451291821760584,11,0.0042426735121445,8.65655695577608e-06,0.7579194210526315,0.8984326570181964,110.15789473684212,,110.0,38,380.0,4,0.5,0.0,30.0,130.0,0.0,220.0,0.0,SJF,0.3802153999939187,38.02153999939187
2232,19.359969531097697,19.4599695310977,16,0.003125031589803,9.0971875999377e-06,0.93671042,1.5489790992040855,116.12,,160.0,50,500.0,4,0.5,10.0,60.0,200.0,40.0,190.0,0.0,SJF,0.40822418707477015,40.82241870747701
2233,19.36864724043481,19.46864724043481,9,0.0043085623429668,4.249337545815622e-06,0.682807,1.3184733816561622,115.10526315789474,,90.0,38,380.0,4,0.5,0.0,130.0,140.0,10.0,100.0,0.0,SJF,0.3499472928853541,34.99472928853541
2234,19.37732494977192,19.477324949771923,11,0.002961661955351,4.8106083994633006e-06,0.644842693877551,0.5319586590195919,118.9795918367347,,110.0,49,490.0,4,0.5,0.0,50.0,150.0,90.0,200.0,0.0,SJF,0.3802153999939187,38.02153999939187
2235,19.386002659109035,19.48600265910904,13,0.0022077700448108,5.68923812118304e-06,0.9992553513513514,1.5198840191455676,118.97297297297295,,130.0,37,370.0,4,0.5,0.0,40.0,180.0,0.0,150.0,0.0,SJF,0.4030651809775221,40.30651809775221
2236,19.394680368446146,19.494680368446147,17,0.0037769769656194,9.286908293544824e-06,0.718767744680851,1.1517877792062812,116.91489361702128,,170.0,47,470.0,4,0.5,0.0,110.0,170.0,30.0,160.0,0.0,SJF,0.40928643228013906,40.928643228013904
2237,19.40335807778326,19.50335807778326,8,0.0020295318417407,4.036176698388837e-06,2.3637629375,8.141940996941395,113.1875,,80.0,16,160.0,4,0.5,0.0,30.0,70.0,10.0,50.0,0.0,SJF,0.35483856813947545,35.48385681394755
2238,19.41203578712037,19.51203578712037,8,0.0012283002546298,1.57791540403406e-06,2.9269062666666668,20.82123825195593,116.93333333333334,,80.0,15,150.0,4,0.5,0.0,40.0,70.0,0.0,40.0,0.0,SJF,0.3783754487831963,37.837544878319626
2239,19.420713496457484,19.52071349645749,12,0.0048972858758501,4.618878198066433e-06,0.5509946829268293,0.530259235191822,117.53658536585364,,120.0,41,410.0,4,0.5,10.0,110.0,160.0,10.0,120.0,0.0,SJF,0.3950742908743124,39.50742908743124
2240,19.429391205794595,19.5293912057946,15,0.0023367728054054,2.329727184683121e-06,0.5701763508771929,0.5881422320183392,116.3859649122807,,150.0,57,570.0,4,0.5,20.0,70.0,180.0,100.0,200.0,0.0,SJF,0.4021799205030373,40.21799205030373
2241,19.43806891513171,19.53806891513171,15,0.0017965044682914,4.339300635120727e-06,0.8405046222222222,1.875863639840695,115.97777777777776,,150.0,45,450.0,4,0.5,10.0,70.0,200.0,0.0,170.0,0.0,SJF,0.4021799205030373,40.21799205030373
2242,19.44674662446882,19.54674662446882,17,0.0035727306488279,6.291200237703303e-06,0.8642895384615386,1.7686872512371494,113.66666666666669,,170.0,39,390.0,4,0.5,10.0,80.0,150.0,0.0,150.0,0.0,SJF,0.40928643228013906,40.928643228013904
2243,19.455424333805933,19.55542433380593,7,0.0012754204797812,2.220824099146115e-06,2.389712058823529,11.854398309067935,116.11764705882354,,70.0,17,170.0,4,0.5,0.0,40.0,90.0,0.0,40.0,0.0,SJF,0.3372373388443232,33.72373388443232
2244,19.464102043143047,19.56410204314305,18,0.0042269221347304,5.587043731223671e-06,0.5746656,0.603486544597102,113.14,,180.0,50,500.0,4,0.5,40.0,50.0,160.0,70.0,180.0,0.0,SJF,0.40460030818780496,40.460030818780496
2245,19.47277975248016,19.57277975248016,18,0.0019952053531763,3.663973940733556e-06,0.4566975,0.3818831252424933,117.8157894736842,,180.0,76,760.0,4,0.5,80.0,160.0,270.0,100.0,150.0,0.0,SJF,0.40460030818780496,40.460030818780496
2246,19.48145746181727,19.581457461817276,31,0.0034805346020836,6.464201499557518e-06,0.3287912830188679,0.1941025202204334,115.16037735849056,,310.0,106,1060.0,4,0.5,80.0,130.0,220.0,200.0,430.0,0.0,SJF,0.4101975684967375,41.01975684967375
2247,19.49013517115438,19.590135171154383,56,0.0037464954349037,5.201708230674795e-06,0.3118628321167883,0.482571837474935,115.98540145985402,,560.0,137,1370.0,5,0.625,30.0,70.0,310.0,200.0,750.0,10.0,SJF,0.4101975684967375,41.01975684967375
2248,19.498812880491496,19.598812880491497,33,0.0031432405388073,5.525492938672511e-06,0.6725163820224719,7.420855322738243,109.438202247191,,330.0,89,890.0,5,0.625,150.0,110.0,220.0,70.0,340.0,0.0,SJF,0.4122402835597885,41.224028355978845
2249,19.50749058982861,19.607490589828608,28,0.0040758478856796,8.322749299134634e-06,0.2254961959459459,0.5767448381964716,95.52702702702705,,280.0,148,1480.0,4,0.5,460.0,90.0,620.0,30.0,280.0,0.0,SJF,0.4078576763329254,40.785767633292544
2250,19.51616829916572,19.61616829916572,35,0.0033839120057083,6.717999770125295e-06,0.4453909310344827,0.8305563479012046,113.65517241379312,,350.0,87,870.0,4,0.5,30.0,100.0,390.0,10.0,340.0,0.0,SJF,0.4101975684967375,41.01975684967375
2251,19.52484600850283,19.624846008502832,30,0.0032328242305026,5.13601183981784e-06,0.7912938130841121,6.992178156075529,111.6355140186916,,300.0,107,1070.0,6,0.75,40.0,100.0,320.0,140.0,470.0,0.0,SJF,0.41096872639652376,41.096872639652375
2252,19.533523717839945,19.633523717839942,29,0.0041459028841933,5.549146256214968e-06,0.4160071818181818,0.4607699829333875,114.7012987012987,,290.0,77,770.0,4,0.5,0.0,100.0,240.0,90.0,330.0,10.0,SJF,0.4063031747548861,40.63031747548861
2253,19.54220142717705,19.642201427177056,27,0.0032715359710932,5.227818691972691e-06,1.435292506849315,33.25462031759414,115.16438356164385,,270.0,73,730.0,6,0.75,10.0,70.0,250.0,70.0,330.0,0.0,SJF,0.4512000650461745,45.12000650461745
2254,19.55087913651417,19.65087913651417,13,0.0024602991012153,4.637569992367264e-06,0.8669627368421052,2.646811926218794,111.97368421052632,,130.0,38,380.0,4,0.5,10.0,80.0,150.0,10.0,130.0,0.0,SJF,0.4030651809775221,40.30651809775221
2255,19.559556845851283,19.659556845851284,10,0.001073552948717,1.830321382731818e-06,1.2988764642857142,3.7358959230661104,117.57142857142856,,100.0,28,280.0,4,0.5,0.0,70.0,130.0,0.0,80.0,0.0,SJF,0.3572605643203,35.72605643203
2256,19.568234555188397,19.668234555188395,12,0.0027602548949395,6.5972791321915485e-06,1.6015765,6.6946210788333,109.8846153846154,,120.0,26,260.0,4,0.5,10.0,50.0,110.0,0.0,90.0,0.0,SJF,0.40225426438691086,40.22542643869109
2257,19.576912264525507,19.67691226452551,13,0.0041251277052613,6.018598523440302e-06,0.920100052631579,2.4312500527289704,117.57894736842104,,130.0,38,380.0,5,0.625,20.0,100.0,160.0,20.0,80.0,0.0,SJF,0.4030651809775221,40.30651809775221
2258,19.585589973862614,19.68558997386262,28,0.0040970571730964,5.454361379918661e-06,2.1983659733333334,104.72338370013549,110.68,,280.0,75,750.0,6,0.75,30.0,80.0,200.0,130.0,310.0,0.0,SJF,0.46151670050075205,46.151670050075204
2259,19.59426768319973,19.694267683199733,16,0.0027497668627685,4.950572427059055e-06,0.4789241,0.3935014765549608,115.42857142857144,,160.0,70,700.0,4,0.5,70.0,100.0,230.0,90.0,210.0,0.0,SJF,0.40822418707477015,40.82241870747701
2260,19.60294539253684,19.702945392536844,22,0.0032807006904306,4.185692611557282e-06,0.6090715,0.9184062823750966,112.46551724137932,,220.0,58,580.0,4,0.5,30.0,90.0,210.0,60.0,190.0,0.0,SJF,0.4183366181620626,41.83366181620626
2261,19.61162310187396,19.71162310187396,17,0.0034407017142792,5.666644341680083e-06,1.0602434347826086,3.572457082911052,115.6086956521739,,170.0,46,460.0,4,0.5,10.0,80.0,170.0,20.0,180.0,0.0,SJF,0.4095601855053384,40.95601855053384
2262,19.620300811211067,19.720300811211068,15,0.0051362575222666,4.504694875910756e-06,0.911869,1.8984899360296,111.6923076923077,,150.0,26,260.0,4,0.5,10.0,50.0,100.0,0.0,100.0,0.0,SJF,0.4021799205030373,40.21799205030373
2263,19.62897852054818,19.728978520548186,13,0.0031940439133573,3.669604210068853e-06,1.371164404761905,8.724205183159174,118.38095238095238,,130.0,42,420.0,4,0.5,0.0,120.0,180.0,0.0,120.0,0.0,SJF,0.4077679829648829,40.776798296488295
2264,19.63765622988529,19.73765622988529,2,0.0007401426147097,5.896219824523045e-09,4.890963500000001,45.7421351985405,120.0,,20.0,2,20.0,1,0.125,0.0,0.0,10.0,0.0,10.0,0.0,SJF,0.3322204963585748,33.22204963585748
2265,19.646333939222405,19.746333939222406,16,0.0031211899025946,5.037055427926204e-06,7.385343,815.2551064979233,111.82926829268293,,160.0,41,410.0,6,0.75,10.0,50.0,120.0,50.0,180.0,0.0,SJF,0.45451009766066564,45.45100976606656
2266,19.65501164855952,19.75501164855952,9,0.0029427072182587,5.478885944343916e-06,2.3196133846153844,16.415819157011526,119.76923076923076,,90.0,26,260.0,4,0.5,0.0,60.0,110.0,0.0,90.0,0.0,SJF,0.3755861102856422,37.55861102856422
2267,19.66368935789663,19.76368935789663,2,0.0010712076033705,2.408551572090697e-08,3.05113275,34.451710321060915,84.5,,20.0,4,40.0,1,0.125,10.0,0.0,20.0,0.0,10.0,0.0,SJF,0.3311178586948881,33.111785869488806
2268,19.672367067233743,19.772367067233745,12,0.0046510674329237,5.6810197133133295e-06,1.3286218076923078,4.876242320036322,111.73076923076924,,120.0,26,260.0,4,0.5,10.0,50.0,110.0,10.0,80.0,0.0,SJF,0.3944930771977899,39.44930771977899
2269,19.68104477657085,19.78104477657085,14,0.0047311720005746,9.43112878838797e-06,0.8360406,3.5280632681287343,118.56,,140.0,50,500.0,4,0.5,0.0,110.0,200.0,20.0,160.0,10.0,SJF,0.3974796201515417,39.74796201515417
2270,19.689722485907968,19.78972248590797,5,0.0023272042920325,7.171840291302274e-06,1.9239784615384616,3.662213755666936,116.6153846153846,,50.0,13,130.0,3,0.375,0.0,30.0,70.0,0.0,30.0,0.0,SJF,0.30865483650220815,30.865483650220817
2271,19.69840019524508,19.79840019524508,10,0.0038235211549217,5.145243722658273e-06,0.7363454722222222,1.4717752504828845,118.25,,100.0,36,360.0,4,0.5,30.0,120.0,130.0,20.0,60.0,0.0,SJF,0.3568094429125288,35.68094429125288
2272,19.707077904582192,19.807077904582197,14,0.0022260759178074,6.274208378533683e-06,1.462933105263158,13.84562944905518,117.84210526315788,,140.0,38,380.0,4,0.5,0.0,70.0,180.0,0.0,130.0,0.0,SJF,0.425959438358785,42.5959438358785
2273,19.715755613919303,19.815755613919304,10,0.0028966647806978,6.1647733513980185e-06,2.134568428571429,13.69953029670226,117.8095238095238,,100.0,21,210.0,3,0.375,0.0,60.0,100.0,0.0,50.0,0.0,SJF,0.3862906575131168,38.62906575131168
2274,19.724433323256417,19.824433323256414,5,0.0044971065435831,6.629755645390615e-07,0.8167604666666667,3.316129233931125,118.53333333333332,,50.0,15,150.0,2,0.25,10.0,50.0,60.0,0.0,30.0,0.0,SJF,0.30820371509443695,30.820371509443696
2275,19.733111032593527,19.83311103259353,10,0.0036301524064722,8.135004312252674e-06,1.917945413793104,14.9779876176329,113.55172413793105,,100.0,29,290.0,4,0.5,10.0,70.0,130.0,0.0,80.0,0.0,SJF,0.3914079197360136,39.14079197360136
2276,19.74178874193064,19.84178874193064,6,0.0024067539026919,3.5219724724610324e-06,2.924392333333333,19.27169665463125,114.55555555555556,,60.0,9,90.0,2,0.25,0.0,0.0,30.0,10.0,50.0,0.0,SJF,0.34658920893070017,34.65892089307002
2277,19.750466451267755,19.85046645126776,14,0.0062165619465311,1.018756521520192e-06,0.8770089285714285,2.59642098859318,116.42857142857144,,140.0,28,280.0,4,0.5,0.0,70.0,100.0,20.0,90.0,0.0,SJF,0.39702849874377044,39.702849874377044
2278,19.759144160604865,19.859144160604867,10,0.0033654671951346,4.3342746419517575e-06,2.296579875,16.528256334731942,112.125,,100.0,24,240.0,4,0.5,10.0,40.0,120.0,0.0,70.0,0.0,SJF,0.37556506739927437,37.556506739927435
2279,19.76782186994198,19.86782186994198,5,0.0080686640580211,3.82601406396294e-07,2.946119875,12.462481966475838,119.75,,50.0,8,80.0,4,0.5,0.0,20.0,40.0,0.0,20.0,0.0,SJF,0.3333979450749894,33.33979450749894
2280,19.77649957927909,19.87649957927909,9,0.0054840068320207,1.0278226418766198e-05,0.6913604,1.9140026135135004,112.48,,90.0,25,250.0,4,0.5,10.0,60.0,100.0,10.0,70.0,0.0,SJF,0.3499472928853541,34.99472928853541
2281,19.785177288616204,19.885177288616205,11,0.0016315342019778,1.4088285560908796e-06,24.486580565217388,5501.63715839809,115.91304347826087,,110.0,23,230.0,6,0.75,0.0,50.0,90.0,10.0,80.0,0.0,SJF,0.600471019338804,60.0471019338804
2282,19.793854997953314,19.89385499795332,7,0.0041820330466855,4.192862524128969e-06,2.5820209333333333,11.003773608003495,117.06666666666666,,70.0,15,150.0,4,0.5,0.0,50.0,70.0,0.0,30.0,0.0,SJF,0.33188213071421235,33.18821307142124
2283,19.80253270729043,19.90253270729043,6,0.0045535698762382,7.95389985877259e-06,2.337742260869565,65.01883535563056,117.82608695652172,,60.0,23,230.0,4,0.5,0.0,70.0,80.0,0.0,80.0,0.0,SJF,0.33376221936447353,33.37622193644735
2284,19.81121041662754,19.91121041662754,8,0.0012037423724606,5.660556046996332e-07,2.417720307692308,16.36848108340123,116.6153846153846,,80.0,13,130.0,3,0.375,0.0,10.0,50.0,10.0,60.0,0.0,SJF,0.37366599290642233,37.366599290642235
2285,19.819888125964653,19.91988812596465,8,0.0033635589103471,6.180740617298342e-06,1.710795,14.200900532634114,118.78947368421052,,80.0,19,190.0,3,0.375,10.0,50.0,80.0,0.0,50.0,0.0,SJF,0.38439290875184295,38.4392908751843
2286,19.828565835301763,19.928565835301765,7,0.0042012848410938,4.06687147600392e-06,0.8716268823529412,1.2702453403054852,118.11764705882354,,70.0,17,170.0,2,0.25,0.0,40.0,70.0,0.0,60.0,0.0,SJF,0.32179359727046275,32.179359727046275
2287,19.83724354463888,19.93724354463888,15,0.0036991490277898,5.060866156773922e-06,2.8771001470588238,74.87879405119152,116.6470588235294,,150.0,34,340.0,4,0.5,0.0,70.0,140.0,10.0,120.0,0.0,SJF,0.4330262349548059,43.30262349548059
2288,19.84592125397599,19.945921253975992,2,0.0017541550240078,7.864586527936002e-09,6.346509999999999,77.40402111367199,120.0,,20.0,2,20.0,1,0.125,0.0,0.0,10.0,0.0,10.0,0.0,SJF,0.3395102978342734,33.95102978342734
2289,19.8545989633131,19.954598963313103,4,0.0039688411868983,1.6202234932437294e-06,1.9458701764705884,23.095660134396653,120.0,,40.0,17,170.0,3,0.375,0.0,60.0,80.0,0.0,30.0,0.0,SJF,0.34225993219010403,34.225993219010405
2290,19.863276672650212,19.963276672650217,3,0.0012935106831181,1.883585273766325e-08,9.2577605,108.24077423991032,119.5,,30.0,4,40.0,2,0.25,0.0,10.0,20.0,0.0,10.0,0.0,SJF,0.3839973723972219,38.39973723972219
2291,19.87195438198733,19.971954381987327,0,,0.0,,0.0,,,0.0,0,0.0,0,0.0,0.0,0.0,0.0,0.0,0.0,0.0,RR,0.46263451357794594,46.263451357794594
2292,19.88063209132444,19.98063209132444,12,0.0027212517588936,2.335901986621397e-06,0.8474256,2.2813131491516003,117.34285714285714,,120.0,35,350.0,3,0.375,0.0,90.0,140.0,10.0,110.0,0.0,SJF,0.3950742908743124,39.50742908743124
2293,19.88930980066155,19.98930980066155,6,0.0030503826717828,1.5560976208198838e-07,6.655491777777778,60.53963060784643,117.55555555555556,,60.0,9,90.0,4,0.5,0.0,30.0,40.0,0.0,20.0,0.0,SJF,0.34230299207918724,34.230299207918726
2294,19.897987509998664,19.997987509998666,1,0.007563732001337,0.0,2.202344,0.0,101.0,,10.0,1,10.0,1,0.125,0.0,0.0,0.0,0.0,10.0,0.0,SJF,0.30820371509443695,30.820371509443696
2295,19.90666521933577,20.006665219335776,10,0.0026538352642251,3.762811229498804e-06,0.935529731707317,2.5461385780899013,118.46341463414636,,100.0,41,410.0,4,0.5,30.0,120.0,180.0,0.0,80.0,0.0,SJF,0.3568094429125288,35.68094429125288
2296,19.91534292867289,20.01534292867289,12,0.0033953448271108,6.4648011720602655e-06,0.9666414242424244,2.189133591859877,115.42424242424242,,120.0,33,330.0,4,0.5,0.0,60.0,120.0,30.0,120.0,0.0,SJF,0.3950742908743124,39.50742908743124
2297,19.924020638010003,20.024020638010004,8,0.001913254114997,4.340537484274118e-06,2.8766076,14.14677472208883,117.86666666666666,,80.0,15,150.0,4,0.5,0.0,20.0,80.0,0.0,50.0,0.0,SJF,0.38818255604948315,38.81825560494831
2298,19.932698347347117,20.032698347347115,5,0.0030972908528866,4.1481539081977284e-07,4.6634575,206.87427967891895,119.15384615384616,,50.0,26,260.0,4,0.5,0.0,80.0,110.0,0.0,70.0,0.0,SJF,0.3665656385535094,36.65656385535094
2299,19.941376056684227,20.04137605668423,2,0.0082091183157722,2.2525337760143037e-07,5.584479,48.28066036992199,104.5,,20.0,2,20.0,1,0.125,0.0,0.0,10.0,0.0,10.0,0.0,SJF,0.3364342902366261,33.643429023662605
2300,19.950053766021338,20.05005376602134,5,0.0023667261786627,1.0631100313260587e-05,2.0710417142857143,18.938934890416903,117.42857142857144,,50.0,7,70.0,2,0.25,0.0,0.0,20.0,10.0,40.0,0.0,SJF,0.3467558835597113,34.67558835597113
2301,19.95873147535845,20.058731475358453,3,0.0010134126415479,2.837360657636855e-07,5.8127455,115.10185437767916,120.0,,30.0,14,140.0,3,0.375,0.0,50.0,50.0,0.0,40.0,0.0,SJF,0.33908883416250973,33.90888341625097
2302,19.96740918469556,20.067409184695563,0,,0.0,,0.0,,,0.0,0,0.0,0,0.0,0.0,0.0,0.0,0.0,0.0,0.0,RR,0.46263451357794594,46.263451357794594
2303,19.97608689403268,20.07608689403268,0,,0.0,,0.0,,,0.0,0,0.0,0,0.0,0.0,0.0,0.0,0.0,0.0,0.0,RR,0.46263451357794594,46.263451357794594
2304,19.984764603369783,20.084764603369788,5,0.0035941492302136,2.1022902901923675e-07,2.9178183333333334,32.32576019190706,120.0,,50.0,18,180.0,3,0.375,0.0,70.0,70.0,0.0,40.0,0.0,SJF,0.3311178586948881,33.111785869488806
2305,19.9934423127069,20.0934423127069,0,,0.0,,0.0,,,0.0,0,0.0,0,0.0,0.0,0.0,0.0,0.0,0.0,0.0,RR,0.46263451357794594,46.263451357794594
2306,20.00212002204401,20.10212002204401,7,0.0049457216702748,2.7579979004395005e-06,1.6006250000000002,5.517783075520463,115.5,,70.0,14,140.0,4,0.5,0.0,40.0,60.0,10.0,30.0,0.0,SJF,0.3221028970257528,32.21028970257528
2307,20.010797731381125,20.11079773138113,17,0.0033204624424049,5.960028815073316e-06,0.5977412941176471,1.4945389844219417,118.83823529411764,,170.0,68,680.0,4,0.5,0.0,120.0,150.0,140.0,270.0,0.0,SJF,0.40928643228013906,40.928643228013904
2308,20.01947544071824,20.11947544071824,12,0.003784686198428,6.5418288086676094e-06,0.6421239268292683,1.203887610806119,116.39024390243902,,120.0,41,410.0,4,0.5,30.0,90.0,140.0,50.0,100.0,0.0,SJF,0.3950742908743124,39.50742908743124
2309,20.02815315005535,20.12815315005535,15,0.0039289879446506,1.1909318667958484e-05,0.6503869107142857,1.6523095035435744,114.30357142857144,,150.0,56,560.0,4,0.5,70.0,90.0,220.0,60.0,120.0,0.0,SJF,0.4021799205030373,40.21799205030373
2310,20.036830859392463,20.136830859392465,14,0.002885088893251,6.965065026617992e-06,1.3133898723404256,17.44187266062399,116.63829787234044,,140.0,47,470.0,4,0.5,20.0,90.0,210.0,10.0,140.0,0.0,SJF,0.41110057302023484,41.110057302023485
2311,20.045508568729574,20.14550856872957,10,0.0022005797704263,3.104465292150701e-06,52.78128385,25035.065201124595,114.25,,100.0,20,200.0,5,0.625,0.0,50.0,80.0,10.0,60.0,0.0,SJF,0.5393778259017075,53.93778259017075
2312,20.054186278066688,20.15418627806669,8,0.0031682843083129,4.388487534177963e-06,1.4739374799999998,8.357727236108593,117.36,,80.0,25,250.0,3,0.375,0.0,70.0,100.0,10.0,70.0,0.0,SJF,0.35483856813947545,35.48385681394755
2313,20.0628639874038,20.1628639874038,4,0.0024210308462029,4.993512097944837e-06,3.391190933333333,84.35877869535464,120.0,,40.0,15,150.0,3,0.375,0.0,50.0,50.0,0.0,50.0,0.0,SJF,0.3328479069429077,33.28479069429077
2314,20.071541696740912,20.171541696740917,4,0.0016456000090876,7.845384083161749e-07,4.28988925,32.24851058562336,102.25,,40.0,8,80.0,3,0.375,10.0,10.0,40.0,0.0,20.0,0.0,SJF,0.3319807395813147,33.19807395813147
2315,20.080219406078022,20.180219406078024,14,0.0058662965648349,1.750495639457134e-06,0.6509501034482759,0.820775778971739,109.79310344827586,,140.0,29,290.0,3,0.375,10.0,50.0,80.0,40.0,110.0,0.0,SJF,0.39702849874377044,39.702849874377044
2316,20.088897115415136,20.188897115415138,7,0.0025622890134354,2.596068525417781e-06,1.5615204615384617,9.91035340056626,119.15384615384616,,70.0,26,260.0,3,0.375,0.0,80.0,110.0,0.0,70.0,0.0,SJF,0.32896684758081896,32.896684758081896
2317,20.097574824752247,20.197574824752248,6,0.0070754714144195,5.8899240581099225e-08,1.860306555555556,6.081236692710527,115.44444444444444,,60.0,9,90.0,4,0.5,0.0,30.0,40.0,10.0,10.0,0.0,SJF,0.31544154790175083,31.54415479017508
2318,20.10625253408936,20.20625253408936,15,0.0048195795773061,6.4483204559895445e-06,0.7016908292682927,1.6604593111754948,116.26829268292684,,150.0,41,410.0,4,0.5,30.0,110.0,160.0,10.0,100.0,0.0,SJF,0.4021799205030373,40.21799205030373
2319,20.114930243426475,20.21493024342648,12,0.0032604041568588,8.592393250910595e-06,1.1137809374999998,3.7560542745785126,114.1875,,120.0,32,320.0,4,0.5,10.0,80.0,130.0,10.0,90.0,0.0,SJF,0.39552541228208377,39.552541228208376
2320,20.123607952763585,20.223607952763587,12,0.0028948693197481,5.031964658356574e-06,1.292857142857143,7.880781525981655,113.94285714285714,,120.0,35,350.0,4,0.5,10.0,70.0,150.0,10.0,110.0,0.0,SJF,0.4011305454754378,40.11305454754378
2321,20.1322856621007,20.2322856621007,11,0.0028965413538463,3.978035970401432e-06,1.82121095,12.345894436760156,118.5,,110.0,20,200.0,3,0.375,0.0,30.0,90.0,0.0,80.0,0.0,SJF,0.4063863952227459,40.63863952227459
2322,20.14096337143781,20.24096337143781,5,0.0019508603621908,1.6531166334469378e-06,1.8621762857142856,10.089720283355296,118.42857142857144,,50.0,14,140.0,3,0.375,0.0,40.0,50.0,10.0,40.0,0.0,SJF,0.3185365755939329,31.85365755939329
2323,20.149641080774924,20.249641080774925,14,0.0026591903679337,1.807071923230937e-06,2.273028555555556,41.73758114103542,110.55555555555556,,140.0,27,270.0,4,0.5,10.0,50.0,90.0,20.0,100.0,0.0,SJF,0.4068993821934063,40.68993821934063
2324,20.158318790112038,20.258318790112035,8,0.0036194638879654,5.855490356629143e-06,3.148676470588235,44.98054978701664,110.3529411764706,,80.0,17,170.0,3,0.375,0.0,40.0,80.0,0.0,50.0,0.0,SJF,0.36987722788459865,36.98772278845986
2325,20.166996499449148,20.26699649944915,3,0.0004792222175188,2.1402439774635363e-08,1.4357551666666666,7.834299095644567,120.0,,30.0,6,60.0,1,0.125,0.0,20.0,20.0,0.0,20.0,0.0,SJF,0.31549648581019296,31.549648581019298
2326,20.17567420878626,20.27567420878626,4,0.0011924369637421,2.260503440652144e-06,4.038333199999999,28.615919274772203,120.0,,40.0,5,50.0,2,0.25,0.0,10.0,20.0,0.0,20.0,0.0,SJF,0.32303555836906384,32.30355583690638
2327,20.18435191812337,20.28435191812337,6,0.0034575703766274,2.7631767541317384e-07,1.624249411764706,6.377587520485133,119.88235294117646,,60.0,17,170.0,4,0.5,0.0,50.0,70.0,0.0,50.0,0.0,SJF,0.31764383669549917,31.764383669549918
2328,20.193029627460483,20.293029627460484,10,0.0023685990395179,5.741786115393557e-06,0.8460715744680851,2.986712261730511,119.70212765957449,,100.0,47,470.0,4,0.5,0.0,80.0,130.0,90.0,170.0,0.0,SJF,0.3568094429125288,35.68094429125288
2329,20.2017073367976,20.3017073367976,9,0.0034080836468473,2.160633115384355e-06,2.17358595,11.084473582572576,115.9,,90.0,20,200.0,4,0.5,0.0,50.0,90.0,0.0,60.0,0.0,SJF,0.36026567806179427,36.02656780617943
2330,20.21038504613471,20.310385046134712,8,0.0037781882402887,3.9824027457512745e-06,1.0882762857142858,2.7395313153472145,117.9047619047619,,80.0,21,210.0,3,0.375,0.0,90.0,90.0,0.0,30.0,0.0,SJF,0.3485449170835346,34.85449170835346
2331,20.21906275547182,20.319062755471823,13,0.0036824649897169,4.449148279221732e-06,1.111555107142857,2.222460053560395,112.75,,130.0,28,280.0,4,0.5,30.0,30.0,120.0,10.0,90.0,0.0,SJF,0.4030651809775221,40.30651809775221
2332,20.22774046480893,20.327740464808937,14,0.0027619492624934,2.746535437510007e-06,1.5483015,6.976466041891343,115.52777777777776,,140.0,36,360.0,4,0.5,0.0,80.0,150.0,10.0,120.0,0.0,SJF,0.4041240395070482,40.41240395070482
2333,20.23641817414605,20.336418174146047,4,0.0033050081039549,1.0608760676230984e-05,1.331398230769231,9.245300482546858,109.07692307692308,,40.0,13,130.0,3,0.375,10.0,40.0,50.0,0.0,30.0,0.0,SJF,0.3160998655571237,31.60998655571237
2334,20.24509588348316,20.34509588348316,13,0.0035647537476098,4.795288476292053e-06,1.51775,17.868180141222766,116.9,,130.0,40,400.0,4,0.5,0.0,100.0,170.0,10.0,120.0,0.0,SJF,0.40036608094217413,40.036608094217414
2335,20.25377359282027,20.35377359282027,9,0.0045070185130633,7.188003490207114e-06,1.207301375,2.457128424517984,117.1875,,90.0,16,160.0,3,0.375,0.0,40.0,70.0,0.0,50.0,0.0,SJF,0.3499472928853541,34.99472928853541
2336,20.262451302157384,20.362451302157385,7,0.0029845899854729,6.283223274040888e-06,1.313465909090909,4.352101133802849,119.0,,70.0,22,220.0,3,0.375,0.0,70.0,90.0,0.0,60.0,0.0,SJF,0.3221630305733065,32.21630305733065
2337,20.27112901149449,20.371129011494496,8,0.0022768530055055,5.689156275587344e-06,2.9541063684210527,27.412497187129688,111.26315789473684,,80.0,19,190.0,4,0.5,10.0,30.0,90.0,0.0,60.0,0.0,SJF,0.358711699153539,35.8711699153539
2338,20.27980672083161,20.37980672083161,1,0.0080421251683908,0.0,0.708854,0.0,120.0,,10.0,1,10.0,1,0.125,0.0,0.0,0.0,10.0,0.0,0.0,SJF,0.30820371509443695,30.820371509443696
2339,20.28848443016872,20.38848443016872,14,0.0015825485455666,3.240640924948904e-06,1.154881153846154,6.885488212504553,113.92307692307692,,140.0,39,390.0,4,0.5,10.0,100.0,150.0,10.0,120.0,0.0,SJF,0.40457008195442445,40.45700819544245
2340,20.297162139505836,20.397162139505834,9,0.0026585007163891,4.532332737680587e-06,2.5990407916666665,35.03015479071017,118.29166666666669,,90.0,24,240.0,4,0.5,0.0,70.0,100.0,0.0,70.0,0.0,SJF,0.370063833508245,37.0063833508245
2341,20.305839848842947,20.405839848842948,1,0.0007869141570537,0.0,10.799479,0.0,120.0,,10.0,1,10.0,1,0.125,0.0,0.0,10.0,0.0,0.0,0.0,SJF,0.40010313071091874,40.01031307109187
2342,20.314517558180057,20.41451755818006,8,0.0040029808199424,1.509150759168485e-06,0.7824909,1.9947047547548615,118.9,,80.0,40,400.0,4,0.5,30.0,110.0,170.0,0.0,90.0,0.0,SJF,0.3485449170835346,34.85449170835346
2343,20.32319526751717,20.423195267517173,7,0.0028980581971147,6.791667998998725e-06,1.6682117333333333,5.641749899392782,117.06666666666666,,70.0,15,150.0,4,0.5,0.0,50.0,70.0,0.0,30.0,0.0,SJF,0.3221028970257528,32.21028970257528
2344,20.33187297685428,20.431872976854283,7,0.0005098648600042,9.475013519334584e-08,3.7897949375,39.74692856423672,118.3125,,70.0,16,160.0,4,0.5,0.0,30.0,80.0,0.0,50.0,0.0,SJF,0.3443930463034966,34.43930463034966
2345,20.3405506861914,20.4405506861914,5,0.0050840872086048,2.195298725840276e-07,0.8455133571428571,1.2758971718076315,119.42857142857144,,50.0,14,140.0,3,0.375,0.0,40.0,50.0,0.0,50.0,0.0,SJF,0.30820371509443695,30.820371509443696
2346,20.349228395528502,20.449228395528507,13,0.0035108633176475,9.87855378314626e-06,2.0145382,18.007707875500927,116.46666666666668,,130.0,30,300.0,4,0.5,0.0,80.0,130.0,10.0,80.0,0.0,SJF,0.41652326497058445,41.652326497058446
2347,20.35790610486562,20.45790610486562,4,0.0005813091343807,8.765859961669306e-08,2.18730475,15.18804080966625,117.5,,40.0,4,40.0,1,0.125,0.0,0.0,10.0,0.0,30.0,0.0,SJF,0.3461728394015433,34.61728394015433
2348,20.36658381420273,20.46658381420273,10,0.0015900684972695,5.558221086992354e-07,1.5705162647058823,21.699094028795848,122.02941176470588,,100.0,34,340.0,4,0.5,0.0,70.0,160.0,0.0,110.0,0.0,SJF,0.38497281533478966,38.49728153347897
2349,20.375261523539844,20.47526152353985,5,0.0007271874601549,4.3783111013699535e-08,6.138828125,66.87752931430441,119.75,,50.0,8,80.0,3,0.375,0.0,30.0,30.0,10.0,10.0,0.0,SJF,0.3377444851476852,33.774448514768515
2350,20.383939232876955,20.48393923287696,4,0.0083482723730448,1.1124393080662387e-07,1.4325104,2.2929201571403004,119.6,,40.0,5,50.0,3,0.375,0.0,20.0,20.0,0.0,10.0,0.0,SJF,0.30820371509443695,30.820371509443696
2351,20.39261694221407,20.49261694221407,11,0.0046998917859313,6.268270282885945e-06,0.7870573000000001,2.063068555313805,118.4,,110.0,40,400.0,4,0.5,0.0,130.0,180.0,0.0,90.0,0.0,SJF,0.3802153999939187,38.02153999939187
2352,20.401294651551183,20.501294651551184,10,0.0037848510488171,6.980473344071658e-06,2.185250625,9.134236091441046,116.25,,100.0,16,160.0,4,0.5,0.0,20.0,70.0,0.0,70.0,0.0,SJF,0.3641691909534864,36.41691909534864
2353,20.409972360888293,20.50997236088829,9,0.0041514853339295,7.287782959901442e-06,1.9830365,11.411786259237424,114.95,,90.0,20,200.0,4,0.5,0.0,40.0,90.0,10.0,60.0,0.0,SJF,0.3607811970421082,36.07811970421082
2354,20.418650070225407,20.51865007022541,16,0.0044415430870927,7.925700012481882e-06,0.6243415000000001,0.6303887156947926,116.57142857142856,,160.0,42,420.0,4,0.5,0.0,100.0,160.0,10.0,150.0,0.0,SJF,0.40822418707477015,40.82241870747701
2355,20.42732777956252,20.52732777956252,10,0.0033542125374822,8.563598969096673e-06,2.734954416666667,33.90623180510164,118.33333333333331,,100.0,24,240.0,4,0.5,0.0,60.0,110.0,0.0,70.0,0.0,SJF,0.3738751810467293,37.38751810467293
2356,20.43600548889963,20.536005488899637,3,0.0011148157670355,3.69770603081652e-08,6.633203249999999,56.92765058593624,119.5,,30.0,4,40.0,2,0.25,0.0,10.0,20.0,0.0,10.0,0.0,SJF,0.340731521100167,34.0731521100167
2357,20.444683198236746,20.544683198236743,9,0.0064913252077028,3.293512594005147e-06,0.8463097407407408,2.8063236086731997,119.55555555555556,,90.0,27,270.0,4,0.5,0.0,90.0,110.0,10.0,60.0,0.0,SJF,0.3499472928853541,34.99472928853541
2358,20.453360907573856,20.553360907573857,7,0.0038278789975727,4.524332672709042e-06,5.503129818181819,138.97764502131616,116.0,,70.0,11,110.0,4,0.5,0.0,20.0,50.0,0.0,40.0,0.0,SJF,0.34188550924258654,34.18855092425866
2359,20.462038616910966,20.562038616910968,7,0.0033997233747479,4.9847159463194e-06,1.9723194,6.378919420478114,117.06666666666666,,70.0,15,150.0,3,0.375,0.0,40.0,70.0,0.0,40.0,0.0,SJF,0.3292808044115989,32.92808044115989
2360,20.47071632624808,20.57071632624808,5,0.0030429157519193,1.1061876125567238e-05,1.6450025238095236,11.825071328127365,119.9047619047619,,50.0,21,210.0,3,0.375,0.0,80.0,80.0,0.0,50.0,0.0,SJF,0.3262247482789265,32.62247482789265
2361,20.47939403558519,20.579394035585192,5,0.0030796544148088,2.352700422633562e-06,2.6752812,18.310053942815063,105.8,,50.0,10,100.0,2,0.25,10.0,20.0,50.0,0.0,20.0,0.0,SJF,0.3452212333576889,34.52212333576889
2362,20.488071744922305,20.588071744922303,13,0.0069841125392338,1.287498977997013e-06,0.7548414782608696,1.6711489065065337,110.30434782608695,,130.0,23,230.0,4,0.5,10.0,30.0,80.0,10.0,100.0,0.0,SJF,0.4030651809775221,40.30651809775221
2363,20.49674945425942,20.59674945425942,17,0.0043240027994048,6.867018293184002e-06,0.5183099,0.4841359349573459,118.91666666666669,,170.0,60,600.0,4,0.5,10.0,130.0,200.0,40.0,220.0,0.0,SJF,0.40928643228013906,40.928643228013904
2364,20.50542716359653,20.60542716359653,19,0.0037062740350497,5.781753451928538e-06,0.6406770754716982,0.7204190958563786,118.16981132075472,,190.0,53,530.0,4,0.5,20.0,60.0,180.0,40.0,230.0,0.0,SJF,0.40076686106167786,40.076686106167784
2365,20.514104872933643,20.614104872933645,29,0.00416442048015,6.30018411236392e-06,0.61849609375,2.039599317440594,118.65625,,290.0,64,640.0,4,0.5,0.0,70.0,190.0,60.0,320.0,0.0,SJF,0.4063031747548861,40.63031747548861
2366,20.522782582270757,20.622782582270755,26,0.0032138401138618,6.5751614132654e-06,0.3299452435897436,0.2336990017705243,115.12820512820512,,260.0,78,780.0,3,0.375,70.0,130.0,270.0,70.0,240.0,0.0,SJF,0.41896542635042183,41.89654263504218
2367,20.531460291607868,20.63146029160787,27,0.0034431206143544,8.904541791081528e-06,0.8217110882352942,7.922041216529304,117.5,,270.0,68,680.0,4,0.5,0.0,150.0,230.0,60.0,240.0,0.0,SJF,0.41581272707648026,41.581272707648026
2368,20.540138000944975,20.64013800094498,27,0.0030552934994662,5.1563774281474e-06,0.2951442873563218,0.104670834055556,115.28735632183908,,270.0,87,870.0,3,0.375,30.0,50.0,260.0,80.0,450.0,0.0,SJF,0.4097901054688535,40.979010546885355
2369,20.54881571028209,20.648815710282094,22,0.0021106218088173,4.1413281324977e-06,0.4723477538461538,0.817586926592001,118.06153846153846,,220.0,65,650.0,3,0.375,10.0,100.0,210.0,20.0,310.0,0.0,SJF,0.4183366181620626,41.83366181620626
2370,20.557493419619203,20.657493419619204,17,0.0032896699102094,2.742901075689615e-06,10.476728861111113,3132.161543054863,110.5,,170.0,36,360.0,6,0.75,10.0,30.0,120.0,30.0,170.0,0.0,SJF,0.5886680806950892,58.86680806950893
2371,20.56617112895632,20.66617112895632,14,0.0038100051151117,5.323895121685581e-06,8.109444435897435,1978.951563313194,114.92307692307692,,140.0,39,390.0,5,0.625,0.0,90.0,180.0,0.0,110.0,10.0,SJF,0.44528894738797176,44.52889473879718
2372,20.574848838293427,20.67484883829343,16,0.0040920749565733,6.664706406593954e-06,0.5798564666666667,1.044750600230436,114.6,,160.0,45,450.0,4,0.5,20.0,90.0,190.0,20.0,110.0,20.0,SJF,0.40822418707477015,40.82241870747701
2373,20.58352654763054,20.683526547630542,12,0.0021877672861254,5.421443341662994e-06,0.90472005,1.819673544303331,114.8,,120.0,40,400.0,4,0.5,10.0,90.0,180.0,0.0,100.0,20.0,SJF,0.3950742908743124,39.50742908743124
2374,20.59220425696765,20.692204256967656,13,0.0027556588784989,6.380896093932902e-06,0.8281359069767442,1.6008585514897054,118.93023255813954,,130.0,43,430.0,4,0.5,0.0,120.0,210.0,0.0,80.0,20.0,SJF,0.4030651809775221,40.30651809775221
2375,20.600881966304765,20.700881966304767,15,0.0030656367619016,6.93115811078483e-06,0.7479836326530612,1.3416434619778206,115.42857142857144,,150.0,49,490.0,4,0.5,10.0,120.0,210.0,10.0,110.0,30.0,SJF,0.4021799205030373,40.21799205030373
2376,20.60955967564188,20.70955967564188,12,0.0024461281081208,2.85198766431523e-06,1.3130508846153846,4.267212959596906,117.57692307692308,,120.0,26,260.0,4,0.5,0.0,60.0,130.0,0.0,50.0,20.0,SJF,0.3954437241771561,39.544372417715614
2377,20.61823738497899,20.71823738497899,27,0.003276559613603,4.339231525644598e-06,0.5417769166666666,0.8413354309391964,117.95,,270.0,60,600.0,4,0.5,0.0,130.0,230.0,20.0,160.0,60.0,SJF,0.4097901054688535,40.979010546885355
2378,20.626915094316104,20.726915094316105,18,0.0037441396838963,1.0117550496309034e-05,0.8057957906976745,1.2982030602475505,117.83720930232558,,180.0,43,430.0,4,0.5,0.0,90.0,150.0,40.0,140.0,10.0,SJF,0.40460030818780496,40.460030818780496
2379,20.63559280365321,20.735592803653216,17,0.0017358954056096,3.026923048711272e-06,0.6831626595744681,1.3207805297147943,118.59574468085108,,170.0,47,470.0,4,0.5,0.0,110.0,170.0,20.0,130.0,40.0,SJF,0.40928643228013906,40.928643228013904
2380,20.644270512990328,20.74427051299033,19,0.0044666583254611,1.0133492195709927e-05,0.8246720000000001,1.4164228909376957,118.59574468085108,,190.0,47,470.0,4,0.5,0.0,160.0,200.0,0.0,60.0,50.0,SJF,0.40076686106167786,40.076686106167784
2381,20.65294822232744,20.75294822232744,15,0.0029998008725613,5.91098812384216e-06,0.8502634705882354,2.9434103076509746,119.1372549019608,,150.0,51,510.0,4,0.5,0.0,150.0,230.0,0.0,90.0,40.0,SJF,0.4021799205030373,40.21799205030373
2382,20.661625931664556,20.761625931664557,13,0.0046426300277553,4.944915440323502e-06,1.0845277666666668,3.396501266609909,117.8,,130.0,30,300.0,4,0.5,0.0,80.0,140.0,0.0,50.0,30.0,SJF,0.4035163023852934,40.35163023852934
2383,20.670303641001663,20.770303641001664,17,0.0049444330571609,4.9807658039152966e-06,0.6794469285714286,1.1823099908688002,118.42857142857144,,170.0,42,420.0,4,0.5,0.0,140.0,160.0,0.0,80.0,40.0,SJF,0.40928643228013906,40.928643228013904
2384,20.678981350338777,20.77898135033878,15,0.0032570062612234,5.629915549809673e-06,0.9357303953488372,6.087133647310863,118.88372093023256,,150.0,43,430.0,4,0.5,0.0,130.0,200.0,0.0,70.0,30.0,SJF,0.4053261385118689,40.53261385118689
2385,20.68765905967589,20.78765905967589,12,0.0026710364074421,3.911443672405309e-06,0.8657426129032258,2.083327866328378,117.87096774193547,,120.0,31,310.0,3,0.375,10.0,90.0,150.0,0.0,20.0,40.0,SJF,0.3950742908743124,39.50742908743124
2386,20.696336769013,20.796336769013003,23,0.0031780078565636,4.845679894916959e-06,0.6561407049180328,1.520663104606578,117.9672131147541,,230.0,61,610.0,4,0.5,0.0,170.0,240.0,40.0,120.0,40.0,SJF,0.41346947201252326,41.34694720125233
2387,20.705014478350115,20.80501447835012,18,0.0035104470943295,5.957501931885446e-06,0.7055208333333334,1.9786207758563383,118.04761904761904,,180.0,42,420.0,4,0.5,0.0,130.0,140.0,20.0,90.0,40.0,SJF,0.40460030818780496,40.460030818780496
2388,20.713692187687226,20.813692187687227,15,0.002175901446108,4.798447458119147e-06,0.938154761904762,2.182882470618039,115.57142857142856,,150.0,42,420.0,4,0.5,10.0,110.0,180.0,10.0,70.0,40.0,SJF,0.4021799205030373,40.21799205030373
2389,20.72236989702434,20.82236989702434,18,0.0032823693645492,3.878570468449586e-06,0.5933280204081632,0.995678992606354,115.75510204081633,,180.0,49,490.0,4,0.5,10.0,150.0,180.0,0.0,110.0,40.0,SJF,0.40460030818780496,40.460030818780496
2390,20.73104760636145,20.83104760636145,16,0.0018117801385497,3.7662960501656688e-06,0.6848467843137255,1.480156925498853,119.33333333333331,,160.0,51,510.0,4,0.5,30.0,130.0,250.0,0.0,70.0,30.0,SJF,0.40822418707477015,40.82241870747701
2391,20.739725315698564,20.83972531569857,21,0.0035372754442929,9.942449648436246e-06,0.8169833599999999,1.9505476713977048,117.34,,210.0,50,500.0,4,0.5,0.0,110.0,210.0,20.0,120.0,40.0,SJF,0.4166224490944978,41.66224490944978
2392,20.748403025035675,20.84840302503568,14,0.0044890093214688,9.950081574002884e-06,1.2342329393939393,2.679008058750496,118.66666666666669,,140.0,33,330.0,4,0.5,0.0,100.0,150.0,10.0,50.0,20.0,SJF,0.39702849874377044,39.702849874377044
2393,20.75708073437279,20.85708073437279,14,0.0049973900557824,3.430779903282509e-06,1.079297814814815,3.00743519879808,113.11111111111111,,140.0,27,270.0,4,0.5,10.0,70.0,110.0,0.0,80.0,0.0,SJF,0.39702849874377044,39.702849874377044
2394,20.765758443709903,20.865758443709904,18,0.0041430643456532,8.795871186547117e-06,1.04223309375,2.296498261230217,111.6875,,180.0,32,320.0,4,0.5,0.0,50.0,130.0,10.0,130.0,0.0,SJF,0.40460030818780496,40.460030818780496
2395,20.774436153047013,20.87443615304701,11,0.0031318077711688,3.936909783376551e-06,1.047985617647059,4.080548905294788,119.32352941176472,,110.0,34,340.0,4,0.5,0.0,100.0,150.0,0.0,90.0,0.0,SJF,0.3805848332967624,38.05848332967624
2396,20.783113862384127,20.88311386238413,9,0.002769260393651,6.728707863696984e-06,1.8364852258064517,13.850186003797116,119.87096774193547,,90.0,31,310.0,4,0.5,10.0,30.0,130.0,0.0,140.0,0.0,SJF,0.3794285074859421,37.94285074859421
2397,20.79179157172124,20.89179157172124,4,0.0024637460287619,1.5130632848309715e-05,0.8578385000000001,1.1420163885406365,119.83333333333331,,40.0,12,120.0,2,0.25,0.0,30.0,60.0,0.0,30.0,0.0,SJF,0.30820371509443695,30.820371509443696
2398,20.80046928105835,20.900469281058356,9,0.0037489400527602,7.728901979461112e-06,1.070568,2.024696438955806,116.84375,,90.0,32,320.0,4,0.5,0.0,80.0,120.0,10.0,110.0,0.0,SJF,0.3499472928853541,34.99472928853541
2399,20.809146990395465,20.909146990395463,16,0.0042338999795386,7.340454622221831e-06,0.947188825,1.3898065235480457,115.975,,160.0,40,400.0,4,0.5,0.0,80.0,170.0,10.0,140.0,0.0,SJF,0.40822418707477015,40.82241870747701
2400,20.817824699732576,20.917824699732577,6,0.0022513512674239,1.553535068632108e-08,2.477945875,15.50196759790412,115.875,,60.0,16,160.0,4,0.5,0.0,60.0,80.0,0.0,20.0,0.0,SJF,0.33895564118553473,33.89556411855347
2401,20.82650240906969,20.926502409069688,12,0.0046602996803137,1.012747987018019e-05,1.0096371666666666,3.791510991477867,117.93333333333334,,120.0,30,300.0,4,0.5,0.0,80.0,110.0,10.0,100.0,0.0,SJF,0.39552541228208377,39.552541228208376
2402,20.8351801184068,20.9351801184068,11,0.0029849113204721,8.25753199038494e-06,1.469501157894737,4.728489492270918,120.42105263157896,,110.0,19,190.0,4,0.5,0.0,20.0,50.0,0.0,120.0,0.0,SJF,0.37963418631739626,37.96341863173963
2403,20.84385782774391,20.943857827743912,17,0.0024867537266777,3.1736182170176317e-06,2.175488,54.593572368467214,111.56521739130434,,170.0,46,460.0,5,0.625,50.0,50.0,200.0,10.0,150.0,0.0,SJF,0.43782785853440914,43.78278585344091
2404,20.852535537081025,20.952535537081022,12,0.0055655835023082,1.7660367250635144e-06,0.729794705882353,3.774121367187608,104.67647058823528,,120.0,34,340.0,4,0.5,60.0,40.0,170.0,0.0,70.0,0.0,SJF,0.39552541228208377,39.552541228208376
2405,20.86121324641814,20.96121324641814,26,0.0042928471972461,7.452014826565434e-06,0.582493,0.7175117766811374,115.09615384615384,,260.0,52,520.0,4,0.5,20.0,70.0,150.0,40.0,240.0,0.0,SJF,0.41896542635042183,41.89654263504218
2406,20.86989095575525,20.96989095575525,32,0.0038807289322512,6.478449175614941e-06,0.2629403821138211,0.136511877096238,97.83739837398376,,320.0,123,1230.0,4,0.5,320.0,60.0,490.0,60.0,300.0,0.0,SJF,0.4101975684967375,41.01975684967375
2407,20.878568665092363,20.978568665092364,19,0.0017921300129002,1.6470015032004494e-06,0.5759534516129032,1.0472028632819896,107.5483870967742,,190.0,62,620.0,4,0.5,70.0,130.0,220.0,20.0,180.0,0.0,SJF,0.40076686106167786,40.076686106167784
2408,20.887246374429477,20.987246374429475,21,0.0028161248562407,5.365554283705131e-06,0.6705580204081633,1.0411349369582286,110.63265306122447,,210.0,49,490.0,4,0.5,10.0,80.0,220.0,20.0,160.0,0.0,SJF,0.4166224490944978,41.66224490944978
2409,20.895924083766587,20.99592408376659,31,0.0036000578785742,7.463994676181276e-06,1.3846853835616435,28.912331091432307,112.54794520547944,,310.0,73,730.0,6,0.75,10.0,90.0,310.0,40.0,280.0,0.0,SJF,0.4390444657807573,43.90444657807573
2410,20.904601793103694,21.0046017931037,25,0.0042099383363019,6.882549469152585e-06,0.52564028,0.978025017420718,113.10666666666668,,250.0,75,750.0,4,0.5,10.0,130.0,250.0,60.0,290.0,10.0,SJF,0.41896542635042183,41.89654263504218
2411,20.91327950244081,21.013279502440813,13,0.0035555536361115,8.228234945127445e-06,40.7269604,38591.84334231586,111.56,,130.0,25,250.0,5,0.625,0.0,40.0,120.0,0.0,90.0,0.0,SJF,0.5892323857601891,58.92323857601891
2412,20.92195721177792,21.021957211777924,12,0.0036984745554106,3.499091213773232e-06,1.3974767777777777,4.344134696381641,113.96296296296296,,120.0,27,270.0,4,0.5,0.0,50.0,130.0,0.0,90.0,0.0,SJF,0.3954437241771561,39.544372417715614
2413,20.93063492111504,21.03063492111504,8,0.0031345692599642,5.860299545649989e-06,0.6007060666666667,0.5320218687805183,119.5111111111111,,80.0,45,450.0,4,0.5,30.0,140.0,190.0,10.0,80.0,0.0,SJF,0.3485449170835346,34.85449170835346
2414,20.939312630452147,21.039312630452148,13,0.0028529745478532,4.617041058017853e-06,28.214072885714288,26053.609350629395,111.85714285714286,,130.0,35,350.0,5,0.625,0.0,70.0,160.0,10.0,110.0,0.0,SJF,0.603947212915585,60.3947212915585
2415,20.94799033978926,21.047990339789266,9,0.001228072210739,3.0790904398144493e-06,1.939336631578947,6.909736548143801,117.57894736842104,,90.0,19,190.0,4,0.5,0.0,50.0,90.0,0.0,50.0,0.0,SJF,0.35840638699505895,35.840638699505895
2416,20.95666804912637,21.056668049126376,14,0.0034383193021967,9.422368052962789e-06,1.0874148780487805,3.24081219408531,116.09756097560977,,140.0,41,410.0,4,0.5,10.0,100.0,180.0,0.0,120.0,0.0,SJF,0.39702849874377044,39.702849874377044
2417,20.965345758463485,21.065345758463486,10,0.0052785510365147,5.646495475575754e-06,1.5884868421052631,4.211897130093252,115.10526315789474,,100.0,19,190.0,4,0.5,0.0,40.0,80.0,10.0,60.0,0.0,SJF,0.3571788762153724,35.717887621537244
2418,20.9740234678006,21.0740234678006,7,0.0027379971994016,4.221633682532627e-06,0.9254486129032258,3.574565700027978,112.35483870967742,,70.0,31,310.0,4,0.5,80.0,10.0,170.0,0.0,50.0,0.0,SJF,0.32224471867823395,32.2244718678234
2419,20.98270117713771,21.08270117713771,9,0.0028948216400688,8.448872646288959e-06,4.642050421052632,40.199649457648256,112.36842105263158,,90.0,19,190.0,4,0.5,10.0,50.0,70.0,20.0,40.0,0.0,SJF,0.3701307976631129,37.01307976631129
2420,20.991378886474823,21.091378886474825,3,0.0079994735251768,2.666521582915387e-07,0.2204062,0.0183237112012,90.0,,30.0,5,50.0,1,0.125,10.0,0.0,20.0,0.0,20.0,0.0,SJF,0.30820371509443695,30.820371509443696
2421,21.00005659581193,21.10005659581193,6,0.0062351321880663,1.1086675496172773e-05,1.604531222222222,8.869909618778443,113.66666666666669,,60.0,9,90.0,3,0.375,0.0,20.0,30.0,10.0,30.0,0.0,SJF,0.3176171692313171,31.76171692313171
2422,21.008734305149048,21.10873430514905,18,0.003318941962063,7.947475471725992e-06,1.3326692884615383,10.052084112225463,114.65384615384616,,180.0,52,520.0,4,0.5,10.0,140.0,200.0,10.0,160.0,0.0,SJF,0.41987587576646346,41.98758757664635
2423,21.01741201448616,21.11741201448616,4,0.0016495267638418,2.40060343371155e-06,3.0845138333333337,13.269403869450564,120.0,,40.0,6,60.0,2,0.25,0.0,20.0,20.0,10.0,10.0,0.0,SJF,0.3348191998818486,33.48191998818486
2424,21.026089723823272,21.126089723823277,7,0.0051969646052987,4.607798423998525e-06,0.5491398484848485,1.255932471315383,120.0,,70.0,33,330.0,4,0.5,0.0,20.0,10.0,150.0,150.0,0.0,SJF,0.32179359727046275,32.179359727046275
2425,21.034767433160383,21.134767433160384,19,0.0029452149448802,3.623549431264418e-06,0.523656390625,0.6992999414501785,114.4375,,190.0,64,640.0,4,0.5,20.0,130.0,210.0,80.0,200.0,0.0,SJF,0.40076686106167786,40.076686106167784
2426,21.043445142497497,21.143445142497495,14,0.002377330716789,3.469547550473458e-06,1.3182508888888889,5.268557180173245,113.33333333333331,,140.0,36,360.0,4,0.5,10.0,80.0,150.0,0.0,120.0,0.0,SJF,0.39637176388852347,39.637176388852346
2427,21.05212285183461,21.15212285183461,3,0.0010815498320558,1.3916068077251275e-06,6.4344584,33.373674176008294,119.8,,30.0,5,50.0,3,0.375,0.0,0.0,30.0,0.0,20.0,0.0,SJF,0.33910269432407036,33.910269432407034
2428,21.06080056117172,21.16080056117172,6,0.0027810799949451,3.1521576635135094e-06,1.77811872,10.053152083703123,114.24,,60.0,25,250.0,4,0.5,10.0,60.0,100.0,10.0,70.0,0.0,SJF,0.32010075184987685,32.010075184987684
2429,21.069478270508835,21.16947827050884,11,0.0052448889457104,5.435054165899255e-06,1.0131068,1.825960672497116,108.55,,110.0,20,200.0,3,0.375,10.0,30.0,70.0,20.0,70.0,0.0,SJF,0.3802153999939187,38.02153999939187
2430,21.078155979845945,21.178155979845947,8,0.0038550797790546,6.607782931064969e-06,3.278412941176471,34.37447678998381,109.05882352941175,,80.0,17,170.0,4,0.5,10.0,30.0,80.0,0.0,50.0,0.0,SJF,0.36987722788459865,36.98772278845986
2431,21.08683368918306,21.18683368918306,5,0.0020558338169408,4.2883039573456216e-06,2.2199411739130435,21.757739420951875,119.91304347826087,,50.0,23,230.0,3,0.375,0.0,70.0,90.0,0.0,70.0,0.0,SJF,0.34056609789462605,34.056609789462605
2432,21.09551139852017,21.19551139852017,0,,0.0,,0.0,,,0.0,0,0.0,0,0.0,0.0,0.0,0.0,0.0,0.0,0.0,RR,0.46263451357794594,46.263451357794594
2433,21.104189107857284,21.204189107857285,15,0.0045235506093831,3.2311898068838515e-06,1.1686377692307692,2.2010362824731446,114.65384615384616,,150.0,26,260.0,4,0.5,0.0,50.0,70.0,10.0,130.0,0.0,SJF,0.4021799205030373,40.21799205030373
2434,21.112866817194394,21.2128668171944,11,0.0025875637146965,3.0035829824842867e-06,1.3676003658536586,9.553369660965538,119.60975609756098,,110.0,41,410.0,4,0.5,0.0,80.0,160.0,10.0,160.0,0.0,SJF,0.3872116322570001,38.72116322570001
2435,21.12154452653151,21.22154452653151,7,0.0039448998970631,5.288148168207538e-06,1.9662464666666664,8.335704551124266,117.06666666666666,,70.0,15,150.0,3,0.375,0.0,50.0,70.0,0.0,30.0,0.0,SJF,0.32808724832640374,32.80872483264037
2436,21.13022223586862,21.23022223586862,9,0.0063387916869367,1.7442803469187148e-06,0.9022818095238097,2.3064394398135617,118.95238095238096,,90.0,21,210.0,4,0.5,30.0,60.0,100.0,0.0,20.0,0.0,SJF,0.3499472928853541,34.99472928853541
2437,21.138899945205733,21.23889994520573,16,0.0033311533567674,5.12734294451587e-06,0.5659689433962264,0.3481975197403621,116.47169811320757,,160.0,53,530.0,4,0.5,50.0,90.0,180.0,40.0,170.0,0.0,SJF,0.40822418707477015,40.82241870747701
2438,21.147577654542847,21.247577654542848,13,0.0026102178417685,4.152212394722582e-06,1.2514062592592592,2.5086508985385074,117.55555555555556,,130.0,27,270.0,4,0.5,0.0,70.0,90.0,10.0,100.0,0.0,SJF,0.4030651809775221,40.30651809775221
2439,21.15625536387996,21.25625536387996,9,0.0031931984533765,6.375393419044026e-06,1.8139446956521736,4.6622391422255856,118.0,,90.0,23,230.0,4,0.5,0.0,50.0,120.0,0.0,60.0,0.0,SJF,0.3502793368364141,35.02793368364141
2440,21.16493307321707,21.264933073217072,9,0.002814279560706,2.2367884394186253e-06,1.1923034516129032,4.9232937830228565,114.64516129032258,,90.0,31,310.0,4,0.5,10.0,60.0,150.0,0.0,90.0,0.0,SJF,0.3502793368364141,35.02793368364141
2441,21.17361078255418,21.273610782554183,12,0.0039820521958183,3.749677655997683e-06,1.936059,12.874055509964087,113.16666666666669,,120.0,24,240.0,4,0.5,10.0,50.0,100.0,10.0,70.0,0.0,SJF,0.41626835566441345,41.62683556644134
2442,21.182288491891292,21.282288491891297,8,0.0049730363587046,9.697263468944306e-06,1.01458335,2.838627881624345,114.45,,80.0,20,200.0,3,0.375,0.0,30.0,90.0,0.0,80.0,0.0,SJF,0.3485449170835346,34.85449170835346
2443,21.19096620122841,21.290966201228407,6,0.0015581221049275,2.2319107092605926e-06,3.4861384285714285,26.298345553725955,119.78571428571428,,60.0,14,140.0,4,0.5,0.0,40.0,60.0,0.0,40.0,0.0,SJF,0.32175030105858254,32.175030105858255
2444,21.19964391056552,21.29964391056552,9,0.005873436656703,4.804255125390062e-07,2.2139388125,11.247936174776028,112.125,,90.0,16,160.0,4,0.5,0.0,0.0,60.0,10.0,90.0,0.0,SJF,0.3607811970421082,36.07811970421082
2445,21.20832161990263,21.30832161990263,8,0.0052529227223701,3.688652861501575e-06,3.0975289444444445,46.62668312390289,117.55555555555556,,80.0,18,180.0,3,0.375,0.0,60.0,80.0,0.0,40.0,0.0,SJF,0.36987722788459865,36.98772278845986
2446,21.216999329239744,21.316999329239746,3,0.0012705064269222,4.066176384113104e-08,2.310556846153846,25.12814617842197,120.0,,30.0,13,130.0,2,0.25,0.0,50.0,50.0,0.0,30.0,0.0,SJF,0.33041502038984455,33.041502038984454
2447,21.22567703857685,21.325677038576856,4,0.0067670809231454,1.2246983085025766e-07,1.8425002,4.970251977526201,120.0,,40.0,5,50.0,2,0.25,0.0,20.0,20.0,0.0,10.0,0.0,SJF,0.30874888759857083,30.874888759857082
2448,21.23435474791397,21.33435474791397,14,0.0048972417288888,6.417906967969465e-06,0.85104490625,1.622807034176733,117.8125,,140.0,32,320.0,4,0.5,0.0,60.0,120.0,10.0,130.0,0.0,SJF,0.39702849874377044,39.702849874377044
2449,21.243032457251083,21.343032457251084,11,0.0020815072943718,5.744561750258835e-06,4.071757217391305,110.23154797446468,115.95652173913044,,110.0,23,230.0,4,0.5,0.0,40.0,100.0,10.0,80.0,0.0,SJF,0.4094977180814005,40.94977180814005
2450,21.251710166588197,21.351710166588195,3,0.0040001550784734,1.6706203604380802e-06,7.1408725,51.412862093358335,119.75,,30.0,4,40.0,2,0.25,0.0,10.0,20.0,0.0,10.0,0.0,SJF,0.3456964563173853,34.56964563173853
2451,21.260387875925307,21.36038787592531,5,0.0079177514746916,2.1225751155428697e-07,0.3456771428571428,0.0780226287198095,120.0,,50.0,7,70.0,2,0.25,0.0,40.0,20.0,10.0,0.0,0.0,SJF,0.30820371509443695,30.820371509443696
2452,21.269065585262418,21.36906558526242,5,0.0011366359375834,1.1792010070653084e-06,3.319746125,46.23020817083011,119.9375,,50.0,16,160.0,3,0.375,0.0,40.0,70.0,0.0,50.0,0.0,SJF,0.3311178586948881,33.111785869488806
2453,21.27774329459953,21.377743294599533,2,0.0027955774004677,5.584363698408402e-07,7.368333,79.67034220624198,119.5,,20.0,2,20.0,1,0.125,0.0,0.0,10.0,0.0,10.0,0.0,SJF,0.3404954266692258,34.04954266692258
2454,21.28642100393664,21.386421003936643,6,0.0058072518966915,2.104127421050828e-06,1.1804491666666668,6.069895119315189,119.04166666666669,,60.0,24,240.0,4,0.5,0.0,80.0,90.0,0.0,70.0,0.0,SJF,0.31544154790175083,31.54415479017508
2455,21.29509871327376,21.39509871327376,5,0.0023499659262441,2.5203487650426862e-06,4.866256625,37.13978616035484,119.75,,50.0,8,80.0,3,0.375,0.0,20.0,40.0,0.0,20.0,0.0,SJF,0.3322204963585748,33.22204963585748
2456,21.303776422610863,21.403776422610868,6,0.0049973278891339,7.477331974823376e-06,1.8130786666666667,2.678540351501,114.44444444444444,,60.0,9,90.0,3,0.375,0.0,10.0,40.0,0.0,40.0,0.0,SJF,0.3101566295543631,31.01566295543631
2457,21.31245413194798,21.41245413194798,13,0.0036515808212506,9.268136772363515e-06,1.116276818181818,3.3408298191167782,118.06060606060606,,130.0,33,330.0,4,0.5,0.0,80.0,130.0,10.0,110.0,0.0,SJF,0.4030651809775221,40.30651809775221
2458,21.32113184128509,21.42113184128509,7,0.0022876221434806,5.164950095240492e-06,2.8777123846153847,12.402329521958256,120.6923076923077,,70.0,13,130.0,4,0.5,0.0,30.0,50.0,10.0,40.0,0.0,SJF,0.34441053564038593,34.44105356403859
2459,21.329809550622205,21.42980955062221,12,0.003319620961129,3.4023430698139032e-06,1.61615836,5.943424534566572,117.36,,120.0,25,250.0,4,0.5,0.0,60.0,110.0,0.0,80.0,0.0,SJF,0.3995274631537178,39.952746315371776
2460,21.33848725995932,21.43848725995932,12,0.004869181540681,5.075743616242724e-06,0.565500612244898,0.8021360664375755,118.63265306122447,,120.0,49,490.0,4,0.5,30.0,130.0,230.0,0.0,100.0,0.0,SJF,0.3950742908743124,39.50742908743124
2461,21.34716496929643,21.44716496929643,8,0.0033711420785711,7.770777890397454e-06,1.9204503529411765,6.793285684230867,116.05882352941175,,80.0,17,170.0,4,0.5,0.0,40.0,90.0,0.0,40.0,0.0,SJF,0.3568451500089494,35.68451500089494
2462,21.355842678633543,21.455842678633545,8,0.0016380422414568,4.286406110503031e-06,3.817356,39.62981748554649,117.29411764705884,,80.0,17,170.0,4,0.5,0.0,50.0,80.0,0.0,40.0,0.0,SJF,0.36987722788459865,36.98772278845986
2463,21.364520387970654,21.46452038797065,3,0.0057621556960126,2.685785483211974e-07,0.4387615555555555,0.0614281116750277,120.0,,30.0,9,90.0,1,0.125,0.0,30.0,30.0,0.0,30.0,0.0,SJF,0.30820371509443695,30.820371509443696
2464,21.373198097307768,21.47319809730777,10,0.0035566650922326,1.0107049625631583e-05,2.214443727272727,19.385047991707257,116.0909090909091,,100.0,22,220.0,4,0.5,0.0,60.0,100.0,10.0,50.0,0.0,SJF,0.39116260099987493,39.11626009998749
2465,21.38187580664488,21.48187580664488,8,0.0016142307301216,1.1068972820903543e-06,2.79156675,20.62475621631457,117.5,,80.0,12,120.0,3,0.375,0.0,30.0,50.0,0.0,40.0,0.0,SJF,0.3783754487831963,37.837544878319626
2466,21.390553515981992,21.490553515981997,7,0.0048354191608649,2.5409855734373574e-06,0.7942100416666666,1.5443253232392598,118.25,,70.0,24,240.0,4,0.5,0.0,50.0,130.0,0.0,60.0,0.0,SJF,0.32179359727046275,32.179359727046275
2467,21.399231225319102,21.499231225319104,18,0.0027610926808977,6.969537245229801e-06,0.9839912631578948,1.8586005596372264,114.63157894736842,,180.0,38,380.0,4,0.5,0.0,20.0,140.0,30.0,190.0,0.0,SJF,0.40460030818780496,40.460030818780496
2468,21.407908934656216,21.507908934656214,5,0.0018059737437837,4.760085306079998e-06,2.4176636428571427,7.092131435445479,115.28571428571428,,50.0,14,140.0,4,0.5,0.0,50.0,70.0,0.0,20.0,0.0,SJF,0.3155621155906337,31.556211559063367
2469,21.416586643993327,21.516586643993328,7,0.0022254755781016,3.614699014222359e-06,1.927266551724138,26.560247879358325,118.48275862068964,,70.0,29,290.0,4,0.5,0.0,90.0,120.0,0.0,80.0,0.0,SJF,0.3300969144222697,33.009691442226966
2470,21.42526435333044,21.52526435333044,6,0.0029928780028924,2.827589991933424e-06,3.3868854,20.08584444381715,116.2,,60.0,10,100.0,3,0.375,0.0,20.0,50.0,0.0,30.0,0.0,SJF,0.3483231515120421,34.832315151204206
2471,21.433942062667555,21.53394206266756,6,0.0045920001657785,2.9837672410065664e-06,2.2449952727272726,7.832024076996818,117.54545454545456,,60.0,11,110.0,3,0.375,0.0,30.0,50.0,0.0,30.0,0.0,SJF,0.31706066206613703,31.706066206613702
2472,21.442619772004665,21.542619772004667,12,0.0044215694953351,6.629548218063053e-06,0.6671252777777777,0.8907055066655778,116.80555555555556,,120.0,36,360.0,4,0.5,0.0,100.0,120.0,30.0,110.0,0.0,SJF,0.3950742908743124,39.50742908743124
2473,21.45129748134178,21.55129748134178,8,0.0019450820332211,5.806941470942127e-06,3.629598142857143,53.56234309086973,118.85714285714286,,80.0,21,210.0,4,0.5,0.0,50.0,100.0,0.0,60.0,0.0,SJF,0.37498023564928856,37.49802356492886
2474,21.45997519067889,21.55997519067889,3,0.0035752346544436,1.0727059487971368e-05,3.59722675,19.14375607253958,120.0,,30.0,4,40.0,2,0.25,0.0,0.0,20.0,0.0,20.0,0.0,SJF,0.3467558835597113,34.67558835597113
2475,21.468652900016004,21.568652900016005,6,0.0054478901506633,7.60396078670498e-06,1.5833296428571428,19.28812344349431,119.21428571428572,,60.0,28,280.0,3,0.375,0.0,90.0,140.0,0.0,50.0,0.0,SJF,0.34658920893070017,34.65892089307002
2476,21.477330609353118,21.577330609353115,7,0.0052646129325997,5.685313112145407e-06,4.0675360000000005,38.38402458099883,116.6153846153846,,70.0,13,130.0,3,0.375,0.0,40.0,60.0,0.0,30.0,0.0,SJF,0.3443930463034966,34.43930463034966
2477,21.486008318690228,21.58600831869023,0,,0.0,,0.0,,,0.0,0,0.0,0,0.0,0.0,0.0,0.0,0.0,0.0,0.0,RR,0.46263451357794594,46.263451357794594
2478,21.49468602802734,21.59468602802734,7,0.0040727434012326,4.437766758071296e-06,1.2489606521739132,3.8584645698756006,119.04347826086956,,70.0,23,230.0,4,0.5,0.0,60.0,100.0,10.0,60.0,0.0,SJF,0.3221630305733065,32.21630305733065
2479,21.50336373736445,21.60336373736445,6,0.0033882336355475,2.1668438739808654e-06,1.6890441176470588,5.703018916213985,113.70588235294116,,60.0,17,170.0,4,0.5,0.0,50.0,80.0,0.0,40.0,0.0,SJF,0.3104659293096531,31.04659293096531
2480,21.512041446701563,21.612041446701564,11,0.0049869259348007,1.053109256409067e-05,2.226133529411765,12.172230250049765,116.52941176470588,,110.0,17,170.0,4,0.5,0.0,10.0,60.0,10.0,90.0,0.0,SJF,0.39572332825247303,39.5723328252473
2481,21.52071915603868,21.62071915603868,24,0.0043785549196565,5.058814535022792e-06,0.510861015625,1.945410422915761,118.140625,,240.0,64,640.0,4,0.5,20.0,130.0,150.0,70.0,270.0,0.0,SJF,0.4131270486772409,41.312704867724094
2482,21.52939686537579,21.629396865375792,34,0.004253987241856,8.059799354551164e-06,0.5003078205128205,2.074864439331163,117.44871794871794,,340.0,78,780.0,4,0.5,20.0,70.0,150.0,140.0,400.0,0.0,SJF,0.4101975684967375,41.01975684967375
2483,21.5380745747129,21.638074574712903,31,0.0036831890935504,6.276741117536417e-06,0.3609924583333333,0.0950771803127588,118.55555555555556,,310.0,72,720.0,3,0.375,10.0,70.0,140.0,130.0,370.0,0.0,SJF,0.4101975684967375,41.01975684967375
2484,21.54675228405001,21.646752284050017,21,0.0020395454261752,1.7958017422007773e-06,0.4265079764705882,0.688566758996666,118.87058823529412,,210.0,85,850.0,4,0.5,20.0,190.0,260.0,100.0,280.0,0.0,SJF,0.4166224490944978,41.66224490944978
2485,21.55542999338713,21.655429993387127,17,0.0045213862011094,9.08757052819735e-06,0.969399725,2.2663886505542554,115.75,,170.0,40,400.0,4,0.5,10.0,80.0,160.0,0.0,150.0,0.0,SJF,0.40928643228013906,40.928643228013904
2486,21.56410770272424,21.66410770272424,11,0.0042800918212151,6.651588504898e-06,1.33111456,2.6420097053972573,115.4,,110.0,25,250.0,4,0.5,0.0,50.0,110.0,10.0,80.0,0.0,SJF,0.3802153999939187,38.02153999939187
2487,21.57278541206135,21.67278541206135,10,0.0028122252386499,5.6689665018508935e-06,1.1019047714285717,3.351125849405594,118.51428571428572,,100.0,35,350.0,4,0.5,0.0,120.0,140.0,0.0,90.0,0.0,SJF,0.3568094429125288,35.68094429125288
2488,21.581463121398464,21.681463121398465,11,0.0035225046015357,1.450131212336087e-06,1.0084505357142857,2.6484411249189246,115.89285714285714,,110.0,28,280.0,4,0.5,20.0,50.0,100.0,30.0,80.0,0.0,SJF,0.3802153999939187,38.02153999939187
2489,21.59014083073557,21.690140830735576,15,0.0030408553310927,4.849718236093673e-06,0.9883246388888888,1.8343328918520083,116.86111111111111,,150.0,36,360.0,4,0.5,0.0,90.0,140.0,20.0,110.0,0.0,SJF,0.4021799205030373,40.21799205030373
2490,21.59881854007269,21.69881854007269,12,0.0023875062606446,3.3666423985729474e-06,1.01172365625,2.861409022435136,112.90625,,120.0,32,320.0,4,0.5,10.0,90.0,110.0,20.0,90.0,0.0,SJF,0.3950742908743124,39.50742908743124
2491,21.6074962494098,21.707496249409804,11,0.0028560953174706,7.277870065791347e-06,1.6497376296296296,6.597706359051165,114.96296296296296,,110.0,27,270.0,4,0.5,0.0,60.0,140.0,0.0,70.0,0.0,SJF,0.38736684182772474,38.73668418277247
2492,21.616173958746916,21.716173958746914,7,0.0032594852530871,1.0080927402384956e-05,2.9691555,29.084236100809186,109.85714285714286,,70.0,14,140.0,3,0.375,10.0,10.0,70.0,0.0,50.0,0.0,SJF,0.3367292577677452,33.67292577677452
2493,21.624851668084027,21.72485166808403,9,0.0032886301381951,7.326005594455394e-06,1.3535903870967745,5.800517791016845,118.58064516129032,,90.0,31,310.0,3,0.375,0.0,100.0,130.0,0.0,80.0,0.0,SJF,0.35063170129605475,35.063170129605474
2494,21.633529377421137,21.73352937742114,10,0.0072971297788633,5.471910015789135e-07,0.7020208666666666,1.3997579563922666,118.86666666666666,,100.0,15,150.0,4,0.5,0.0,10.0,60.0,10.0,70.0,0.0,SJF,0.3568094429125288,35.68094429125288
2495,21.64220708675825,21.742207086758253,20,0.0032289803917485,7.542715890911406e-06,0.7703116333333334,3.2274325261817958,115.48333333333332,,200.0,60,600.0,4,0.5,10.0,70.0,140.0,80.0,300.0,0.0,SJF,0.41466816996714057,41.46681699671406
2496,21.65088479609536,21.750884796095363,28,0.0042187352974958,5.307195613319087e-06,0.6667123673469387,2.4484762018073214,116.87755102040816,,280.0,49,490.0,4,0.5,0.0,30.0,90.0,50.0,320.0,0.0,SJF,0.4078576763329254,40.785767633292544
2497,21.65956250543248,21.75956250543248,21,0.0047829946151433,5.81404544619852e-06,0.6471299473684211,0.6448609460386459,120.10526315789474,,210.0,38,380.0,4,0.5,0.0,20.0,100.0,50.0,210.0,0.0,SJF,0.4166224490944978,41.66224490944978
2498,21.668240214769583,21.768240214769587,19,0.0022589873883088,4.627890468189059e-06,0.5041135643564356,4.485309424284568,117.6930693069307,,190.0,101,1010.0,4,0.5,10.0,30.0,200.0,190.0,580.0,0.0,SJF,0.4004234984038544,40.04234984038544
2499,21.6769179241067,21.7769179241067,11,0.0034050551660268,1.041424089803319e-05,0.6989563076923078,2.301675890136923,116.84615384615384,,110.0,52,520.0,3,0.375,10.0,90.0,140.0,0.0,280.0,0.0,SJF,0.3802153999939187,38.02153999939187
2500,21.68559563344381,21.78559563344381,8,0.0055746251811896,5.565335051888977e-06,3.9449962857142857,29.670929279416065,116.85714285714286,,80.0,14,140.0,4,0.5,0.0,50.0,60.0,0.0,30.0,0.0,SJF,0.3642818759864103,36.42818759864103
2501,21.694273342780924,21.79427334278093,3,0.0068396695524093,2.364081822747069e-07,0.4230468333333333,0.0352144359605666,120.0,,30.0,6,60.0,1,0.125,0.0,20.0,20.0,0.0,20.0,0.0,SJF,0.30820371509443695,30.820371509443696
2502,21.70295105211804,21.80295105211804,10,0.0020519551819614,3.242366093586124e-06,3.3952177727272725,36.73683870453351,116.3181818181818,,100.0,22,220.0,4,0.5,0.0,60.0,80.0,20.0,60.0,0.0,SJF,0.3738751810467293,37.38751810467293
2503,21.71162876145515,21.81162876145515,0,,0.0,,0.0,,,0.0,0,0.0,0,0.0,0.0,0.0,0.0,0.0,0.0,0.0,RR,0.46263451357794594,46.263451357794594
2504,21.720306470792263,21.820306470792264,10,0.0041213177077366,1.6257676658984043e-06,1.4244602727272728,4.798724912694114,115.77272727272728,,100.0,22,220.0,4,0.5,0.0,60.0,90.0,10.0,60.0,0.0,SJF,0.35714148686358876,35.714148686358875
2505,21.728984180129373,21.82898418012937,12,0.0044242751206263,8.996911149176082e-06,0.8057228484848485,1.4078098607226326,116.93939393939394,,120.0,33,330.0,4,0.5,0.0,80.0,120.0,10.0,120.0,0.0,SJF,0.3950742908743124,39.50742908743124
2506,21.737661889466487,21.83766188946649,17,0.0021506725923357,3.413824377016919e-06,1.8974730344827584,11.991604159030178,117.58620689655172,,170.0,29,290.0,4,0.5,0.0,30.0,80.0,30.0,150.0,0.0,SJF,0.4221734885599051,42.21734885599051
2507,21.7463395988036,21.8463395988036,7,0.0041213600535451,3.465527100817573e-06,0.5429553428571428,0.7663469487131143,119.37142857142857,,70.0,35,350.0,3,0.375,30.0,100.0,160.0,0.0,60.0,0.0,SJF,0.32179359727046275,32.179359727046275
2508,21.75501730814071,21.855017308140717,7,0.0018826832878597,5.229525111775395e-06,1.1195000333333334,3.514139104056792,118.53333333333332,,70.0,30,300.0,4,0.5,0.0,120.0,140.0,0.0,40.0,0.0,SJF,0.32224471867823395,32.2244718678234
2509,21.763695017477826,21.863695017477824,9,0.0018256395221776,4.730493416550613e-06,2.801415411764706,12.903069590408132,117.41176470588236,,90.0,17,170.0,4,0.5,0.0,40.0,80.0,0.0,50.0,0.0,SJF,0.3736125431962076,37.36125431962076
2510,21.772372726814936,21.872372726814937,6,0.0047372560183974,5.557220617742603e-07,2.320511647058824,17.38158438948599,120.0,,60.0,17,170.0,4,0.5,10.0,60.0,70.0,0.0,30.0,0.0,SJF,0.3258186730438075,32.58186730438075
2511,21.781050436152047,21.881050436152048,5,0.0011058364479538,9.067122122870726e-07,1.264134125,6.33439161795745,120.0,,50.0,16,160.0,2,0.25,0.0,50.0,70.0,0.0,40.0,0.0,SJF,0.31347486302322636,31.347486302322636
2512,21.78972814548916,21.88972814548916,10,0.0027135594108393,4.804109850587546e-07,3.2429264375,24.18724822221173,113.75,,100.0,16,160.0,4,0.5,0.0,10.0,60.0,10.0,80.0,0.0,SJF,0.39115023462874426,39.115023462874426
2513,21.798405854826274,21.89840585482628,7,0.0059399031737257,3.211981893403794e-06,0.946089,2.928419073476,118.27272727272728,,70.0,22,220.0,4,0.5,0.0,80.0,80.0,0.0,60.0,0.0,SJF,0.32179359727046275,32.179359727046275
2514,21.807083564163385,21.907083564163383,6,0.0042951340032821,8.313581799872534e-06,4.640477416666667,24.365147695798807,116.0,,60.0,12,120.0,4,0.5,0.0,10.0,70.0,0.0,40.0,0.0,SJF,0.3436037697029722,34.36037697029722
2515,21.8157612735005,21.9157612735005,5,0.008303113699501,1.0647787795605585e-07,1.136302,3.1418061761164005,118.33333333333331,,50.0,6,60.0,4,0.5,0.0,20.0,20.0,0.0,20.0,0.0,SJF,0.30820371509443695,30.820371509443696
2516,21.82443898283761,21.92443898283761,5,0.00293498776239,6.7354542697415945e-06,2.9579584666666667,30.632590519195265,120.0,,50.0,15,150.0,4,0.5,0.0,40.0,70.0,0.0,40.0,0.0,SJF,0.3311178586948881,33.111785869488806
2517,21.833116692174723,21.933116692174725,6,0.0020697058252772,5.556698915312426e-06,1.8720093157894735,8.766503952382452,119.36842105263158,,60.0,19,190.0,3,0.375,0.0,40.0,70.0,0.0,80.0,0.0,SJF,0.3174409256629654,31.74409256629654
2518,21.841794401511837,21.941794401511835,7,0.0040324873453094,4.416593810243992e-06,2.947493,16.66249331144329,117.06666666666666,,70.0,15,150.0,4,0.5,0.0,50.0,70.0,0.0,30.0,0.0,SJF,0.3396117267452454,33.96117267452454
2519,21.850472110848948,21.95047211084895,9,0.0064384478177181,3.0026370616852708e-06,1.3919427,7.224704327860222,117.9,,90.0,20,200.0,4,0.5,0.0,50.0,60.0,20.0,70.0,0.0,SJF,0.35746455456584086,35.74645545658409
2520,21.859149820186055,21.95914982018606,10,0.005019983913942,1.5434211958285262e-05,1.3720164285714287,5.393657878066879,116.57142857142856,,100.0,14,140.0,4,0.5,0.0,10.0,30.0,20.0,80.0,0.0,SJF,0.3564132489822594,35.64132489822594
2521,21.86782752952317,21.967827529523174,11,0.0008739629313732,1.3332538167757432e-06,2.022629222222222,25.2544377082998,117.48148148148148,,110.0,27,270.0,4,0.5,10.0,70.0,130.0,0.0,60.0,0.0,SJF,0.39525187922335797,39.525187922335796
2522,21.876505238860283,21.976505238860284,5,0.0014953047397177,6.418069124287465e-06,2.0163965,15.860141131419862,120.0,,50.0,16,160.0,3,0.375,0.0,50.0,60.0,0.0,50.0,0.0,SJF,0.3393588368071295,33.935883680712955
2523,21.8851829481974,21.9851829481974,8,0.0033618805526032,8.30788554076728e-06,1.135119,2.1964836642466,117.9047619047619,,80.0,21,210.0,3,0.375,0.0,60.0,90.0,0.0,60.0,0.0,SJF,0.3485449170835346,34.85449170835346
2524,21.89386065753451,21.993860657534512,20,0.004870576115489,5.701858815802303e-06,49.44642591111111,86254.76697349423,112.5111111111111,,200.0,45,450.0,6,0.75,0.0,30.0,150.0,60.0,200.0,10.0,SJF,0.6156088529025648,61.560885290256486
2525,21.90253836687162,22.002538366871622,10,0.0033439580283797,5.952111614595579e-06,1.3707612307692307,4.992360292837864,112.1153846153846,,100.0,26,260.0,4,0.5,10.0,60.0,140.0,0.0,50.0,0.0,SJF,0.35714148686358876,35.714148686358875
2526,21.91121607620873,22.011216076208736,9,0.003245738346821,8.485655270155728e-06,1.85763675,4.141767116823133,115.875,,90.0,16,160.0,4,0.5,0.0,40.0,70.0,10.0,40.0,0.0,SJF,0.3503167261881977,35.03167261881977
2527,21.919893785545845,22.019893785545847,13,0.0039313903772316,1.0104368534726048e-05,2.0624749259259256,13.421349010728608,116.48148148148148,,130.0,27,270.0,4,0.5,0.0,50.0,110.0,10.0,100.0,0.0,SJF,0.4228858704860658,42.28858704860658
2528,21.92857149488296,22.02857149488296,5,0.0035108719170395,7.265251339408579e-06,2.006188409090909,31.232545328604623,113.54545454545456,,50.0,22,220.0,3,0.375,10.0,70.0,80.0,0.0,60.0,0.0,SJF,0.3311178586948881,33.111785869488806
2529,21.93724920422007,22.03724920422007,5,0.00564489157993,9.72482753655119e-06,1.96239,6.3524560387005,117.55555555555556,,50.0,9,90.0,3,0.375,0.0,30.0,50.0,0.0,10.0,0.0,SJF,0.31569092223557305,31.569092223557305
2530,21.945926913557184,22.045926913557185,8,0.0027606039428165,5.925739948077159e-06,2.097126,9.3501361136812,118.0,,80.0,11,110.0,3,0.375,10.0,30.0,40.0,0.0,30.0,0.0,SJF,0.3560523293422392,35.60523293422392
2531,21.95460462289429,22.054604622894296,10,0.0023733375057062,4.982197817511879e-06,1.118446482758621,3.2235780098188296,116.03448275862068,,100.0,29,290.0,4,0.5,30.0,70.0,140.0,10.0,40.0,0.0,SJF,0.3568094429125288,35.68094429125288
2532,21.963282332231408,22.06328233223141,10,0.002600122968592,1.05518898516392e-05,1.4085612083333334,4.89177658960826,114.20833333333331,,100.0,24,240.0,4,0.5,0.0,70.0,90.0,10.0,70.0,0.0,SJF,0.35714148686358876,35.714148686358875
2533,21.97196004156852,22.07196004156852,8,0.0005849109314821,1.8748561341356687e-07,3.1915461875,28.528311695177894,109.625,,80.0,16,160.0,4,0.5,10.0,30.0,80.0,0.0,40.0,0.0,SJF,0.36179492755877446,36.17949275587745
2534,21.980637750905636,22.080637750905638,13,0.0057786908635984,2.835090126691746e-06,1.569201388888889,30.273207292234535,117.47222222222224,,130.0,36,360.0,4,0.5,0.0,90.0,140.0,10.0,120.0,0.0,SJF,0.40971179361521637,40.971179361521635
2535,21.989315460242747,22.089315460242748,12,0.0043771311739201,2.8565589151516333e-06,1.5540773214285717,11.915228827793932,115.89285714285714,,120.0,28,280.0,3,0.375,0.0,70.0,120.0,10.0,80.0,0.0,SJF,0.4082766986601109,40.82766986601109
2536,21.997993169579857,22.09799316957986,4,0.0055816264201427,5.775124745198825e-06,1.46348975,1.49905360845225,110.5,,40.0,4,40.0,1,0.125,0.0,0.0,10.0,0.0,30.0,0.0,SJF,0.30820371509443695,30.820371509443696
2537,22.00667087891697,22.10667087891697,4,0.0024772505830297,1.3285759548997508e-05,1.9627296818181816,14.450132280264132,119.9090909090909,,40.0,22,220.0,3,0.375,0.0,70.0,90.0,0.0,60.0,0.0,SJF,0.3443600081035212,34.43600081035212
2538,22.01534858825408,22.115348588254083,4,0.0052711947459185,5.3792464922159666e-08,5.0846875,48.546144949660274,117.25,,40.0,8,80.0,3,0.375,10.0,20.0,40.0,0.0,10.0,0.0,SJF,0.3363756934534871,33.63756934534871
2539,22.024026297591195,22.1240262975912,4,0.0060692669088044,8.028528905292823e-06,2.5301978,27.57350027968669,120.0,,40.0,5,50.0,3,0.375,0.0,20.0,20.0,0.0,10.0,0.0,SJF,0.3199468673941803,31.994686739418032
2540,22.032704006928306,22.132704006928307,15,0.0039888387383607,1.0049854477211818e-05,1.204650818181818,6.780862607065966,118.3181818181818,,150.0,44,440.0,4,0.5,0.0,140.0,170.0,30.0,100.0,0.0,SJF,0.4090238260246485,40.90238260246485
2541,22.04138171626542,22.14138171626542,6,0.0062573985679126,2.740132857832157e-06,0.6634746785714285,2.904739141624893,120.0,,60.0,28,280.0,3,0.375,0.0,20.0,30.0,100.0,130.0,0.0,SJF,0.3101566295543631,31.01566295543631
2542,22.05005942560253,22.15005942560253,11,0.004546862942924,7.189643700130651e-06,0.6740159210526316,0.6759299323858045,118.57894736842104,,110.0,38,380.0,4,0.5,0.0,50.0,110.0,70.0,150.0,0.0,SJF,0.3802153999939187,38.02153999939187
2543,22.058737134939644,22.15873713493965,14,0.0035661489889271,5.609053108492851e-06,0.915779,2.8009357627529337,116.08695652173913,,140.0,46,460.0,4,0.5,0.0,80.0,170.0,30.0,180.0,0.0,SJF,0.39702849874377044,39.702849874377044
2544,22.067414844276755,22.16741484427676,7,0.003608153294674,7.820047822875581e-06,4.4535878888888885,50.83852330353858,117.44444444444444,,70.0,18,180.0,4,0.5,0.0,50.0,90.0,0.0,40.0,0.0,SJF,0.3503219555035355,35.03219555035355
2545,22.07609255361387,22.17609255361387,0,,0.0,,0.0,,,0.0,0,0.0,0,0.0,0.0,0.0,0.0,0.0,0.0,0.0,RR,0.46263451357794594,46.263451357794594
2546,22.084770262950983,22.184770262950984,6,0.00521437238235,9.286612432914516e-06,1.3989903846153846,11.928675343948166,119.15384615384616,,60.0,26,260.0,4,0.5,0.0,80.0,130.0,0.0,50.0,0.0,SJF,0.3256003711282234,32.560037112822336
2547,22.093447972288093,22.19344797228809,5,0.0029044881119062,1.528878671863594e-07,5.301703857142856,49.324310619125136,116.85714285714286,,50.0,7,70.0,3,0.375,0.0,20.0,30.0,0.0,20.0,0.0,SJF,0.33650768624520266,33.65076862452027
2548,22.102125681625207,22.20212568162521,5,0.0056085493747936,3.881222045950342e-06,5.2582888571428565,73.44447574413648,117.28571428571428,,50.0,7,70.0,3,0.375,0.0,10.0,30.0,0.0,30.0,0.0,SJF,0.3292940369420287,32.92940369420287
2549,22.11080339096232,22.21080339096232,4,0.0023457542876821,1.3844200650900044e-05,2.2812825625,15.323562346476796,119.875,,40.0,16,160.0,3,0.375,0.0,50.0,60.0,0.0,50.0,0.0,SJF,0.3461728394015433,34.61728394015433
2550,22.11948110029943,22.219481100299436,4,0.0050124979505685,1.3122715337561469e-08,1.597508666666667,5.090917854555066,116.33333333333331,,40.0,6,60.0,2,0.25,0.0,20.0,30.0,0.0,10.0,0.0,SJF,0.30874888759857083,30.874888759857082
2551,22.128158809636545,22.228158809636543,16,0.003533401925958,8.589923927106985e-06,44.1116106,74561.38072725378,115.775,,160.0,40,400.0,5,0.625,0.0,90.0,170.0,10.0,130.0,0.0,SJF,0.5980100925828915,59.80100925828915
2552,22.136836518973656,22.236836518973657,7,0.0021354515977733,2.3176323715710597e-06,1.591809928571429,9.536400758449997,119.21428571428572,,70.0,28,280.0,4,0.5,0.0,90.0,120.0,0.0,70.0,0.0,SJF,0.3289703661604804,32.89703661604804
2553,22.14551422831077,22.245514228310768,12,0.005260402939234,3.846943926062097e-06,1.3595040869565218,6.460051538170172,118.6086956521739,,120.0,23,230.0,4,0.5,0.0,10.0,90.0,0.0,130.0,0.0,SJF,0.4017293983982734,40.172939839827336
2554,22.15419193764788,22.25419193764788,12,0.0046130754354534,2.565870348822384e-06,0.626513,0.8336254689952819,119.15,,120.0,40,400.0,4,0.5,30.0,80.0,190.0,10.0,90.0,0.0,SJF,0.3950742908743124,39.50742908743124
2555,22.16286964698499,22.262869646984992,8,0.0018672715150098,7.344937698133486e-06,1.2807732307692308,3.5323328895714643,118.3076923076923,,80.0,26,260.0,4,0.5,0.0,70.0,110.0,10.0,70.0,0.0,SJF,0.34899603849130584,34.899603849130585
2556,22.171547356322105,22.271547356322102,13,0.0030172825240495,1.010512847461679e-05,1.315667076923077,2.613890411381273,118.03846153846152,,130.0,26,260.0,4,0.5,0.0,60.0,70.0,30.0,100.0,0.0,SJF,0.4030651809775221,40.30651809775221
2557,22.18022506565922,22.28022506565922,10,0.0023908580407809,9.394382380140962e-06,2.7845394736842106,21.5077643200906,118.94736842105264,,100.0,19,190.0,4,0.5,0.0,20.0,90.0,0.0,80.0,0.0,SJF,0.38497281533478966,38.49728153347897
2558,22.18890277499633,22.28890277499633,6,0.0046120775036714,1.135367527660475e-05,1.3613700434782607,8.58860109249059,119.04347826086956,,60.0,23,230.0,4,0.5,0.0,80.0,100.0,0.0,50.0,0.0,SJF,0.3163353194048168,31.633531940481678
2559,22.197580484333443,22.297580484333444,11,0.0043200326665568,6.701276639910008e-06,1.6873985263157896,7.196294134475263,114.10526315789474,,110.0,19,190.0,4,0.5,0.0,40.0,70.0,20.0,60.0,0.0,SJF,0.38737259550161013,38.73725955016101
2560,22.206258193670557,22.306258193670555,7,0.0026545209008749,3.967234770251712e-06,1.2615816842105263,2.404740471015228,115.6842105263158,,70.0,19,190.0,3,0.375,0.0,60.0,70.0,0.0,60.0,0.0,SJF,0.32179359727046275,32.179359727046275
2561,22.214935903007667,22.31493590300767,8,0.0014292249923326,2.41653946572687e-06,1.53504168,6.237302968443726,117.36,,80.0,25,250.0,4,0.5,10.0,70.0,120.0,0.0,50.0,0.0,SJF,0.353816065012324,35.3816065012324
2562,22.223613612344774,22.32361361234478,8,0.0027798425302227,8.483710698380617e-06,2.382548,9.111589636125332,114.23076923076924,,80.0,13,130.0,4,0.5,0.0,30.0,60.0,0.0,40.0,0.0,SJF,0.3560054567604886,35.60054567604886
2563,22.23229132168189,22.332291321681893,10,0.0024791696181083,7.691750833637988e-06,1.5636823333333334,6.42078698743823,116.86666666666666,,100.0,30,300.0,4,0.5,0.0,70.0,130.0,10.0,90.0,0.0,SJF,0.3643114149422515,36.43114149422515
2564,22.240969031019,22.340969031019004,9,0.0023975866476651,3.5664387821241324e-06,2.2611908181818183,25.770636564877677,120.04545454545456,,90.0,22,220.0,3,0.375,0.0,30.0,100.0,0.0,90.0,0.0,SJF,0.36494540372965395,36.494540372965396
2565,22.24964674035612,22.34964674035612,6,0.0030851779772174,5.134781882569982e-07,1.3943005714285714,5.193132717950109,116.85714285714286,,60.0,14,140.0,3,0.375,0.0,50.0,70.0,0.0,20.0,0.0,SJF,0.310701802058497,31.070180205849702
2566,22.258324449693227,22.358324449693228,8,0.0030587578067731,5.949618755773495e-06,1.12987245,2.886114234695313,117.35,,80.0,20,200.0,3,0.375,0.0,60.0,80.0,0.0,60.0,0.0,SJF,0.3485449170835346,34.85449170835346
2567,22.26700215903034,22.367002159030346,7,0.0009067239696593,5.037151226420868e-07,1.3727237407407409,8.653753832226583,119.11111111111111,,70.0,27,270.0,4,0.5,0.0,40.0,130.0,10.0,90.0,0.0,SJF,0.3279722871209165,32.797228712091645
2568,22.27567986836745,22.375679868367456,9,0.0022009100769903,6.387662714147121e-06,3.380929210526316,28.4127740801744,112.36842105263158,,90.0,19,190.0,4,0.5,10.0,40.0,60.0,20.0,60.0,0.0,SJF,0.36981385286513047,36.981385286513046
2569,22.284357577704565,22.384357577704566,4,0.0078680775454342,4.6229892593413617e-07,2.5949133333333334,11.539009261882663,120.0,,40.0,6,60.0,3,0.375,0.0,20.0,20.0,10.0,10.0,0.0,SJF,0.3213850591291296,32.13850591291296
2570,22.29303528704168,22.39303528704168,10,0.0050491366583205,8.130221301136767e-06,3.59106255,71.64974399924911,111.75,,100.0,20,200.0,4,0.5,10.0,50.0,80.0,10.0,50.0,0.0,SJF,0.37447563118096594,37.447563118096596
2571,22.30171299637879,22.40171299637879,7,0.0026965931926388,6.012755230117417e-07,2.4399114,19.165580167596044,114.0,,70.0,10,100.0,2,0.25,0.0,20.0,40.0,0.0,40.0,0.0,SJF,0.3583932527322653,35.83932527322653
2572,22.310390705715903,22.410390705715905,5,0.0060527022840965,1.94406028699994e-06,0.9598726666666668,1.6132649887768231,119.94444444444444,,50.0,18,180.0,3,0.375,0.0,60.0,80.0,0.0,40.0,0.0,SJF,0.30820371509443695,30.820371509443696
2573,22.31906841505301,22.41906841505301,4,0.0032232559469855,3.3381925686930045e-06,5.892016428571429,34.079428300310944,120.0,,40.0,7,70.0,3,0.375,0.0,10.0,40.0,0.0,20.0,0.0,SJF,0.3337110959088895,33.37110959088895
2574,22.327746124390128,22.42774612439013,6,0.0061948392765393,2.9995026978490592e-06,0.8161979,1.018145918754989,112.9,,60.0,10,100.0,2,0.25,0.0,20.0,30.0,10.0,40.0,0.0,SJF,0.3101566295543631,31.01566295543631
2575,22.33642383372724,22.43642383372724,6,0.0025238661060953,6.997093270882209e-06,2.7325976875,27.375378173464096,119.875,,60.0,16,160.0,4,0.5,0.0,40.0,70.0,0.0,50.0,0.0,SJF,0.3248809042087499,32.48809042087499
2576,22.345101543064352,22.445101543064357,4,0.000651651435648,7.308639600183304e-07,3.051442230769231,28.60652222330719,119.92307692307692,,40.0,13,130.0,3,0.375,0.0,40.0,50.0,0.0,40.0,0.0,SJF,0.32303555836906384,32.30355583690638
2577,22.353779252401463,22.453779252401464,10,0.0047786191985377,5.973793110135911e-06,1.0764381111111112,1.9388389284649277,117.55555555555556,,100.0,18,180.0,3,0.375,20.0,60.0,70.0,0.0,30.0,0.0,SJF,0.3568094429125288,35.68094429125288
2578,22.362456961738577,22.462456961738575,8,0.0020056792614231,5.135065915423059e-06,1.078545,3.7618826531039335,114.0,,80.0,31,310.0,4,0.5,30.0,70.0,160.0,0.0,50.0,0.0,SJF,0.34899603849130584,34.899603849130585
2579,22.37113467107569,22.47113467107569,14,0.0021232109243093,2.19333566093463e-06,1.32994584,2.73770728031989,115.48,,140.0,25,250.0,4,0.5,0.0,40.0,100.0,10.0,100.0,0.0,SJF,0.39702849874377044,39.702849874377044
2580,22.3798123804128,22.4798123804128,10,0.000654782687199,4.849811675048012e-07,2.3826774444444445,21.160698442093256,113.11111111111111,,100.0,27,270.0,4,0.5,10.0,40.0,130.0,0.0,90.0,0.0,SJF,0.3842962725108921,38.42962725108921
2581,22.388490089749915,22.48849008974992,5,0.0068081724500842,1.4666533651364631e-06,0.4046114615384615,0.0527584205331025,117.0,,50.0,13,130.0,3,0.375,0.0,40.0,50.0,0.0,40.0,0.0,SJF,0.30820371509443695,30.820371509443696
2582,22.397167799087025,22.497167799087027,16,0.0027463947254746,9.065365614877709e-06,1.2097039736842106,5.144212590120567,115.02631578947368,,160.0,38,380.0,4,0.5,0.0,50.0,140.0,30.0,160.0,0.0,SJF,0.40746560521567576,40.746560521567574
2583,22.40584550842414,22.50584550842414,5,0.0019856599758604,6.509420254720883e-06,2.021819823529412,6.404221558456655,114.82352941176472,,50.0,17,170.0,3,0.375,0.0,50.0,90.0,0.0,30.0,0.0,SJF,0.31580647876015605,31.580647876015604
2584,22.41452321776125,22.51452321776125,9,0.0034562585720827,3.889719747965301e-06,2.098281206896552,22.86505355172917,118.44827586206895,,90.0,29,290.0,4,0.5,0.0,80.0,130.0,0.0,80.0,0.0,SJF,0.3831081822786121,38.31081822786121
2585,22.423200927098364,22.523200927098365,3,0.0049408002349693,6.9356725879420685e-06,9.8322395,265.6200397063456,116.0,,30.0,4,40.0,2,0.25,0.0,0.0,20.0,0.0,20.0,0.0,SJF,0.49226861181206005,49.226861181206004
2586,22.431878636435474,22.53187863643548,5,0.0050910213645259,7.669877239493005e-07,2.386432333333333,13.968891859256422,118.0,,50.0,12,120.0,3,0.375,10.0,30.0,60.0,0.0,20.0,0.0,SJF,0.33747548945840045,33.747548945840045
2587,22.44055634577259,22.54055634577259,4,0.0035927079774111,1.1358911695073585e-07,1.2076527333333331,4.394957779164352,120.0,,40.0,15,150.0,2,0.25,0.0,60.0,50.0,0.0,40.0,0.0,SJF,0.30857314839728056,30.857314839728055
2588,22.449234055109702,22.549234055109704,9,0.0061187080014085,9.451043696583129e-06,1.391038,4.550838252219538,117.14285714285714,,90.0,14,140.0,3,0.375,0.0,30.0,60.0,0.0,50.0,0.0,SJF,0.3506128679327574,35.06128679327574
2589,22.457911764446813,22.55791176444681,7,0.0017642312674728,1.0961156170784606e-06,3.86022575,25.842343006479474,118.16666666666669,,70.0,12,120.0,4,0.5,0.0,30.0,60.0,0.0,30.0,0.0,SJF,0.3313246250615227,33.13246250615227
2590,22.466589473783927,22.566589473783928,8,0.0045558625910735,2.8596414170704963e-06,3.970883173913044,77.2423415576746,117.8695652173913,,80.0,23,230.0,4,0.5,0.0,70.0,80.0,10.0,70.0,0.0,SJF,0.37358895301831657,37.35889530183166
2591,22.47526718312104,22.57526718312104,0,,0.0,,0.0,,,0.0,0,0.0,0,0.0,0.0,0.0,0.0,0.0,0.0,0.0,RR,0.46263451357794594,46.263451357794594
2592,22.48394489245815,22.583944892458156,3,0.0009013488751818,8.97491079122964e-08,7.80757825,82.90900965368492,119.5,,30.0,4,40.0,2,0.25,0.0,10.0,20.0,0.0,10.0,0.0,SJF,0.3337656835470466,33.37656835470466
2593,22.49262260179526,22.592622601795263,3,0.0043418165380716,2.647982535244824e-07,0.8218749999999999,2.0197459754538665,120.0,,30.0,16,160.0,2,0.25,0.0,50.0,70.0,0.0,40.0,0.0,SJF,0.30820371509443695,30.820371509443696
2594,22.501300311132372,22.601300311132377,8,0.0046158521176242,3.680740614640528e-06,2.3965721875,23.82328628671002,114.875,,80.0,16,160.0,4,0.5,0.0,50.0,70.0,0.0,40.0,0.0,SJF,0.381136973160488,38.1136973160488
2595,22.50997802046949,22.609978020469487,8,0.0015175762805141,8.797355761372854e-07,3.179370666666667,32.43731402111643,118.16666666666669,,80.0,12,120.0,3,0.375,0.0,40.0,50.0,0.0,30.0,0.0,SJF,0.36987722788459865,36.98772278845986
2596,22.5186557298066,22.6186557298066,5,0.0024410635933996,2.9756142691444923e-06,1.19863752,3.990315358691927,120.0,,50.0,25,250.0,3,0.375,0.0,90.0,120.0,10.0,30.0,0.0,SJF,0.30857314839728056,30.857314839728055
2597,22.52733343914371,22.62733343914371,12,0.0050660443562895,1.547551783042268e-06,2.4256105,15.279625576655912,119.88888888888889,,120.0,18,180.0,4,0.5,0.0,20.0,70.0,0.0,90.0,0.0,SJF,0.42302030990845735,42.302030990845736
2598,22.536011148480824,22.636011148480826,8,0.0043357961441752,1.574534383918409e-07,1.5934231818181817,5.139288783084163,114.27272727272728,,80.0,11,110.0,3,0.375,0.0,20.0,40.0,0.0,50.0,0.0,SJF,0.3490900895876685,34.909008958766854
2599,22.54468885781794,22.64468885781794,16,0.0040740989945615,5.504016758839554e-06,0.4805393972602739,0.5170210369131316,119.23287671232876,,160.0,73,730.0,4,0.5,10.0,170.0,250.0,20.0,280.0,0.0,SJF,0.40822418707477015,40.82241870747701
2600,22.55336656715505,22.65336656715505,21,0.0040442301782844,5.243603695663268e-06,0.5069441475409836,0.5093924608028277,117.65573770491804,,210.0,61,610.0,4,0.5,20.0,70.0,170.0,80.0,270.0,0.0,SJF,0.4166224490944978,41.66224490944978
2601,22.562044276492163,22.662044276492164,31,0.0054121563788051,8.347500637975559e-06,0.4543323333333333,0.4006890431066761,117.875,,310.0,72,720.0,4,0.5,30.0,120.0,170.0,100.0,300.0,0.0,SJF,0.4101975684967375,41.01975684967375
2602,22.570721985829277,22.670721985829275,28,0.0037646199921554,8.940087916011525e-06,0.4061487954545454,0.3139559330373369,116.97727272727272,,280.0,88,880.0,4,0.5,10.0,150.0,250.0,110.0,360.0,0.0,SJF,0.4078576763329254,40.785767633292544
2603,22.579399695166387,22.67939969516639,16,0.002821477771113,5.508419469767786e-06,0.995564024390244,2.1080674430719744,115.1219512195122,,160.0,41,410.0,4,0.5,10.0,90.0,180.0,0.0,130.0,0.0,SJF,0.40822418707477015,40.82241870747701
2604,22.588077404503498,22.6880774045035,6,0.002370347329835,6.2821752612324094e-06,1.7760966111111112,9.563796922604604,116.33333333333331,,60.0,18,180.0,4,0.5,0.0,50.0,80.0,0.0,50.0,0.0,SJF,0.3173333984443807,31.73333984443807
2605,22.59675511384061,22.696755113840613,11,0.0036677372502971,1.437873658077211e-05,1.1885446285714285,4.676286277549063,118.82857142857142,,110.0,35,350.0,4,0.5,0.0,110.0,150.0,10.0,80.0,0.0,SJF,0.37963418631739626,37.96341863173963
2606,22.60543282317772,22.705432823177723,12,0.0042322330722779,4.485799168517356e-06,2.188316,15.2987574410404,113.76190476190476,,120.0,21,210.0,4,0.5,0.0,40.0,80.0,10.0,80.0,0.0,SJF,0.42302030990845735,42.302030990845736
2607,22.61411053251484,22.71411053251484,7,0.0045773531994487,3.997612948458604e-06,3.0563427826086955,111.7854315482356,118.08695652173913,,70.0,23,230.0,3,0.375,0.0,50.0,120.0,0.0,60.0,0.0,SJF,0.3470830123157901,34.70830123157901
2608,22.622788241851943,22.722788241851948,5,0.0025193637480533,7.827379833134954e-06,4.356710083333334,52.39438310029463,120.0,,50.0,12,120.0,3,0.375,0.0,40.0,50.0,0.0,30.0,0.0,SJF,0.33560590346936153,33.56059034693615
2609,22.63146595118906,22.73146595118906,0,,0.0,,0.0,,,0.0,0,0.0,0,0.0,0.0,0.0,0.0,0.0,0.0,0.0,RR,0.46263451357794594,46.263451357794594
2610,22.64014366052617,22.740143660526176,5,0.0036680076738264,1.965793371457676e-06,5.369228363636363,116.45785256761988,118.0,,50.0,11,110.0,3,0.375,10.0,30.0,50.0,0.0,20.0,0.0,SJF,0.34205359720389394,34.205359720389396
2611,22.648821369863285,22.74882136986329,3,0.0008329098033819,1.0666159585907178e-06,1.5601524999999998,18.628163409141965,120.0,,30.0,14,140.0,1,0.125,0.0,40.0,50.0,0.0,50.0,0.0,SJF,0.3448817051332201,34.48817051332201
2612,22.6574990792004,22.7574990792004,0,,0.0,,0.0,,,0.0,0,0.0,0,0.0,0.0,0.0,0.0,0.0,0.0,0.0,RR,0.46263451357794594,46.263451357794594
2613,22.66617678853751,22.76617678853751,8,0.0054909174624913,1.3150676168443273e-06,1.149004611111111,1.9842878637874284,119.55555555555556,,80.0,18,180.0,4,0.5,0.0,50.0,80.0,0.0,50.0,0.0,SJF,0.3485449170835346,34.85449170835346
2614,22.674854497874623,22.774854497874625,11,0.0032165066708312,8.517818395726476e-06,3.121336833333334,96.70251964184772,117.95833333333331,,110.0,24,240.0,4,0.5,0.0,40.0,70.0,10.0,120.0,0.0,SJF,0.4070741370710384,40.70741370710384
2615,22.683532207211734,22.78353220721173,7,0.0017491083596955,1.875248440534083e-06,2.005170722222222,13.625637390481272,119.77777777777776,,70.0,18,180.0,3,0.375,0.0,60.0,70.0,10.0,40.0,0.0,SJF,0.34236061855334193,34.23606185533419
2616,22.692209916548848,22.79220991654885,6,0.0034539636178193,1.3379025305727076e-05,2.362667777777778,11.860827567647943,120.0,,60.0,9,90.0,2,0.25,0.0,10.0,40.0,0.0,40.0,0.0,SJF,0.3256003711282234,32.560037112822336
2617,22.70088762588596,22.80088762588596,7,0.0043887938283277,8.998184171608925e-06,1.0677235416666666,2.0283728798258243,118.29166666666669,,70.0,24,240.0,3,0.375,0.0,80.0,100.0,0.0,60.0,0.0,SJF,0.32179359727046275,32.179359727046275
2618,22.709565335223072,22.809565335223077,5,0.0027830517769281,1.4443725953312518e-07,5.970245571428571,54.50143027947394,116.85714285714286,,50.0,7,70.0,3,0.375,0.0,20.0,30.0,0.0,20.0,0.0,SJF,0.3345396362269796,33.453963622697955
2619,22.718243044560182,22.818243044560184,6,0.0076816427731506,7.331953271794254e-07,0.3738946666666666,0.053497307867,115.66666666666669,,60.0,9,90.0,3,0.375,0.0,20.0,10.0,20.0,40.0,0.0,SJF,0.3101566295543631,31.01566295543631
2620,22.726920753897296,22.826920753897294,12,0.0018371322693703,4.262849063485872e-06,2.0184765,10.535068289619964,116.71428571428572,,120.0,28,280.0,4,0.5,0.0,50.0,130.0,20.0,80.0,0.0,SJF,0.4022836816657403,40.22836816657403
2621,22.73559846323441,22.83559846323441,4,0.0046973090155884,1.142271324682411e-07,3.941797,19.391695955096,120.0,,40.0,6,60.0,3,0.375,0.0,20.0,30.0,0.0,10.0,0.0,SJF,0.3467558835597113,34.67558835597113
2622,22.74427617257152,22.84427617257152,12,0.0038570087618129,8.649646691157723e-06,2.04440628,17.36716105265913,117.56,,120.0,25,250.0,4,0.5,0.0,40.0,100.0,10.0,100.0,0.0,SJF,0.40379549820745647,40.379549820745645
2623,22.752953881908635,22.85295388190864,5,0.0026950468913661,9.33771032884776e-06,0.9615277333333334,2.6916060655497813,120.66666666666669,,50.0,15,150.0,2,0.25,0.0,60.0,60.0,0.0,30.0,0.0,SJF,0.30820371509443695,30.820371509443696
2624,22.761631591245745,22.861631591245747,16,0.0033086994417548,4.559080462862511e-06,0.7622008461538462,1.4585872476031334,113.97435897435898,,160.0,39,390.0,4,0.5,40.0,50.0,150.0,20.0,130.0,0.0,SJF,0.40822418707477015,40.82241870747701
2625,22.77030930058286,22.87030930058286,9,0.0023079823060301,4.736308295176732e-06,0.9352604324324324,2.371078424193141,114.37837837837836,,90.0,37,370.0,4,0.5,10.0,90.0,170.0,0.0,100.0,0.0,SJF,0.3499472928853541,34.99472928853541
2626,22.77898700991997,22.87898700991997,9,0.002111227746697,5.419260012748187e-06,2.908144210526316,17.341854817491395,117.6842105263158,,90.0,19,190.0,4,0.5,0.0,50.0,90.0,0.0,50.0,0.0,SJF,0.3693335868944175,36.93335868944175
2627,22.787664719257084,22.887664719257085,6,0.0058651419095833,8.08258823682549e-08,4.825735,28.11957377166925,119.66666666666669,,60.0,9,90.0,4,0.5,0.0,20.0,40.0,0.0,30.0,0.0,SJF,0.33340706388530345,33.34070638853034
2628,22.796342428594198,22.896342428594195,4,0.007009632905806,6.702831748461561e-07,1.009537625,1.1667666638445533,117.625,,40.0,8,80.0,3,0.375,0.0,30.0,20.0,10.0,20.0,0.0,SJF,0.30820371509443695,30.820371509443696
2629,22.805020137931308,22.90502013793131,15,0.0036609124020254,9.396732196775264e-06,1.5167472857142856,18.542503165222644,116.02380952380952,,150.0,42,420.0,4,0.5,0.0,100.0,160.0,20.0,140.0,0.0,SJF,0.4410541714107221,44.10541714107221
2630,22.81369784726842,22.91369784726842,8,0.0014740321065813,1.3545402944596015e-06,1.3889132,4.788505005662743,114.73333333333332,,80.0,15,150.0,3,0.375,0.0,30.0,70.0,0.0,50.0,0.0,SJF,0.3490900895876685,34.909008958766854
2631,22.82237555660553,22.92237555660553,8,0.0020243175194671,5.242824704781479e-07,0.8072829666666667,1.796820833138585,118.53333333333332,,80.0,30,300.0,3,0.375,0.0,110.0,120.0,0.0,70.0,0.0,SJF,0.3485449170835346,34.85449170835346
2632,22.831053265942646,22.931053265942648,9,0.0032220377240202,7.363420047264542e-06,0.9449497857142858,2.9608833008698774,119.10714285714286,,90.0,28,280.0,4,0.5,0.0,20.0,150.0,0.0,110.0,0.0,SJF,0.3499472928853541,34.99472928853541
2633,22.83973097527976,22.93973097527976,12,0.00179178488691,6.204394311206225e-06,1.5021753,6.110828086604287,117.3,,120.0,30,300.0,4,0.5,0.0,70.0,140.0,0.0,90.0,0.0,SJF,0.39897929698859735,39.897929698859734
2634,22.84840868461687,22.948408684616872,7,0.0037383152402712,2.774802928468656e-06,1.9784430526315788,16.101646035859826,117.6842105263158,,70.0,19,190.0,4,0.5,0.0,50.0,80.0,0.0,60.0,0.0,SJF,0.34864057648757085,34.86405764875708
2635,22.85708639395398,22.957086393953983,6,0.0020975033793521,6.87752596576981e-06,2.260948642857143,12.07659003189671,119.85714285714286,,60.0,14,140.0,3,0.375,0.0,30.0,60.0,0.0,50.0,0.0,SJF,0.32628158959837456,32.62815895983746
2636,22.86576410329109,22.965764103291097,15,0.0047790441089046,4.056754326098344e-06,0.923071103448276,1.5039296910590247,118.34482758620688,,150.0,29,290.0,4,0.5,0.0,60.0,100.0,10.0,120.0,0.0,SJF,0.4021799205030373,40.21799205030373
2637,22.87444181262821,22.974441812628207,23,0.0031697478500555,7.252228445517606e-06,0.5597327540983607,0.5634171182128555,117.70491803278688,,230.0,61,610.0,4,0.5,0.0,140.0,200.0,40.0,230.0,0.0,SJF,0.41346947201252326,41.34694720125233
2638,22.88311952196532,22.98311952196532,8,0.0031885356596803,1.1011183064485634e-05,1.8390277777777777,5.877825687597714,115.38888888888889,,80.0,18,180.0,4,0.5,0.0,40.0,90.0,10.0,40.0,0.0,SJF,0.35186153018666383,35.18615301866638
2639,22.89179723130243,22.99179723130243,14,0.0016429271261418,5.929733282002883e-06,1.119803833333333,3.497524072708765,116.86666666666666,,140.0,30,300.0,4,0.5,0.0,90.0,110.0,10.0,90.0,0.0,SJF,0.3974796201515417,39.74796201515417
2640,22.900474940639544,23.000474940639545,11,0.0025746527240923,3.6774376842285e-06,1.1315502647058824,2.20085793673414,118.1470588235294,,110.0,34,340.0,4,0.5,0.0,100.0,150.0,0.0,90.0,0.0,SJF,0.3802153999939187,38.02153999939187
2641,22.90915264997665,23.009152649976656,8,0.001837614773346,2.4107394615688423e-06,7.775709076923077,162.4314150561619,118.23076923076924,,80.0,13,130.0,4,0.5,0.0,30.0,60.0,0.0,40.0,0.0,SJF,0.41078136353031797,41.078136353031795
2642,22.91783035931377,23.01783035931377,0,,0.0,,0.0,,,0.0,0,0.0,0,0.0,0.0,0.0,0.0,0.0,0.0,0.0,RR,0.46263451357794594,46.263451357794594
2643,22.92650806865088,23.026508068650884,7,0.0046427037776882,2.7804743129828897e-06,1.0500716875,2.5535148232440954,111.125,,70.0,16,160.0,3,0.375,10.0,40.0,80.0,0.0,30.0,0.0,SJF,0.32179359727046275,32.179359727046275
2644,22.935185777987996,23.035185777987994,5,0.0022752550120067,8.991673188945207e-06,5.8344595,43.37364479047513,119.75,,50.0,8,80.0,3,0.375,0.0,10.0,40.0,0.0,30.0,0.0,SJF,0.3334922109580462,33.34922109580462
2645,22.943863487325107,23.04386348732511,8,0.0076067836748929,7.881268745317912e-07,0.4294878333333333,0.1096618015383333,104.08333333333331,,80.0,12,120.0,3,0.375,0.0,20.0,40.0,10.0,50.0,0.0,SJF,0.3485449170835346,34.85449170835346
2646,22.952541196662217,23.05254119666222,16,0.0047018380252827,5.787149530916209e-06,1.609199066666667,13.105462334409474,116.95555555555556,,160.0,45,450.0,4,0.5,0.0,90.0,200.0,20.0,140.0,0.0,SJF,0.4283710581622072,42.83710581622072
2647,22.96121890599933,23.061218905999333,6,0.0032505903340022,5.897230198127882e-07,2.357216444444445,18.22225471417328,117.55555555555556,,60.0,9,90.0,2,0.25,0.0,20.0,40.0,0.0,30.0,0.0,SJF,0.33834604598017576,33.83460459801758
2648,22.96989661533644,23.069896615336443,5,0.0048359590635584,2.443914836632996e-06,0.8344948000000001,0.9584558902925896,118.9,,50.0,20,200.0,3,0.375,30.0,50.0,100.0,0.0,20.0,0.0,SJF,0.30820371509443695,30.820371509443696
2649,22.97857432467356,23.07857432467356,8,0.0023448917014441,4.204049347087045e-06,1.60816240625,16.811049211124825,117.9375,,80.0,32,320.0,4,0.5,0.0,110.0,130.0,0.0,80.0,0.0,SJF,0.3695695555005355,36.95695555005355
2650,22.987252034010663,23.087252034010668,5,0.0010772901893332,3.7789159610392565e-08,8.266294714285715,103.94678844576788,116.85714285714286,,50.0,7,70.0,3,0.375,0.0,20.0,30.0,0.0,20.0,0.0,SJF,0.3466602687515759,34.66602687515759
2651,22.99592974334778,23.09592974334778,0,,0.0,,0.0,,,0.0,0,0.0,0,0.0,0.0,0.0,0.0,0.0,0.0,0.0,RR,0.46263451357794594,46.263451357794594
2652,23.00460745268489,23.10460745268489,8,0.0032723560651093,1.0450126550696763e-06,2.733750037037037,43.02631124699412,118.5925925925926,,80.0,27,270.0,4,0.5,0.0,90.0,110.0,0.0,70.0,0.0,SJF,0.36987722788459865,36.98772278845986
2653,23.013285162022004,23.11328516202201,5,0.0049503915779958,5.007737303105555e-07,5.055632571428572,63.71665723342496,113.0,,50.0,7,70.0,2,0.25,0.0,0.0,20.0,10.0,40.0,0.0,SJF,0.3292354401588897,32.92354401588897
2654,23.02196287135912,23.12196287135912,0,,0.0,,0.0,,,0.0,0,0.0,0,0.0,0.0,0.0,0.0,0.0,0.0,0.0,RR,0.46263451357794594,46.263451357794594
2655,23.03064058069623,23.13064058069623,8,0.0039696580537715,3.023502992108501e-06,2.0376507931034484,18.17791466745917,120.0,,80.0,29,290.0,4,0.5,0.0,90.0,150.0,0.0,50.0,0.0,SJF,0.37910349947398586,37.910349947398586
2656,23.039318290033343,23.139318290033344,2,0.0060118054666578,4.841899939851353e-07,1.973229,1.956898751112,120.0,,20.0,2,20.0,1,0.125,10.0,0.0,10.0,0.0,0.0,0.0,SJF,0.30820371509443695,30.820371509443696
2657,23.047995999370453,23.14799599937045,11,0.004907410356819,8.220880030712166e-06,1.66188544,6.904632876901425,116.6,,110.0,25,250.0,4,0.5,0.0,50.0,110.0,30.0,60.0,0.0,SJF,0.3883144279308282,38.83144279308282
2658,23.056673708707567,23.15667370870757,14,0.0023301365067184,3.912047084360612e-06,0.6816255789473684,1.341011709612304,113.26315789473684,,140.0,38,380.0,3,0.375,30.0,100.0,100.0,40.0,110.0,0.0,SJF,0.39702849874377044,39.702849874377044
2659,23.06535141804468,23.16535141804468,14,0.0027284838838938,2.2345349062217678e-06,0.5016196129032258,1.0325355763998147,116.83870967741936,,140.0,62,620.0,4,0.5,10.0,40.0,110.0,170.0,290.0,0.0,SJF,0.39702849874377044,39.702849874377044
2660,23.07402912738179,23.174029127381797,9,0.0033641449515416,8.497951668235597e-06,1.1923246666666667,4.647136220423678,113.8,,90.0,30,300.0,4,0.5,10.0,60.0,140.0,0.0,90.0,0.0,SJF,0.35045980821434514,35.04598082143451
2661,23.082706836718906,23.182706836718904,15,0.0026545536144309,3.41176549248998e-06,0.8548722619047618,4.340767880780685,118.11904761904762,,150.0,42,420.0,4,0.5,0.0,110.0,150.0,10.0,150.0,0.0,SJF,0.40237198562330895,40.237198562330896
2662,23.091384546056016,23.191384546056018,5,0.0019597055439838,6.1137980720308985e-06,5.445763833333333,51.37573807518379,119.83333333333331,,50.0,12,120.0,4,0.5,0.0,30.0,60.0,0.0,30.0,0.0,SJF,0.33650768624520266,33.65076862452027
2663,23.100062255393127,23.200062255393128,2,0.0058057041068728,1.2731755207232305e-06,7.681771,74.07981445152801,110.5,,20.0,2,20.0,1,0.125,0.0,0.0,10.0,0.0,10.0,0.0,SJF,0.3384828070142114,33.84828070142114
2664,23.10873996473024,23.20873996473024,9,0.0035722313808703,7.416682883735631e-06,0.8206565454545454,1.456009852264193,118.12121212121212,,90.0,33,330.0,3,0.375,0.0,90.0,120.0,10.0,110.0,0.0,SJF,0.3499472928853541,34.99472928853541
2665,23.117417674067354,23.21741767406736,7,0.0039970267897889,4.793805634028577e-06,6.515750066666667,106.53845823665893,117.06666666666666,,70.0,15,150.0,4,0.5,0.0,40.0,70.0,0.0,40.0,0.0,SJF,0.35506784794497226,35.50678479449723
2666,23.126095383404465,23.226095383404463,1,0.0083918475955364,0.0,0.34625,0.0,120.0,,10.0,1,10.0,1,0.125,0.0,10.0,0.0,0.0,0.0,0.0,SJF,0.30820371509443695,30.820371509443696
2667,23.13477309274158,23.23477309274158,4,0.0008447632584216,4.272845374913895e-07,3.6162656,44.74448234301249,120.0,,40.0,10,100.0,2,0.25,0.0,30.0,40.0,0.0,30.0,0.0,SJF,0.3311178586948881,33.111785869488806
2668,23.14345080207869,23.24345080207869,1,0.0084325739213113,0.0,2.060209,0.0,119.0,,10.0,1,10.0,1,0.125,0.0,0.0,0.0,10.0,0.0,0.0,SJF,0.30820371509443695,30.820371509443696
2669,23.152128511415803,23.252128511415805,12,0.0030175430841966,4.384632037251341e-06,2.6816369047619046,38.34614121518469,115.1904761904762,,120.0,21,210.0,4,0.5,0.0,20.0,80.0,10.0,100.0,0.0,SJF,0.40971179361521637,40.971179361521635
2670,23.160806220752917,23.260806220752915,6,0.0022397425804191,4.551097508839286e-06,2.055709076923077,22.44678797590303,119.1153846153846,,60.0,26,260.0,3,0.375,0.0,70.0,100.0,0.0,90.0,0.0,SJF,0.343460222163757,34.3460222163757
2671,23.169483930090028,23.26948393009003,0,,0.0,,0.0,,,0.0,0,0.0,0,0.0,0.0,0.0,0.0,0.0,0.0,0.0,RR,0.46263451357794594,46.263451357794594
2672,23.178161639427135,23.27816163942714,10,0.0043242161728613,3.5329697939883315e-06,0.6486444871794872,0.9456182096215192,118.87179487179488,,100.0,39,390.0,4,0.5,30.0,100.0,180.0,0.0,80.0,0.0,SJF,0.3568094429125288,35.68094429125288
2673,23.18683934876425,23.286839348764254,13,0.0036778738511324,9.462732277228796e-06,1.82007815625,26.247574966531293,118.625,,130.0,32,320.0,4,0.5,0.0,80.0,120.0,10.0,110.0,0.0,SJF,0.40324798141669904,40.3247981416699
2674,23.195517058101363,23.295517058101364,7,0.0017375907557796,1.6971389588785609e-06,1.1051507368421052,2.0292163234847607,119.78947368421052,,70.0,19,190.0,3,0.375,0.0,50.0,60.0,10.0,70.0,0.0,SJF,0.32179359727046275,32.179359727046275
2675,23.20419476743848,23.30419476743848,4,0.0009105750615239,9.64339672063052e-07,5.380662285714286,39.98723200327924,114.57142857142856,,40.0,7,70.0,3,0.375,0.0,0.0,40.0,0.0,30.0,0.0,SJF,0.33147000520230113,33.147000520230115
2676,23.21287247677559,23.312872476775592,10,0.0051688685244098,9.235114734466194e-06,0.7659992222222222,1.0801796392261027,117.70370370370372,,100.0,27,270.0,4,0.5,0.0,80.0,110.0,10.0,70.0,0.0,SJF,0.3568094429125288,35.68094429125288
2677,23.2215501861127,23.321550186112702,12,0.0017768666372995,3.5060991459567165e-06,1.7136154583333332,7.888104606746172,115.375,,120.0,24,240.0,4,0.5,0.0,50.0,80.0,20.0,90.0,0.0,SJF,0.4011305454754378,40.11305454754378
2678,23.23022789544981,23.330227895449816,6,0.003153258716851,3.653322334854976e-06,3.834066461538462,57.767941691277606,118.3076923076923,,60.0,13,130.0,4,0.5,0.0,40.0,50.0,0.0,40.0,0.0,SJF,0.33701107731531094,33.701107731531096
2679,23.238905604786925,23.338905604786927,5,0.0012384696130744,6.081843124795257e-07,8.2199675,118.64801647220258,119.875,,50.0,8,80.0,3,0.375,0.0,20.0,40.0,0.0,20.0,0.0,SJF,0.34824145878717744,34.824145878717744
2680,23.24758331412404,23.34758331412404,0,,0.0,,0.0,,,0.0,0,0.0,0,0.0,0.0,0.0,0.0,0.0,0.0,0.0,RR,0.46263451357794594,46.263451357794594
2681,23.25626102346115,23.35626102346115,6,0.0052444275388504,4.051839897271254e-06,2.6164397857142854,26.22626549982633,120.57142857142856,,60.0,14,140.0,4,0.5,0.0,40.0,60.0,0.0,40.0,0.0,SJF,0.32175030105858254,32.175030105858255
2682,23.264938732798264,23.364938732798265,4,0.0014260499517355,1.3986727944057756e-06,3.0426868823529416,44.18847483476324,118.70588235294116,,40.0,17,170.0,3,0.375,0.0,50.0,60.0,0.0,60.0,0.0,SJF,0.3311178586948881,33.111785869488806
2683,23.27361644213537,23.373616442135376,6,0.0070740436979589,8.67218820163549e-08,1.285191,3.1213285306632503,117.55555555555556,,60.0,9,90.0,3,0.375,0.0,40.0,40.0,0.0,10.0,0.0,SJF,0.3101566295543631,31.01566295543631
2684,23.282294151472488,23.38229415147249,8,0.0036413865275117,4.117495544199205e-06,0.9815937,3.155000081546747,117.35,,80.0,20,200.0,3,0.375,0.0,60.0,70.0,0.0,70.0,0.0,SJF,0.3485449170835346,34.85449170835346
2685,23.2909718608096,23.390971860809604,8,0.0005042303153981,1.6243852189513166e-07,2.5863646,15.967035524598542,118.8,,80.0,15,150.0,4,0.5,0.0,30.0,60.0,10.0,50.0,0.0,SJF,0.37939173745545124,37.939173745545126
2686,23.299649570146716,23.399649570146718,7,0.0019904954247158,3.3728088209849595e-06,3.229635368421053,29.279311185493015,118.36842105263158,,70.0,19,190.0,4,0.5,0.0,40.0,90.0,0.0,60.0,0.0,SJF,0.34320394901513274,34.320394901513275
2687,23.308327279483827,23.408327279483828,4,0.0045105110161731,7.145741490481633e-07,3.542224,87.73976217931511,120.0,,40.0,10,100.0,2,0.25,0.0,40.0,40.0,0.0,20.0,0.0,SJF,0.3325877857678216,33.25877857678216
2688,23.317004988820937,23.41700498882094,8,0.0034609590540628,7.554889345807716e-06,2.787150625,37.618434366599296,118.16666666666669,,80.0,24,240.0,3,0.375,0.0,80.0,100.0,0.0,60.0,0.0,SJF,0.36987722788459865,36.98772278845986
2689,23.32568269815805,23.42568269815805,0,,0.0,,0.0,,,0.0,0,0.0,0,0.0,0.0,0.0,0.0,0.0,0.0,0.0,RR,0.46263451357794594,46.263451357794594
2690,23.33436040749516,23.434360407495163,4,0.0038787890048386,1.13490397210362e-07,0.6400470476190476,0.8561613854366474,119.9047619047619,,40.0,21,210.0,3,0.375,0.0,60.0,70.0,0.0,80.0,0.0,SJF,0.30820371509443695,30.820371509443696
2691,23.343038116832275,23.44303811683228,10,0.0043706292677246,9.014776529117663e-06,0.7836960714285713,6.201210078357341,114.28571428571428,,100.0,56,560.0,4,0.5,110.0,90.0,280.0,10.0,70.0,0.0,SJF,0.36197979920532186,36.197979920532184
2692,23.351715826169382,23.451715826169387,9,0.0037172723861698,1.14022642487847e-05,0.8949340444444445,4.319534835811271,113.11111111111111,,90.0,45,450.0,3,0.375,120.0,50.0,220.0,10.0,50.0,0.0,SJF,0.3503167261881977,35.03167261881977
2693,23.3603935355065,23.4603935355065,4,0.0028090074935001,9.743066899840844e-06,0.2991908048780488,0.0885529368935109,112.1951219512195,,40.0,41,410.0,2,0.25,160.0,30.0,190.0,0.0,30.0,0.0,SJF,0.30820371509443695,30.820371509443696
2694,23.36907124484361,23.46907124484361,8,0.0015074767813896,2.142743937382652e-06,0.8582101587301587,5.723215982183778,112.95238095238096,,80.0,63,630.0,4,0.5,210.0,60.0,290.0,0.0,70.0,0.0,SJF,0.3488542168388246,34.88542168388246
2695,23.377748954180724,23.47774895418073,8,0.0057714534442756,1.11636305718928e-05,0.258563224137931,0.0450328987662822,112.39655172413794,,80.0,58,580.0,4,0.5,220.0,40.0,270.0,20.0,30.0,0.0,SJF,0.3485449170835346,34.85449170835346
2696,23.38642666351784,23.48642666351784,14,0.0019578177678763,5.000603966346626e-06,0.416493632183908,0.462350907221119,114.34482758620688,,140.0,87,870.0,4,0.5,210.0,110.0,390.0,10.0,150.0,0.0,SJF,0.39702849874377044,39.702849874377044
2697,23.39510437285495,23.49510437285495,12,0.0027027924783844,7.915902660737599e-06,0.5428965161290322,1.8245321605760247,112.2258064516129,,120.0,62,620.0,4,0.5,220.0,30.0,300.0,0.0,70.0,0.0,SJF,0.3950742908743124,39.50742908743124
2698,23.403782082192063,23.503782082192064,8,0.0012239959329374,2.217967561650353e-06,0.937482051724138,7.081076250500405,112.05172413793105,,80.0,58,580.0,4,0.5,200.0,30.0,280.0,10.0,60.0,0.0,SJF,0.3559033175797313,35.59033175797313
2699,23.412459791529173,23.51245979152917,6,0.0028839583041596,1.1768532915167797e-05,0.3373530357142857,0.4226158045721078,113.03571428571428,,60.0,56,560.0,3,0.375,200.0,50.0,250.0,10.0,50.0,0.0,SJF,0.3101566295543631,31.01566295543631
2700,23.421137500866287,23.52113750086629,16,0.003386773946213,5.9574454661474594e-06,0.484163095890411,1.1285716615531711,113.02739726027396,,160.0,73,730.0,4,0.5,210.0,70.0,340.0,10.0,100.0,0.0,SJF,0.40822418707477015,40.82241870747701
2701,23.4298152102034,23.5298152102034,11,0.0024228441602389,3.0210904139702348e-06,0.6560504769230769,2.725689759317972,112.0,,110.0,65,650.0,4,0.5,230.0,50.0,310.0,0.0,60.0,0.0,SJF,0.3802153999939187,38.02153999939187
2702,23.43849291954051,23.538492919540516,5,0.0020923004594877,6.150065257013703e-06,1.1900314310344826,22.946749933561303,112.75862068965516,,50.0,58,580.0,4,0.5,210.0,60.0,270.0,0.0,40.0,0.0,SJF,0.3390054105078203,33.90054105078203
2703,23.447170628877625,23.547170628877623,3,0.0004517751223787,8.621390752954536e-08,0.4905307619047619,3.251152876994772,110.95238095238096,,30.0,42,420.0,2,0.25,190.0,20.0,210.0,0.0,0.0,0.0,SJF,0.30820371509443695,30.820371509443696
2704,23.455848338214736,23.555848338214737,3,0.0014539617852638,5.8379659362796834e-06,1.4146936470588238,33.02531724205933,110.58823529411764,,30.0,34,340.0,2,0.25,150.0,20.0,170.0,0.0,0.0,0.0,SJF,0.3311178586948881,33.111785869488806
2705,23.464526047551846,23.564526047551848,4,0.0037684486981532,9.088197951768057e-08,0.8175712631578947,1.3017393419177603,120.0,,40.0,19,190.0,2,0.25,0.0,70.0,70.0,0.0,50.0,0.0,SJF,0.30820371509443695,30.820371509443696
2706,23.47320375688896,23.57320375688896,7,0.002299128396754,1.0911148895290565e-06,3.597187545454545,41.84886711188128,117.9090909090909,,70.0,11,110.0,3,0.375,0.0,30.0,50.0,0.0,30.0,0.0,SJF,0.3443930463034966,34.43930463034966
2707,23.481881466226078,23.58188146622608,3,0.0032119624405938,5.7334972886239516e-08,4.12959625,18.542020928832915,122.5,,30.0,4,40.0,2,0.25,0.0,0.0,20.0,0.0,20.0,0.0,SJF,0.3448817051332201,34.48817051332201
2708,23.490559175563185,23.590559175563182,10,0.0044033414368154,1.9594796406879626e-06,2.226857625,25.712976131966244,117.91666666666669,,100.0,24,240.0,4,0.5,0.0,70.0,70.0,20.0,80.0,0.0,SJF,0.3687567512681382,36.875675126813825
2709,23.4992368849003,23.5992368849003,7,0.0054017892425584,7.630675814721601e-06,1.1795833333333332,1.889276834284424,104.83333333333331,,70.0,12,120.0,3,0.375,10.0,10.0,50.0,10.0,40.0,0.0,SJF,0.32179359727046275,32.179359727046275
2710,23.50791459423741,23.60791459423741,6,0.0029438080959245,9.76089208667795e-06,3.4095152307692307,19.13528288994869,107.0,,60.0,13,130.0,3,0.375,10.0,10.0,70.0,0.0,40.0,0.0,SJF,0.34658920893070017,34.65892089307002
2711,23.516592303574523,23.616592303574524,7,0.0055634611397619,5.627467777011837e-06,1.39603748,6.803580279866176,119.12,,70.0,25,250.0,4,0.5,0.0,90.0,100.0,0.0,60.0,0.0,SJF,0.3300938301958777,33.009383019587766
2712,23.525270012911637,23.625270012911635,6,0.0053870350883666,5.878484413680137e-06,1.559573909090909,3.48873416271229,116.0,,60.0,11,110.0,3,0.375,0.0,40.0,50.0,0.0,20.0,0.0,SJF,0.31060775096213433,31.060775096213433
2713,23.533947722248747,23.63394772224875,13,0.0032411988281755,6.87521229460008e-06,3.5237855,127.76853994002444,119.9090909090909,,130.0,22,220.0,4,0.5,0.0,30.0,60.0,0.0,130.0,0.0,SJF,0.4218199785809666,42.18199785809666
2714,23.542625431585854,23.64262543158586,22,0.0025891662777786,5.019891121120816e-06,0.3230104125,0.1164263088635364,115.4,,220.0,80,800.0,3,0.375,10.0,140.0,200.0,110.0,340.0,0.0,SJF,0.4183366181620626,41.83366181620626
2715,23.55130314092297,23.651303140922973,24,0.0023865200353618,4.69218693061977e-06,0.4327638360655738,0.155867033460906,117.6065573770492,,240.0,61,610.0,3,0.375,0.0,40.0,170.0,60.0,340.0,0.0,SJF,0.4131270486772409,41.312704867724094
2716,23.55998085026008,23.659980850260084,19,0.0023914898451808,8.273791330521015e-06,0.7407045,1.2189468752759325,116.92105263157896,,190.0,38,380.0,3,0.375,0.0,50.0,130.0,10.0,190.0,0.0,SJF,0.40076686106167786,40.076686106167784
2717,23.5686585595972,23.6686585595972,18,0.0048784075139148,9.986724261111314e-06,0.3074452307692307,0.2876139678198941,118.5897435897436,,180.0,78,780.0,3,0.375,10.0,180.0,250.0,70.0,270.0,0.0,SJF,0.40460030818780496,40.460030818780496
2718,23.57733626893431,23.67733626893431,30,0.0042238399656896,9.89426077280985e-06,0.2833604893617021,0.1795788698190052,117.62765957446808,,300.0,94,940.0,3,0.375,30.0,90.0,270.0,100.0,450.0,0.0,SJF,0.4101975684967375,41.01975684967375
2719,23.58601397827142,23.686013978271426,27,0.0024454261359865,4.323909461695886e-06,0.3940127333333333,0.561976309987546,118.05555555555556,,270.0,90,900.0,4,0.5,30.0,90.0,320.0,50.0,410.0,0.0,SJF,0.4097901054688535,40.979010546885355
2720,23.59469168760853,23.694691687608536,11,0.0033753913914651,5.425980813319867e-06,0.8336794791666667,3.785074104386936,119.08333333333331,,110.0,48,480.0,4,0.5,10.0,160.0,180.0,0.0,130.0,0.0,SJF,0.38066652140169,38.066652140169
2721,23.603369396945645,23.703369396945646,13,0.0027632701312781,4.422391324370985e-06,1.0046510666666666,2.5367004578129606,111.73333333333332,,130.0,30,300.0,4,0.5,0.0,80.0,130.0,10.0,80.0,0.0,SJF,0.4030651809775221,40.30651809775221
2722,23.61204710628276,23.71204710628276,11,0.0027578895354229,3.833332743702796e-06,2.1017906190476188,11.837101841981852,112.1904761904762,,110.0,21,210.0,4,0.5,10.0,50.0,90.0,0.0,60.0,0.0,SJF,0.39504210978232185,39.50421097823219
2723,23.62072481561987,23.72072481561987,7,0.0051673329515585,7.479452495055441e-06,1.0039313333333333,1.7980786891349227,119.1851851851852,,70.0,27,270.0,4,0.5,0.0,100.0,110.0,0.0,60.0,0.0,SJF,0.32179359727046275,32.179359727046275
2724,23.629402524956983,23.729402524956985,12,0.0043286724596827,4.780700973403283e-06,4.174511428571428,85.07756470914106,115.52380952380952,,120.0,21,210.0,4,0.5,0.0,40.0,80.0,10.0,80.0,0.0,SJF,0.41801718990903325,41.801718990903325
2725,23.63808023429409,23.73808023429409,3,0.0058221523725734,1.664429396199057e-05,3.467795,26.122480164799,120.0,,30.0,3,30.0,2,0.25,0.0,10.0,10.0,0.0,10.0,0.0,SJF,0.31682172681366105,31.682172681366104
2726,23.646757943631208,23.74675794363121,10,0.003981010868792,9.06270679776219e-06,0.8071284333333334,1.7800387961309438,119.53333333333332,,100.0,30,300.0,3,0.375,0.0,70.0,140.0,0.0,80.0,10.0,SJF,0.3568094429125288,35.68094429125288
2727,23.65543565296832,23.75543565296832,5,0.0025154626316819,6.743051968266784e-06,7.2876825,127.85690977406428,115.6,,50.0,10,100.0,3,0.375,0.0,30.0,50.0,0.0,20.0,0.0,SJF,0.33593777581612466,33.593777581612464
2728,23.664113362305432,23.764113362305437,0,,0.0,,0.0,,,0.0,0,0.0,0,0.0,0.0,0.0,0.0,0.0,0.0,0.0,RR,0.46263451357794594,46.263451357794594
2729,23.672791071642543,23.772791071642548,6,0.0030617925241198,1.59128851114356e-06,1.8065861363636364,19.53510252698184,119.95454545454544,,60.0,22,220.0,3,0.375,0.0,60.0,110.0,0.0,50.0,0.0,SJF,0.3472812496548356,34.72812496548356
2730,23.681468780979657,23.781468780979655,3,0.0027130850203427,2.0223582651996443e-08,6.18549475,49.78858337421158,114.5,,30.0,4,40.0,2,0.25,0.0,10.0,20.0,0.0,10.0,0.0,SJF,0.34414037536697195,34.414037536697194
2731,23.69014649031677,23.79014649031677,7,0.0065767296832294,3.049152696123092e-07,1.0197787500000002,1.2682637009525684,120.0,,70.0,12,120.0,4,0.5,0.0,40.0,50.0,0.0,30.0,0.0,SJF,0.32179359727046275,32.179359727046275
2732,23.69882419965388,23.798824199653883,13,0.0034360476538112,8.897558175638962e-06,1.4241340625,5.723681683800964,117.28125,,130.0,32,320.0,4,0.5,10.0,50.0,100.0,20.0,140.0,0.0,SJF,0.4023785658924768,40.23785658924768
2733,23.707501908990995,23.807501908991,8,0.0038668905090051,1.1709143376461027e-05,1.140989611111111,3.268199833954017,118.27777777777776,,80.0,18,180.0,3,0.375,10.0,40.0,70.0,20.0,40.0,0.0,SJF,0.3485449170835346,34.85449170835346
2734,23.716179618328106,23.816179618328107,16,0.0027603529843946,1.4005706820656248e-05,1.2043793333333332,4.926336113436856,116.05555555555556,,160.0,36,360.0,4,0.5,0.0,80.0,100.0,40.0,140.0,0.0,SJF,0.40746560521567576,40.746560521567574
2735,23.72485732766522,23.82485732766522,7,0.0050912940490656,8.840109300271298e-06,2.630546928571429,8.785204041420073,116.85714285714286,,70.0,14,140.0,4,0.5,0.0,30.0,70.0,10.0,30.0,0.0,SJF,0.3290778933790651,32.907789337906515
2736,23.73353503700233,23.83353503700233,13,0.0043976341515164,7.458345071592905e-06,1.3820708,3.5784657479105837,109.8,,130.0,25,250.0,4,0.5,10.0,40.0,90.0,20.0,90.0,0.0,SJF,0.4035163023852934,40.35163023852934
2737,23.742212746339444,23.842212746339445,8,0.0039038199105561,5.749203106748855e-06,3.010101277777778,34.028860645495044,110.88888888888889,,80.0,18,180.0,4,0.5,10.0,40.0,80.0,10.0,40.0,0.0,SJF,0.36987722788459865,36.98772278845986
2738,23.750890455676554,23.85089045567656,5,0.0042169205234458,2.737444176639813e-07,2.3016619090909094,12.554167582975694,106.9090909090909,,50.0,11,110.0,3,0.375,10.0,30.0,40.0,0.0,30.0,0.0,SJF,0.3333979450749894,33.33979450749894
2739,23.75956816501367,23.85956816501367,7,0.0037759478434742,1.1258543250471088e-05,1.2041827692307694,2.4406895665001924,107.46153846153848,,70.0,13,130.0,3,0.375,10.0,20.0,50.0,0.0,50.0,0.0,SJF,0.32179359727046275,32.179359727046275
2740,23.768245874350782,23.868245874350784,12,0.0033470113992176,8.491839488505465e-06,1.3444419642857142,3.8507716117657393,117.53571428571428,,120.0,28,280.0,4,0.5,0.0,70.0,120.0,10.0,80.0,0.0,SJF,0.3954437241771561,39.544372417715614
2741,23.776923583687893,23.87692358368789,9,0.0022453250898853,2.1262662149460493e-06,1.25259440625,3.7748629294877327,118.625,,90.0,32,320.0,4,0.5,0.0,90.0,140.0,0.0,90.0,0.0,SJF,0.3503984142931253,35.03984142931253
2742,23.785601293025007,23.885601293025008,8,0.0032909244749927,1.647534194407375e-06,1.3373750000000002,5.82170648520793,117.06666666666666,,80.0,30,300.0,4,0.5,30.0,80.0,150.0,0.0,40.0,0.0,SJF,0.34933011713023165,34.93301171302316
2743,23.79427900236212,23.89427900236212,9,0.003488945637883,4.308436607474588e-06,0.7337968666666667,0.9474325234839128,117.8,,90.0,30,300.0,3,0.375,0.0,100.0,120.0,0.0,80.0,0.0,SJF,0.3499472928853541,34.99472928853541
2744,23.80295671169923,23.902956711699236,8,0.000877771300769,2.8205440408736097e-07,1.5761140869565218,6.401668948429173,116.30434782608695,,80.0,23,230.0,4,0.5,0.0,80.0,100.0,0.0,50.0,0.0,SJF,0.3561476807492536,35.614768074925365
2745,23.81163442103634,23.911634421036343,10,0.0021219862636584,4.301540734020515e-06,1.416489909090909,7.619276603846397,116.45454545454544,,100.0,33,330.0,4,0.5,0.0,80.0,160.0,0.0,90.0,0.0,SJF,0.3643267045930155,36.432670459301555
2746,23.820312130373456,23.920312130373457,6,0.0040098829598775,1.8577743431871503e-05,2.3782761,16.061838832148098,120.0,,60.0,10,100.0,4,0.5,0.0,20.0,50.0,0.0,30.0,0.0,SJF,0.3370036087714711,33.70036087714711
2747,23.82898983971057,23.928989839710567,10,0.0043306667894338,1.1079496671715146e-05,1.8062036666666668,10.78793605768131,116.85185185185183,,100.0,27,270.0,4,0.5,0.0,80.0,120.0,10.0,60.0,0.0,SJF,0.3684076895004791,36.84076895004791
2748,23.83766754904768,23.93766754904768,8,0.0022818362023198,1.8655627135226131e-06,3.411844666666667,29.94932675195624,116.66666666666669,,80.0,12,120.0,3,0.375,0.0,20.0,50.0,0.0,50.0,0.0,SJF,0.36987722788459865,36.98772278845986
2749,23.84634525838479,23.946345258384792,6,0.0054554267818763,2.6287970187738287e-06,0.8034170869565217,1.6278294429245372,121.30434782608695,,60.0,23,230.0,4,0.5,0.0,70.0,70.0,10.0,80.0,0.0,SJF,0.3101566295543631,31.01566295543631
2750,23.855022967721904,23.955022967721906,30,0.0045736150447622,5.755513244401007e-06,0.9073278,23.00255601094688,114.4,,300.0,75,750.0,6,0.75,20.0,70.0,160.0,130.0,370.0,0.0,SJF,0.4504876927112158,45.04876927112158
2751,23.86370067705902,23.96370067705902,13,0.0035750910948276,1.23751196118074e-05,2.081349918918918,39.299134664062734,113.2162162162162,,130.0,37,370.0,5,0.625,40.0,40.0,190.0,0.0,100.0,0.0,SJF,0.40971179361521637,40.971179361521635
2752,23.87237838639613,23.97237838639613,22,0.0040241281038712,6.509078647080928e-06,0.4648108769230769,0.344331578849516,110.84615384615384,,220.0,65,650.0,4,0.5,70.0,120.0,280.0,10.0,170.0,0.0,SJF,0.4183366181620626,41.83366181620626
2753,23.881056095733243,23.981056095733244,14,0.0020293675524715,5.348250073692398e-06,1.06212245,3.035396173626253,116.1,,140.0,40,400.0,4,0.5,0.0,70.0,180.0,20.0,130.0,0.0,SJF,0.39702849874377044,39.702849874377044
2754,23.889733805070357,23.989733805070355,23,0.0041035657557336,4.088944041416134e-06,0.2508593636363636,0.2608540681809122,93.88181818181818,,230.0,110,1100.0,4,0.5,340.0,70.0,380.0,130.0,180.0,0.0,SJF,0.41346947201252326,41.34694720125233
2755,23.898411514407467,23.99841151440747,45,0.0033492206369771,5.968079947467268e-06,0.4648876574074074,0.4754709532712553,108.14814814814817,,450.0,108,1080.0,6,0.75,70.0,120.0,180.0,260.0,450.0,0.0,SJF,0.4101975684967375,41.01975684967375
2756,23.907089223744578,24.00708922374458,23,0.0016684843858577,2.4755419350370107e-06,1.203164046875,11.544406275119096,110.078125,,230.0,64,640.0,6,0.75,10.0,70.0,210.0,60.0,290.0,0.0,SJF,0.43242527531849545,43.24252753184955
2757,23.91576693308169,24.015766933081693,17,0.0022787316830141,8.533013430785094e-06,1.1105088205128204,3.1233733938959407,113.66666666666669,,170.0,39,390.0,4,0.5,10.0,80.0,160.0,0.0,140.0,0.0,SJF,0.40928643228013906,40.928643228013904
2758,23.9244446424188,24.024444642418803,19,0.004449816581198,3.7915085373329326e-06,1.7539791454545457,40.89509229096849,113.8,,190.0,55,550.0,6,0.75,0.0,100.0,200.0,30.0,210.0,10.0,SJF,0.43727053469783705,43.727053469783705
2759,23.93312235175592,24.03312235175592,17,0.0017538858323195,3.156063830650656e-06,1.2435569512195122,5.052225196268798,113.39024390243902,,170.0,41,410.0,4,0.5,0.0,60.0,200.0,10.0,140.0,0.0,SJF,0.4077502405806904,40.77502405806904
2760,23.941800061093023,24.041800061093028,9,0.002738766351418,3.7311637816814105e-07,1.9285201764705884,18.55018374703316,111.70588235294116,,90.0,17,170.0,3,0.375,0.0,30.0,80.0,0.0,60.0,0.0,SJF,0.3854770750348995,38.547707503489946
2761,23.95047777043014,24.050477770430145,5,0.001701605769859,1.9219266946303477e-07,1.3147221904761903,5.5564804168424615,119.9047619047619,,50.0,21,210.0,3,0.375,0.0,70.0,80.0,0.0,60.0,0.0,SJF,0.308513014849727,30.851301484972698
2762,23.95915547976725,24.059155479767256,16,0.0035812361702454,3.546604969525133e-06,4.708198658536586,217.2036395004969,107.95121951219512,,160.0,41,410.0,6,0.75,20.0,30.0,170.0,30.0,160.0,0.0,SJF,0.4488207693435702,44.882076934357016
2763,23.967833189104365,24.06783318910437,7,0.0056628284670635,9.235792162982444e-07,0.7897774545454546,0.5370125862984727,115.36363636363636,,70.0,11,110.0,2,0.25,0.0,10.0,40.0,10.0,50.0,0.0,SJF,0.32179359727046275,32.179359727046275
2764,23.97651089844148,24.07651089844148,18,0.003686282558521,7.2634898638329936e-06,0.6987401206896552,1.47472544509681,111.48275862068964,,180.0,58,580.0,4,0.5,40.0,120.0,240.0,10.0,170.0,0.0,SJF,0.40460030818780496,40.460030818780496
2765,23.98518860777859,24.08518860777859,6,0.0030027977214105,3.098724267988875e-06,3.068112,23.562273375427093,108.08333333333331,,60.0,12,120.0,4,0.5,10.0,10.0,60.0,0.0,40.0,0.0,SJF,0.3471885064350256,34.718850643502556
2766,23.993866317115703,24.093866317115705,8,0.0027943376342971,9.379733564042665e-06,0.8431098709677419,1.6922411883393829,114.87096774193547,,80.0,31,310.0,3,0.375,40.0,70.0,150.0,0.0,50.0,0.0,SJF,0.3485449170835346,34.85449170835346
2767,24.002544026452814,24.10254402645281,17,0.0032750390177745,6.892794274695461e-06,0.5953276727272728,0.8091697590394467,113.7090909090909,,170.0,55,550.0,4,0.5,60.0,130.0,190.0,30.0,140.0,0.0,SJF,0.40928643228013906,40.928643228013904
2768,24.011221735789928,24.11122173578993,10,0.0035575778100724,6.933750453492276e-06,2.2229805909090907,12.419614593963871,117.9090909090909,,100.0,22,220.0,4,0.5,0.0,70.0,100.0,0.0,50.0,0.0,SJF,0.3838273216595038,38.38273216595038
2769,24.01989944512704,24.11989944512704,4,0.001359334872963,8.387300123170902e-07,4.58843725,39.67705512251507,102.0,,40.0,8,80.0,3,0.375,10.0,10.0,40.0,0.0,20.0,0.0,SJF,0.3318698298950957,33.18698298950957
2770,24.028577154464152,24.128577154464157,15,0.0049197666025146,7.026114281710605e-06,8.24972622857143,951.8498302357876,116.62857142857143,,150.0,35,350.0,6,0.75,0.0,80.0,120.0,30.0,120.0,0.0,SJF,0.45063371073713,45.063371073713
2771,24.037254863801262,24.137254863801264,15,0.0042004220654042,5.260626545950866e-06,1.1718599032258066,6.711512208074157,111.16129032258064,,150.0,31,310.0,4,0.5,10.0,40.0,130.0,20.0,110.0,0.0,SJF,0.4086011059101824,40.86011059101824
2772,24.045932573138376,24.145932573138374,10,0.0023887666616236,8.961527418437652e-06,1.0939669583333334,2.113935344552302,110.25,,100.0,24,240.0,3,0.375,10.0,40.0,100.0,10.0,80.0,0.0,SJF,0.3568094429125288,35.68094429125288
2773,24.05461028247549,24.15461028247549,9,0.0009495404133982,5.29591093033844e-07,1.944206108108108,22.9409940784676,117.86486486486488,,90.0,37,370.0,4,0.5,0.0,70.0,160.0,20.0,120.0,0.0,SJF,0.3844107153240608,38.44107153240608
2774,24.0632879918126,24.1632879918126,1,0.0050146031873978,0.0,3.826094,0.0,120.0,,10.0,1,10.0,1,0.125,0.0,0.0,0.0,10.0,0.0,0.0,SJF,0.30820371509443695,30.820371509443696
2775,24.071965701149715,24.17196570114972,13,0.0042430996964384,9.303826340322133e-06,1.384923,5.3270886961,117.56521739130434,,130.0,23,230.0,4,0.5,0.0,60.0,80.0,10.0,80.0,0.0,SJF,0.4024084461222751,40.24084461222751
2776,24.080643410486825,24.180643410486827,12,0.003157105513174,5.969404946815627e-06,0.4357850736842105,0.8318211791369412,119.74736842105264,,120.0,95,950.0,4,0.5,0.0,210.0,300.0,130.0,310.0,0.0,SJF,0.3950742908743124,39.50742908743124
2777,24.08932111982394,24.18932111982394,11,0.0040653102669701,8.686621448670257e-06,0.87017075,1.7942398978377925,118.44444444444444,,110.0,36,360.0,4,0.5,0.0,60.0,130.0,50.0,120.0,0.0,SJF,0.3802153999939187,38.02153999939187
2778,24.09799882916105,24.19799882916105,10,0.00457131263895,7.318007070179244e-06,1.3680530476190476,2.5272053378443484,115.95238095238096,,100.0,21,210.0,4,0.5,0.0,60.0,90.0,10.0,50.0,0.0,SJF,0.3568094429125288,35.68094429125288
2779,24.106676538498164,24.206676538498165,15,0.002655872368503,4.704407666957126e-06,1.0900249130434785,6.735840571544348,117.15217391304348,,150.0,46,460.0,4,0.5,30.0,120.0,190.0,10.0,110.0,0.0,SJF,0.4090238260246485,40.90238260246485
2780,24.115354247835278,24.215354247835275,6,0.0029090588313926,9.4425313762981e-06,0.3457003108108108,0.4581116113488748,117.29729729729728,,60.0,74,740.0,3,0.375,160.0,170.0,400.0,10.0,0.0,0.0,SJF,0.3101566295543631,31.01566295543631
2781,24.124031957172388,24.22403195717239,13,0.004124788366074,4.371333501618608e-06,0.940693457142857,1.3657384694713146,116.14285714285714,,130.0,35,350.0,4,0.5,40.0,50.0,160.0,10.0,90.0,0.0,SJF,0.4030651809775221,40.30651809775221
2782,24.132709666509506,24.232709666509503,11,0.0032837758541339,8.953487070461633e-06,0.7457315227272727,1.6635873316094183,114.4090909090909,,110.0,44,440.0,4,0.5,80.0,100.0,170.0,30.0,60.0,0.0,SJF,0.3802153999939187,38.02153999939187
2783,24.14138737584661,24.24138737584661,6,0.0019993943200547,3.3161595946778062e-06,4.008235294117647,69.42332036748245,119.52941176470588,,60.0,17,170.0,4,0.5,10.0,40.0,90.0,0.0,30.0,0.0,SJF,0.33376221936447353,33.37622193644735
2784,24.150065085183726,24.250065085183728,4,0.0013382258162728,4.767514287785813e-07,6.419838,212.3143997041552,104.22222222222224,,40.0,9,90.0,2,0.25,10.0,10.0,40.0,10.0,20.0,0.0,SJF,0.37426300343549634,37.426300343549634
2785,24.15874279452084,24.25874279452084,8,0.0033697352291635,3.439076584524161e-06,27.66233595,6301.50255642221,108.15,,80.0,20,200.0,4,0.5,10.0,30.0,70.0,20.0,70.0,0.0,SJF,0.5552524392650671,55.525243926506704
2786,24.16742050385795,24.267420503857952,0,,0.0,,0.0,,,0.0,0,0.0,0,0.0,0.0,0.0,0.0,0.0,0.0,0.0,RR,0.46263451357794594,46.263451357794594
2787,24.17609821319506,24.276098213195063,8,0.0018758595549388,8.906319875256752e-07,2.2089550625000003,19.9076598384862,107.9375,,80.0,16,160.0,3,0.375,10.0,20.0,60.0,10.0,60.0,0.0,SJF,0.38697571985352114,38.69757198535211
2788,24.18477592253217,24.284775922532177,5,0.0016223806678247,1.4845564702699964e-06,1.6256886666666666,14.11605667294694,112.11111111111111,,50.0,18,180.0,2,0.25,10.0,50.0,70.0,0.0,50.0,0.0,SJF,0.3481496554011614,34.81496554011614
2789,24.19345363186929,24.293453631869287,6,0.003228528797381,9.746223035334705e-08,0.9766927083333332,2.016555903014216,118.16666666666669,,60.0,24,240.0,3,0.375,30.0,70.0,120.0,0.0,20.0,0.0,SJF,0.3101566295543631,31.01566295543631
2790,24.2021313412064,24.3021313412064,15,0.0039649930602668,4.128994008669548e-06,0.8357246857142857,1.546017358261634,114.97142857142858,,150.0,35,350.0,4,0.5,0.0,120.0,120.0,20.0,90.0,0.0,SJF,0.4021799205030373,40.21799205030373
2791,24.21080905054351,24.31080905054351,14,0.0023835145279184,4.690994022354288e-06,0.9346959729729728,2.508143880794639,113.83783783783784,,140.0,37,370.0,4,0.5,10.0,60.0,130.0,30.0,140.0,0.0,SJF,0.39702849874377044,39.702849874377044
2792,24.219486759880624,24.319486759880625,10,0.0031244287193761,9.183457886963371e-06,3.4666077826086954,31.977188375506355,112.78260869565216,,100.0,23,230.0,4,0.5,0.0,30.0,110.0,10.0,80.0,0.0,SJF,0.3738751810467293,37.38751810467293
2793,24.228164469217734,24.32816446921774,2,0.0081436987822627,3.1224005407923564e-08,0.4429165,0.0745138268405,120.0,,20.0,2,20.0,1,0.125,0.0,10.0,0.0,0.0,10.0,0.0,SJF,0.30820371509443695,30.820371509443696
2794,24.23684217855485,24.33684217855485,12,0.0039413884451512,7.643994885513124e-06,1.0896527777777778,2.2617472618521037,112.4074074074074,,120.0,27,270.0,3,0.375,10.0,70.0,120.0,0.0,70.0,0.0,SJF,0.3950742908743124,39.50742908743124
2795,24.24551988789196,24.345519887891964,10,0.002382618308038,2.247432940647215e-06,6.9331445625,261.9196246384658,117.5,,100.0,16,160.0,4,0.5,0.0,30.0,60.0,10.0,60.0,0.0,SJF,0.42134840773268967,42.13484077326897
2796,24.254197597229076,24.354197597229074,3,0.0069188861042602,2.5823265673202785e-07,0.4281598333333333,0.0349890780093666,120.0,,30.0,6,60.0,1,0.125,0.0,20.0,20.0,0.0,20.0,0.0,SJF,0.30820371509443695,30.820371509443696
2797,24.262875306566187,24.36287530656619,5,0.0014925070338129,2.6691752924838688e-06,3.6788131428571433,48.626236559671824,119.85714285714286,,50.0,14,140.0,3,0.375,0.0,50.0,60.0,0.0,30.0,0.0,SJF,0.3361555397377897,33.61555397377897
2798,24.271553015903297,24.3715530159033,2,0.0007521050967032,7.650597601932004e-09,6.693854,86.33389972867201,125.0,,20.0,2,20.0,1,0.125,0.0,0.0,10.0,0.0,10.0,0.0,SJF,0.3406467226919391,34.064672269193906
2799,24.28023072524041,24.380230725240413,9,0.0063146242040327,1.3575719610883868e-06,1.5535441904761906,19.31948545675376,117.9047619047619,,90.0,21,210.0,3,0.375,0.0,80.0,90.0,0.0,40.0,0.0,SJF,0.38735125346139054,38.73512534613906
2800,24.28890843457752,24.388908434577523,4,0.0010785874224783,2.45871978921294e-06,2.944717214285714,48.96061447046911,120.0,,40.0,14,140.0,2,0.25,0.0,50.0,50.0,0.0,40.0,0.0,SJF,0.3361555397377897,33.61555397377897
2801,24.29758614391464,24.39758614391464,0,,0.0,,0.0,,,0.0,0,0.0,0,0.0,0.0,0.0,0.0,0.0,0.0,0.0,RR,0.46263451357794594,46.263451357794594
2802,24.306263853251743,24.406263853251748,11,0.0049417529300719,8.899911079463731e-06,0.6276239310344828,0.4086552962087806,116.89655172413794,,110.0,29,290.0,3,0.375,0.0,60.0,100.0,10.0,120.0,0.0,SJF,0.3802153999939187,38.02153999939187
2803,24.31494156258886,24.41494156258886,6,0.0031533239111401,1.650629430518975e-05,2.345966956521739,32.31018197062178,118.21739130434784,,60.0,23,230.0,4,0.5,0.0,80.0,100.0,0.0,50.0,0.0,SJF,0.3360464329398097,33.60464329398097
2804,24.32361927192597,24.423619271925972,8,0.0006841496990261,3.116475560685619e-07,4.248680533333333,83.11986111100485,117.6,,80.0,15,150.0,3,0.375,0.0,20.0,70.0,10.0,50.0,0.0,SJF,0.3675833025016672,36.75833025016672
2805,24.332296981263084,24.43229698126309,4,0.0038608347369155,5.5942345978508655e-06,0.948645875,1.7385059119161248,120.0,,40.0,8,80.0,1,0.125,0.0,20.0,30.0,0.0,30.0,0.0,SJF,0.30820371509443695,30.820371509443696
2806,24.3409746906002,24.4409746906002,4,0.0014691933998012,2.2311691987283825e-06,3.0798476923076925,28.00478458716473,120.0,,40.0,13,130.0,3,0.375,0.0,50.0,50.0,0.0,30.0,0.0,SJF,0.32737585197669494,32.737585197669496
2807,24.34965239993731,24.44965239993731,5,0.0071175176626908,2.59345350873286e-07,4.432083375,22.04401207630113,119.0,,50.0,8,80.0,4,0.5,0.0,0.0,40.0,0.0,40.0,0.0,SJF,0.34145732605176327,34.14573260517633
2808,24.358330109274423,24.458330109274424,4,0.0057985009755769,1.607322550452519e-07,1.6464142307692309,10.36464065823569,120.0,,40.0,13,130.0,3,0.375,0.0,50.0,50.0,0.0,30.0,0.0,SJF,0.320728065594401,32.072806559440096
2809,24.367007818611533,24.46700781861153,4,0.0019410391384671,2.41598804776332e-07,4.721970333333334,24.359921717124667,119.66666666666669,,40.0,6,60.0,3,0.375,0.0,20.0,30.0,0.0,10.0,0.0,SJF,0.33993887774810794,33.993887774810794
2810,24.375685527948647,24.47568552794865,10,0.0034576186513525,2.6621975634871408e-06,1.2477565925925926,4.98492597524302,113.33333333333331,,100.0,27,270.0,4,0.5,0.0,40.0,100.0,30.0,100.0,0.0,SJF,0.35714148686358876,35.714148686358875
2811,24.38436323728576,24.48436323728576,10,0.0030855813142416,7.36706712321254e-06,1.051583625,3.0685081616588863,118.5625,,100.0,32,320.0,4,0.5,0.0,100.0,140.0,0.0,80.0,0.0,SJF,0.3568094429125288,35.68094429125288
2812,24.39304094662287,24.493040946622877,9,0.0031406179326841,7.024690952652919e-06,1.1351762692307692,3.849177858040685,119.15384615384616,,90.0,26,260.0,4,0.5,20.0,70.0,110.0,0.0,60.0,0.0,SJF,0.3503167261881977,35.03167261881977
2813,24.401718655959986,24.501718655959984,10,0.0021318344400182,5.166423191511756e-06,1.3408403333333332,3.5033209258459546,115.13333333333334,,100.0,30,300.0,4,0.5,10.0,70.0,150.0,0.0,70.0,0.0,SJF,0.3572605643203,35.72605643203
2814,24.410396365297096,24.510396365297098,9,0.0036252630362376,5.257891310101194e-06,2.4371675588235293,37.95905124211868,118.05882352941175,,90.0,34,340.0,4,0.5,0.0,110.0,140.0,0.0,90.0,0.0,SJF,0.370063833508245,37.0063833508245
2815,24.41907407463421,24.51907407463421,6,0.0048416361991231,2.6337655224176594e-06,80.935012,37243.00346193334,112.6923076923077,,60.0,13,130.0,3,0.375,0.0,10.0,40.0,20.0,60.0,0.0,SJF,0.4734135637601649,47.34135637601649
2816,24.42775178397132,24.52775178397132,3,0.0043806716953464,1.9301303436336677e-08,7.9766405,84.262631785531,116.0,,30.0,4,40.0,2,0.25,0.0,0.0,20.0,0.0,20.0,0.0,SJF,0.34225235631116535,34.22523563111653
2817,24.436429493308435,24.53642949330844,3,0.0058400283582334,1.814289353864945e-07,0.3191003636363636,0.0295737952390545,120.0,,30.0,11,110.0,1,0.125,0.0,40.0,30.0,0.0,40.0,0.0,SJF,0.30820371509443695,30.820371509443696
2818,24.445107202645545,24.545107202645543,8,0.0031527031044551,7.94145193746195e-06,4.819932647058824,63.87894652319613,117.11764705882354,,80.0,17,170.0,4,0.5,0.0,30.0,80.0,10.0,50.0,0.0,SJF,0.3700414629408625,37.00414629408625
2819,24.45378491198266,24.55378491198266,0,,0.0,,0.0,,,0.0,0,0.0,0,0.0,0.0,0.0,0.0,0.0,0.0,0.0,RR,0.46263451357794594,46.263451357794594
2820,24.46246262131977,24.56246262131977,7,0.0047464688230875,7.841918406642454e-07,3.0530555238095243,59.44362521832947,120.0,,70.0,21,210.0,4,0.5,0.0,70.0,80.0,10.0,50.0,0.0,SJF,0.3421088327281605,34.21088327281605
2821,24.471140330656883,24.571140330656885,3,0.0007321773431172,2.8417010029478837e-08,10.597786500000002,140.3541886654617,119.5,,30.0,4,40.0,2,0.25,0.0,10.0,20.0,0.0,10.0,0.0,SJF,0.4349124995528538,43.49124995528538
2822,24.479818039993997,24.579818039993995,0,,0.0,,0.0,,,0.0,0,0.0,0,0.0,0.0,0.0,0.0,0.0,0.0,0.0,RR,0.46263451357794594,46.263451357794594
2823,24.488495749331108,24.58849574933111,9,0.0055229680022254,2.160944901487463e-06,1.179238074074074,4.81880699078161,118.37037037037037,,90.0,27,270.0,4,0.5,0.0,100.0,100.0,0.0,70.0,0.0,SJF,0.3502793368364141,35.02793368364141
2824,24.497173458668215,24.59717345866822,8,0.006549383456782,8.630983368511773e-06,1.5610131818181818,6.806811573610162,116.27272727272728,,80.0,11,110.0,4,0.5,0.0,30.0,40.0,10.0,30.0,0.0,SJF,0.3568451500089494,35.68451500089494
2825,24.50585116800533,24.605851168005334,8,0.0018153263696683,4.546656709999693e-06,1.9080548695652173,5.372636454381938,118.52173913043478,,80.0,23,230.0,4,0.5,0.0,40.0,120.0,0.0,70.0,0.0,SJF,0.34836185170633915,34.83618517063392
2826,24.51452887734245,24.614528877342448,13,0.0035666661960155,2.3043708952315554e-06,1.8325679722222223,20.5410881496714,116.33333333333331,,130.0,36,360.0,4,0.5,0.0,70.0,150.0,10.0,130.0,0.0,SJF,0.41785325119028677,41.78532511902868
2827,24.52320658667956,24.62320658667956,3,0.0049529353204427,3.1177060642799253e-07,5.633698,34.355401743365334,119.0,,30.0,4,40.0,2,0.25,0.0,10.0,20.0,0.0,10.0,0.0,SJF,0.33151198640953644,33.151198640953645
2828,24.53188429601667,24.631884296016672,6,0.0077807293166625,5.817501477353199e-07,3.3512648571428576,37.00536504445614,115.28571428571428,,60.0,7,70.0,4,0.5,0.0,10.0,0.0,20.0,40.0,0.0,SJF,0.3360464329398097,33.60464329398097
2829,24.54056200535378,24.640562005353782,14,0.0013989672176476,4.5363867242221933e-07,0.7705007045454546,1.9604418432181667,114.72727272727272,,140.0,44,440.0,3,0.375,0.0,100.0,170.0,30.0,140.0,0.0,SJF,0.39702849874377044,39.702849874377044
2830,24.54923971469089,24.649239714690896,7,0.0039825823091054,2.50249880415469e-06,2.70621615,61.33818895500265,111.8,,70.0,20,200.0,4,0.5,10.0,30.0,100.0,0.0,60.0,0.0,SJF,0.3421088327281605,34.21088327281605
2831,24.557917424028005,24.657917424028007,3,0.0029076013053277,2.402150626764584e-05,4.58197925,26.086672721530917,102.25,,30.0,4,40.0,3,0.375,10.0,10.0,20.0,0.0,0.0,0.0,SJF,0.31771295497079827,31.771295497079826
2832,24.56659513336512,24.66659513336512,6,0.0004352566348811,8.6859446865487e-08,1.8744904782608696,13.753381292789989,116.21739130434784,,60.0,23,230.0,3,0.375,0.0,60.0,90.0,0.0,80.0,0.0,SJF,0.33512026142274204,33.5120261422742
2833,24.57527284270223,24.67527284270223,6,0.0058212104644367,4.02959519080957e-06,1.6072820909090912,2.639999384990491,120.0,,60.0,11,110.0,3,0.375,0.0,10.0,60.0,0.0,40.0,0.0,SJF,0.3101566295543631,31.01566295543631
2834,24.583950552039344,24.683950552039345,12,0.0041585224606561,3.4374348591969964e-06,1.0486198076923077,3.754326947168482,117.73076923076924,,120.0,26,260.0,4,0.5,0.0,30.0,30.0,60.0,140.0,0.0,SJF,0.39552541228208377,39.552541228208376
2835,24.59262826137645,24.692628261376456,11,0.002363854987183,5.7020064330843405e-06,0.6468229285714286,1.1554423531513764,118.78571428571428,,110.0,56,560.0,4,0.5,10.0,130.0,230.0,20.0,170.0,0.0,SJF,0.3802153999939187,38.02153999939187
2836,24.601305970713568,24.70130597071357,21,0.0036594860007175,5.083329455089688e-06,0.5119515882352941,0.69315755549741,118.1470588235294,,210.0,68,680.0,4,0.5,50.0,90.0,220.0,50.0,270.0,0.0,SJF,0.4166224490944978,41.66224490944978
2837,24.60998368005068,24.709983680050684,26,0.0034899061031639,4.649382426979279e-06,0.4561971594202898,0.5126532160285184,118.78260869565216,,260.0,69,690.0,4,0.5,10.0,90.0,200.0,70.0,320.0,0.0,SJF,0.41896542635042183,41.89654263504218
2838,24.618661389387796,24.718661389387798,18,0.002362883501096,3.4763563214921144e-06,0.9848264166666666,4.721922410307268,118.45833333333331,,180.0,48,480.0,4,0.5,0.0,70.0,180.0,30.0,200.0,0.0,SJF,0.4030641164883563,40.306411648835635
2839,24.627339098724907,24.727339098724908,9,0.0028984264973159,4.210666828657014e-06,1.2422163888888889,3.5539947147767217,116.33333333333331,,90.0,18,180.0,3,0.375,0.0,70.0,70.0,0.0,40.0,0.0,SJF,0.3503984142931253,35.03984142931253
2840,24.636016808062017,24.73601680806202,9,0.0021137204935391,3.3509300791796285e-06,5.461467000000001,105.05013470744906,118.77777777777776,,90.0,18,180.0,4,0.5,0.0,30.0,90.0,0.0,60.0,0.0,SJF,0.38525238629106645,38.525238629106646
2841,24.64469451739913,24.74469451739913,3,0.0026339452675353,1.995364914211219e-07,0.6032509166666666,0.977424304263538,120.0,,30.0,12,120.0,1,0.125,0.0,40.0,40.0,0.0,40.0,0.0,SJF,0.30820371509443695,30.820371509443696
2842,24.65337222673624,24.753372226736243,6,0.0020190745970918,7.947873212595769e-07,5.617320555555555,121.89829451386028,114.55555555555556,,60.0,9,90.0,2,0.25,0.0,10.0,30.0,10.0,40.0,0.0,SJF,0.3385677590501345,33.85677590501345
2843,24.662049936073355,24.76204993607336,1,0.0084508879266458,0.0,0.397656,0.0,120.0,,10.0,1,10.0,1,0.125,0.0,10.0,0.0,0.0,0.0,0.0,SJF,0.30820371509443695,30.820371509443696
2844,24.670727645410462,24.770727645410467,4,0.0023740638395342,1.7313716217237114e-05,2.957717529411765,60.06254368290752,120.0,,40.0,17,170.0,3,0.375,0.0,60.0,80.0,0.0,30.0,0.0,SJF,0.32894189043461564,32.894189043461566
2845,24.67940535474758,24.77940535474758,2,0.0005208337524198,9.381623220573509e-09,7.7231874,110.16432071675833,120.0,,20.0,5,50.0,2,0.25,0.0,20.0,30.0,0.0,0.0,0.0,SJF,0.3455389028822083,34.55389028822083
2846,24.68808306408469,24.78808306408469,2,0.0012585929153097,1.0019899922445653e-08,4.8125,43.63532359968799,120.0,,20.0,2,20.0,1,0.125,0.0,0.0,10.0,0.0,10.0,0.0,SJF,0.3322204963585748,33.22204963585748
2847,24.696760773421804,24.79676077342181,5,0.0034427063781961,8.334621204269924e-06,0.91148124,1.6642229087513567,119.24,,50.0,25,250.0,4,0.5,0.0,90.0,120.0,0.0,40.0,0.0,SJF,0.30820371509443695,30.820371509443696
2848,24.70543848275892,24.80543848275892,13,0.0028865597795432,8.574408962371093e-06,1.300075222222222,3.473539656674411,112.92592592592592,,130.0,27,270.0,4,0.5,0.0,50.0,100.0,20.0,100.0,0.0,SJF,0.4035163023852934,40.35163023852934
2849,24.71411619209603,24.81411619209603,11,0.0035085141766986,1.0228757234228354e-05,1.6011390434782609,7.368337216161134,117.43478260869566,,110.0,23,230.0,4,0.5,0.0,50.0,90.0,10.0,80.0,0.0,SJF,0.38737259550161013,38.73725955016101
2850,24.722793901433143,24.822793901433144,12,0.0024855333168574,6.721798696316202e-06,1.025767216216216,3.824171380816008,118.91891891891892,,120.0,37,370.0,4,0.5,0.0,70.0,160.0,20.0,120.0,0.0,SJF,0.39552541228208377,39.552541228208376
2851,24.731471610770253,24.83147161077025,8,0.003216784729747,8.995916719713302e-06,6.207322933333334,113.81793581569296,119.86666666666666,,80.0,15,150.0,4,0.5,0.0,30.0,60.0,10.0,50.0,0.0,SJF,0.38836562269460034,38.83656226946003
2852,24.740149320107367,24.84014932010737,0,,0.0,,0.0,,,0.0,0,0.0,0,0.0,0.0,0.0,0.0,0.0,0.0,0.0,RR,0.46263451357794594,46.263451357794594
2853,24.74882702944448,24.84882702944448,6,0.004389454055523,1.390794188383141e-05,0.89291475,1.532836907181157,119.21428571428572,,60.0,28,280.0,3,0.375,0.0,110.0,120.0,0.0,50.0,0.0,SJF,0.3101566295543631,31.01566295543631
2854,24.75750473878159,24.857504738781596,6,0.0037603642184086,5.195312525097703e-06,3.039218875,16.646871919873842,117.25,,60.0,8,80.0,3,0.375,0.0,20.0,30.0,0.0,30.0,0.0,SJF,0.3279747590291456,32.797475902914556
2855,24.766182448118705,24.866182448118703,6,0.0038756327146322,4.501810697469844e-06,2.0227701875,15.625967371680426,120.0,,60.0,16,160.0,4,0.5,0.0,40.0,70.0,0.0,50.0,0.0,SJF,0.33895564118553473,33.89556411855347
2856,24.774860157455816,24.874860157455817,10,0.0033954320441843,7.515061489119159e-06,1.2593214117647058,7.707666787822005,120.0,,100.0,34,340.0,4,0.5,0.0,100.0,140.0,0.0,100.0,0.0,SJF,0.3639379663890335,36.393796638903346
2857,24.783537866792926,24.883537866792928,3,0.0028407175404071,2.1981782090874544e-05,6.40984325,54.70414494611425,112.25,,30.0,4,40.0,3,0.375,0.0,0.0,20.0,0.0,20.0,0.0,SJF,0.34017558401463555,34.01755840146355
2858,24.79221557613004,24.89221557613004,12,0.0032550436199597,7.964193447280493e-06,1.5313093103448276,7.969909212840436,117.79310344827586,,120.0,29,290.0,4,0.5,0.0,80.0,130.0,10.0,70.0,0.0,SJF,0.4005201640196048,40.05201640196048
2859,24.800893285467158,24.90089328546716,9,0.0028040775328454,5.134230643322617e-06,0.6689583,1.3412715405318036,118.63333333333334,,90.0,30,300.0,3,0.375,30.0,80.0,120.0,0.0,70.0,0.0,SJF,0.3499472928853541,34.99472928853541
2860,24.809570994804265,24.909570994804263,9,0.0028341227512906,6.8448099693485474e-06,1.747011962962963,7.105714759737806,115.8148148148148,,90.0,27,270.0,4,0.5,0.0,70.0,130.0,0.0,70.0,0.0,SJF,0.35746455456584086,35.74645545658409
2861,24.81824870414138,24.91824870414138,8,0.0035162862336211,3.269315245091169e-06,1.201710066666667,11.829368708236476,118.53333333333332,,80.0,30,300.0,3,0.375,0.0,110.0,120.0,0.0,70.0,0.0,SJF,0.36370076881268515,36.37007688126852
2862,24.82692641347849,24.92692641347849,3,0.0010248268548439,6.525734057804327e-07,9.778300875,258.15571292955445,117.25,,30.0,8,80.0,3,0.375,0.0,20.0,50.0,0.0,10.0,0.0,SJF,0.49226861181206005,49.226861181206004
2863,24.835604122815603,24.935604122815604,5,0.0041048987843964,1.3688262215882484e-05,1.776052,8.4715375208465,118.0,,50.0,5,50.0,2,0.25,0.0,10.0,10.0,0.0,30.0,0.0,SJF,0.31457876851415123,31.457876851415122
2864,24.844281832152717,24.944281832152715,4,0.004088119097287,2.1326778674679127e-05,2.818275444444444,26.85363077650153,120.0,,40.0,9,90.0,3,0.375,0.0,30.0,50.0,0.0,10.0,0.0,SJF,0.31682172681366105,31.682172681366104
2865,24.852959541489827,24.95295954148983,7,0.0043347420816013,1.26410973916766e-05,2.4084347894736844,14.657974441306289,117.42105263157896,,70.0,19,190.0,3,0.375,0.0,40.0,70.0,10.0,70.0,0.0,SJF,0.35545457908198463,35.545457908198465
2866,24.861637250826934,24.96163725082694,2,0.0080114891730609,1.6965312500008877e-07,0.2765235,0.0431254317843333,110.0,,20.0,4,40.0,1,0.125,0.0,0.0,10.0,20.0,10.0,0.0,SJF,0.30820371509443695,30.820371509443696
2867,24.87031496016405,24.970314960164053,24,0.0029938583359482,5.192880173104819e-06,0.5568601071428572,0.413128942862861,117.30357142857144,,240.0,56,560.0,4,0.5,10.0,110.0,160.0,50.0,230.0,0.0,SJF,0.4131270486772409,41.312704867724094
2868,24.87899266950116,24.978992669501164,20,0.0012662504988378,1.6218334084809651e-06,0.9579799803921568,5.80981299229074,117.92156862745098,,200.0,51,510.0,4,0.5,10.0,70.0,150.0,40.0,240.0,0.0,SJF,0.4113685149920997,41.13685149920997
2869,24.88767037883828,24.98767037883828,7,0.0027941204474376,4.738517948546695e-06,1.3838402666666667,3.500965171993067,115.6,,70.0,15,150.0,3,0.375,0.0,50.0,70.0,0.0,30.0,0.0,SJF,0.32224471867823395,32.2244718678234
2870,24.89634808817539,24.99634808817539,12,0.0015862727412766,5.787252172497996e-06,1.0281539333333334,5.401056509742472,118.06666666666666,,120.0,45,450.0,4,0.5,0.0,130.0,160.0,20.0,140.0,0.0,SJF,0.3937648393164607,39.37648393164607
2871,24.9050257975125,25.005025797512506,18,0.0039718288208325,6.332368204704452e-06,0.934302075,2.644184278952379,116.225,,180.0,40,400.0,4,0.5,0.0,80.0,160.0,10.0,150.0,0.0,SJF,0.40460030818780496,40.460030818780496
2872,24.91370350684961,25.013703506849616,9,0.0051757311503845,5.679508626407959e-06,1.479212,7.593570772703638,117.1304347826087,,90.0,23,230.0,4,0.5,0.0,70.0,100.0,10.0,50.0,0.0,SJF,0.35746455456584086,35.74645545658409
2873,24.922381216186725,25.022381216186727,11,0.0043512886314567,4.378446006087834e-06,1.5597427575757576,21.603166040819374,117.1818181818182,,110.0,33,330.0,4,0.5,0.0,90.0,130.0,10.0,100.0,0.0,SJF,0.40460411776929556,40.460411776929554
2874,24.93105892552384,25.03105892552384,9,0.0046051273650498,8.553757919596713e-06,1.344993823529412,5.426745040747404,108.82352941176472,,90.0,17,170.0,3,0.375,10.0,10.0,70.0,10.0,70.0,0.0,SJF,0.349449322790971,34.9449322790971
2875,24.93973663486095,25.03973663486095,9,0.0012291771390502,1.4989277371225048e-06,87.75810664705882,56116.59231564989,115.70588235294116,,90.0,17,170.0,5,0.625,0.0,30.0,70.0,10.0,60.0,0.0,SJF,0.540660218728421,54.06602187284209
2876,24.948414344198063,25.048414344198065,4,0.0066327815519358,1.0094926352408162e-06,0.478196625,0.0764685955476964,120.0,,40.0,8,80.0,2,0.25,0.0,30.0,30.0,0.0,20.0,0.0,SJF,0.30820371509443695,30.820371509443696
2877,24.95709205353517,25.05709205353517,9,0.0029517215759366,9.27566592027719e-06,4.49244005,62.22544166390131,117.8,,90.0,20,200.0,4,0.5,0.0,70.0,90.0,0.0,40.0,0.0,SJF,0.3715555117996189,37.15555117996189
2878,24.965769762872288,25.06576976287229,0,,0.0,,0.0,,,0.0,0,0.0,0,0.0,0.0,0.0,0.0,0.0,0.0,0.0,RR,0.46263451357794594,46.263451357794594
2879,24.9744474722094,25.074447472209403,3,0.0036453654572656,2.443186674939956e-07,2.3418854,6.029910353540301,120.0,,30.0,5,50.0,2,0.25,0.0,20.0,20.0,10.0,0.0,0.0,SJF,0.3134886334418247,31.34886334418247
2880,24.983125181546512,25.083125181546517,9,0.0027871816757097,7.603838151215832e-06,4.145701466666667,34.380785080405126,109.2,,90.0,15,150.0,4,0.5,10.0,20.0,50.0,10.0,60.0,0.0,SJF,0.370063833508245,37.0063833508245
2881,24.991802890883623,25.091802890883628,6,0.0049110491163736,6.622281461444365e-07,1.5778077272727271,7.642073302874019,102.63636363636364,,60.0,11,110.0,2,0.25,0.0,0.0,50.0,10.0,50.0,0.0,SJF,0.31712629184657776,31.712629184657775
2882,25.000480600220737,25.100480600220735,10,0.005275317179263,1.5383049243332006e-06,0.8992960322580645,1.8508226256022988,117.96774193548389,,100.0,31,310.0,4,0.5,0.0,110.0,100.0,10.0,90.0,0.0,SJF,0.3568094429125288,35.68094429125288
2883,25.00915830955785,25.10915830955785,8,0.0035759843171492,2.200607716755425e-06,0.9757901714285714,2.7651845751858524,117.48571428571428,,80.0,35,350.0,4,0.5,30.0,90.0,170.0,0.0,60.0,0.0,SJF,0.3485449170835346,34.85449170835346
2884,25.01783601889496,25.117836018894963,8,0.0032475782300385,7.560196736665597e-06,2.4170051875,12.75745747316576,117.25,,80.0,16,160.0,4,0.5,0.0,50.0,70.0,0.0,40.0,0.0,SJF,0.3750450542531092,37.50450542531092
2885,25.026513728232075,25.12651372823208,5,0.001720439367925,8.364369521911122e-08,1.3078009444444445,3.9163759989917017,120.0,,50.0,18,180.0,3,0.375,0.0,70.0,70.0,0.0,40.0,0.0,SJF,0.30857314839728056,30.857314839728055
2886,25.035191437569186,25.135191437569187,13,0.002857174507738,5.211310261084576e-06,3.451780142857143,39.99232672999177,115.60714285714286,,130.0,28,280.0,4,0.5,0.0,40.0,120.0,10.0,110.0,0.0,SJF,0.40971179361521637,40.971179361521635
2887,25.0438691469063,25.1438691469063,0,,0.0,,0.0,,,0.0,0,0.0,0,0.0,0.0,0.0,0.0,0.0,0.0,0.0,RR,0.46263451357794594,46.263451357794594
2888,25.05254685624341,25.15254685624341,5,0.0058552905565896,3.1774681976584887e-06,2.604509315789474,42.971873359529006,120.0,,50.0,19,190.0,3,0.375,0.0,70.0,70.0,0.0,50.0,0.0,SJF,0.3311178586948881,33.111785869488806
2889,25.061224565580524,25.161224565580525,5,0.0031684560194761,5.717699859134232e-07,4.708467142857144,53.67015251427881,113.0,,50.0,7,70.0,2,0.25,0.0,0.0,20.0,10.0,40.0,0.0,SJF,0.33602937132072275,33.60293713207228
2890,25.06990227491764,25.16990227491764,0,,0.0,,0.0,,,0.0,0,0.0,0,0.0,0.0,0.0,0.0,0.0,0.0,0.0,RR,0.46263451357794594,46.263451357794594
2891,25.07857998425475,25.17857998425475,6,0.0024597542452517,2.241240684755345e-06,0.9767187575757575,2.355326569560752,120.0,,60.0,33,330.0,4,0.5,0.0,140.0,130.0,30.0,30.0,0.0,SJF,0.3101566295543631,31.01566295543631
2892,25.087257693591862,25.187257693591864,13,0.0021408104081381,9.002958595135798e-07,1.0922637857142858,3.2768053442479523,107.21428571428572,,130.0,28,280.0,4,0.5,20.0,60.0,100.0,30.0,70.0,0.0,SJF,0.4030651809775221,40.30651809775221
2893,25.095935402928973,25.19593540292897,15,0.0042022990710277,1.1672165662927984e-05,0.7163020754716981,1.983838005987264,115.35849056603772,,150.0,53,530.0,4,0.5,0.0,40.0,130.0,120.0,240.0,0.0,SJF,0.4021799205030373,40.21799205030373
2894,25.104613112266087,25.204613112266088,10,0.0024561280339142,5.380715668551476e-06,0.8849988181818182,2.633910506081548,118.5681818181818,,100.0,44,440.0,4,0.5,0.0,70.0,140.0,60.0,170.0,0.0,SJF,0.3568094429125288,35.68094429125288
2895,25.1132908216032,25.2132908216032,8,0.0038460436468024,6.744074663631275e-06,2.447664307692308,8.709334227326563,116.92307692307692,,80.0,13,130.0,4,0.5,0.0,20.0,40.0,10.0,60.0,0.0,SJF,0.3558292131921369,35.58292131921369
2896,25.12196853094031,25.221968530940316,7,0.0036718612025461,8.731403775459982e-06,2.1249999444444447,4.591139653642879,117.55555555555556,,70.0,18,180.0,4,0.5,0.0,50.0,90.0,10.0,30.0,0.0,SJF,0.3224591723178662,32.24591723178662
2897,25.13064624027742,25.230646240277423,14,0.0037616070797213,3.0070379521468554e-06,2.32413544,33.55532857396942,110.6,,140.0,25,250.0,4,0.5,10.0,50.0,90.0,10.0,90.0,0.0,SJF,0.4068993821934063,40.68993821934063
2898,25.139323949614536,25.239323949614537,5,0.0035591449854649,1.4396522621159793e-05,4.706983416666667,39.20329390617954,106.16666666666669,,50.0,12,120.0,3,0.375,0.0,20.0,70.0,0.0,30.0,0.0,SJF,0.3324592340398443,33.24592340398443
2899,25.14800165895165,25.248001658951647,0,,0.0,,0.0,,,0.0,0,0.0,0,0.0,0.0,0.0,0.0,0.0,0.0,0.0,RR,0.46263451357794594,46.263451357794594
2900,25.15667936828876,25.25667936828876,6,0.0052399535445738,8.274229224322958e-06,1.180889956521739,3.645946867344044,119.04347826086956,,60.0,23,230.0,4,0.5,0.0,80.0,100.0,0.0,50.0,0.0,SJF,0.31060775096213433,31.060775096213433
2901,25.165357077625877,25.265357077625875,6,0.00351361570746,1.3389858743634932e-07,8.463344888888889,129.57926981538483,117.55555555555556,,60.0,9,90.0,4,0.5,0.0,30.0,40.0,0.0,20.0,0.0,SJF,0.37395240701019294,37.3952407010193
2902,25.174034786962984,25.274034786962982,2,0.0083528595370161,5.7023684340525284e-08,0.458125,0.132792603681,120.0,,20.0,3,30.0,2,0.25,0.0,10.0,10.0,0.0,10.0,0.0,SJF,0.30820371509443695,30.820371509443696
2903,25.1827124963001,25.2827124963001,4,0.0011733791999013,1.2899688686409129e-06,3.5340729333333334,45.0249143972505,120.0,,40.0,15,150.0,3,0.375,0.0,50.0,70.0,0.0,30.0,0.0,SJF,0.3311178586948881,33.111785869488806
2904,25.19139020563721,25.29139020563721,0,,0.0,,0.0,,,0.0,0,0.0,0,0.0,0.0,0.0,0.0,0.0,0.0,0.0,RR,0.46263451357794594,46.263451357794594
2905,25.200067914974323,25.300067914974324,18,0.003452280636789,4.267297033196397e-06,0.8362734250000001,1.506936283874456,110.8,,180.0,40,400.0,4,0.5,10.0,80.0,140.0,30.0,140.0,0.0,SJF,0.40460030818780496,40.460030818780496
2906,25.208745624311437,25.308745624311435,9,0.0029443660219001,5.867486630873204e-06,1.0866374634146343,2.2215420708863047,118.7560975609756,,90.0,41,410.0,4,0.5,30.0,90.0,200.0,0.0,90.0,0.0,SJF,0.3499472928853541,34.99472928853541
2907,25.217423333648547,25.31742333364855,7,0.003284022637167,1.5469066359413443e-06,1.635759315789474,7.094747019784117,110.21052631578948,,70.0,19,190.0,4,0.5,10.0,30.0,100.0,0.0,50.0,0.0,SJF,0.32915199776665965,32.915199776665965
2908,25.226101042985658,25.32610104298566,13,0.0034908543989574,2.100338264809345e-06,0.8849641874999999,1.6607715758556412,118.625,,130.0,32,320.0,4,0.5,0.0,100.0,130.0,0.0,90.0,0.0,SJF,0.4030651809775221,40.30651809775221
2909,25.23477875232277,25.334778752322773,12,0.002756190093895,5.830080159796729e-06,1.0413558125,2.2406935994139,118.625,,120.0,32,320.0,4,0.5,0.0,70.0,120.0,10.0,120.0,0.0,SJF,0.3950742908743124,39.50742908743124
2910,25.24345646165988,25.343456461659883,12,0.0019660069234515,4.890288726381048e-06,3.907000454545454,40.25395487083226,117.9090909090909,,120.0,22,220.0,4,0.5,0.0,40.0,90.0,10.0,80.0,0.0,SJF,0.40971179361521637,40.971179361521635
2911,25.252134170997,25.352134170997,0,,0.0,,0.0,,,0.0,0,0.0,0,0.0,0.0,0.0,0.0,0.0,0.0,0.0,RR,0.46263451357794594,46.263451357794594
2912,25.26081188033411,25.36081188033411,9,0.0054523517770006,1.2982835350600692e-05,1.2378445384615386,7.55295550915314,117.57692307692308,,90.0,26,260.0,4,0.5,0.0,80.0,90.0,10.0,80.0,0.0,SJF,0.35746455456584086,35.74645545658409
2913,25.26948958967122,25.369489589671225,8,0.0033845997037795,9.191121567980674e-06,4.7493848125,65.15029951214017,116.75,,80.0,16,160.0,4,0.5,0.0,50.0,70.0,0.0,40.0,0.0,SJF,0.37026947172210095,37.02694717221009
2914,25.27816729900833,25.378167299008336,4,0.0068012722416659,5.479905789819772e-08,0.5975195,0.3022730090257143,120.0,,40.0,8,80.0,2,0.25,0.0,30.0,30.0,0.0,20.0,0.0,SJF,0.30820371509443695,30.820371509443696
2915,25.286845008345445,25.38684500834545,5,0.0022898258545559,7.243559008018731e-06,1.858766,6.484308986968166,120.6153846153846,,50.0,13,130.0,2,0.25,0.0,40.0,60.0,0.0,30.0,0.0,SJF,0.3159790820312143,31.597908203121428
2916,25.29552271768256,25.39552271768256,8,0.0046298375674407,5.402631268793186e-07,2.086738846153846,9.450681387677806,114.6923076923077,,80.0,13,130.0,4,0.5,0.0,10.0,50.0,10.0,60.0,0.0,SJF,0.3560523293422392,35.60523293422392
2917,25.30420042701967,25.40420042701967,10,0.0035139330803307,7.495998312807017e-06,1.2193049310344828,2.9371236263156377,116.24137931034484,,100.0,29,290.0,4,0.5,0.0,90.0,140.0,0.0,60.0,0.0,SJF,0.3568094429125288,35.68094429125288
2918,25.312878136356783,25.412878136356785,8,0.0040656820182167,8.001446725648605e-06,1.9035168095238093,8.619743529130462,117.9047619047619,,80.0,21,210.0,4,0.5,0.0,70.0,100.0,0.0,40.0,0.0,SJF,0.35472360693398824,35.47236069339883
2919,25.321555845693894,25.42155584569389,9,0.0046928828616618,3.732771852657906e-06,1.5978317894736842,3.757635108602175,117.15789473684212,,90.0,19,190.0,4,0.5,0.0,60.0,90.0,0.0,40.0,0.0,SJF,0.3503984142931253,35.03984142931253
2920,25.330233555031008,25.43023355503101,14,0.004820981326135,5.677745866017157e-06,1.2522796153846154,4.131081217595606,113.6923076923077,,140.0,26,260.0,4,0.5,10.0,70.0,90.0,10.0,80.0,0.0,SJF,0.3973979320466141,39.73979320466141
2921,25.33891126436812,25.43891126436812,7,0.0023332572033102,5.608002503197555e-06,2.4721111333333337,10.298269376588982,112.33333333333331,,70.0,15,150.0,4,0.5,0.0,30.0,80.0,0.0,40.0,0.0,SJF,0.3317406561597976,33.17406561597976
2922,25.347588973705232,25.447588973705237,7,0.0027198037233391,5.8529357576908506e-06,3.1497944210526314,27.36085010339959,111.15789473684212,,70.0,19,190.0,4,0.5,10.0,30.0,90.0,0.0,60.0,0.0,SJF,0.333227517572437,33.3227517572437
2923,25.356266683042342,25.456266683042347,3,0.0063890016243218,9.428603183044229e-08,0.480269,0.1501452181888,120.0,,30.0,6,60.0,1,0.125,0.0,20.0,20.0,0.0,20.0,0.0,SJF,0.30820371509443695,30.820371509443696
2924,25.364944392379456,25.464944392379454,11,0.0022381784387254,3.754850815968308e-06,1.3864117631578947,9.162633581578405,116.55263157894736,,110.0,38,380.0,4,0.5,0.0,90.0,150.0,20.0,120.0,0.0,SJF,0.3871647596752495,38.71647596752495
2925,25.37362210171657,25.47362210171657,6,0.002663218450096,5.45187194887409e-08,5.778703555555556,95.51663497696804,117.55555555555556,,60.0,9,90.0,3,0.375,0.0,30.0,40.0,0.0,20.0,0.0,SJF,0.34242172211645283,34.24217221164528
2926,25.38229981105368,25.48229981105368,4,0.0058393326963193,5.791106621418523e-07,3.8692152666666666,56.29211607270021,120.0,,40.0,15,150.0,3,0.375,0.0,60.0,70.0,0.0,20.0,0.0,SJF,0.33219074838545326,33.219074838545325
2927,25.390977520390795,25.4909775203908,0,,0.0,,0.0,,,0.0,0,0.0,0,0.0,0.0,0.0,0.0,0.0,0.0,0.0,RR,0.46263451357794594,46.263451357794594
2928,25.399655229727905,25.499655229727907,9,0.006498753383206,1.0874712454510096e-06,1.6307118333333337,12.567805364583243,111.08333333333331,,90.0,12,120.0,3,0.375,10.0,0.0,30.0,10.0,70.0,0.0,SJF,0.3769651716323291,37.69651716323291
2929,25.40833293906502,25.50833293906502,6,0.0021842214349809,5.378018644172001e-06,2.3415886111111117,25.504441619891303,119.55555555555556,,60.0,18,180.0,3,0.375,0.0,50.0,80.0,0.0,50.0,0.0,SJF,0.3277728078948437,32.77728078948437
2930,25.41701064840213,25.51701064840213,7,0.0037685383121563,7.929000124614847e-06,1.0323225185185183,3.148152530580874,118.37037037037037,,70.0,27,270.0,3,0.375,30.0,80.0,120.0,0.0,40.0,0.0,SJF,0.32179359727046275,32.179359727046275
2931,25.425688357739244,25.525688357739245,8,0.0043887353857559,4.397031202186319e-06,2.6103496666666666,22.484957556215328,115.85714285714286,,80.0,21,210.0,4,0.5,0.0,50.0,100.0,0.0,60.0,0.0,SJF,0.3808661193270975,38.08661193270975
2932,25.434366067076358,25.534366067076355,4,0.005182230173645,2.0251992611577284e-06,2.1859487142857144,13.263303652496065,120.0,,40.0,14,140.0,3,0.375,0.0,50.0,60.0,0.0,30.0,0.0,SJF,0.33252444603939163,33.25244460393916
2933,25.443043776413468,25.54304377641347,2,0.0014222555865313,9.49607367226981e-09,4.4384375,36.9907593825005,120.0,,20.0,2,20.0,1,0.125,0.0,0.0,10.0,0.0,10.0,0.0,SJF,0.3320090868520253,33.20090868520253
2934,25.451721485750586,25.551721485750583,5,0.0010705254494176,1.329420883588256e-07,7.810468625,70.80640241497913,117.0,,50.0,8,80.0,4,0.5,0.0,20.0,40.0,0.0,20.0,0.0,SJF,0.33824630049958965,33.82463004995896
2935,25.46039919508769,25.56039919508769,5,0.0068756699123085,1.3166487655462937e-06,0.6985624666666667,1.3951843714854095,120.0,,50.0,15,150.0,3,0.375,0.0,60.0,80.0,0.0,10.0,0.0,SJF,0.30820371509443695,30.820371509443696
2936,25.469076904424806,25.569076904424808,12,0.0042756637418603,5.999903488035477e-06,3.9150824583333335,53.521899336738166,116.125,,120.0,24,240.0,4,0.5,0.0,50.0,100.0,10.0,80.0,0.0,SJF,0.4163536541215659,41.63536541215659
2937,25.47775461376192,25.57775461376192,0,,0.0,,0.0,,,0.0,0,0.0,0,0.0,0.0,0.0,0.0,0.0,0.0,0.0,RR,0.46263451357794594,46.263451357794594
2938,25.48643232309903,25.586432323099032,9,0.0052712491231916,6.12385159939308e-06,0.98686252,6.435478517101759,117.24,,90.0,25,250.0,3,0.375,0.0,50.0,80.0,10.0,110.0,0.0,SJF,0.3574492649150768,35.74492649150768
2939,25.49511003243614,25.595110032436143,3,0.0010221275638582,2.0949484009149905e-08,8.147409,92.00806666787804,119.5,,30.0,4,40.0,2,0.25,0.0,10.0,20.0,0.0,10.0,0.0,SJF,0.3439313459653255,34.39313459653255
2940,25.50378774177325,25.603787741773257,6,0.0030070313934119,2.406980540922315e-06,2.154389857142857,9.943587167798594,115.5,,60.0,14,140.0,3,0.375,0.0,30.0,70.0,0.0,40.0,0.0,SJF,0.3173298798647192,31.732987986471922
2941,25.51246545111037,25.612465451110367,8,0.0041749817646339,1.29296449559926e-07,1.0852901785714286,3.0596297896631888,118.42857142857144,,80.0,28,280.0,4,0.5,10.0,100.0,120.0,0.0,50.0,0.0,SJF,0.3485449170835346,34.85449170835346
2942,25.52114316044748,25.62114316044748,9,0.003011216108076,3.9814772240125585e-08,3.387780461538461,31.109809281560437,118.3076923076923,,90.0,13,130.0,4,0.5,0.0,50.0,40.0,10.0,30.0,0.0,SJF,0.370063833508245,37.0063833508245
2943,25.52982086978459,25.62982086978459,9,0.0036872047709649,1.564368856776511e-06,1.3392242105263157,3.027116401612731,114.6842105263158,,90.0,19,190.0,3,0.375,0.0,30.0,80.0,10.0,70.0,0.0,SJF,0.3499472928853541,34.99472928853541
2944,25.538498579121704,25.638498579121705,16,0.0046107371282957,4.038561206566055e-06,1.0219270930232558,6.161734794228657,115.51162790697674,,160.0,43,430.0,4,0.5,10.0,60.0,150.0,20.0,190.0,0.0,SJF,0.41090507515286556,41.09050751528655
2945,25.547176288458814,25.64717628845882,5,0.0038532851411815,4.727320850034319e-06,7.58328775,230.6382269435217,120.0,,50.0,8,80.0,3,0.375,0.0,20.0,40.0,0.0,20.0,0.0,SJF,0.3802901950535078,38.02901950535078
2946,25.55585399779593,25.65585399779593,3,0.0011334922040712,3.017151270778961e-06,5.471458428571429,48.57337218099995,96.57142857142856,,30.0,7,70.0,3,0.375,10.0,0.0,40.0,0.0,20.0,0.0,SJF,0.33650768624520266,33.65076862452027
2947,25.56453170713304,25.664531707133044,4,0.0053054316169571,2.23068096913114e-06,5.204880928571428,120.47743109163792,120.0,,40.0,14,140.0,3,0.375,0.0,50.0,50.0,0.0,40.0,0.0,SJF,0.33204249561272986,33.20424956127299
2948,25.573209416470156,25.673209416470154,1,0.0085065115298483,0.0,0.36177,0.0,120.0,,10.0,1,10.0,1,0.125,0.0,10.0,0.0,0.0,0.0,0.0,SJF,0.30820371509443695,30.820371509443696
2949,25.581887125807267,25.68188712580727,2,0.0006014836927334,3.37696521666598e-07,5.0413545,35.608892158984496,120.0,,20.0,2,20.0,1,0.125,0.0,0.0,10.0,0.0,10.0,0.0,SJF,0.3314114084191621,33.14114084191621
2950,25.590564835144377,25.69056483514438,5,0.0036993010556237,6.856819221325588e-06,1.1032902068965518,4.539162238247099,119.93103448275862,,50.0,29,290.0,3,0.375,0.0,100.0,130.0,0.0,60.0,0.0,SJF,0.3088692901418403,30.886929014184027
2951,25.59924254448149,25.699242544481493,6,0.0067983916851754,1.307874387668252e-06,1.3772981249999998,2.0606237607578395,111.375,,60.0,8,80.0,3,0.375,0.0,10.0,20.0,20.0,30.0,0.0,SJF,0.3101566295543631,31.01566295543631
2952,25.6079202538186,25.707920253818603,13,0.001882075950629,5.262243875048052e-06,1.5141506923076924,7.046884409515981,116.42307692307692,,130.0,26,260.0,4,0.5,0.0,50.0,100.0,10.0,100.0,0.0,SJF,0.4102218321572102,41.02218321572102
2953,25.61659796315572,25.71659796315572,20,0.0040177223442844,6.19703061498065e-06,0.3835156282051282,0.2062038827499768,118.4102564102564,,200.0,78,780.0,4,0.5,20.0,150.0,250.0,40.0,320.0,0.0,SJF,0.41466816996714057,41.46681699671406
2954,25.625275672492823,25.725275672492828,17,0.0022659260365858,2.9828272348515336e-06,0.6442076229508197,1.4522636417904056,118.72131147540983,,170.0,61,610.0,4,0.5,40.0,90.0,210.0,40.0,230.0,0.0,SJF,0.40928643228013906,40.928643228013904
2955,25.63395338182994,25.73395338182994,37,0.0046648783051954,5.497365238050774e-06,0.334738988372093,0.2121364308163645,119.02325581395348,,370.0,86,860.0,4,0.5,0.0,80.0,240.0,110.0,430.0,0.0,SJF,0.4101975684967375,41.01975684967375
2956,25.64263109116705,25.742631091167056,30,0.0023532096662793,2.7886282700500687e-06,0.579579826923077,5.781171809731428,109.82692307692308,,300.0,104,1040.0,5,0.625,90.0,80.0,380.0,90.0,400.0,0.0,SJF,0.4074908222346857,40.74908222346857
2957,25.651308800504165,25.75130880050417,26,0.0043344828804508,1.020867389673251e-05,0.3552217238095238,0.8283854115467787,98.37142857142857,,260.0,105,1050.0,4,0.5,290.0,100.0,390.0,140.0,130.0,0.0,SJF,0.41896542635042183,41.89654263504218
2958,25.65998650984128,25.75998650984128,36,0.002655410214277,5.734548088665631e-06,0.3351837407407407,0.3126671805984742,103.89814814814817,,360.0,108,1080.0,4,0.5,130.0,110.0,360.0,100.0,380.0,0.0,SJF,0.4101975684967375,41.01975684967375
2959,25.66866421917839,25.76866421917839,31,0.003464248724837,4.721966261957942e-06,1.5637798533333336,52.79607997350831,113.68,,310.0,75,750.0,6,0.75,40.0,110.0,300.0,20.0,270.0,10.0,SJF,0.4592272225924253,45.92272225924253
2960,25.677341928515503,25.777341928515504,18,0.0034525205400524,5.559445344690651e-06,0.8132344,1.4069707537115794,112.3,,180.0,40,400.0,4,0.5,0.0,60.0,180.0,10.0,150.0,0.0,SJF,0.40460030818780496,40.460030818780496
2961,25.686019637852613,25.78601963785261,23,0.0029546524952127,3.842210749532847e-06,14.939517471698114,10783.28500698458,112.24528301886792,,230.0,53,530.0,5,0.625,10.0,80.0,220.0,10.0,200.0,10.0,SJF,0.6178917287298522,61.78917287298522
2962,25.694697347189727,25.79469734718973,20,0.0030689370602727,3.30548705018472e-06,0.8489832708333332,3.549588037457648,112.125,,200.0,48,480.0,4,0.5,10.0,90.0,190.0,20.0,170.0,0.0,SJF,0.4149419231923399,41.49419231923399
2963,25.70337505652684,25.80337505652684,6,0.0020125636398281,4.277422475309543e-06,1.9508965714285715,4.395361265352571,111.21428571428572,,60.0,14,140.0,3,0.375,0.0,40.0,50.0,10.0,40.0,0.0,SJF,0.31052606285720674,31.052606285720675
2964,25.71205276586395,25.812052765863957,10,0.0022496981360486,2.799589667538142e-06,2.5001846363636364,16.5212536458971,113.5909090909091,,100.0,22,220.0,4,0.5,0.0,40.0,110.0,0.0,70.0,0.0,SJF,0.3801548031091698,38.015480310916985
2965,25.720730475201066,25.820730475201064,4,0.0036423402989376,6.9947881537178656e-06,1.8469323,6.225943759080233,105.8,,40.0,10,100.0,3,0.375,10.0,20.0,50.0,0.0,20.0,0.0,SJF,0.31347486302322636,31.347486302322636
2966,25.729408184538176,25.829408184538178,9,0.0023741201284907,7.679747449951622e-07,30.93832815,16730.033403304868,107.3,,90.0,20,200.0,5,0.625,10.0,20.0,90.0,10.0,70.0,0.0,SJF,0.562914715582848,56.2914715582848
2967,25.73808589387529,25.83808589387529,12,0.004431891208043,9.862306284416288e-06,1.0144623928571428,2.733042615448617,112.0,,120.0,28,280.0,4,0.5,10.0,40.0,120.0,20.0,90.0,0.0,SJF,0.3950742908743124,39.50742908743124
2968,25.7467636032124,25.8467636032124,13,0.0018013627106769,1.9163147468332904e-06,1.1241836511627907,5.463835057116567,107.88372093023256,,130.0,43,430.0,4,0.5,50.0,40.0,160.0,20.0,160.0,0.0,SJF,0.4023785658924768,40.23785658924768
2969,25.755441312549515,25.85544131254952,11,0.0054704531777586,2.189526336871141e-06,1.73511455,7.024665697745314,111.7,,110.0,20,200.0,4,0.5,10.0,20.0,90.0,0.0,80.0,0.0,SJF,0.38786838548345187,38.78683854834519
2970,25.764119021886625,25.864119021886623,9,0.0054887633355973,6.269355427235912e-06,1.153786875,4.603054279045331,119.66666666666669,,90.0,24,240.0,4,0.5,50.0,50.0,90.0,10.0,40.0,0.0,SJF,0.3506128679327574,35.06128679327574
2971,25.77279673122374,25.87279673122374,7,0.0039678569191186,1.0445555134926904e-05,1.705625,4.415552549196267,111.125,,70.0,16,160.0,3,0.375,10.0,40.0,80.0,0.0,30.0,0.0,SJF,0.3224591723178662,32.24591723178662
2972,25.78147444056085,25.88147444056085,9,0.0031258329947062,8.188851901553275e-06,1.9376080740740744,9.623173784719222,112.29629629629628,,90.0,27,270.0,4,0.5,10.0,50.0,130.0,0.0,80.0,0.0,SJF,0.3573539135080624,35.73539135080624
2973,25.790152149897963,25.890152149897965,4,0.002425222852036,3.837426226180311e-06,0.9787082666666668,1.1945758279029235,120.0,,40.0,15,150.0,2,0.25,0.0,40.0,60.0,0.0,50.0,0.0,SJF,0.30820371509443695,30.820371509443696
2974,25.798829859235077,25.898829859235075,10,0.002057307964926,7.327665844888573e-06,2.57090624,23.1192348349807,113.12,,100.0,25,250.0,4,0.5,10.0,50.0,110.0,0.0,80.0,0.0,SJF,0.3914765845448288,39.14765845448288
2975,25.807507568572188,25.90750756857219,6,0.007466379761146,4.857364092182286e-07,1.7696181111111111,4.954559924055111,111.77777777777776,,60.0,9,90.0,3,0.375,0.0,0.0,30.0,10.0,50.0,0.0,SJF,0.310701802058497,31.070180205849702
2976,25.8161852779093,25.916185277909303,6,0.003256170590698,7.209667391294266e-06,1.731683105263158,7.342695822176877,117.6842105263158,,60.0,19,190.0,4,0.5,0.0,70.0,80.0,0.0,40.0,0.0,SJF,0.3175150300505598,31.75150300505598
2977,25.82486298724641,25.924862987246414,9,0.0031482410869211,1.0163717467418268e-05,0.8697455428571429,3.706710612383432,118.51428571428572,,90.0,35,350.0,4,0.5,30.0,100.0,150.0,0.0,70.0,0.0,SJF,0.3503984142931253,35.03984142931253
2978,25.83354069658353,25.933540696583528,7,0.0031193084164741,7.291505327970259e-06,2.608367058823529,19.333485995153683,116.11764705882354,,70.0,17,170.0,4,0.5,0.0,50.0,90.0,0.0,30.0,0.0,SJF,0.3583932527322653,35.83932527322653
2979,25.84221840592064,25.94221840592064,8,0.0026495268293635,1.514674395296597e-06,1.1454479,4.769339812284726,118.4,,80.0,20,200.0,3,0.375,0.0,50.0,80.0,0.0,70.0,0.0,SJF,0.3490900895876685,34.909008958766854
2980,25.85089611525775,25.950896115257752,6,0.000909638742249,1.134550286862426e-07,1.81776668,14.172843961778808,120.0,,60.0,25,250.0,4,0.5,0.0,80.0,150.0,0.0,20.0,0.0,SJF,0.34579442736550303,34.579442736550305
2981,25.85957382459486,25.959573824594862,11,0.0044299865869571,2.4905035570915408e-06,2.230030588235294,9.54877873570138,113.94117647058825,,110.0,17,170.0,4,0.5,0.0,30.0,60.0,10.0,70.0,0.0,SJF,0.3872116322570001,38.72116322570001
2982,25.86825153393197,25.968251533931976,6,0.0047176574013588,7.751618451898565e-07,1.5763615714285713,5.4165221491451865,118.42857142857144,,60.0,14,140.0,4,0.5,0.0,40.0,60.0,0.0,40.0,0.0,SJF,0.3099735641771677,30.99735641771677
2983,25.876929243269085,25.976929243269087,19,0.0041226518361782,6.598825762135917e-06,1.190694840909091,7.181199838509763,117.22727272727272,,190.0,44,440.0,4,0.5,0.0,80.0,180.0,10.0,170.0,0.0,SJF,0.4062806320765952,40.62806320765952
2984,25.8856069526062,25.9856069526062,6,0.0027832717271341,5.329176578912813e-08,4.434855333333333,44.101999567261245,117.55555555555556,,60.0,9,90.0,3,0.375,0.0,30.0,40.0,0.0,20.0,0.0,SJF,0.33693766109694695,33.69376610969469
2985,25.89428466194331,25.99428466194331,4,0.0055826198066908,3.9369234333757445e-07,0.7192872631578947,1.5124151758138715,120.0,,40.0,19,190.0,3,0.375,0.0,60.0,110.0,0.0,20.0,0.0,SJF,0.30820371509443695,30.820371509443696
2986,25.902962371280424,26.002962371280425,6,0.0016916290529091,1.6913913192116792e-06,5.197150764705882,79.11231823550857,118.76470588235294,,60.0,17,170.0,4,0.5,0.0,40.0,90.0,0.0,40.0,0.0,SJF,0.3359949927351853,33.59949927351853
2987,25.911640080617538,26.01164008061754,0,,0.0,,0.0,,,0.0,0,0.0,0,0.0,0.0,0.0,0.0,0.0,0.0,0.0,RR,0.46263451357794594,46.263451357794594
2988,25.920317789954648,26.02031778995465,7,0.0054527506167804,5.226688976731352e-08,0.8725796470588234,1.8732630759797424,117.41176470588236,,70.0,17,170.0,3,0.375,0.0,70.0,60.0,0.0,40.0,0.0,SJF,0.32179359727046275,32.179359727046275
2989,25.92899549929176,26.028995499291764,11,0.0029248599809644,3.983920801404872e-06,1.4926607142857142,11.777328902321734,118.05714285714286,,110.0,35,350.0,4,0.5,0.0,100.0,170.0,0.0,80.0,0.0,SJF,0.3939231196138547,39.39231196138547
2990,25.937673208628876,26.037673208628878,5,0.0040400623711271,5.649321245652476e-06,1.8388101538461536,6.436075264039975,114.92307692307692,,50.0,13,130.0,3,0.375,0.0,40.0,70.0,0.0,20.0,0.0,SJF,0.31580647876015605,31.580647876015604
2991,25.946350917965987,26.046350917965988,9,0.0037647319229022,2.800680867343282e-06,1.1179736666666666,7.997807154917594,118.02380952380952,,90.0,42,420.0,4,0.5,0.0,140.0,170.0,10.0,100.0,0.0,SJF,0.3561401523052986,35.61401523052986
2992,25.955028627303097,26.0550286273031,6,0.00117868886357,2.7426039729697157e-06,2.4193595,20.026443173442274,119.0,,60.0,10,100.0,2,0.25,0.0,20.0,40.0,0.0,40.0,0.0,SJF,0.3483231515120421,34.832315151204206
2993,25.96370633664021,26.06370633664021,7,0.0040580506455038,9.58531689758618e-06,3.245931722222222,23.10286839372045,118.55555555555556,,70.0,18,180.0,4,0.5,0.0,40.0,90.0,0.0,50.0,0.0,SJF,0.35553511979871255,35.55351197987125
2994,25.97238404597732,26.072384045977323,3,0.0046314996893445,8.511206218668054e-08,0.5178066666666666,0.2330084192377499,120.0,,30.0,9,90.0,1,0.125,0.0,30.0,30.0,0.0,30.0,0.0,SJF,0.30820371509443695,30.820371509443696
2995,25.981061755314435,26.08106175531444,8,0.0033494064355639,7.686141560946705e-06,3.614744086956522,37.23549096025991,118.08695652173913,,80.0,23,230.0,4,0.5,0.0,70.0,100.0,0.0,60.0,0.0,SJF,0.36987722788459865,36.98772278845986
2996,25.989739464651542,26.089739464651547,0,,0.0,,0.0,,,0.0,0,0.0,0,0.0,0.0,0.0,0.0,0.0,0.0,0.0,RR,0.46263451357794594,46.263451357794594
2997,25.99841717398866,26.09841717398866,7,0.005362086582769,3.747200359372634e-06,1.0578368666666669,1.1660239837331237,117.46666666666668,,70.0,15,150.0,4,0.5,0.0,40.0,50.0,10.0,50.0,0.0,SJF,0.32179359727046275,32.179359727046275
2998,26.00709488332577,26.10709488332577,10,0.0019151326742264,2.5816377164098606e-06,1.7441173157894738,5.001570837876895,117.73684210526316,,100.0,19,190.0,4,0.5,0.0,60.0,80.0,10.0,40.0,0.0,SJF,0.35714148686358876,35.714148686358875
2999,26.015772592662884,26.11577259266289,9,0.0018106323371157,3.2155886291195192e-06,2.637316,13.286135448271711,115.26666666666668,,90.0,15,150.0,4,0.5,0.0,20.0,60.0,10.0,60.0,0.0,SJF,0.3723659632995659,37.23659632995659
3000,26.024450302,26.124450302,67,0.055168485417912,0.0009444820178185,1.059168875331565,8.270037010429123,116.07427055702918,,670.0,377,3770.0,4,0.5,70.0,660.0,1190.0,330.0,1520.0,0.0,SJF,0.41447665359847874,41.447665359847875
